h,plugin_numerator,treated_residual_numerator,control_residual_numerator,score_numerator,normalized_contribution_days,influence,model,local_row_index,fold
0.22978713062877099,-5.632052879734563,0.0,-2.3514297703153746,-7.983482650049938,-0.07053894104837763,-68.9103304485618,arm_mean,0,1
0.1892393534779257,4.116386969701818,0.0,-31.567580259166203,-27.451193289464385,-0.2425480445105039,-159.8616029348092,arm_mean,1,3
0.1357757131559174,2.953431018259027,0.0,-95.01507225002771,-92.06164123176869,-0.8134207799178975,-472.12068806136887,arm_mean,2,3
0.18497649881379036,-4.533750084161522,0.0,-46.32747841010173,-50.86122849426326,-0.449389991269344,-274.9393756438402,arm_mean,3,1
0.15867444278995177,8.254276435560579,0.0,-80.59719209468442,-72.34291565912383,-0.6391938063414933,-377.66545511269743,arm_mean,4,2
0.24976993140117473,5.433064910375756,-223.26692668926455,0.0,-217.8338617788888,-1.9246950996086105,-1107.9471880202666,arm_mean,5,3
0.2442660666218622,12.706769926351292,-0.0,6.911879125107945,19.618649051459236,0.173342736441099,65.56204527376605,arm_mean,6,2
0.24982993765283615,12.9962036167047,0.0,-166.46134701223158,-153.4651433955269,-1.3559581923673596,-790.0309549886265,arm_mean,7,2
0.23289852724682672,-3.5006604308948686,-234.79874661190559,0.0,-238.29940704280045,-2.1055206808961127,-1206.864279646411,arm_mean,8,5
0.23426370214947093,-0.2829428398296978,50.12266724193163,-0.0,49.83972440210193,0.4403643792531152,216.11033264088942,arm_mean,9,4
0.22024231084475218,-0.26600785486310125,45.502901061220605,-0.0,45.23689320635751,0.39969555681004043,195.1752451356984,arm_mean,10,4
0.2472165828412259,-0.29858728159883724,-77.73453700077849,0.0,-78.03312428237733,-0.6894702719170949,-417.1289439051335,arm_mean,11,4
0.19153612306964937,-2.8789487638379523,0.0,-20.716021941913095,-23.594970705751045,-0.20847596476467065,-141.1099596435276,arm_mean,12,5
0.2248221790266547,-3.3792661353846998,-0.0,358.26488851509157,354.8856223797069,3.1356310388928277,1723.9756348799374,arm_mean,13,5
0.1106580415321755,5.756453582341883,297.8294895223347,-0.0,303.5859431046766,2.6823670674154916,1485.2470287734006,arm_mean,14,2
0.2480418045963419,-0.29958398140653,-0.0,253.31161110652846,253.01202712512193,2.2355156575429973,1217.8323241441265,arm_mean,15,4
0.2460761610891465,5.352716992767393,-93.12769102030924,0.0,-87.77497402754184,-0.775545459275586,-465.0986705627106,arm_mean,16,3
0.15151705166522664,3.2958409849731884,0.0,-147.3013742326607,-144.0055332476875,-1.2723767640849417,-730.6965170186596,arm_mean,17,3
0.24559816465202344,-0.2966325620486749,74.30390960168411,-0.0,74.00727703963544,0.6538994547971043,334.02235788332735,arm_mean,18,4
0.23835375017797278,-3.582657012335396,0.0,-107.75214880533855,-111.33480581767395,-0.9837109502776147,-580.47248297977,arm_mean,19,5
0.1475610977573655,7.676157991217504,0.0,-17.454113932548427,-9.777955941330923,-0.08639420763504277,-67.22476429317294,arm_mean,20,2
0.22197670797881502,-5.440620429809011,-0.0,174.7635652014638,169.3229447716548,1.4960715445797015,807.8269189707244,arm_mean,21,1
0.24976863877602637,-0.30166964539216595,0.0,-312.22410266657994,-312.5257723119721,-2.761355913897426,-1575.6404173786827,arm_mean,22,4
0.1381301715903441,3.00464585197124,-0.0,22.752360111939335,25.757005963910576,0.22757886562947993,109.49606369383818,arm_mean,23,3
0.1779018226885222,9.254488605988263,0.0,-21.960239483595057,-12.705750877606794,-0.11226306255269082,-85.57782240760707,arm_mean,24,2
0.24795500077297172,-3.7269718710094395,-0.0,85.50038362388727,81.77341175287783,0.7225179941895257,372.07776626791,arm_mean,25,5
0.038298447931654836,1.992292966166454,0.0,-2.9205520555011804,-0.9282590893347265,-0.008201735514486701,-9.498023272594626,arm_mean,26,2
0.2100376575360013,4.568797455380978,-0.0,168.74056062152692,173.3093580769079,1.5312939387978386,829.047881047636,arm_mean,27,3
0.24564318856311174,12.77840808678017,0.0,-74.79330410797539,-62.01489602119522,-0.5479394502765025,-337.81136610599015,arm_mean,28,2
0.24686898617770384,-3.7106481597091983,-19.816018821050637,0.0,-23.526666980759835,-0.2078724596727532,-147.87117418163174,arm_mean,29,5
0.23866751023154426,-5.849709836319028,-0.0,144.4948026220989,138.64509278577987,1.2250140014523359,654.1645132086633,arm_mean,30,1
0.17765081592178314,-0.21456600358386227,490.89412695621775,-0.0,490.6795609526339,4.335453352988142,2400.7278551788945,arm_mean,31,4
0.2098273420134166,-5.142841039879139,66.59473262387763,-0.0,61.451891583998496,0.542964962506413,276.59896437837926,arm_mean,32,1
0.24492190274106307,12.740886653211176,-222.40443669699064,0.0,-209.66355004377948,-1.8525054095832756,-1066.9712046317738,arm_mean,33,2
0.24941480284667783,-6.113124589603015,31.555834096217765,-0.0,25.44270950661475,0.22480186463320853,93.66717392534802,arm_mean,34,1
0.1447941437084474,7.532220484945638,0.0,-16.880072394393135,-9.347851909447497,-0.08259397604695198,-64.74546625712136,arm_mean,35,2
0.24622495749062984,5.355953653414069,-215.75765834471386,0.0,-210.40170469129978,-1.8590274563451228,-1070.7841958021554,arm_mean,36,3
0.18655813607199898,9.704791769646732,362.82072798410456,-0.0,372.52551975375127,3.291490296751848,1816.0097993778247,arm_mean,37,2
0.2499825555390799,-6.127040134731545,-0.0,229.8809359278985,223.75389579316695,1.97700221276241,1073.0743323485258,arm_mean,38,1
0.24260445504708067,-5.946203845034944,-0.0,63.9892143559451,58.04301051091016,0.5128454179923401,255.5572100338045,arm_mean,39,1
0.24358745519463848,12.671468423386193,0.0,-102.69717536917979,-90.0257069457936,-0.7954320580941118,-475.8960067818038,arm_mean,40,2
0.225011088914385,-3.3821056096261213,-333.8207698271711,0.0,-337.2028754367972,-2.97939317894439,-1694.3471378704312,arm_mean,41,5
0.08830904056113953,4.593854055726594,0.0,-13.588145907912356,-8.99429185218576,-0.0794700571847884,-55.752802501704494,arm_mean,42,2
0.1775925588322853,-2.669365284850769,-0.0,41.27734286101084,38.60797757616007,0.34112504199214433,167.9058030508382,arm_mean,43,5
0.20781533194771037,-5.093526933150844,0.0,-35.03272111614373,-40.126248049294574,-0.35453988813065973,-224.84812923350407,arm_mean,44,1
0.24451742713651853,-5.993090543762107,82.61284656884877,-0.0,76.61975602508666,0.6769823008710187,347.0643151091008,arm_mean,45,1
0.23865767378163086,-0.2882498626434209,67.53782901796065,-0.0,67.24957915531722,0.5941910701760533,301.53575652931505,arm_mean,46,4
0.06543274511372671,3.4038245643707303,-0.0,31.399195521212157,34.80302008558289,0.30750592062814563,163.50153632654246,arm_mean,47,2
0.1957035946526037,-2.941589361182158,-0.0,105.43888943995964,102.49730007877749,0.9056261940807916,481.1385081810161,arm_mean,48,5
0.24801395299207232,-6.078789940677646,-0.0,124.30953092504893,118.23074098437128,1.0446407456463132,552.136821436365,arm_mean,49,1
0.23009689751303222,-0.2779101884798217,-0.0,333.9463130752924,333.66840288681254,2.9481639570910776,1618.5048500607654,arm_mean,50,4
0.23155821130176446,5.036918517274631,-194.9092088763267,0.0,-189.87229035905204,-1.677637552863453,-967.505663860157,arm_mean,51,3
0.2499181048400258,-3.756478973568237,-0.0,111.44672554806397,107.69024657449573,0.9515090453107066,499.8319200310433,arm_mean,52,5
0.22329005075089275,-0.2696889039381112,-0.0,139.031903246219,138.76221434228088,1.2260488418762039,656.7157412932637,arm_mean,53,4
0.06769552921523171,-0.08176241177863242,0.0,-14.876724242871136,-14.958486654649768,-0.13216735785086017,-82.56611567991862,arm_mean,54,4
0.249231415210676,-3.7461574518214587,-0.0,155.59919854382903,151.85304109200757,1.34171428474752,718.0447433068343,arm_mean,55,5
0.24740283184558198,-0.29881223246286115,-0.0,215.38028281452432,215.08147058206146,1.9003760437672526,1030.5712529439759,arm_mean,56,4
0.24335479086232237,-3.6578268532268505,93.51579916040612,-0.0,89.85797230717927,0.7939500202036789,412.59842316115396,arm_mean,57,5
0.22908829531738784,-0.27669200244896996,-0.0,312.4225700739889,312.1458780715399,2.757999316456797,1512.3322080796233,arm_mean,58,4
0.05642705448484082,-0.8481460110638055,-0.0,2.0387889333225493,1.1906429222587438,0.010520056795307528,-1.3582343829897552,arm_mean,59,5
0.24978328920361412,-0.301687340124847,-21.653738034881723,0.0,-21.95542537500657,-0.193989581252482,-140.48451691256452,arm_mean,60,4
0.15134044219358747,-2.2747739277017796,-0.0,42.99785855042216,40.72308462272038,0.35981330347003365,181.72038772114402,arm_mean,61,5
0.21919163540110548,-0.26473885291769933,113.17235197437145,-0.0,112.90761312145375,0.9976076625954009,529.542901919959,arm_mean,62,4
0.18706170204438866,4.069018090973271,0.0,-46.94660860030186,-42.877590509328584,-0.37884967774246825,-235.77484812301796,arm_mean,63,3
0.22516608332488736,11.71318495276786,-225.27140720874564,0.0,-213.5582222559778,-1.8869172152602496,-1083.6729581822844,arm_mean,64,2
0.24601276783855908,-6.02974115114846,-8.26586463044945,0.0,-14.29560578159791,-0.12631040082146028,-102.168140257386,arm_mean,65,1
0.2492171037656933,-6.108279010673799,-0.0,272.83781242449567,266.72953341382185,2.3567181965656507,1285.4337660079816,arm_mean,66,1
0.24920213374321534,5.4207140180391695,210.2138099878022,-0.0,215.63452400584137,1.9052626082613047,1033.0720126286292,arm_mean,67,3
0.2497666402036845,12.992910870665847,-163.77966184879708,0.0,-150.78675097813124,-1.3322929608992469,-776.7939702587124,arm_mean,68,2
0.2011343478250677,-4.929776875589182,0.0,-22.185237932965762,-27.115014808554946,-0.23957770248233456,-159.72717355652023,arm_mean,69,1
0.24890314371227198,-6.100583890332835,98.34180998179949,-0.0,92.24122609146664,0.8150075217430752,423.65777626846557,arm_mean,70,1
0.22912314842790676,11.919032275496889,-285.7300329452326,0.0,-273.81100066973573,-2.4192872811615573,-1381.7754712447468,arm_mean,71,2
0.19213929340755134,-2.888014920502589,0.0,-61.4526687711027,-64.34068369160529,-0.5684892036317094,-342.43474003034373,arm_mean,72,5
0.13922274913082194,-3.412331591509208,84.91606051848817,-0.0,81.50372892697897,0.7201351818516394,384.694879251697,arm_mean,73,1
0.21308466104158663,-5.222677508364646,0.0,-42.07198489987013,-47.29466240823478,-0.41787720344034657,-260.92968318615533,arm_mean,74,1
0.24096243830270378,-0.2910335487746809,62.52457782324607,-0.0,62.23354427447139,0.5498713410219633,276.46535298748574,arm_mean,75,4
0.24563338954509217,5.343085703180934,0.0,-285.9251796072423,-280.58209390406137,-2.479114021874293,-1417.3366945271455,arm_mean,76,3
0.14298223998445297,-2.149143130062917,-0.0,110.1291882547761,107.98004512471319,0.9540695923483539,514.9819150136605,arm_mean,77,5
0.24846054999807124,-6.089735975587585,0.0,-28.550441159784476,-34.64017713537206,-0.30606710378985846,-202.96615968973978,arm_mean,78,1
0.2417448545564784,5.258501210240218,-246.79769728169444,0.0,-241.53919607145423,-2.1341461940109885,-1224.0008241583091,arm_mean,79,3
0.2488330078512958,12.944343127869356,-119.31101150852922,0.0,-106.36666838065986,-0.9398144242686827,-557.2786939227938,arm_mean,80,2
0.20813116854742136,4.5273269774585,-0.0,118.2152650095801,122.7425919870386,1.0845057025638587,579.5378377389878,arm_mean,81,3
0.1835889893127859,-0.22173810761549514,66.0182360203,-0.0,65.7964979126845,0.5813522106700542,301.4235168500876,arm_mean,82,4
0.2481574193237115,-6.0823062819281,210.32051873973026,-0.0,204.23821245780215,1.804569241256736,976.9184453920561,arm_mean,83,1
0.10741729929417615,5.587869519158787,0.0,-13.2959626918195,-7.708093172660714,-0.0681057069621508,-51.85150191611216,arm_mean,84,2
0.12249767037160324,-1.8412428477583556,0.0,-16.491661728060894,-18.33290457581925,-0.16198239938695896,-106.2632122228123,arm_mean,85,5
0.20553318841511486,-5.037591890054428,0.0,-125.56409431838863,-130.60168620844306,-1.1539455959384408,-671.4231469676254,arm_mean,86,1
0.053810511058762535,-0.06499213780007283,0.0,-6.213820815159839,-6.278812952959912,-0.055477144018075714,-37.914997023085476,arm_mean,87,4
0.23399748799681663,-5.735248194783439,70.49828617330077,-0.0,64.76303797851733,0.5722209614937788,289.8523143463894,arm_mean,88,1
0.21747820571465487,-3.268880049724229,0.0,-26.623064658765266,-29.891944708489493,-0.26411357274012676,-175.53945518825793,arm_mean,89,5
0.24301526305464174,5.286135488691968,-0.0,165.8096985696747,171.09583405836668,1.51173610331459,813.8844011570902,arm_mean,90,3
0.24999742150696697,5.438013338332252,-0.0,57.84487023479546,63.28288357312771,0.5591428940737134,280.4890660677817,arm_mean,91,3
0.23348458733562216,12.145915204896859,0.0,-200.1214278808729,-187.97551267597603,-1.6608783645451144,-958.3844096169533,arm_mean,92,2
0.16800520685467826,-4.117785911191577,-0.0,33.507677928310876,29.3898920171193,0.25967763083956785,123.60664789224867,arm_mean,93,1
0.24296917546325678,5.2851329786053745,32.99809576121366,-0.0,38.28322873981904,0.33825568784855564,157.9147614227725,arm_mean,94,3
0.24029800820000813,12.50035072896488,0.0,-181.75046842334962,-169.25011769438473,-1.4954280729100728,-866.7717806127545,arm_mean,95,2
0.24998236682580594,-0.3019277853464185,-154.87353911487688,0.0,-155.17546690022328,-1.3710699442380396,-798.4979792049696,arm_mean,96,4
0.14043990905715495,-2.110929761414173,107.04425624059871,-0.0,104.93332647918454,0.9271499738875317,500.26000029329856,arm_mean,97,5
0.24940461781367274,-6.112874955760121,-17.61990717077818,0.0,-23.732782126538304,-0.2096936127652766,-149.2144913170851,arm_mean,98,1
0.2496526530008948,12.986981233445139,-268.0904912479083,0.0,-255.10351001446315,-2.2539951851754663,-1292.0108903738699,arm_mean,99,2
0.21265056254015166,11.062125043712646,123.73877252281292,-0.0,134.80089756652558,1.1910481908110693,638.5153020763928,arm_mean,100,2
0.23175311030895876,5.04115801460369,0.0,-179.19983048279178,-174.1586724681881,-1.538798149729853,-889.9194408234104,arm_mean,101,3
0.2314633699050697,-5.673137287801149,0.0,-261.80592114665046,-267.4790584344516,-2.3633407075125685,-1350.80156024185,arm_mean,102,1
0.10040757946732004,5.223222483572258,0.0,-13.49241676146655,-8.269194277894293,-0.07306337763285783,-53.72357288805194,arm_mean,103,2
0.2364971369976497,-0.28564037424377925,64.35612053342297,-0.0,64.07048015917918,0.5661017905338993,286.11102138389197,arm_mean,104,4
0.21104922894919095,4.5908014376798425,0.0,-31.59139875635512,-27.000597318675275,-0.2385667541371941,-160.4340193531412,arm_mean,105,3
0.22166786073048284,-3.3318540826920953,0.0,-38.460889249476615,-41.79274333216871,-0.36926439091583496,-234.85624739943052,arm_mean,106,5
0.20972677221535393,-3.152369495301711,0.0,-5.865010897301539,-9.01738039260325,-0.0796740585289126,-71.4433464247849,arm_mean,107,5
0.2377608465467505,5.171839961630823,0.0,-47.234901240283556,-42.06306127865273,-0.37165281493166663,-238.2559225623625,arm_mean,108,3
0.23396399104274096,-5.7344271887673575,-0.0,169.35442975265212,163.62000256388475,1.445682570014362,778.1216507857346,arm_mean,109,1
0.15144754852671583,3.2943291334028824,0.0,-26.127374830176425,-22.833045696773542,-0.2017438923537395,-132.20382526266468,arm_mean,110,3
0.1767654850711012,3.8450519200520255,0.0,-32.490754301830805,-28.64570238177878,-0.25310226127754215,-164.16115536677464,arm_mean,111,3
0.24684549228715755,-0.29813907978934356,-0.0,221.4749907466104,221.17685166682105,1.9542324552924362,1060.748487281532,arm_mean,112,4
0.2155765126200225,-5.2837524685671555,0.0,-57.04745157181359,-62.33120404038075,-0.5507342246496036,-335.5164341178856,arm_mean,113,1
0.22534832943805544,-3.387174617879901,0.0,-42.27225477816435,-45.65942939604425,-0.4034289218941285,-254.426382283877,arm_mean,114,5
0.2499999553026204,13.005047969050093,0.0,-134.40821750594506,-121.40316953689496,-1.0726710878485672,-631.6952748837944,arm_mean,115,2
0.22337832872307997,4.858987439822945,-136.37080793413386,0.0,-131.5118204943109,-1.1619871877538297,-678.2077243247431,arm_mean,116,3
0.12221337521116976,2.6584192769461192,-0.0,59.540922494307125,62.199341771253245,0.549569141034318,291.5305706922835,arm_mean,117,3
0.16880626380813687,-4.13741971361216,0.0,-24.385587046688133,-28.523006760300294,-0.2520181705880846,-162.53407155689084,arm_mean,118,1
0.13937622544755054,-3.416093276200762,0.0,-25.435158063009382,-28.851251339210144,-0.2549184117505085,-160.37976882911224,arm_mean,119,1
0.24543290151174152,5.338724631802818,0.0,-53.024241888745046,-47.68551725694223,-0.4213306445436819,-267.01006627622473,arm_mean,120,3
0.174552259970022,9.080243679517348,0.0,-21.311138857765034,-12.230895178247685,-0.10806742267322433,-82.80274910356148,arm_mean,121,2
0.17814438896692716,-0.21516213929662983,0.0,-39.70387542374563,-39.91903756304226,-0.3527090570366301,-220.01825180512623,arm_mean,122,4
0.21607687297113168,11.240362401626625,0.0,-411.1133571224259,-399.8729947207993,-3.5331219265908027,-2002.7353500169654,arm_mean,123,2
0.24320708291038026,-5.960974176095773,134.34127355410465,-0.0,128.38029937800889,1.1343182877139208,602.8832339413177,arm_mean,124,1
0.24967453566996822,12.988119574292625,0.0,-79.65879553692598,-66.67067596263335,-0.5890761071991889,-361.3239330814552,arm_mean,125,2
0.06401941614586906,-0.07732241590288685,0.0,-5.287810859187739,-5.365133275090626,-0.04740422650081661,-34.71192196626145,arm_mean,126,4
0.21468571340958215,4.66990325753479,-0.41574205050233587,-0.0,4.254161207032454,0.03758811032066065,-6.529969512605494,arm_mean,127,3
0.24325995960729763,-3.6564014598334205,175.6843361623682,-0.0,172.02793470253476,1.5199717813102973,818.4567533858561,arm_mean,128,5
0.23556779585263504,5.124136113909713,-0.0,111.72946670990713,116.85360282381684,1.032472889613932,546.9316896162057,arm_mean,129,3
0.1750677477259716,9.10705945628606,-0.0,9.70351433876017,18.81057379504623,0.16620289843137862,70.44822920682641,arm_mean,130,2
0.2338770470386053,-3.5153684050345952,183.54019280064563,-0.0,180.02482439561103,1.5906291817653178,859.1579606764832,arm_mean,131,5
0.2039102782610661,-3.0649427070217863,0.0,-29.395675827760506,-32.46061853478229,-0.2868093735012451,-186.4857978022627,arm_mean,132,5
0.2231465878490307,11.60813039183802,0.0,-98.72294343310128,-87.11481304126326,-0.76971253410561,-458.8964632300362,arm_mean,133,2
0.2312988432470761,-3.476615837113785,0.0,-373.6124452350748,-377.0890610721886,-3.3318119691526857,-1892.1558886089874,arm_mean,134,5
0.24189165088265235,-5.928733107069897,-249.15495797516826,0.0,-255.08369108223815,-2.2538200728149658,-1290.9173547005048,arm_mean,135,1
0.24861876401230776,12.933198120264294,0.0,-238.95422406787003,-226.02102594760572,-1.9970336911688866,-1148.2367790842636,arm_mean,136,2
0.20358075817597673,10.590311996053439,248.25939955471375,-0.0,258.8497115507672,2.287095161828267,1252.3691111074509,arm_mean,137,2
0.20121116660698396,-0.2430221086871656,-0.0,126.69544010221986,126.45241799353269,1.1172842792130093,598.7488192394926,arm_mean,138,4
0.1373758437272804,-3.367064178716548,-0.0,37.879319734861994,34.51225555614545,0.30493683857461124,152.83594221306217,arm_mean,139,1
0.1922196218127706,-0.23216215387902628,0.0,-25.62059442212574,-25.85275657600477,-0.2284248807181225,-152.34908873788802,arm_mean,140,4
0.2186168178463004,4.755413732932453,0.0,-59.59487981132445,-54.83946607839199,-0.48454014800220063,-298.903981681959,arm_mean,141,3
0.24999613105964705,-6.127372868986484,29.959116903371374,-0.0,23.83174403438489,0.21056800161155054,85.63586673107406,arm_mean,142,1
0.24599409127554317,-6.0292833910022345,144.0505455814121,-0.0,138.02126219040989,1.219502077456271,650.1434310894285,arm_mean,143,1
0.24991078201932268,5.436128732136732,0.0,-61.513808467674224,-56.077679735537494,-0.49548052126976655,-309.0343082532445,arm_mean,144,3
0.23922748508360256,5.203742690378333,-0.0,78.63822995789123,83.84197264826956,0.740794992017548,383.4142485615866,arm_mean,145,3
0.24644771069090857,-0.29765864063704645,-0.0,75.40497844705423,75.10731980641718,0.6636190039309934,339.3465988026575,arm_mean,146,4
0.24177456753017548,5.25914753509554,157.06278323932258,-0.0,162.32193077441812,1.4342133136199517,770.7083287724793,arm_mean,147,3
0.24438656321267918,-3.67333525803852,-285.21753434863285,0.0,-288.89086960667134,-2.552527125548657,-1458.2146659138384,arm_mean,148,5
0.24106975552204954,12.540497179915183,0.0,-124.62808690100361,-112.08758972108843,-0.9903622554426343,-584.5389950088352,arm_mean,149,2
0.11108160061185872,2.4162778245044803,-0.0,2.961584551432038,5.377862375936518,0.04751669587458817,12.311333293374823,arm_mean,150,3
0.16536582965740912,-4.053095117134008,0.0,-11.632709562666955,-15.685804679800963,-0.1385936564411429,-98.6883997712284,arm_mean,151,1
0.11118078575480704,5.783646841967221,-0.0,452.81287699573863,458.59652383770583,4.051980141746346,2250.793675215529,arm_mean,152,2
0.15645287772525945,-3.8346398169653657,0.0,-12.698472499314068,-16.533112316279436,-0.1460801364698834,-101.72991224906193,arm_mean,153,1
0.24995988819901335,-0.3019006357434633,471.4957655154167,-0.0,471.19386487967324,4.163285337245216,2295.209506895058,arm_mean,154,4
0.2420820998892738,-5.933400987613293,0.0,-51.696300281039484,-57.62970126865278,-0.5091935786194367,-315.6955768759294,arm_mean,155,1
0.07200700059449043,-0.08696979108963457,0.0,-41.16825995196808,-41.25522974305772,-0.36451513034410127,-213.00163300166437,arm_mean,156,4
0.17756915979184082,9.237183415178817,-0.0,45.007886630524375,54.245070045703194,0.47928829632955217,245.14206405488818,arm_mean,157,2
0.1975231952865519,-4.841267993485746,0.0,-26.35765957757971,-31.198927571065457,-0.27566156390334534,-179.43478249549395,arm_mean,158,1
0.21934778145386188,-5.376185780379522,-0.0,117.49405827592487,112.11787249554536,0.9906298222347015,525.6222574045022,arm_mean,159,1
0.17625425660116525,-2.6492494785361367,-0.0,121.76731990700347,119.11807042846733,1.0524808427682364,565.7253845641887,arm_mean,160,5
0.13668823108149789,-0.16509154392523256,-0.0,25.353645522760413,25.18855397883518,0.22255624544957442,106.87340349923714,arm_mean,161,4
0.22049369602419103,4.796240108277726,-0.0,51.53054006271085,56.32678017098858,0.4976814756278623,249.91712390966075,arm_mean,162,3
0.2292931092028446,-5.619944478420155,0.0,-239.05067858731894,-244.6706230657391,-2.1618142624254393,-1237.8698577960367,arm_mean,163,1
0.22217102227809638,-0.2683373454549225,-0.0,65.32879535063424,65.06045800517931,0.5748488489267383,292.83850379712425,arm_mean,164,4
0.18947541463639153,-4.644017929645432,132.28855500507586,-0.0,127.64453707543043,1.127817378779538,606.1423847358622,arm_mean,165,1
0.20074248399942177,10.442664402393943,66.21072192451282,-0.0,76.65338632690677,0.6772794451101326,352.84624359751245,arm_mean,166,2
0.24677135314661944,5.367839003460351,-191.39111233526694,0.0,-186.0232733318066,-1.6436291386061277,-950.4466325034414,arm_mean,167,3
0.24736353235296998,-6.062848214857444,-0.0,90.5113734852809,84.44852527042346,0.7461542545765497,385.3663144620838,arm_mean,168,1
0.24689380855961288,-6.051335345377687,-0.0,138.39827041847437,132.3469350730967,1.1693659346771716,622.0019038320962,arm_mean,169,1
0.1564053292047518,-0.18890578268696245,-0.0,60.55591087428319,60.367005091596226,0.5333793283056215,278.0940284921489,arm_mean,170,4
0.096737795192022,-0.11683955405532812,0.0,-14.316633694468088,-14.433473248523416,-0.12752854402389918,-83.69880952360187,arm_mean,171,4
0.2187468513445852,4.75824225769819,-3.806967055489405,-0.0,0.9512752022087851,0.008405096917066548,-23.36427158364122,arm_mean,172,3
0.24737857374514297,12.868683173068789,0.0,-39.890982826230044,-27.022299653161255,-0.23875850750599603,-165.20184918075265,arm_mean,173,2
0.24558286504770788,-3.6913166791612637,-77.98496476796349,0.0,-81.67628144712475,-0.7216597886654635,-434.91329644788823,arm_mean,174,5
0.24840918353253053,-3.733798619265761,50.783413818230706,-0.0,47.04961519896494,0.4157120618090002,200.5149836104346,arm_mean,175,5
0.24991968122286684,-3.7565026679260365,30.581594916553662,-0.0,26.825092248627627,0.23701605974322495,100.43013886692056,arm_mean,176,5
0.24741358752634543,12.870504597010903,0.0,-43.68443091010162,-30.813926313090715,-0.2722598428462248,-183.93358750386278,arm_mean,177,2
0.2499873969187332,-6.127158796321268,-211.0232462789903,0.0,-217.1504050753116,-1.918656342560338,-1104.5994211705633,arm_mean,178,1
0.21306014562770104,-3.2024728967441494,0.0,-26.22584942298621,-29.428322319730363,-0.2600171860148191,-172.68278839789411,arm_mean,179,5
0.22469947631559276,-0.2713912029632941,-327.83880586087537,0.0,-328.11019706383865,-2.899053816809248,-1649.3974581021805,arm_mean,180,4
0.2273147008983123,-5.571453946516378,0.0,-65.20451441491083,-70.7759683614272,-0.6253488707534581,-378.7318966790509,arm_mean,181,1
0.22459395752969416,-0.27126375776088507,-0.0,249.42552568529976,249.15426192753887,2.2014299478622616,1201.786503203349,arm_mean,182,4
0.24458232521821904,12.723221762157687,-0.0,103.30109803508391,116.0243197972416,1.0251456680130127,541.6793116593756,arm_mean,183,2
0.2270813378097968,4.939536321823996,0.0,-60.83258088322554,-55.893044561401545,-0.49384915683462854,-305.1936187814988,arm_mean,184,3
0.24939753809580645,-3.748654418279413,0.0,-2.1766348562326896,-5.925289274512103,-0.05235354658493297,-61.26048607539166,arm_mean,185,5
0.24081060715472566,5.23817920131145,56.07401012645725,-0.0,61.31218932776871,0.5417306078208102,271.93416132890314,arm_mean,186,3
0.24804174090048337,-3.7282756479621764,66.30701454154446,-0.0,62.57873889358228,0.5529213461331447,277.26211223746935,arm_mean,187,5
0.24433066460830666,-0.2951016801469423,-0.0,77.7604768708665,77.46537519071956,0.6844538622294672,351.26487740615534,arm_mean,188,4
0.24361724289339873,5.299229921317851,0.0,-62.31085155703263,-57.011621635714775,-0.503732467885922,-312.83975727670446,arm_mean,189,3
0.2423889482443389,5.272511715007058,0.0,-110.68620638217097,-105.41369466716391,-0.9313943199678956,-551.745156426409,arm_mean,190,3
0.11943963314157935,6.21327374451616,-0.0,56.15675792248128,62.37003166699744,0.5510772904249074,292.72946560539725,arm_mean,191,2
0.24889207418336634,-0.30061093389368915,-0.0,167.6209561764364,167.32034524254271,1.4783773556749806,794.482933530435,arm_mean,192,4
0.22257626699518107,-5.455315543828039,0.0,-40.66521800036473,-46.12053354419277,-0.40750305842691187,-256.3482006788382,arm_mean,193,1
0.24116331352509077,-3.624887108650797,0.0,-283.31360692828457,-286.93849403693537,-2.5352766959736592,-1448.1581696881044,arm_mean,194,5
0.248371193813082,-0.2999818164938209,-0.0,149.03598050676317,148.73599869026935,1.3141733129862638,702.7596966653093,arm_mean,195,4
0.14609515469942447,-2.1959328521632293,0.0,-10.373521440167822,-12.569454292331052,-0.11105879904824134,-80.82420715448404,arm_mean,196,5
0.1567273059868552,-3.8413660181967906,0.0,-33.48704174213513,-37.32840776033193,-0.3298192618254623,-204.47528933208986,arm_mean,197,1
0.22023916131426646,4.790703398581704,-0.0,164.22290435216382,169.01360775074554,1.4933383632303487,806.5219779734131,arm_mean,198,3
0.24632020842473648,12.813626796182623,-319.9233348749882,0.0,-307.10970807880557,-2.7135016813019344,-1548.4475071591448,arm_mean,199,2
0.15610928615671393,8.12083647144937,-0.0,6.234106415841883,14.354942887291255,0.1268346803600972,50.87354922990459,arm_mean,200,2
0.2439448243634107,12.690058839440132,0.0,-41.80568152158722,-29.115622682147084,-0.25725429389515025,-175.10048297422335,arm_mean,201,2
0.14543428130232353,7.56552057135995,-0.0,99.82162880837949,107.38714937973944,0.9488309966332025,511.73897113453626,arm_mean,202,2
0.18784332100908546,4.08602008375341,-0.0,71.65229500594403,75.73831508969744,0.66919423231692,349.98142482088105,arm_mean,203,3
0.17775318010551056,-0.2146896386693447,-0.0,82.13597179199748,81.92128215332814,0.7238245194138397,381.8142050561055,arm_mean,204,4
0.1597399077787741,-0.19293327445249056,0.0,-32.884286995836355,-33.07722027028885,-0.29225742610908184,-183.86470554262573,arm_mean,205,4
0.17862544530301447,9.292131599970281,0.0,-107.30650606041179,-98.01437446044152,-0.866016810585221,-507.019000068255,arm_mean,206,2
0.24995624331336755,-0.30189623346395517,-201.22958374862932,0.0,-201.5314799820933,-1.7806536080792077,-1027.4518959441275,arm_mean,207,4
0.11923591290140062,6.2026761766382625,0.0,-23.266707742289615,-17.06403156565135,-0.15077113202589681,-99.57766756630106,arm_mean,208,2
0.24939213491878143,12.97342903040339,0.0,-55.09758341682574,-42.124154386422354,-0.37219260982022906,-240.04982925806794,arm_mean,209,2
0.23634333033599192,-3.552438713948092,0.0,-48.87438723169823,-52.42682594564632,-0.4632230001414694,-289.26180496695207,arm_mean,210,5
0.19040799475548964,-0.22997407736697514,-122.21666360812088,0.0,-122.44663768548786,-1.0818907657067003,-629.2041074018742,arm_mean,211,4
0.21960831516841223,11.424068735173636,0.0,-75.10433831780635,-63.68026958263272,-0.5626540419682664,-342.69684618264444,arm_mean,212,2
0.24320970924093557,-5.961038547118322,337.9600122934445,-0.0,331.99897374632616,2.933413531883543,1608.577138503945,arm_mean,213,1
0.24617089060688793,5.354777575544232,294.6129703442725,-0.0,299.96774791981676,2.650398104992212,1449.9916291486165,arm_mean,214,3
0.19705169411229936,-4.8297115606299075,-0.0,122.8416635139402,118.0119519533103,1.0427076110432154,557.5940745110518,arm_mean,215,1
0.24706822294891193,-6.055610219522427,47.97235682911909,-0.0,41.916746609596665,0.37036003554358915,175.33523084382549,arm_mean,216,1
0.2136279841299507,-5.23599428705488,0.0,-88.54593279479556,-93.78192708185044,-0.8286205551894722,-490.60491895599387,arm_mean,217,1
0.24929687885919685,-0.3010998554957338,-0.0,255.35103503695063,255.0499351814549,2.2535218188323674,1227.7367566224054,arm_mean,218,4
0.24936683204962445,-6.11194883156579,62.09663682843016,-0.0,55.984687996864366,0.4946588825113722,244.52340102419927,arm_mean,219,1
0.1476854650678765,7.682627603730112,0.0,-30.42180863536802,-22.73918103163791,-0.20091454075735482,-131.25758541297085,arm_mean,220,2
0.21778191743006894,-3.2734450918355624,0.0,-43.23543142867012,-46.50887652050568,-0.41093430560479816,-257.65120760128485,arm_mean,221,5
0.24989530910316257,-3.7561363345014573,437.9088300148051,-0.0,434.1526936803037,3.836003985718906,2112.2675161517122,arm_mean,222,5
0.1386206613840665,-2.0835849412538083,-247.7881023018347,0.0,-249.8716872430885,-2.207768838326294,-1251.9262270516965,arm_mean,223,5
0.23078982746168133,5.020204418600559,-0.0,156.63606516198845,161.65626958058903,1.4283317907598239,768.8297740893428,arm_mean,224,3
0.2145575876307255,-3.224980707461184,-0.0,204.5267920840263,201.30181137656513,1.778624345796548,966.7257231913707,arm_mean,225,5
0.24589532655031954,5.348783429660044,109.50764191007694,-0.0,114.85642533973699,1.014826607785816,535.7425139290136,arm_mean,226,3
0.24518549869541012,12.754598967785718,0.0,-105.72008316361507,-92.96548419582936,-0.8214067840659077,-490.6208893156173,arm_mean,227,2
0.18009012929976642,3.9173705045866543,-0.0,97.07501464150931,100.99238514609597,0.8923293522922545,475.70860276474644,arm_mean,228,3
0.21102372169651848,4.590246596836201,57.97333353815626,-0.0,62.56358013499246,0.5527874092505328,281.93623026956925,arm_mean,229,3
0.2308979377716981,12.011357174207474,0.0,-34.440785036475674,-22.4294278622682,-0.19817768248240367,-140.4028907701414,arm_mean,230,2
0.22011383521048627,-3.3084957742014307,-0.0,151.20884755414443,147.900351779943,1.3067898625889112,702.2574440214923,arm_mean,231,5
0.16482342285373824,-2.4774344487684865,89.33611033402018,-0.0,86.85867588525169,0.7674494060272786,407.85925674184347,arm_mean,232,5
0.24124687452340887,5.2476690102689885,0.0,-179.51058836389976,-174.26291935363076,-1.5397192345782897,-891.6522686890784,arm_mean,233,3
0.24437880383431126,-3.673218628066051,0.0,-119.20360679489951,-122.87682542296557,-1.085691736884797,-638.2526882111854,arm_mean,234,5
0.09289489482202043,2.0206755496117816,0.0,-32.36048584160553,-30.33981029199375,-0.2680707384755851,-161.76889602881127,arm_mean,235,3
0.24694215958510868,-0.29825583419709006,-0.0,202.14238194828914,201.84412611409206,1.7834160274443862,965.2497028050482,arm_mean,236,4
0.2460563286441934,5.352285591917189,0.0,-526.7136559927976,-521.3613704008804,-4.60654586271056,-2606.625351806858,arm_mean,237,3
0.2276839588917311,-0.27499585006724897,-0.0,137.7679735086973,137.49297765863005,1.2148343612379922,649.8831584242173,arm_mean,238,4
0.24880659972444397,5.4121102522207964,0.0,-57.51602578497618,-52.10391553275538,-0.46036988959094055,-289.2658111771046,arm_mean,239,3
0.24886590587889987,-0.3005793279115787,37.11852090135799,-0.0,36.81794157344641,0.3253089815577796,149.9210694932801,arm_mean,240,4
0.2179202471577503,4.74026173387345,194.83427861704365,-0.0,199.5745403509171,1.7633628522362161,957.7631575088836,arm_mean,241,3
0.1486289334687929,-2.23401767469699,-0.0,105.15520631252383,102.92118863782684,0.9093715081734673,489.27127972732495,arm_mean,242,5
0.1477817496576588,-3.6221115884695148,121.37288961202259,-0.0,117.75077802355308,1.0403999799952037,562.6248794753691,arm_mean,243,1
0.21806514473076655,-3.2777022359928134,81.28579326019457,-0.0,78.00809102420175,0.6892490878048346,357.31497448929645,arm_mean,244,5
0.16960717013596438,-0.2048509177197636,-280.1718092315192,0.0,-280.37666014923894,-2.4772988892866783,-1406.5687404369394,arm_mean,245,4
0.06621506468724035,3.444520985969511,0.0,-7.785688489540379,-4.341167503570868,-0.03835686404524255,-29.936122965283825,arm_mean,246,2
0.21017126431471406,-5.15127053104397,0.0,-45.54594671799566,-50.69721724903963,-0.44794085183167914,-277.36150713685345,arm_mean,247,1
0.15105687500705317,-2.270511674774998,-0.0,29.99298212725313,27.72247045247813,0.24494494378972737,117.54535308872428,arm_mean,248,5
0.23792987277421293,5.175516667070136,61.911976903096125,-0.0,67.08749357016626,0.5927589451202441,300.8285671736347,arm_mean,249,3
0.21487064211905474,-0.25951997308744545,-0.0,67.11987219464805,66.8603522215606,0.5907520126947263,302.6649276747992,arm_mean,250,4
0.13839793878956103,-0.1671565226212896,0.0,-10.41718230979591,-10.584338832417199,-0.09351909256435358,-70.03204640760656,arm_mean,251,4
0.15479706693594109,-0.18696332942018226,0.0,-114.10477697138944,-114.29174030080962,-1.009837270873867,-584.3577287824662,arm_mean,252,4
0.1942995099572547,10.10749959654308,0.0,-38.35962269157932,-28.25212309503624,-0.24962474810160748,-164.4666404811602,arm_mean,253,2
0.14551085681052692,3.165192566539123,-0.0,69.25381608928565,72.41900865582477,0.6398661344022861,339.01778938500627,arm_mean,254,3
0.23760871702836645,12.360453261192907,-0.0,267.0878307822057,279.4482840433986,2.469096119859956,1349.7422484645294,arm_mean,255,2
0.17687541827546552,-2.6585860600942794,0.0,-19.129868241276196,-21.788454301370475,-0.19251428992458927,-130.30658255406203,arm_mean,256,5
0.17138969546753602,-2.5761310398947566,-0.0,119.30762884979224,116.73149780989748,1.0313940173026712,554.5619167206551,arm_mean,257,5
0.24401131988369415,-3.6676950357096647,46.16415937765053,-0.0,42.496464341940865,0.3754821954754167,178.59068396871226,arm_mean,258,5
0.21446459508295498,-3.223582951381759,0.0,-25.73760890311288,-28.961191854494636,-0.2558898032930745,-170.5557562687503,arm_mean,259,5
0.12495752621886462,2.7181108117319157,131.28917576017813,-0.0,134.00728657191004,1.184036153380991,645.8455873853162,arm_mean,260,3
0.18800618134991495,-4.608007211641078,0.0,-36.17170126494247,-40.77970847658355,-0.36031360977301796,-225.53435202763592,arm_mean,261,1
0.2489276980380309,-3.7415923276833607,613.4447008799003,-0.0,609.7031085522169,5.387099028881637,2979.453778719582,arm_mean,262,5
0.24921635615073048,5.421023387797082,0.0,-124.46057384263895,-119.03955045484187,-1.0517870708852786,-619.9205825866336,arm_mean,263,3
0.2270715633991267,-5.565494677828386,364.8398990937686,-0.0,359.27440441594024,3.1744086063904042,1745.3637248064624,arm_mean,264,1
0.0989121597692544,-0.11946574361291777,-0.0,39.71591043474751,39.596444691134586,0.34985875215446444,182.88174291773936,arm_mean,265,4
0.24967066869271126,5.430905720375438,-0.0,103.28986948951511,108.72077520989055,0.9606143946735345,504.95355355437994,arm_mean,266,3
0.2069533019785317,-0.24995743871825868,0.0,-46.48544684845,-46.735404287168265,-0.412935816659417,-257.3808646889997,arm_mean,267,4
0.2491154762924886,12.95903719300632,-283.08822617797114,0.0,-270.1291889849648,-2.386756228140272,-1366.1553997594149,arm_mean,268,2
0.19981327875465213,4.346393928760651,-0.0,62.153796873013725,66.50019080177438,0.5875697667662477,302.8177398154082,arm_mean,269,3
0.17184722419547402,-4.211953259767666,0.0,-14.847680015557943,-19.05963327532561,-0.16840349092553988,-116.18358608517549,arm_mean,270,1
0.23447501503653048,5.100365642126329,-242.370807666158,0.0,-237.27044202403167,-2.096429147040356,-1201.9843575852735,arm_mean,271,3
0.20092863706326364,10.452348122224688,0.0,-42.02284377390214,-31.57049565167745,-0.27894459464101273,-181.70687593374717,arm_mean,272,2
0.05310673296907772,2.762622932897583,-171.5626916532003,0.0,-168.8000687203027,-1.4914516155864692,-840.5344399450645,arm_mean,273,2
0.2204550050265182,4.795398490951636,0.0,-125.93751376455558,-121.14211527360393,-1.0703645141268097,-626.6156207504358,arm_mean,274,3
0.2480170933166912,12.901899089636094,67.26851984209229,-0.0,80.17041893172838,0.7083545744053884,364.15244884493325,arm_mean,275,2
0.23245721039564798,-3.4940270680450847,0.0,-139.70690663338084,-143.20093370142592,-1.2652676360954243,-737.1062116950527,arm_mean,276,5
0.21543263441912872,11.206848982545537,0.0,-107.77516896824336,-96.56831998569783,-0.8532400368615316,-504.5987252157003,arm_mean,277,2
0.1662617774482534,-0.2008103647074045,0.0,-12.21393575506861,-12.414746119776014,-0.1096918579347044,-82.64723426704936,arm_mean,278,4
0.19029261884783177,-2.860257851205627,0.0,-7.985048092577503,-10.84530594378313,-0.09582489624566948,-77.97848496294723,arm_mean,279,5
0.24987132141023952,12.998356408090277,0.0,-277.00390093821613,-264.00554453012586,-2.332650092493017,-1336.0070362219294,arm_mean,280,2
0.14520326508029976,7.553503061015154,0.0,-32.68204518349691,-25.128542122481758,-0.22202600407709627,-142.74045552174078,arm_mean,281,2
0.17575071747480228,-0.21227107165197578,516.0706820250892,-0.0,515.8584109534372,4.557923857870056,2525.3326283205874,arm_mean,282,4
0.17838819803570535,-0.21545661099524713,0.0,-15.868973981547049,-16.084430592542297,-0.14211575963742665,-102.32787647576842,arm_mean,283,4
0.13887494035918924,3.0208462690577025,-0.0,7.4174087011801095,10.438254970237812,0.092228352495879,33.739581531787856,arm_mean,284,3
0.24904600447443567,-0.3007968503343983,-128.0995682437282,0.0,-128.4003650940626,-1.1344955805601449,-666.1327853219276,arm_mean,285,4
0.24872670174741962,-6.096259320573278,-0.0,178.55827789700015,172.46201857642689,1.523807177231191,819.8994191736887,arm_mean,286,1
0.1111982176802665,5.784553654236523,0.0,-32.05912762591314,-26.27457397167662,-0.2321518948184526,-144.03836954098355,arm_mean,287,2
0.2499979637959279,5.438025134352326,126.87308422849975,-0.0,132.31110936285208,1.1690493926649028,621.4267292107812,arm_mean,288,3
0.11688820315392373,6.080547843269623,8.96464928118169,-0.0,15.045197124451313,0.1329334977656967,59.31440481357823,arm_mean,289,2
0.23213525811960276,-3.4891878549907505,-0.0,230.0931059503171,226.60391809532635,2.002183898997718,1089.4404992191296,arm_mean,290,5
0.19767538887732217,10.283113497113733,0.0,-42.312412836293795,-32.029299339180064,-0.28299840520015795,-183.55560147854175,arm_mean,291,2
0.24451251258257878,5.318704076218404,-0.0,50.01218103677507,55.33088511299347,0.4888821350561322,241.91695289967657,arm_mean,292,3
0.21578821090254566,-5.288941166117175,8.515352501234725,0.0,3.2264113351175503,0.028507313028888547,-11.747573025553756,arm_mean,293,1
0.1358163450717677,-0.16403848320205047,-103.74471458532362,0.0,-103.90875306852567,-0.9180972425693582,-530.640043293918,arm_mean,294,4
0.24702200282459935,5.3732912048626185,0.0,-90.41178629347098,-85.03849508860836,-0.751366997943006,-451.704251361526,arm_mean,295,3
0.2438561293366489,5.30442624557156,0.0,-85.79447066125091,-80.49004441567935,-0.7111786606041398,-428.83282540639533,arm_mean,296,3
0.24746583361665053,5.382945535505663,-18.006325704665464,0.0,-12.623380169159802,-0.11153526707771486,-94.09525222548126,arm_mean,297,3
0.039844222137777684,-0.04812370529035282,-0.0,19.318465460511458,19.270341755221104,0.17026522892802037,90.06670468825486,arm_mean,298,4
0.15607956055066055,-3.8254898612541783,-0.0,97.21281355459749,93.3873236933433,0.8251339934495001,441.226678702375,arm_mean,299,1
0.24919626791462288,5.420586422906652,75.63323429081542,-0.0,81.05382071372208,0.7161599682358235,368.36438937314745,arm_mean,300,3
0.18466907712941733,-2.775731297054099,-0.0,66.32792769820615,63.55219640115205,0.561522437254591,290.2001105893277,arm_mean,301,5
0.22364149859003918,-5.481424232573961,0.0,-24.825936124138213,-30.307360356712174,-0.2677840234951453,-178.38191719004908,arm_mean,302,1
0.21817210845043003,-0.26350747200780933,0.0,-32.12318702089035,-32.38669449289816,-0.2861562094798402,-187.9503089154789,arm_mean,303,4
0.24582441448095987,-6.025124634691809,-153.62036361677877,0.0,-159.6454882514706,-1.4105653106591907,-820.0424712737682,arm_mean,304,1
0.23522911955489018,12.236666121902708,-0.0,77.60426012458589,89.8409262464886,0.7937994078553001,413.55666161107547,arm_mean,305,2
0.08908381389307542,1.9377758588864151,0.0,-42.84648996493498,-40.90871410604856,-0.3614534532336516,-213.4809154558801,arm_mean,306,3
0.11024447594846094,-0.13315287351043345,0.0,-1.3203578943421987,-1.4535107678526322,-0.01284265462343024,-21.322150109002916,arm_mean,307,4
0.24547040690790994,5.339540459595737,-0.0,186.03600153889374,191.37554199848947,1.6909196984411716,913.7330639386652,arm_mean,308,3
0.24842763068977833,-6.088929127594999,95.52051718392396,-0.0,89.43158805632896,0.7901826551509725,409.84167872917243,arm_mean,309,1
0.24836320462068856,-6.087350052966432,-0.0,61.71873568550838,55.63138563254195,0.4915372405235819,242.90715708073805,arm_mean,310,1
0.11571800710831533,2.517130226171986,-0.0,2.324398337994267,4.8415285641662535,0.04277785935560636,9.067525719698128,arm_mean,311,3
0.22976521066241212,-5.631515624191499,0.0,-49.43052598762083,-55.06204161181233,-0.48650673866431604,-301.4335172347318,arm_mean,312,1
0.23847277771390546,-5.844936967474092,-0.0,148.3657815811778,142.5208446137037,1.259258633988282,673.3322447524858,arm_mean,313,1
0.21027955884434713,4.574059359817493,0.0,-37.79174912056832,-33.21768976075083,-0.2934985597773227,-191.04215882881826,arm_mean,314,3
0.21720181971997868,4.724634300735636,-0.0,232.6155566969257,237.34019099766132,2.0970454217859418,1144.3838799158511,arm_mean,315,3
0.21448833247030655,-0.2590582208965657,-0.0,105.41198013504693,105.15292191415037,0.9290902335612282,491.84503909732507,arm_mean,316,4
0.24695111057482308,-3.7118825583582793,-0.3046950481939737,0.0,-4.016577606552253,-0.03548891422755843,-51.51930789923987,arm_mean,317,5
0.0718704921577642,3.7387174607273423,0.0,-28.89866731870484,-25.159949857977498,-0.22230351058643694,-133.48782508498368,arm_mean,318,2
0.1732127181611919,-0.20920568539413992,0.0,-22.917727953946702,-23.12693363934084,-0.2043405716683058,-136.44759148864514,arm_mean,319,4
0.22860071598822848,-5.6029740101976016,648.1397394453313,-0.0,642.5367654351337,5.677204423831326,3144.230413956905,arm_mean,320,1
0.11923143326424587,-2.922347022800138,-0.0,74.7349663042152,71.81261928141507,0.6345083142367246,339.3941175807492,arm_mean,321,1
0.08480920687638507,4.411792003360091,-0.0,56.24401563505955,60.65580763841964,0.535931075045482,288.70541907382017,arm_mean,322,2
0.16045925303988712,-0.19380209701923842,0.0,-22.60012766460795,-22.793929761627187,-0.20139827919663897,-133.16672619348518,arm_mean,323,4
0.24164805183851268,5.25639553063636,-0.0,28.173814815995534,33.430210346631895,0.29537630884200405,134.11467361877783,arm_mean,324,3
0.19822541504003385,-4.858479308906164,108.35803586734887,-0.0,103.4995565584427,0.9144817416949669,485.7652385659328,arm_mean,325,1
0.24410290789187752,12.698282376393726,-0.0,54.541011939137555,67.23929431553128,0.5941001973403307,300.78639731659626,arm_mean,326,2
0.22728267344138137,-5.570668957685434,0.0,-26.783093628746283,-32.35376258643171,-0.2858652359898643,-188.95643608955015,arm_mean,327,1
0.18695101141108184,9.725229223823252,0.0,-59.23571394451742,-49.510484720694166,-0.43745534575287165,-268.52121619776943,arm_mean,328,2
0.22961055009645254,-3.451239373389413,-0.0,88.49540359577428,85.04416422238486,0.75141708819945,390.58574316496225,arm_mean,329,5
0.17633953059343047,-0.2129822379760158,0.0,-14.244119562412857,-14.457101800388873,-0.12773731669870242,-94.02750625635963,arm_mean,330,4
0.20767849150033116,4.51748022061919,-0.0,41.71967008863629,46.23715030925548,0.4085334387103787,201.72741553595475,arm_mean,331,3
0.24221717941657278,12.600186401743427,-260.30798984257865,0.0,-247.70780344083522,-2.188649604446362,-1254.5288244725798,arm_mean,332,2
0.17956546155145675,-4.40112626004967,0.0,-33.27376902781274,-37.67489528786241,-0.33288069057151437,-209.11650232092234,arm_mean,333,1
0.24851056129369728,-0.30015014402550155,32.1287551574038,-0.0,31.8286050133783,0.2812251483601264,125.32379338449992,arm_mean,334,4
0.2090195783245294,-3.1417397772874085,0.0,-40.050806132058376,-43.19254590934578,-0.3816325008997957,-240.14739081711195,arm_mean,335,5
0.06579152428025475,1.4311155068263974,0.0,-8.54723792469508,-7.116122417868683,-0.06287528409972028,-43.5875843825695,arm_mean,336,3
0.23057407323702808,-0.2784865195682762,0.0,-312.3800947722561,-312.65858129182436,-2.762529362279685,-1573.8339316587815,arm_mean,337,4
0.1907433497151175,-4.675094854588594,0.0,-86.04795871781566,-90.72305357240425,-0.8015935410885624,-472.56098104856244,arm_mean,338,1
0.2256566807415492,4.908546785640064,77.32971807906044,-0.0,82.23826486470051,0.7266252551041354,377.23434471035665,arm_mean,339,3
0.2180893243364247,-3.278065675769624,0.0,-83.13604265573888,-86.4141083315085,-0.7635213803973467,-454.78681920275704,arm_mean,340,5
0.23913797102975154,-3.5944445102528695,0.0,-162.65895296017283,-166.25339747042568,-1.468950221014822,-851.821841893541,arm_mean,341,5
0.2445339027450024,5.319169360971613,-51.3879874727382,0.0,-46.06881811176659,-0.4070461210226352,-258.90968636170476,arm_mean,342,3
0.2495372543513167,-3.750754470920361,79.61972617028444,-0.0,75.86897169936408,0.6703486631951281,342.71212519303134,arm_mean,343,5
0.19965160711194013,-0.2411384784518271,-35.010745680728505,0.0,-35.251884159180335,-0.3114719086328953,-199.72581610885283,arm_mean,344,4
0.18834071663481045,-2.83091912191921,0.0,-50.38123528327989,-53.2121544051991,-0.47016185631993934,-286.98243890069296,arm_mean,345,5
0.23960604225747426,-3.60148001384793,-130.66533815933263,0.0,-134.26681817318055,-1.1863292734546094,-693.8967803958647,arm_mean,346,5
0.24999576923508612,5.437977397655454,92.06024155949304,-0.0,97.4982189571485,0.8614562617352332,449.4824505581682,arm_mean,347,3
0.19430274679135048,4.226527307188694,17.39562861889361,-0.0,21.622155926082304,0.19104494229710745,81.86730120290383,arm_mean,348,3
0.08875009229040728,4.616797655412507,-0.0,17.170229164160464,21.787026819572972,0.19250167725180278,96.22281515268749,arm_mean,349,2
0.2415315389414481,5.253861109743114,0.0,-35.01860232840424,-29.76474121866113,-0.26298965228291943,-177.99695137709847,arm_mean,350,3
0.24997866644373865,-3.757389265326005,-0.0,294.29832299129436,290.54093372596833,2.5671064489766855,1402.9430993187855,arm_mean,351,5
0.19056235059471827,-0.23016050778318953,97.24055581459598,-0.0,97.01039530681278,0.8571460420953346,454.6976660695709,arm_mean,352,4
0.19801862853659877,-0.23916617292071526,0.0,-20.722073158302305,-20.96123933122302,-0.18520534086421875,-128.9333122398222,arm_mean,353,4
0.08854046182705817,-1.3308374892497876,83.71533620744809,-0.0,82.3844987181983,0.7279173204374387,395.5470528858383,arm_mean,354,5
0.2455555711376352,12.773850210680282,0.0,-40.44088786553536,-27.66703765485508,-0.24445516119545385,-168.15240819545875,arm_mean,355,2
0.19909450437231527,-0.24046561180718665,0.0,-47.51577163758345,-47.75623724939064,-0.42195549883308514,-261.41467311692577,arm_mean,356,4
0.21916951355509007,11.401242186971883,0.0,-280.80871395876585,-269.40747177179395,-2.3803794161416714,-1358.7490371140725,arm_mean,357,2
0.1775593766107943,3.862320869291647,0.0,-31.73653089701973,-27.874210027728083,-0.246285655534519,-160.4525199668207,arm_mean,358,3
0.09532446563868499,4.958797879601748,0.0,-11.821827878522814,-6.863029998921067,-0.06063905813136729,-46.12627288228022,arm_mean,359,2
0.10241342756234083,-2.510139876187433,0.0,-56.81139983710587,-59.3215397132933,-0.5241420037042123,-306.1338522457716,arm_mean,360,1
0.2253381110009833,-0.27216254359285036,0.0,-34.38379743346093,-34.655959977053776,-0.3062065548274273,-200.077768184911,arm_mean,361,4
0.19553388728022464,-4.79251031129938,0.0,-25.360822022837173,-30.153332334136554,-0.2664230919217308,-174.01527117826575,arm_mean,362,1
0.2469893177566186,-6.0536762634550625,0.0,-182.82865039639745,-188.8823266598525,-1.6688906194662303,-964.5957626723754,arm_mean,363,1
0.2476544578217295,-6.069978760504764,451.8386327834865,-0.0,445.76865402298176,3.938638083862444,2169.9274526205227,arm_mean,364,1
0.15944812564407848,3.4683599086657444,0.0,-74.36738956881814,-70.8990296601524,-0.626436192424541,-370.63320360014336,arm_mean,365,3
0.17071526360458839,-4.184209051951507,0.0,-20.197032563661317,-24.381241615612822,-0.21542314806674084,-142.32235682155772,arm_mean,366,1
0.2490949803177803,-6.105285780745651,-48.30118045401481,0.0,-54.406466234760465,-0.4807143301501771,-300.6753493836649,arm_mean,367,1
0.20313479587565575,-0.24534546105914443,0.0,-37.43572412295349,-37.68106958401263,-0.3329352442458,-212.1706740221515,arm_mean,368,4
0.24999670467072818,5.437997745511316,-119.42580028979641,0.0,-113.9878025442851,-1.0071517953201967,-595.0695733415181,arm_mean,369,3
0.19614017106913095,-2.948151471318557,0.0,-30.901621598104178,-33.84977306942274,-0.29908340153154034,-192.35016353046797,arm_mean,370,5
0.2337579484764691,-5.7293771120918535,-0.0,86.30367121545788,80.57429410336603,0.7119230580073255,367.97651647999606,arm_mean,371,1
0.24889246101829424,-3.741062685687969,233.15242805717358,-0.0,229.4113653714856,2.026989408897359,1101.157021655245,arm_mean,372,5
0.19289191536772266,-2.899327460545412,0.0,-25.063387626650332,-27.962715087195743,-0.2470676517441849,-162.85664532027042,arm_mean,373,5
0.14039965983012404,-0.16957419394880233,0.0,-38.27610116166491,-38.445675355613716,-0.3396910028304173,-207.89894217625383,arm_mean,374,4
0.13276310322932425,-1.995540923559183,0.0,-9.01452103110466,-11.010061954663843,-0.0972806161424,-71.41185309128748,arm_mean,375,5
0.2410362491446783,-5.90776732100301,-379.84518079818406,0.0,-385.75294811918707,-3.408362698257634,-1936.1969440571797,arm_mean,376,1
0.19866038883963757,-4.86914046052925,-0.0,125.6926930896905,120.82355262916124,1.0675498187637003,571.2744914805977,arm_mean,377,1
0.17701771958439785,-2.660724968258847,0.0,-38.820730801017575,-41.48145576927642,-0.36651397533776453,-227.59066233146507,arm_mean,378,5
0.21141502734124892,10.997852254104625,28.788375915964142,-0.0,39.78622817006877,0.35153560500419295,169.38627165425322,arm_mean,379,2
0.24969181662699036,12.989018533153445,-201.38926009017328,0.0,-188.40024155701983,-1.6646311033954084,-962.5613929044073,arm_mean,380,2
0.11921910485140066,-0.14399239736716504,0.0,-8.852941952038616,-8.996934349405782,-0.07949340526028306,-59.731262023623266,arm_mean,381,4
0.16220903878338375,8.438146830217859,-336.04487444713226,0.0,-327.6067276169144,-2.894605357008809,-1638.893960201402,arm_mean,382,2
0.24965051606641067,12.986870069683373,0.0,-405.41158657484596,-392.42471650516256,-3.467311843323267,-1970.2546281342213,arm_mean,383,2
0.2499735142680828,-0.3019170932596848,-0.0,224.31384107605214,224.01192398279247,1.9792820492767036,1074.3499208517435,arm_mean,384,4
0.23857597972262418,-0.2881511928587275,-0.0,258.1608478147438,257.8726966218851,2.2784626387186475,1243.0540437586362,arm_mean,385,4
0.19604122484433306,-4.8049450894399826,0.0,-22.927788355220407,-27.73273344466039,-0.2450356235885392,-162.1247619906399,arm_mean,386,1
0.24994064236498864,13.001962498102099,0.0,-170.306796726838,-157.3048342287359,-1.3898842040091626,-809.0097976456134,arm_mean,387,2
0.24283316046284237,-3.649986310306301,54.00322769072621,-0.0,50.35324138041991,0.44490161512481674,217.54728394010993,arm_mean,388,5
0.1899269698525816,9.880039180644065,36.58784160384338,-0.0,46.46788078448745,0.41057208325986616,205.1443351673853,arm_mean,389,2
0.1800091096189452,3.9156081419898023,-179.47929381556023,0.0,-175.56368567357043,-1.5512122987937378,-890.2207862933254,arm_mean,390,3
0.13442893423652277,-3.2948358078834055,-0.0,48.00694246776235,44.71210665987894,0.3950587474265063,203.59214406588532,arm_mean,391,1
0.19399365562201687,-0.23430482540404882,-293.14224424217275,0.0,-293.3765490675768,-2.5921608409238317,-1473.9050787534748,arm_mean,392,4
0.07653599874170672,-0.09243989843276532,0.0,-8.169929946369754,-8.26236984480252,-0.07300307960195446,-50.62741533283552,arm_mean,393,4
0.1923317285721006,4.183653171520547,0.0,-37.0579252908368,-32.87427211931625,-0.2904642553482932,-187.04348117199996,arm_mean,394,3
0.2348647456117449,5.1088431698288,-354.50253289505844,0.0,-349.39368972522965,-3.0871064624971605,-1755.8229749038233,arm_mean,395,3
0.1632397677887003,-2.4536307833357327,0.0,-13.479634431070403,-15.933265214406136,-0.14078012127453302,-99.63788417613507,arm_mean,396,5
0.18173525618290023,-0.21949917554345957,81.85756797820316,-0.0,81.6380688026597,0.7213221566327559,379.90452941571107,arm_mean,397,4
0.051340353615897914,-0.06200869070477916,0.0,-4.474856411774472,-4.5368651024792515,-0.04008597175397179,-28.994438761326613,arm_mean,398,4
0.23783994044734366,-5.829426207842818,-193.20701467600756,0.0,-199.0364408838504,-1.758608415075218,-1013.574249886014,arm_mean,399,1
0.24966448316509512,-3.752666826826295,-0.0,44.004965667264855,40.25229884043856,0.35565362379156856,166.78127616385376,arm_mean,400,5
0.24964980365745076,12.986833010025958,-86.49092835670403,0.0,-73.50409534667807,-0.6494535374785616,-395.07174377310434,arm_mean,401,2
0.22202286961604212,-0.2681584072133369,0.0,-23.675113904016516,-23.943272311229855,-0.2115534219964179,-146.74135935575714,arm_mean,402,4
0.2197080275881997,4.779150030273429,-0.0,73.09190834088193,77.87105837115536,0.688038320692454,356.42739258094826,arm_mean,403,3
0.24865284442650182,5.408765724281234,-39.93321477562562,0.0,-34.52444905134439,-0.30504457554564435,-202.41923557847454,arm_mean,404,3
0.16736677577366535,-4.102138047890913,0.0,-38.69291748319255,-42.79505553108346,-0.37812043084358193,-232.84056517817828,arm_mean,405,1
0.23669256256808135,-0.28587640853063595,0.0,-203.60905034966356,-203.8949267581942,-1.801536102614261,-1037.42363175291,arm_mean,406,4
0.23792811314651618,5.1754783911598174,-0.0,210.84761514928616,216.02309354044598,1.9086958572199528,1036.437526777493,arm_mean,407,3
0.23490991568778966,-5.757611679589714,-112.03321443481788,0.0,-117.7908261144076,-1.040753829316824,-611.9176477604796,arm_mean,408,1
0.19673491202748558,-2.957090927330394,-0.0,75.73659456757821,72.77950364024781,0.6430513275778852,334.2268515746079,arm_mean,409,5
0.24777046993605856,-0.2992562643994974,-168.17779017913293,0.0,-168.47704644353243,-1.4885975166503027,-863.9121310943577,arm_mean,410,4
0.24937592540867057,12.972585808426444,0.0,-78.05077362288928,-65.07818781446284,-0.5750055026111852,-353.42015683333926,arm_mean,411,2
0.1811363699314792,3.940128621354673,304.4615406222733,-0.0,308.40166924362796,2.7249169465986696,1499.9908472674697,arm_mean,412,3
0.18587027877070694,4.043101921059094,88.48453207897819,-0.0,92.52763400003728,0.81753811039267,433.1587714326202,arm_mean,413,3
0.24573023320877782,-3.6935317463681274,161.6096416345931,-0.0,157.91610988822495,1.3952851974852036,748.4400451596812,arm_mean,414,5
0.24961162029954517,12.9848467040661,66.12822701715012,-0.0,79.11307372121622,0.6990122842368697,358.72554905420685,arm_mean,415,2
0.23260287802167487,-3.4962165747823013,0.0,-131.69852798505903,-135.19474455984133,-1.1945280693379434,-697.5814813690655,arm_mean,416,5
0.2038571783270377,-4.996513099361538,-0.0,132.8321301955409,127.83561709617938,1.1295056873674008,605.2411333379162,arm_mean,417,1
0.23994017694175823,12.48173627492335,0.0,-36.880906952141146,-24.399170677217796,-0.2155815622670395,-151.29167550286152,arm_mean,418,2
0.2267050116861797,-3.407566691283924,-305.3365621583168,0.0,-308.7441288496007,-2.7279427861997627,-1554.0036792563403,arm_mean,419,5
0.2424054610592197,5.272870906342048,-212.9014953753568,0.0,-207.62862446901477,-1.8345256003385888,-1056.5976605590351,arm_mean,420,3
0.16480168317781643,3.584811978853135,0.0,-34.28313879002572,-30.69832681117258,-0.2712384507034143,-172.7644662186767,arm_mean,421,3
0.24160793189073265,12.568493222882715,64.34140593769038,-0.0,76.9098991605731,0.6795458925297971,348.87061783098505,arm_mean,422,2
0.23268883852282973,-3.4975086332962384,-0.0,89.66552574086042,86.16801710756418,0.7613470142592526,395.74166261199383,arm_mean,423,5
0.2461471422869719,-6.033034651515845,101.66988924754155,-0.0,95.6368545960257,0.8450099717269534,440.7827092913401,arm_mean,424,1
0.12783405661504832,-3.133196209539112,0.0,-17.779193243962872,-20.912389453501984,-0.18477372238443623,-119.68815913876779,arm_mean,425,1
0.24544255681056573,-6.015765352532242,0.0,5.679636876662571,-0.3361284758696703,-0.0029699002031279404,-33.14764885433453,arm_mean,426,1
0.16847855590613572,3.664792335528107,-0.0,51.224013370469976,54.88880570599808,0.48497609372108225,249.4877633700728,arm_mean,427,3
0.20639696999395835,-5.058763064938223,-0.0,55.98955108493426,50.930788019996044,0.45000459212715227,225.07419485746232,arm_mean,428,1
0.16975495902865195,-2.5515595785197407,-0.0,103.05219583535576,100.50063625683602,0.887984450771125,474.6056870296614,arm_mean,429,5
0.129636225075393,6.743702508231565,47.268125014852195,-0.0,54.01182752308376,0.4772274563084463,250.1393021358004,arm_mean,430,2
0.24895255557023166,12.950562024258634,70.05555293850868,-0.0,83.00611496276731,0.733409679292893,378.03824336221294,arm_mean,431,2
0.0789819008475835,4.108654371422663,0.0,-7.53395377871952,-3.4252994072968574,-0.030264610515918704,-27.050392397368242,arm_mean,432,2
0.13100189351469035,-1.9690684626492332,0.0,-12.165697081901138,-14.13476554455037,-0.1248892791761051,-86.6191526512934,arm_mean,433,5
0.05437606703859778,-0.06567521423722036,146.80375987182964,-0.0,146.73808465759242,1.2965205233018215,717.7791446408052,arm_mean,434,4
0.24197611873420113,-3.6371042534614313,69.69956717626565,-0.0,66.06246292280422,0.5837021738367743,295.24674491792825,arm_mean,435,5
0.24440824390065857,-3.673661136984262,-307.203075085462,0.0,-310.87673622244625,-2.74678567373977,-1566.8079757371288,arm_mean,436,5
0.1896552989701801,-0.2290649741594819,-194.05494046463383,0.0,-194.28400543879332,-1.7166177477950675,-983.9199281232973,arm_mean,437,4
0.08246076119512884,-0.0995958047831995,0.0,-14.132733674904909,-14.232329479688108,-0.1257513160803984,-80.87375882727632,arm_mean,438,4
0.24883476641772828,-3.74019548739494,0.0,-203.90648199896535,-207.6466774863603,-1.834685109763498,-1057.5116327183684,arm_mean,439,5
0.24986412383153056,-0.30178497189182324,-0.0,177.03078021634252,176.7289952444507,1.5615085199702088,840.8285515120944,arm_mean,440,4
0.24857233966713127,-3.7362509929720544,-128.28065893869646,0.0,-132.01690993166852,-1.1664499611583292,-683.9345182955043,arm_mean,441,5
0.11562981436718682,-0.1396572654911683,-0.0,54.09313573726584,53.95347847177467,0.47671190683324394,251.64797238034507,arm_mean,442,4
0.08766023198421374,-0.1058757065228919,0.0,-14.954012234790321,-15.059887941313212,-0.133063300097586,-85.62819056539325,arm_mean,443,4
0.221541559502737,-3.3299556691831307,0.0,-104.1877835326534,-107.51773920183653,-0.9499848374024772,-559.4627739815614,arm_mean,444,5
0.2472405083389458,12.861500982862847,-67.95844103003591,0.0,-55.096940047173064,-0.4868150876371263,-303.8477652605211,arm_mean,445,2
0.22015952337420053,11.452742696929084,68.19635420861403,-0.0,79.6490969055431,0.7037483761728321,365.1513918457135,arm_mean,446,2
0.12123765321702035,-2.9715192146086453,0.0,-8.688154209625745,-11.659673424234391,-0.10302032989453049,-73.14176957755441,arm_mean,447,1
0.23454914958515372,12.201293947282789,108.44771014409332,-0.0,120.64900409137611,1.0660075759159842,565.8082599320871,arm_mean,448,2
0.1747017314626904,-0.21100411019578233,0.0,-53.12120199003444,-53.33220610023022,-0.47122258630580655,-285.82566105823145,arm_mean,449,4
0.24901738571100165,-3.742940408719421,-179.51492744968502,0.0,-183.25786785840444,-1.6191950936894075,-937.0761417009483,arm_mean,450,5
0.2308466383884413,-3.469818818369207,-280.40948798700856,0.0,-283.8793068053778,-2.50824690994645,-1431.7250077980211,arm_mean,451,5
0.14087349157491535,-2.1174468707381107,-0.0,82.21410953572384,80.09666266498573,0.7077028927797415,377.53345827284494,arm_mean,452,5
0.2252889741891507,11.719577760249637,32.057301855367946,-0.0,43.77687961561758,0.3867954457781226,187.31665384491788,arm_mean,453,2
0.1886080749029192,-2.8349377411913235,0.0,-25.184547524161783,-28.019485265353104,-0.24756925091160126,-162.58747148733661,arm_mean,454,5
0.21979014438616135,-0.26546172987363187,-0.0,127.67995355562125,127.41449182574762,1.125784788615929,601.1171335035839,arm_mean,455,4
0.2409172551030633,5.2404990371004345,0.0,-126.5674615325524,-121.32696249545197,-1.0719977521328836,-630.1536735980019,arm_mean,456,3
0.2366554126591788,-5.800393584813824,0.0,-9.32910284663388,-15.129496431447704,-0.1336783335857633,-105.08637295728956,arm_mean,457,1
0.244047560467225,5.308590308685369,-202.9492408057119,0.0,-197.6406504970265,-1.746275755241424,-1007.4766597346405,arm_mean,458,3
0.2473841343897937,5.3811683912347315,81.07305387422662,-0.0,86.45422226546135,0.7638758114829208,395.27002176690115,arm_mean,459,3
0.2498940113853533,-0.3018210699696585,195.49564566732514,-0.0,195.19382459735547,1.7246565552684074,932.0244690122453,arm_mean,460,4
0.13377166606327268,-0.16156892739850295,0.0,-30.920888554162858,-31.08245748156136,-0.27463247958794607,-170.6809318411129,arm_mean,461,4
0.24410358293984002,5.309808925067452,0.0,-36.83413105414692,-31.524322129079472,-0.2785366233919596,-187.01767207369187,arm_mean,462,3
0.07641182333130217,-0.09228991982773814,-0.0,5.680935207213894,5.588645287386155,0.04937909152527057,17.800148613118502,arm_mean,463,4
0.21386677363486098,-0.25830750441591355,-80.38649036600422,0.0,-80.64479787042013,-0.7125460018134208,-425.7498775829071,arm_mean,464,4
0.21538649313280922,11.204448703548637,0.0,-33.31433973490663,-22.109891031357996,-0.19535437958736712,-136.83472339980054,arm_mean,465,2
0.1201017990019616,-0.14505851212318227,-131.30393311198938,0.0,-131.44899162411255,-1.161432056344979,-664.6482075503285,arm_mean,466,4
0.20724749504079723,-5.0796093239355296,0.0,-44.09422197620005,-49.17383130013558,-0.43448080734307526,-269.46225608843906,arm_mean,467,1
0.13705195855794972,-3.3591257950671207,-0.0,34.70940457687502,31.3502787818079,0.27699884421071785,137.2601541288772,arm_mean,468,1
0.21743684777488997,-5.329349042829486,0.0,-54.77558565248016,-60.104934695309645,-0.5310637764287638,-324.7593132992537,arm_mean,469,1
0.08703832199226641,4.527751020134634,-0.0,46.16679114695422,50.694542167088855,0.4479172158502038,239.21970179298324,arm_mean,470,2
0.2455836766181704,-0.29661506345455074,-0.0,54.75558087800779,54.45896581455324,0.4811781959749552,237.47303285089168,arm_mean,471,4
0.12604969228260918,-0.15224235580186118,-184.63642636192705,0.0,-184.7886687177289,-1.632720653436446,-928.8615800481979,arm_mean,472,4
0.21239051071791748,-5.205663973626248,0.0,-31.746051156692022,-36.95171513031827,-0.3264909525666296,-209.7557173953295,arm_mean,473,1
0.18228017583284453,-0.22015732749708944,-0.0,114.58556181250562,114.36540448500853,1.0104881388940474,541.4784065370937,arm_mean,474,4
0.2397017643734741,-3.602918797629877,-0.0,153.2308177418488,149.6278989442189,1.3220537960025307,708.2770753772935,arm_mean,475,5
0.23352594668458582,12.148066726550493,0.0,-38.15967470393347,-26.011607977382976,-0.22982842978667337,-158.43280201872128,arm_mean,476,2
0.1942392794928687,-4.7607796417142145,95.10662762290784,-0.0,90.34584798119363,0.7982606995045253,421.3090516108171,arm_mean,477,1
0.24956319548319333,12.982327635377526,-146.96156758994132,0.0,-133.9792399545638,-1.183788344401588,-693.7537900042468,arm_mean,478,2
0.19369183101717477,-4.747361750313589,0.0,-27.20528465431458,-31.95264640462817,-0.2823211297467558,-182.66595955853032,arm_mean,479,1
0.22476155532651984,-3.3783549102655663,-0.0,148.77578094238115,145.3974260321156,1.2846749862230984,689.2989787653596,arm_mean,480,5
0.13467350983272794,-0.16265817099395155,0.0,-86.46918570392293,-86.63184387491688,-0.7654452067941542,-445.16094259696837,arm_mean,481,4
0.24874602532652754,-6.096732939000313,-219.01412905068617,0.0,-225.11086198968647,-1.9889918371828166,-1143.7577088780733,arm_mean,482,1
0.2016407565298091,-4.94218888750672,-0.0,80.93286103879838,75.99067215129166,0.6714239609543118,349.4577898559768,arm_mean,483,1
0.2322056028684698,-5.691329321826348,-28.886286070612943,0.0,-34.57761539243929,-0.3055143326134107,-200.57183667873358,arm_mean,484,1
0.207090601844564,10.772894769792702,0.0,-50.622482286180144,-39.849587516387444,-0.35209542349328415,-223.38869891261172,arm_mean,485,2
0.24812156891508444,-3.729475530053722,0.0,-64.47528468188227,-68.20476021193599,-0.6026306777003381,-368.70171010729007,arm_mean,486,5
0.23047084251300098,5.0132657694129215,0.0,-66.50306735998144,-61.48980159056852,-0.5432999205486366,-333.2714304091554,arm_mean,487,3
0.20491988895185226,10.659973848416618,46.89769730096415,-0.0,57.55767114938077,0.5085571485600561,257.9945665181841,arm_mean,488,2
0.2499902098058664,-0.3019372580689558,0.0,-35.723816364801415,-36.02575362287037,-0.31830951759018783,-210.0059068735173,arm_mean,489,4
0.2149106435534211,-3.2302874344426034,0.0,-116.56794365327694,-119.79823108771954,-1.0584904772535217,-619.2667559330861,arm_mean,490,5
0.07699191769592563,-0.09299055567268454,80.64979440173734,-0.0,80.55680384606465,0.7117685209108247,388.001420163116,arm_mean,491,4
0.18450823860971427,-2.773313759045834,0.0,-14.361695822954752,-17.135009582000585,-0.15139826611392018,-108.30192884996957,arm_mean,492,5
0.2361797108684721,5.137446659266497,0.0,-35.61917904120838,-30.481732381941885,-0.26932470674671943,-180.85166845176767,arm_mean,493,3
0.2382492905633353,-3.5810868966119918,0.0,-163.6514774623505,-167.2325643589625,-1.4776017580012009,-856.5440435226656,arm_mean,494,5
0.2487028502862936,-3.7382126771686615,-0.0,273.9501729634708,270.2119602863021,2.387487563097891,1302.6998147430156,arm_mean,495,5
0.2300376674747738,-0.27783865065695673,0.0,-32.159154535711934,-32.43699318636889,-0.2866006291308956,-189.720955100406,arm_mean,496,4
0.2466132012894591,-6.044457697444926,-0.0,203.51830034849615,197.47384265105123,1.7448019061295226,943.7066105793918,arm_mean,497,1
0.11326379476284494,-2.776080974240055,0.0,1.825475791884521,-0.9506051823555342,-0.008399176882790602,-19.225590145184896,arm_mean,498,1
0.10244861830969894,5.329397734762608,-297.7246024143129,0.0,-292.3952046795503,-2.583490064400666,-1457.3139327457466,arm_mean,499,2
0.19614179155045627,4.266530719502003,-0.0,86.7488840878731,91.0154148073751,0.804176731009857,424.3720426709411,arm_mean,500,3
0.24719324382462324,5.377016086649742,0.0,-55.317894591576426,-49.94087850492669,-0.44125813747978493,-278.3753666256111,arm_mean,501,3
0.20922732027787677,-3.1448623132884594,-0.0,84.99468095261622,81.84981863932776,0.7231930956577989,377.42346674045064,arm_mean,502,5
0.24426335075242783,-5.986863164418559,57.86143521960287,-0.0,51.87457205518431,0.4583435000121877,224.87782052501078,arm_mean,503,1
0.20959006042869208,4.559061198802514,-0.0,376.48363765915735,381.04269885795986,3.366744771655289,1855.122318207803,arm_mean,504,3
0.23989291641398092,5.218217337470807,0.0,-82.91942380057633,-77.70120646310552,-0.6865375754345173,-414.5500238779536,arm_mean,505,3
0.23990972926890566,-3.6060446846376597,13.633655867798915,-0.0,10.027611183161255,0.08860006404606385,18.749759694574642,arm_mean,506,5
0.14612274193146324,-2.1963475114259463,91.1743829736706,-0.0,88.97803546224466,0.7861752412066019,420.7260822214236,arm_mean,507,5
0.10204144240372272,-1.5337685641763412,0.0,-10.183959508420976,-11.717728072597318,-0.10353327814004727,-70.96585321132726,arm_mean,508,5
0.1623490542693482,8.445430463965607,-132.1850615928883,0.0,-123.7396311289227,-1.0933151518149131,-631.9906978844924,arm_mean,509,2
0.24380667312979276,12.682872184474496,-360.61750483494166,0.0,-347.93463265046717,-3.074214802867607,-1749.7636842656163,arm_mean,510,2
0.19756279112351086,4.297440696834789,0.0,-39.853052281589754,-35.55561158475496,-0.314155525784271,-200.95798688023447,arm_mean,511,3
0.15658679837223816,3.4061195232417374,134.55738033358583,-0.0,137.96349985682755,1.218991711990223,661.3280705518374,arm_mean,512,3
0.221148953803775,-5.420332281937153,91.76209286713605,-0.0,86.3417605851989,0.7628821439092605,398.0802353954103,arm_mean,513,1
0.2391409699159603,12.440161364659374,6.079586637860926,-0.0,18.519748002520302,0.16363327508107223,60.79194770124043,arm_mean,514,2
0.22297508079264525,-5.465090418471105,0.0,-28.4084624914625,-33.87355290993361,-0.2992935109338481,-195.91022688200542,arm_mean,515,1
0.2465358108395325,12.824842477174531,-200.8411687928312,0.0,-188.01632631565667,-1.6612389779577814,-960.2603153152551,arm_mean,516,2
0.22589655795858,-5.53669544630908,-0.0,78.27992309034727,72.74322764403819,0.6427308070143332,330.3065747229985,arm_mean,517,1
0.1292283206933015,-0.15608149153237572,0.0,-89.65192792725733,-89.80800941878971,-0.7935085675954371,-460.1498057565779,arm_mean,518,4
0.19247507642781958,-0.2324706910256963,2.095023226582969,-0.0,1.8625525355572727,0.016456788254479257,-15.493007689479002,arm_mean,519,4
0.06904540591823446,-0.0833927879071709,-0.0,21.252943423325895,21.169550635418723,0.18704589835654067,95.70092078805662,arm_mean,520,4
0.1821042092898148,-4.4633506390721776,-0.0,85.87327107777446,81.40992043870229,0.7193063266120849,378.7303479676572,arm_mean,521,1
0.1968624859650427,4.282207464549044,-0.0,1.4219565592101275,5.704164023759172,0.05039977005520366,2.918264641405056,arm_mean,522,3
0.23068856237157345,-3.4674428030982463,-0.0,202.5135852058426,199.04614240274435,1.7586941339148947,953.5153150666325,arm_mean,523,5
0.24215647905134596,-3.6398152204778236,142.93508615195066,-0.0,139.29527093147283,1.230758722133816,656.9282172487957,arm_mean,524,5
0.23539030151059293,-3.538113890437977,119.78423184790535,-0.0,116.24611795746736,1.0271053901085703,543.9540278880397,arm_mean,525,5
0.22682988676439278,-5.5595712147393375,-219.57198936612645,0.0,-225.1315605808658,-1.9891747218669806,-1141.0483513395332,arm_mean,526,1
0.22977234663106846,4.998071893012827,0.0,-55.1636133684097,-50.16554147539687,-0.44324317192207197,-277.2500988890322,arm_mean,527,3
0.19663753894188948,-0.23749809797610877,62.53911596613235,-0.0,62.30161786815624,0.5504728127633539,282.48795364719666,arm_mean,528,4
0.18422756420883096,-2.769094987116478,0.0,-24.150321026053952,-26.91941601317043,-0.23784946776303248,-156.59214325428653,arm_mean,529,5
0.2052597629313466,-0.24791198847147952,0.0,-179.74721097327108,-179.99512296174257,-1.5903667514721063,-915.3474955466187,arm_mean,530,4
0.2300770993145712,-3.4582519999020835,240.09792786617592,-0.0,236.63967586627385,2.0908559431182416,1139.27221013252,arm_mean,531,5
0.06406442643507043,-0.07737677916501982,80.29097219566405,-0.0,80.21359541649903,0.7087360649963268,387.96472667500285,arm_mean,532,4
0.22233694586367425,-0.26853774735272984,158.51287511564547,-0.0,158.24433736829275,1.3981852875689236,753.0622868985757,arm_mean,533,4
0.20251542329807998,-3.0439768656595176,-0.0,28.517480480113917,25.4735036144544,0.2250739493677479,99.83592363012245,arm_mean,534,5
0.24966708005837437,-3.75270586031291,102.1430014269965,-0.0,98.39029556668359,0.8693383029607176,453.9306786676827,arm_mean,535,5
0.16453343769758183,3.578977028673769,0.0,-32.78171885946461,-29.202741830790842,-0.2580240447369497,-165.34320045434333,arm_mean,536,3
0.20785251011863418,4.5212655219304825,-76.24343119796858,0.0,-71.72216567603809,-0.6337091014348705,-380.9084890049424,arm_mean,537,3
0.15038301937848353,7.822954921653415,-0.0,57.388507956955934,65.21146287860935,0.576183069132607,302.7939131303982,arm_mean,538,2
0.24823803655032478,-6.0842821997354255,877.1317223361079,-0.0,871.0474401363725,7.696235681020174,4270.349642951095,arm_mean,539,1
0.15402739070814192,3.3504465769701803,-0.0,44.742067434652114,48.09251401162229,0.42492670923671144,217.77407676200707,arm_mean,540,3
0.2475422062258236,12.877195367632865,-0.0,37.03842729072706,49.91562265835992,0.4410349866632564,214.78172188290048,arm_mean,541,2
0.2278084383118624,11.850640790770997,0.0,-24.232848249552497,-12.3822074587815,-0.10940435900844685,-90.38225548035035,arm_mean,542,2
0.044836704095139145,-0.05415360667863143,0.0,-19.8861205400869,-19.940274146765532,-0.17618449042641612,-104.2391668021477,arm_mean,543,4
0.24879083301511176,-0.30048865518217394,0.0,-85.89476238552452,-86.1952510407067,-0.761587642677784,-457.6445124640556,arm_mean,544,4
0.06807541672799945,-0.08222123852256291,123.76284290663743,-0.0,123.68062166811487,1.0927937672187815,602.138418008221,arm_mean,545,4
0.15194383978197637,7.904149113044071,0.0,-27.61141382381682,-19.70726471077275,-0.17412570986789538,-116.82892974853976,arm_mean,546,2
0.24565169873239875,-6.020891394012066,32.18956444186038,-0.0,26.16867304784831,0.2312161955315196,97.73554814324555,arm_mean,547,1
0.24999914919187916,-3.757697138230051,53.851594043897016,-0.0,50.093896905666966,0.44261014842817326,215.3470396096979,arm_mean,548,5
0.22431744371236595,-3.3716795397814856,-0.0,133.01543120696613,129.64375166718463,1.14548165969708,611.5468836812346,arm_mean,549,5
0.1772220565362425,-4.3436897059301804,-0.0,58.6520599773577,54.30837027142752,0.4798475924521146,245.49923996771838,arm_mean,550,1
0.15388629289725891,3.347377378204185,0.0,-37.55590494110218,-34.20852756289799,-0.3022532164074997,-188.70140043671262,arm_mean,551,3
0.21759318616962928,11.319241319259609,-0.0,33.51348181778324,44.83272313704285,0.3961244676071689,193.51885868772885,arm_mean,552,2
0.12679006360188086,6.595644615797616,0.0,-19.182815258821044,-12.587170643023429,-0.11121533381782266,-78.43508755923725,arm_mean,553,2
0.19519610936617204,-2.9339614311884663,0.0,-52.58514870440521,-55.51911013559368,-0.4905452179931187,-299.25620660658586,arm_mean,554,5
0.24975865282148063,5.432819575578124,-257.04043467804047,0.0,-251.60761510246235,-2.223106820295334,-1274.7578929712836,arm_mean,555,3
0.1607936391456355,8.364517456316529,-0.0,34.03094719617097,42.3954646524875,0.3745898015851124,188.76771304816532,arm_mean,556,2
0.13407283053418365,6.974495616740242,51.02338895220925,-0.0,57.997884568949495,0.5124467027574925,269.25769513066655,arm_mean,557,2
0.18893102910185003,9.828230142430769,124.73202890914858,-0.0,134.56025905157935,1.1889220026844307,640.3697079404752,arm_mean,558,2
0.22978713062877099,-15.708321167225078,0.0,8.97720593561704,-6.7311152316080385,-0.05947351066257609,-65.90160500077542,arm_ridge_unbounded,0,1
0.1892393534779257,7.961040965488351,0.0,-28.444289729189244,-20.483248763700892,-0.1809820025115121,-128.06245497839868,arm_ridge_unbounded,1,3
0.1357757131559174,10.161068276824865,0.0,-97.59234210393305,-87.43127382710819,-0.7725086582653711,-451.1279367332984,arm_ridge_unbounded,2,3
0.18497649881379036,27.364368503442826,0.0,-64.43870713160814,-37.074338628165314,-0.32757440599979065,-209.40179823469109,arm_ridge_unbounded,3,1
0.15867444278995177,15.23642891231185,0.0,-80.9921945762957,-65.75576566398385,-0.5809923163963634,-347.32452613695847,arm_ridge_unbounded,4,2
0.24976993140117473,16.18005282396738,-226.2577754220696,0.0,-210.07772259810224,-1.8561648768451036,-1073.0919095983481,arm_ridge_unbounded,5,3
0.2442660666218622,2.8924818819457716,0.0,-20.091605770284655,-17.19912388833888,-0.15196475513549104,-119.66186665855551,arm_ridge_unbounded,6,2
0.24982993765283615,-15.9118330614758,0.0,-140.4938434421959,-156.40567650367169,-1.3819395968068031,-808.0085057708305,arm_ridge_unbounded,7,2
0.23289852724682672,-7.918356782511347,-232.00296649110743,0.0,-239.92132327361878,-2.1198513005524835,-1218.0949618134491,arm_ridge_unbounded,8,5
0.23426370214947093,-13.11490498795812,52.793349965572226,-0.0,39.678444977614106,0.3505832747253117,162.6839556318882,arm_ridge_unbounded,9,4
0.22024231084475218,-0.8177128508507067,38.24505925773214,-0.0,37.42734640688143,0.3306934451439816,153.55817349849318,arm_ridge_unbounded,10,4
0.2472165828412259,-5.489273957442228,-78.76736751252265,0.0,-84.25664146996488,-0.7444588441044543,-451.2853713384682,arm_ridge_unbounded,11,4
0.19153612306964937,-2.653410325638817,0.0,-5.3390056268808355,-7.992415952519652,-0.07061787222715016,-66.695308706048,arm_ridge_unbounded,12,5
0.2248221790266547,-49.71986063051877,-0.0,441.15914632092495,391.43928569040617,3.4586049607262437,1901.4098484331596,arm_ridge_unbounded,13,5
0.1106580415321755,21.739076549183775,221.7741538302656,-0.0,243.51323037944937,2.1515879917555196,1187.011657320469,arm_ridge_unbounded,14,2
0.2480418045963419,-5.516702745511158,-0.0,261.8714504366387,256.35474769112756,2.2650506336032503,1230.9131513358147,arm_ridge_unbounded,15,4
0.2460761610891465,14.844534158103981,-91.63736254813867,0.0,-76.79282839003469,-0.6785115008309004,-414.25873682832014,arm_ridge_unbounded,16,3
0.15151705166522664,16.085775354874194,0.0,-161.5228624916041,-145.4370871367299,-1.2850254162851322,-739.8618652287216,arm_ridge_unbounded,17,3
0.24559816465202344,-4.445117688116297,61.60836133075209,-0.0,57.16324364263579,0.5050721408427826,247.43244873698157,arm_ridge_unbounded,18,4
0.23835375017797278,2.063622627113257,0.0,-113.9198931130007,-111.85627048588744,-0.988318408839536,-586.34333757422,arm_ridge_unbounded,19,5
0.1475610977573655,-12.971142427952417,0.0,9.110936584670343,-3.860205843282074,-0.03410727427486472,-40.036428370955925,arm_ridge_unbounded,20,2
0.22197670797881502,-3.402416286484293,-0.0,175.27275586683768,171.8703395803534,1.5185793322350816,817.339902688838,arm_ridge_unbounded,21,1
0.24976863877602637,-8.963926438552171,0.0,-303.2487532632488,-312.21267970180094,-2.758589549625136,-1577.5471179825695,arm_ridge_unbounded,22,4
0.1381301715903441,21.78528363295137,-0.0,10.77371935538995,32.55900298834132,0.2876786601865031,141.18217334649393,arm_ridge_unbounded,23,3
0.1779018226885222,1.3452593504022594,0.0,-1.9212057246967793,-0.5759463742945199,-0.005088837682027636,-28.126956738370744,arm_ridge_unbounded,24,2
0.24795500077297172,-22.829923384799606,-0.0,84.26142174700567,61.431498362206064,0.5427847759471307,268.17887292354123,arm_ridge_unbounded,25,5
0.038298447931654836,-1.34826695313955,0.0,0.20152951956225215,-1.1467374335772977,-0.0101321250099505,-11.106594219480753,arm_ridge_unbounded,26,2
0.2100376575360013,13.264930548935475,-0.0,164.7793107841718,178.04424133310727,1.5731295217783952,849.5301619620046,arm_ridge_unbounded,27,3
0.24564318856311174,0.31389262860493256,0.0,-61.713329252447345,-61.39943662384241,-0.5425014909233538,-338.16760993746715,arm_ridge_unbounded,28,2
0.24686898617770384,-16.85299613118313,-1.5303792715467095,0.0,-18.38337540272984,-0.16242833994199815,-125.88092124373541,arm_ridge_unbounded,29,5
0.23866751023154426,-30.44403371092252,-0.0,141.8054123261959,111.36137861527337,0.9839457371601721,516.1077304194755,arm_ridge_unbounded,30,1
0.17765081592178314,0.9338922740819839,492.1960037596742,-0.0,493.1298960337562,4.357103558720722,2410.374264365525,arm_ridge_unbounded,31,4
0.2098273420134166,-11.982698415000431,12.933369220050338,0.0,0.9506708050499064,0.008399756699340932,-25.123887988028553,arm_ridge_unbounded,32,1
0.24492190274106307,27.779856701721595,-223.37953427100234,0.0,-195.59967756928074,-1.728242513942817,-1000.894337167002,arm_ridge_unbounded,33,2
0.24941480284667783,-11.559434326272331,62.11658880347491,-0.0,50.55715447720258,0.4467033117706853,214.2618764911245,arm_ridge_unbounded,34,1
0.1447941437084474,9.799524419213203,-0.0,-6.888256010797644,2.911268408415559,0.02572283295886473,-6.1981761908011554,arm_ridge_unbounded,35,2
0.24622495749062984,-8.246485923544636,-189.60566707740085,0.0,-197.8521530009455,-1.7481445089306968,-1012.2047343718117,arm_ridge_unbounded,36,3
0.18655813607199898,24.016777388947823,377.38971452008883,-0.0,401.4064919090367,3.5466713100491924,1956.076784623051,arm_ridge_unbounded,37,2
0.2499825555390799,32.232735598494216,-0.0,158.23339765373703,190.46613325223126,1.682884517210987,905.2064848638506,arm_ridge_unbounded,38,1
0.24260445504708067,18.332578875344353,-0.0,25.927334635088567,44.25991351043292,0.3910633450051015,184.12697918430035,arm_ridge_unbounded,39,1
0.24358745519463848,0.382883211979948,0.0,-90.82070620065635,-90.4378229886764,-0.7990733548224035,-481.2991338637887,arm_ridge_unbounded,40,2
0.225011088914385,3.616004811806341,-346.6852303795971,0.0,-343.06922556779074,-3.031225962229352,-1726.4324841929777,arm_ridge_unbounded,41,5
0.08830904056113953,-3.003122784975308,0.0,-5.984246335992104,-8.987369120967411,-0.07940889062995136,-56.93949943043399,arm_ridge_unbounded,42,2
0.1775925588322853,-13.849750760158813,-0.0,48.840983250641024,34.99123249048221,0.309168892080045,147.58706484727185,arm_ridge_unbounded,43,5
0.20781533194771037,22.307772964423734,0.0,-51.26665569511194,-28.95888273068821,-0.25586940077512654,-172.56441270585165,arm_ridge_unbounded,44,1
0.24451742713651853,-0.3694689180589224,65.65052989289262,-0.0,65.2810609748337,0.5767980107842453,287.6807977033723,arm_ridge_unbounded,45,1
0.23865767378163086,9.413493277568271,41.1138953902591,-0.0,50.527388667827374,0.4464403126805875,215.6435960302446,arm_ridge_unbounded,46,4
0.06543274511372671,4.4602650346112505,-0.0,31.04582058164197,35.506085616253216,0.31371793362986367,166.06943163268255,arm_ridge_unbounded,47,2
0.1957035946526037,9.418141309928133,-0.0,98.39617734923534,107.81431865916348,0.9526052978924132,504.69418834519354,arm_ridge_unbounded,48,5
0.24801395299207232,-1.716848463708441,-0.0,175.98091845679375,174.26406999308531,1.5397294011800362,825.4625405073708,arm_ridge_unbounded,49,1
0.23009689751303222,-6.259145395921352,-0.0,338.7823865219233,332.52324112600195,2.9380457541115583,1609.6676418721192,arm_ridge_unbounded,50,4
0.23155821130176446,14.652652827422303,-214.30010093866886,0.0,-199.64744811124655,-1.7640070367899106,-1018.9875410350883,arm_ridge_unbounded,51,3
0.2499181048400258,-17.71780802846395,-0.0,99.61911622200648,81.90130819354253,0.723648037290238,369.0024519191628,arm_ridge_unbounded,52,5
0.22329005075089275,2.5520387988063704,-0.0,131.59984436940232,134.15188316820868,1.1853137525478212,630.8577995675394,arm_ridge_unbounded,53,4
0.06769552921523171,9.977206810332579,0.0,-21.03266466582251,-11.05545785548993,-0.09768171662856305,-64.22454561267293,arm_ridge_unbounded,54,4
0.249231415210676,-32.82784091456272,-0.0,161.34840304031582,128.5205621257531,1.1355575946840875,599.357482545733,arm_ridge_unbounded,55,5
0.24740283184558198,-3.284078211686664,-0.0,224.74007209291312,221.45599388122645,1.9566988471002686,1058.6353094991473,arm_ridge_unbounded,56,4
0.24335479086232237,-17.75484712713677,113.60311048542638,-0.0,95.84826335828961,0.8468778971514986,438.8206807921057,arm_ridge_unbounded,57,5
0.22908829531738784,-1.712646783796525,-0.0,314.35296111648086,312.64031433268434,2.762367962548466,1511.6070926361156,arm_ridge_unbounded,58,4
0.05642705448484082,4.232957215781705,-0.0,2.792002906986294,7.024960122767999,0.062069809591686904,26.67796282877401,arm_ridge_unbounded,59,5
0.24978328920361412,-20.809355867141576,-10.389361130060816,0.0,-31.198716997202393,-0.27565970335476475,-189.59141594474426,arm_ridge_unbounded,60,4
0.15134044219358747,11.970376213087201,-0.0,40.58929602339413,52.559672236481326,0.4643967781890296,238.09024011794546,arm_ridge_unbounded,61,5
0.21919163540110548,-21.210927328853792,127.49457254634082,-0.0,106.28364521748702,0.9390808639580502,493.7960560506831,arm_ridge_unbounded,62,4
0.18706170204438866,10.462167788295867,0.0,-46.25739613292549,-35.79522834462963,-0.31627268608133713,-203.38047286636004,arm_ridge_unbounded,63,3
0.22516608332488736,10.164216918443255,-208.10417561492542,0.0,-197.93995869648217,-1.748920325833253,-1009.6456602856138,arm_ridge_unbounded,64,2
0.24601276783855908,-22.62658177979355,-0.4263125260201228,0.0,-23.052894305813673,-0.2036863889748792,-148.82249024776823,arm_ridge_unbounded,65,1
0.2492171037656933,-15.364879260802523,-0.0,248.91985334088884,233.5549740800863,2.0636007204308915,1118.135623691417,arm_ridge_unbounded,66,1
0.24920213374321534,14.71146722058934,206.90856229902667,-0.0,221.620029519616,1.95814820206644,1059.1897933718317,arm_ridge_unbounded,67,3
0.2497666402036845,2.608851901238483,-149.4581360357598,0.0,-146.8492841345213,-1.2975030385387836,-760.7994742606735,arm_ridge_unbounded,68,2
0.2011343478250677,-0.955818417743583,0.0,-11.24162118349048,-12.197439601234063,-0.10777182223439973,-88.82840654465383,arm_ridge_unbounded,69,1
0.24890314371227198,-6.618522168033317,97.24131010772385,-0.0,90.62278793969053,0.800707633037503,412.2230058813842,arm_ridge_unbounded,70,1
0.22912314842790676,15.534249458491997,-297.659300917613,0.0,-282.125051459121,-2.4927469934466457,-1426.0071208716454,arm_ridge_unbounded,71,2
0.19213929340755134,-19.05893136229062,0.0,-62.72046619377773,-81.77939755606835,-0.7225708824134864,-431.2227602032935,arm_ridge_unbounded,72,5
0.13922274913082194,12.682844617795388,-25.10717397183717,-0.0,-12.424329354041783,-0.10977653165750903,-81.1505491938588,arm_ridge_unbounded,73,1
0.21308466104158663,-5.079675362252617,0.0,-37.49820724626252,-42.57788260851513,-0.3762015755452297,-240.57894255895218,arm_ridge_unbounded,74,1
0.24096243830270378,-3.088931860709027,44.04244948333817,-0.0,40.95351762262914,0.3618493196435094,168.02969217646023,arm_ridge_unbounded,75,4
0.24563338954509217,16.51006268577256,0.0,-312.38746125674663,-295.8773985709741,-2.6142573724030984,-1496.2777551093745,arm_ridge_unbounded,76,3
0.14298223998445297,20.237693031541845,-0.0,101.3266901656299,121.56438319717174,1.0740955089160302,580.0996461155544,arm_ridge_unbounded,77,5
0.24846054999807124,2.629391476455595,-0.0,22.62569026921387,25.255081745669465,0.22314405886741587,89.42786657604103,arm_ridge_unbounded,78,1
0.2417448545564784,-7.0763711859567815,-240.17687211199237,0.0,-247.25324329794915,-2.184633288193482,-1255.5652777181083,arm_ridge_unbounded,79,3
0.2488330078512958,2.1419042685940153,-104.76418540777918,0.0,-102.62228113918516,-0.9067304780178532,-542.2249309278268,arm_ridge_unbounded,80,2
0.20813116854742136,8.440504930016848,-0.0,122.76298218631636,131.2034871163332,1.1592628742022395,618.4496442805803,arm_ridge_unbounded,81,3
0.1835889893127859,-4.037845122748318,32.107073179307015,-0.0,28.069228056558696,0.24800875882691076,112.54637509207858,arm_ridge_unbounded,82,4
0.2481574193237115,-9.83768563625968,234.59505618219097,-0.0,224.75737054593128,1.985868524562854,1074.8339219389136,arm_ridge_unbounded,83,1
0.10741729929417615,-8.759507008209805,0.0,-0.018720106469661563,-8.778227114679467,-0.07756099337771741,-58.62207131273893,arm_ridge_unbounded,84,2
0.12249767037160324,17.824889888526315,-0.0,-18.806199965490922,-0.9813100769646077,-0.0086704733639964,-22.255398822168665,arm_ridge_unbounded,85,5
0.20553318841511486,10.606751371664041,0.0,-154.21526225986528,-143.60851088820124,-1.2688688292602177,-738.506769236629,arm_ridge_unbounded,86,1
0.053810511058762535,6.981805400045172,0.0,-8.083610207014384,-1.1018048069692128,-0.009735117834211646,-13.089144784570918,arm_ridge_unbounded,87,4
0.23399748799681663,-17.0417782770648,44.370040436375106,0.0,27.328262159310306,0.24146187295818083,101.72292473757412,arm_ridge_unbounded,88,1
0.21747820571465487,-3.2315443593591846,0.0,-11.824161445462634,-15.05570580482182,-0.13302634836958033,-105.26837370964614,arm_ridge_unbounded,89,5
0.24301526305464174,9.724406787419152,-0.0,171.82354428080777,181.54795106822692,1.6040869353896952,862.1487847397555,arm_ridge_unbounded,90,3
0.24999742150696697,12.079075028887633,-0.0,29.6743117471499,41.75338677603753,0.3689166517254971,170.69633539890765,arm_ridge_unbounded,91,3
0.23348458733562216,6.922900736812551,0.0,-210.32739573164932,-203.40449499483677,-1.7972028387042422,-1037.817758841575,arm_ridge_unbounded,92,2
0.16800520685467826,6.451471794598885,-0.0,33.540756824321235,39.99222861892012,0.3533557446793727,173.65001006354103,arm_ridge_unbounded,93,1
0.24296917546325678,4.861306213845466,7.882297820239178,-0.0,12.743604034084644,0.11259751828965786,28.41275026161682,arm_ridge_unbounded,94,3
0.24029800820000813,94.28073939462608,0.0,-394.2107795151678,-299.9300401205417,-2.6500649335748343,-1515.5359507141568,arm_ridge_unbounded,95,2
0.24998236682580594,-23.706119969604746,-133.37801715088747,0.0,-157.08413712049222,-1.3879342103797718,-811.3811570406311,arm_ridge_unbounded,96,4
0.14043990905715495,-12.54229304224651,148.48895646179568,-0.0,135.94666341954917,1.2011717313139312,651.4965546366641,arm_ridge_unbounded,97,5
0.24940461781367274,-25.12604492523246,32.64408628064516,0.0,7.518041355412702,0.06642648317966902,1.6885767420561992,arm_ridge_unbounded,98,1
0.2496526530008948,26.64747470832531,-268.6212706006095,0.0,-241.97379589228416,-2.1379861486379292,-1230.6133336564096,arm_ridge_unbounded,99,2
0.21265056254015166,12.780937231440282,107.05544820296385,-0.0,119.83638543440412,1.0588275941897634,561.6640546920382,arm_ridge_unbounded,100,2
0.23175311030895876,-30.585266926284596,0.0,-147.5568272624466,-178.1420941887312,-1.5739941114714946,-912.7980136123235,arm_ridge_unbounded,101,3
0.2314633699050697,-16.05455044514462,0.0,-274.6055076320618,-290.66005807720643,-2.5681589853142395,-1468.495001992945,arm_ridge_unbounded,102,1
0.10040757946732004,5.325942060966427,0.0,-6.078656611512723,-0.7527145505462958,-0.006650692390107355,-17.987035437609524,arm_ridge_unbounded,103,2
0.2364971369976497,-19.137628671327036,65.71498615495932,-0.0,46.577357483632284,0.4115393767037995,196.44101481963563,arm_ridge_unbounded,104,4
0.21104922894919095,6.643290360487783,0.0,-31.590636291813997,-24.947345931326215,-0.22042502515519288,-153.21058798829816,arm_ridge_unbounded,105,3
0.22166786073048284,7.528518149970341,0.0,-42.30201770907152,-34.77349955910118,-0.30724508876209317,-203.2520572056533,arm_ridge_unbounded,106,5
0.20972677221535393,11.68472596041994,-0.0,-15.204814101173897,-3.5200881407539573,-0.031102126819826364,-47.19114852335743,arm_ridge_unbounded,107,5
0.2377608465467505,9.231365506066064,0.0,-41.057206493593874,-31.825840987527812,-0.28120072650502004,-190.9802933864046,arm_ridge_unbounded,108,3
0.23396399104274096,-3.998167799510488,-0.0,165.15130023031952,161.15313243080902,1.423886267007435,762.7029213891132,arm_ridge_unbounded,109,1
0.15144754852671583,8.441598234169675,0.0,-23.288145569073173,-14.846547334903498,-0.13117830565112523,-94.85145303214543,arm_ridge_unbounded,110,3
0.1767654850711012,10.92996182854864,0.0,-29.449858129134647,-18.519896300586005,-0.16363458538498005,-116.59254049581185,arm_ridge_unbounded,111,3
0.24684549228715755,-4.698698680634513,-0.0,228.81308462681886,224.11438594618434,1.9801873632495919,1071.8445956454254,arm_ridge_unbounded,112,4
0.2155765126200225,-4.487807618868897,0.0,-56.07475967881828,-60.56256729768718,-0.5351072397361867,-329.7613352324414,arm_ridge_unbounded,113,1
0.22534832943805544,-6.282866815182299,0.0,-29.975755922940596,-36.258622738122895,-0.3203670583293392,-211.1102834308434,arm_ridge_unbounded,114,5
0.2499999553026204,3.2029075449942748,0.0,-130.3759738739903,-127.17306632899601,-1.1236516470247926,-663.6497036897251,arm_ridge_unbounded,115,2
0.22337832872307997,13.748020873567128,-131.6325978335782,0.0,-117.88457696001106,-1.0415821752481846,-613.989569584753,arm_ridge_unbounded,116,3
0.12221337521116976,13.372830744547356,-0.0,49.79613725711198,63.16896800165934,0.5581363804840271,294.630034732342,arm_ridge_unbounded,117,3
0.16880626380813687,-0.972801343915746,0.0,-14.09053510172864,-15.063336445644387,-0.1330937697377649,-98.38910970920226,arm_ridge_unbounded,118,1
0.13937622544755054,18.446464846673013,0.0,-29.43356706657288,-10.987102219899867,-0.09707775287482687,-74.07374295038474,arm_ridge_unbounded,119,1
0.24543290151174152,-13.562638405990684,0.0,-23.429670801642448,-36.992309207633134,-0.32684962601180934,-217.58833276890687,arm_ridge_unbounded,120,3
0.174552259970022,6.509461855373967,-0.0,-2.1286011558039433,4.380860699570023,0.03870757765424483,-3.168741621754706,arm_ridge_unbounded,121,2
0.17814438896692716,2.61927750562049,0.0,-37.32902193444792,-34.709744428827435,-0.306681773280236,-196.7518797430167,arm_ridge_unbounded,122,4
0.21607687297113168,30.365576861406186,0.0,-482.15393199853315,-451.788355137127,-3.9918258166643548,-2262.1381278248473,arm_ridge_unbounded,123,2
0.24320708291038026,-1.9566658129912533,130.60658046041132,-0.0,128.64991464742008,1.136700503149013,600.8525088767674,arm_ridge_unbounded,124,1
0.24967453566996822,19.152830897393976,0.0,-86.05840254985661,-66.90557165246264,-0.5911515539614215,-365.93590506056626,arm_ridge_unbounded,125,2
0.06401941614586906,7.579520577372873,-0.0,-5.570044955046942,2.0094756223259305,0.01775494338432791,0.8269735755207028,arm_ridge_unbounded,126,4
0.21468571340958215,26.899418461909775,-38.70951062326363,-0.0,-11.810092161353857,-0.1043493712284119,-88.8410919136929,arm_ridge_unbounded,127,3
0.24325995960729763,4.413894219397589,170.6215472348955,-0.0,175.03544145429308,1.5465449387610184,829.9480338777997,arm_ridge_unbounded,128,5
0.23556779585263504,-9.811495700595877,-0.0,111.68752222590577,101.8760265253099,0.9001368631103419,469.69908188293584,arm_ridge_unbounded,129,3
0.1750677477259716,13.908784947646723,-0.0,10.368920940345943,24.277705887992667,0.21450834673164265,95.0306303906087,arm_ridge_unbounded,130,2
0.2338770470386053,-31.687465525706774,266.4344919745604,-0.0,234.7470264488536,2.074133230546202,1126.2033299463965,arm_ridge_unbounded,131,5
0.2039102782610661,12.255471199422269,0.0,-29.919345254487588,-17.66387405506532,-0.1560711064673543,-116.22220433547149,arm_ridge_unbounded,132,5
0.2231465878490307,35.81075391272178,0.0,-135.42251027707556,-99.61175636435378,-0.8801306544915651,-523.7052359154437,arm_ridge_unbounded,133,2
0.2312988432470761,-3.5520740156871864,0.0,-401.9379764627301,-405.4900504784173,-3.582752041957758,-2035.6291391551088,arm_ridge_unbounded,134,5
0.24189165088265235,-12.920673218128758,-256.72734631937453,0.0,-269.6480195375033,-2.382504802443423,-1366.1963159613135,arm_ridge_unbounded,135,1
0.24861876401230776,-13.966161354042766,0.0,-243.16010419279854,-257.1262655468413,-2.271867464669029,-1305.3060594688711,arm_ridge_unbounded,136,2
0.20358075817597673,21.839899084730188,230.26510637624494,-0.0,252.10500546097512,2.2275015676399583,1216.2417498279538,arm_ridge_unbounded,137,2
0.20121116660698396,20.39435249106178,-0.0,116.66538947199275,137.05974196305453,1.2110064594901173,648.3577359336126,arm_ridge_unbounded,138,4
0.1373758437272804,15.052892769696463,-0.0,26.351042389521155,41.40393515921762,0.36582903344176904,184.9754323631341,arm_ridge_unbounded,139,1
0.1922196218127706,-17.310195735841372,0.0,-2.9021020293252855,-20.212297765166657,-0.17858798509450352,-127.14773637347528,arm_ridge_unbounded,140,4
0.2186168178463004,11.984299832576742,0.0,-58.49218254139894,-46.507882708822194,-0.4109255246721116,-260.7758257110331,arm_ridge_unbounded,141,3
0.24999613105964705,-27.457650281657315,71.51781452381803,-0.0,44.06016424216072,0.38929843832505484,182.0899374983778,arm_ridge_unbounded,142,1
0.24599409127554317,-19.68503207005113,194.9162124748391,-0.0,175.23118040478798,1.5482744118362488,830.5262516021983,arm_ridge_unbounded,143,1
0.24991078201932268,-14.59551010488529,0.0,-29.729336398895676,-44.32484650378097,-0.3916370676259985,-254.44088105544833,arm_ridge_unbounded,144,3
0.23922748508360256,-0.24900452092230244,-0.0,82.88148692514945,82.63248240422715,0.7301084076329045,374.1330830834463,arm_ridge_unbounded,145,3
0.24644771069090857,-7.240707228843843,-0.0,89.12809871841795,81.8873914895741,0.7235250747181565,369.4269065936285,arm_ridge_unbounded,146,4
0.24177456753017548,5.650915654345785,162.19663339921118,-0.0,167.84754905355697,1.4830355230657974,794.6573651534927,arm_ridge_unbounded,147,3
0.24438656321267918,-5.788445851697699,-279.02328354009984,0.0,-284.81172939179754,-2.5164854324984125,-1441.4460495277058,arm_ridge_unbounded,148,5
0.24106975552204954,-14.620839360795786,0.0,-101.60418385983874,-116.22502322063453,-1.0269190052358137,-608.3070526843586,arm_ridge_unbounded,149,2
0.11108160061185872,-5.216349012051886,0.0,3.855324565899746,-1.3610244461521397,-0.012025481532414438,-22.508467819789196,arm_ridge_unbounded,150,3
0.16536582965740912,11.361030279816793,0.0,-17.654499610502416,-6.293469330685623,-0.055606642059180644,-54.58487231255793,arm_ridge_unbounded,151,1
0.11118078575480704,9.966163614031112,-0.0,373.2772553215361,383.2434189355672,3.3861894765069187,1877.0795981508534,arm_ridge_unbounded,152,2
0.15645287772525945,26.115683277704093,-0.0,-14.43322202845001,11.682461249254084,0.10322167423460679,35.46680958445012,arm_ridge_unbounded,153,1
0.24995988819901335,-37.98456471921247,524.4053390339211,-0.0,486.42077431470864,4.297824374162924,2366.961086240851,arm_ridge_unbounded,154,4
0.2420820998892738,-13.123363777467707,0.0,-27.210596304969943,-40.33396008243765,-0.3563751506975329,-233.61690605928868,arm_ridge_unbounded,155,1
0.07200700059449043,4.514003993291242,0.0,-44.61293701078951,-40.09893301749827,-0.35429854315603243,-208.28607103924315,arm_ridge_unbounded,156,4
0.17756915979184082,-2.7277256938072947,-0.0,51.80065497581421,49.07292928200692,0.4335892764385275,217.14138502922117,arm_ridge_unbounded,157,2
0.1975231952865519,11.686912128560461,0.0,-49.15378538582777,-37.46687325726731,-0.3310426889879799,-213.12362660404023,arm_ridge_unbounded,158,1
0.21934778145386188,-5.302773192737307,-0.0,112.20533007067769,106.90255687794038,0.9445493261623992,496.83073592065057,arm_ridge_unbounded,159,1
0.17625425660116525,19.78694649936214,-0.0,112.53145490157611,132.31840140093826,1.1691138222712827,628.4864719828017,arm_ridge_unbounded,160,5
0.13668823108149789,-8.5522838215212,-0.0,26.925770088295884,18.373486266774684,0.16234096339109455,71.32332042154864,arm_ridge_unbounded,161,4
0.22049369602419103,-9.930236939201667,-0.0,62.070510290604304,52.14027335140264,0.4606911331056604,226.1911557766619,arm_ridge_unbounded,162,3
0.2292931092028446,-26.09251890352687,0.0,-227.50122694778958,-253.59374585131644,-2.2406554974765776,-1285.112128388718,arm_ridge_unbounded,163,1
0.22217102227809638,4.7456528798634965,-0.0,62.540499061507965,67.28615194137146,0.5945142130589953,300.75988633421457,arm_ridge_unbounded,164,4
0.18947541463639153,16.043283339361746,91.18914600077679,-0.0,107.23242934013854,0.9474639506670737,502.7052853102203,arm_ridge_unbounded,165,1
0.20074248399942177,19.38450477356663,34.147676055701965,-0.0,53.5321808292686,0.4729894850693073,235.8728534787779,arm_ridge_unbounded,166,2
0.24677135314661944,-3.434087899175675,-177.46635711365877,0.0,-180.90044501283444,-1.5983658242566343,-928.5560999787212,arm_ridge_unbounded,167,3
0.24736353235296998,-27.315644059656297,-0.0,89.56222183735413,62.24657777769784,0.5499864999765254,272.28869245553454,arm_ridge_unbounded,168,1
0.24689380855961288,12.965238398647355,-0.0,157.27915936788054,170.2443977665279,1.5042131440962732,805.768140731697,arm_ridge_unbounded,169,1
0.1564053292047518,-15.454592477127834,-0.0,70.42665669037933,54.9720642132515,0.48571173344028273,249.28550997933206,arm_ridge_unbounded,170,4
0.096737795192022,8.330167508615792,0.0,-18.52371317440283,-10.193545665787036,-0.09006619645981186,-64.09477538029122,arm_ridge_unbounded,171,4
0.2187468513445852,42.692064204375285,-46.98832485811486,-0.0,-4.296260653739573,-0.03796008462305664,-52.306624272643155,arm_ridge_unbounded,172,3
0.24737857374514297,32.03662629655945,0.0,-63.91682889239373,-31.880202595834284,-0.2816810444879997,-192.61560248889353,arm_ridge_unbounded,173,2
0.24558286504770788,-17.74821152853312,-58.53411358746425,0.0,-76.28232511599737,-0.6740008928755994,-411.66720282733763,arm_ridge_unbounded,174,5
0.24840918353253053,-11.186914165188986,88.35652492736445,-0.0,77.16961076217547,0.6818406030161904,345.84653463662937,arm_ridge_unbounded,175,5
0.24991968122286684,5.726863621171673,26.08745294467825,-0.0,31.814316565849925,0.2810989012068404,121.61726082285492,arm_ridge_unbounded,176,5
0.24741358752634543,8.585424557503892,0.0,-48.556750899446435,-39.97132634194254,-0.35317106030688405,-232.58349727165805,arm_ridge_unbounded,177,2
0.2499873969187332,1.3949564554077065,-211.60918726224517,0.0,-210.21423080683746,-1.8573710101719585,-1073.7970429698696,arm_ridge_unbounded,178,1
0.21306014562770104,16.281904962506843,0.0,-25.579011731207324,-9.29710676870048,-0.08214561176177088,-76.19817482641669,arm_ridge_unbounded,179,5
0.22469947631559276,-35.48229723204766,-267.06640472462107,0.0,-302.5487019566687,-2.6732024089074877,-1526.2530334487817,arm_ridge_unbounded,180,4
0.2273147008983123,-3.341198237024854,0.0,-61.939062273788984,-65.28026051081383,-0.5767909381961552,-354.73068071309393,arm_ridge_unbounded,181,1
0.22459395752969416,28.73290602759521,-0.0,209.6026401546217,238.33554618221692,2.105839992246382,1145.2466644673739,arm_ridge_unbounded,182,4
0.24458232521821904,0.1443386980026524,-0.0,114.41140772069973,114.55574641870238,1.0121699260323687,531.0444754168335,arm_ridge_unbounded,183,2
0.2270813378097968,-10.573208809381056,0.0,-43.99256979062582,-54.56577860000688,-0.4821219521158019,-301.7775533888244,arm_ridge_unbounded,184,3
0.24939753809580645,0.9639089876187292,0.0,-7.8936454260500515,-6.9297364384313225,-0.061228450231334046,-69.66952490938706,arm_ridge_unbounded,185,5
0.24081060715472566,-14.261675965460642,68.57064474467543,-0.0,54.308968779214794,0.47985288063364817,234.01526006488032,arm_ridge_unbounded,186,3
0.24804174090048337,-11.421826806101837,66.34808888240096,-0.0,54.926262076299125,0.4853070436100427,236.03649358166925,arm_ridge_unbounded,187,5
0.24433066460830666,8.06105154024635,-0.0,73.30758148828059,81.36863302852694,0.7189415271479839,367.16556487533154,arm_ridge_unbounded,188,4
0.24361724289339873,-16.42058366990083,0.0,-21.241900122233147,-37.662483792133976,-0.3327710274327707,-220.6403660947797,arm_ridge_unbounded,189,3
0.2423889482443389,-38.53383886385404,0.0,-54.19041835683003,-92.72425722068407,-0.8192753965343088,-492.42175085474287,arm_ridge_unbounded,190,3
0.11943963314157935,14.865975320098453,-0.0,57.99221788501098,72.85819320510943,0.6437465979029058,342.8803331771183,arm_ridge_unbounded,191,2
0.24889207418336634,-15.335621671834454,-0.0,169.42627055240123,154.0906488805668,1.3614849150357418,725.6990796507454,arm_ridge_unbounded,192,4
0.22257626699518107,-11.115085038003413,0.0,-30.227781829005,-41.34286686700841,-0.3652894578138263,-235.82795653311223,arm_ridge_unbounded,193,1
0.24116331352509077,11.296295271236655,0.0,-300.797585768633,-289.5012904973963,-2.557920566621054,-1464.1502213780566,arm_ridge_unbounded,194,5
0.248371193813082,-0.428219259548834,-0.0,146.78553759440823,146.3573183348594,1.2931562204818856,687.5773636617272,arm_ridge_unbounded,195,4
0.14609515469942447,2.916274405722493,-0.0,7.62426688422009,10.540541289942583,0.09313211454960692,31.29872065805137,arm_ridge_unbounded,196,5
0.1567273059868552,1.694979530068288,0.0,-39.61711783376072,-37.922138303692435,-0.33506523349378753,-209.5745718671199,arm_ridge_unbounded,197,1
0.22023916131426646,1.7648613116002112,-0.0,164.21350100666567,165.97836231826588,1.4665201176082203,788.485730997614,arm_ridge_unbounded,198,3
0.24632020842473648,39.59172482311773,-335.6959108263739,0.0,-296.1041860032562,-2.6162611777619236,-1497.4954887166111,arm_ridge_unbounded,199,2
0.15610928615671393,-3.4287803998816235,-0.0,10.996295964966812,7.567515565085189,0.06686361801323452,15.19148524552683,arm_ridge_unbounded,200,2
0.2439448243634107,11.412248226633526,0.0,-32.220864603356986,-20.80861637672346,-0.18385682392468408,-137.4438801673238,arm_ridge_unbounded,201,2
0.14543428130232353,-18.1287995825996,-0.0,126.4039747309177,108.2751751483181,0.9566772462068542,514.1143684560935,arm_ridge_unbounded,202,2
0.18784332100908546,7.0167692882302015,-0.0,70.01544110092104,77.03221038915125,0.6806265868734084,353.77514190739896,arm_ridge_unbounded,203,3
0.17775318010551056,2.866459261275072,-0.0,82.408302862751,85.27476212402607,0.7534545613803614,395.91992749348907,arm_ridge_unbounded,204,4
0.1597399077787741,1.6161822475841665,0.0,-30.821713596522336,-29.20553134893817,-0.25804869183205503,-166.950457238471,arm_ridge_unbounded,205,4
0.17862544530301447,36.62673600611434,0.0,-132.19751610704776,-95.57078010093342,-0.8444261632415567,-497.41935845484704,arm_ridge_unbounded,206,2
0.24995624331336755,8.531716869263287,-206.8772899743529,0.0,-198.3455731050896,-1.752504176655169,-1015.1720556780685,arm_ridge_unbounded,207,4
0.11923591290140062,20.123948652623106,0.0,-32.16116695244205,-12.037218299818946,-0.10635616926305588,-76.39816221985994,arm_ridge_unbounded,208,2
0.24939213491878143,15.69340905839464,0.0,-53.139470177905245,-37.4460611195106,-0.3308588010505142,-220.39212315151974,arm_ridge_unbounded,209,2
0.23634333033599192,-8.437512648268356,0.0,-36.49807845451913,-44.935591102787484,-0.3970333688586023,-255.5292919071426,arm_ridge_unbounded,210,5
0.19040799475548964,1.3231492582939157,-123.97322498056488,0.0,-122.65007572227097,-1.0836882649075723,-632.841335660827,arm_ridge_unbounded,211,4
0.21960831516841223,27.922401587916397,0.0,-92.9780906274815,-65.05568903956511,-0.5748067122053263,-352.5263149520173,arm_ridge_unbounded,212,2
0.24320970924093557,1.0776239254153623,353.5405138792209,-0.0,354.61813780463626,3.133267649442468,1716.9331704171054,arm_ridge_unbounded,213,1
0.24617089060688793,-9.045885470268427,309.4000873841229,-0.0,300.35420191385447,2.6538126618589652,1448.49700774761,arm_ridge_unbounded,214,3
0.19705169411229936,-2.4832687457155695,-0.0,121.62273115088075,119.13946240516519,1.0526698539365877,560.438691694294,arm_ridge_unbounded,215,1
0.24706822294891193,22.698697086436184,44.128557317096536,-0.0,66.82725440353272,0.5904595732748593,294.9551079583153,arm_ridge_unbounded,216,1
0.2136279841299507,-20.976472164902788,0.0,-75.03816976470662,-96.01464192960941,-0.8483479533598587,-504.58598144291017,arm_ridge_unbounded,217,1
0.24929687885919685,-3.679590451864943,-0.0,261.35607414302865,257.6764836911637,2.2767289777388746,1237.2629823882933,arm_ridge_unbounded,218,4
0.24936683204962445,-29.226036676268617,92.83210605232227,-0.0,63.606069376053654,0.5619984378632553,278.7186692870868,arm_ridge_unbounded,219,1
0.1476854650678765,1.6286684358704357,0.0,-19.297570423827853,-17.66890198795742,-0.15611553132269845,-108.2567183664919,arm_ridge_unbounded,220,2
0.21778191743006894,14.912251525640917,0.0,-49.406561781882715,-34.494310256241796,-0.30477828089903447,-201.32086560666096,arm_ridge_unbounded,221,5
0.24989530910316257,-3.283811698238602,455.011446952011,-0.0,451.7276352537724,3.9912893194412553,2195.6171682294007,arm_ridge_unbounded,222,5
0.1386206613840665,-1.0858512605661772,-251.34179260258787,0.0,-252.42764386315406,-2.230352274809855,-1266.4668246640324,arm_ridge_unbounded,223,5
0.23078982746168133,-1.2335860520067239,-0.0,164.9084061865628,163.67482013455606,1.4461669167030813,775.6088968821491,arm_ridge_unbounded,224,3
0.2145575876307255,16.0733406847681,-0.0,189.08862145967586,205.16196214444398,1.812731133446616,982.8251186355034,arm_ridge_unbounded,225,5
0.24589532655031954,35.55735405938866,79.6911751372261,-0.0,115.24852919661475,1.01829108463853,534.2796075248755,arm_ridge_unbounded,226,3
0.24518549869541012,31.009225877917125,0.0,-152.23570356653514,-121.22647768861802,-1.0711099075447235,-633.5946708019808,arm_ridge_unbounded,227,2
0.18009012929976642,28.51399242141039,-0.0,77.33516176905174,105.84915419046213,0.9352418705907677,497.20692071121107,arm_ridge_unbounded,228,3
0.21102372169651848,22.372451103383987,10.484488186404402,-0.0,32.856939289788386,0.29031110922224,132.2945360602056,arm_ridge_unbounded,229,3
0.2308979377716981,-12.37740990046102,0.0,0.8805548326950441,-11.496855067765976,-0.10158173035696559,-89.59796078678939,arm_ridge_unbounded,230,2
0.22011383521048627,7.63585012768583,-0.0,144.51760004418884,152.15345017187468,1.3443685822895848,720.2208333180077,arm_ridge_unbounded,231,5
0.16482342285373824,18.27930339863161,-2.46472056813944,-0.0,15.814582830492167,0.13973148998799342,54.686226970732164,arm_ridge_unbounded,232,5
0.24124687452340887,15.798829617196583,0.0,-188.990601926062,-173.1917723088654,-1.5302549967817218,-889.6970430053149,arm_ridge_unbounded,233,3
0.24437880383431126,-18.043380606018758,0.0,-112.49715374368026,-130.54053434969902,-1.1534052819491674,-679.4831426562628,arm_ridge_unbounded,234,5
0.09289489482202043,0.8236034428576945,0.0,-32.6140576905667,-31.790454247709008,-0.2808880630643401,-170.2180698012512,arm_ridge_unbounded,235,3
0.24694215958510868,-4.933601424907201,-0.0,209.75471333535413,204.82111191044692,1.80971951362903,976.5393299545999,arm_ridge_unbounded,236,4
0.2460563286441934,16.51084850032447,0.0,-553.7003609240593,-537.1895124237349,-4.7463971564374265,-2688.2039998490973,arm_ridge_unbounded,237,3
0.2276839588917311,-23.194150980188276,-0.0,157.18930663592113,133.99515565573284,1.1839289693338033,629.4592709552509,arm_ridge_unbounded,238,4
0.24880659972444397,-16.33755528558057,0.0,-20.01502504845089,-36.35258033403146,-0.3211972310258127,-214.9080929011427,arm_ridge_unbounded,239,3
0.24886590587889987,2.8776432470569846,-1.4791900347107134,-0.0,1.3984532123462712,0.012356187522245184,-28.46016015322621,arm_ridge_unbounded,240,4
0.2179202471577503,-9.716497651294361,217.72485745635464,-0.0,208.00835980506028,1.837880793761992,996.4058985714892,arm_ridge_unbounded,241,3
0.1486289334687929,14.268735093928402,-0.0,102.50303117297979,116.77176626690819,1.0317498136937575,555.6259296582458,arm_ridge_unbounded,242,5
0.1477817496576588,20.12403486525483,1.9783751316217197,-0.0,22.102409996876553,0.195288280082502,88.16432884417955,arm_ridge_unbounded,243,1
0.21806514473076655,10.57636533418225,39.193884146597284,-0.0,49.77024948077953,0.4397505259269017,214.83048691313135,arm_ridge_unbounded,244,5
0.16960717013596438,-9.754977538401329,-192.74245379599523,0.0,-202.49743133439657,-1.789188377738323,-1024.2598153891033,arm_ridge_unbounded,245,4
0.06621506468724035,1.7208027147464853,0.0,-4.974359073044536,-3.2535563582980513,-0.028747155873649316,-25.47973177387639,arm_ridge_unbounded,246,2
0.21017126431471406,-19.372941086588988,0.0,-23.33134954494767,-42.70429063153666,-0.3773184675677735,-240.7892514438434,arm_ridge_unbounded,247,1
0.15105687500705317,8.997279789604734,-0.0,27.33328105780695,36.33056084741168,0.32100267542437,157.97323547086012,arm_ridge_unbounded,248,5
0.23792987277421293,11.034822157883285,41.991397112200744,-0.0,53.02621927008403,0.4685190059362635,228.08901609598567,arm_ridge_unbounded,249,3
0.21487064211905474,2.225538487193226,-0.0,65.17029123025362,67.39582971744684,0.5954832831403151,302.3390809646676,arm_ridge_unbounded,250,4
0.13839793878956103,-6.838569025960724,-0.0,8.895772468426324,2.0572034424656005,0.018176647800655372,-9.507504979989507,arm_ridge_unbounded,251,4
0.15479706693594109,-0.5746529138491506,0.0,-114.66523545024461,-115.23988836409376,-1.018214737610231,-591.1808311439678,arm_ridge_unbounded,252,4
0.1942995099572547,6.70080276038352,0.0,-26.474139424624727,-19.773336664241207,-0.17470949589649448,-125.27524163101398,arm_ridge_unbounded,253,2
0.14551085681052692,14.220284702895949,-0.0,65.383272726507,79.60355742940295,0.703346007111154,372.49132336839995,arm_ridge_unbounded,254,3
0.23760871702836645,26.15417618641023,-0.0,229.28905588832157,255.4432320747318,2.2569968368897055,1227.893764248719,arm_ridge_unbounded,255,2
0.17687541827546552,15.062811687616,-0.0,-17.528745262919127,-2.4659335753031275,-0.021788027947481588,-37.315937908987635,arm_ridge_unbounded,256,5
0.17138969546753602,-30.962399209923824,-0.0,121.31564469880432,90.3532454888805,0.7983260609991891,421.90743449260026,arm_ridge_unbounded,257,5
0.24401131988369415,-12.83140327129776,29.210855711537462,0.0,16.379452440239703,0.14472245769577097,46.22248833027149,arm_ridge_unbounded,258,5
0.21446459508295498,-4.6081667808185305,0.0,-9.595444763449564,-14.203611544268094,-0.12549757559614863,-100.63151419902636,arm_ridge_unbounded,259,5
0.12495752621886462,3.820509743098183,146.12473659892726,-0.0,149.94524634202543,1.324857753920018,722.8373008724298,arm_ridge_unbounded,260,3
0.18800618134991495,24.259738826129563,0.0,-50.647517891177756,-26.387779065048193,-0.23315213090059198,-157.0503060232372,arm_ridge_unbounded,261,1
0.2489276980380309,8.94112707751757,617.0879083369938,-0.0,626.0290354145113,5.531348555432848,3056.6477919928875,arm_ridge_unbounded,262,5
0.24921635615073048,-12.172057436728121,0.0,-109.92270573405521,-122.09476317078334,-1.078781739641614,-638.4560652427423,arm_ridge_unbounded,263,3
0.2270715633991267,10.407278653540468,376.2526575124831,-0.0,386.65993616602356,3.416376491131222,1877.4844654644887,arm_ridge_unbounded,264,1
0.0989121597692544,14.428557398805031,-0.0,28.661706080723846,43.09026347952888,0.3807287732156009,198.7706055481933,arm_ridge_unbounded,265,4
0.24967066869271126,-11.174764187978585,-0.0,124.4699004969757,113.29513630899712,1.001031666439241,524.0950646940718,arm_ridge_unbounded,266,3
0.2069533019785317,-20.609302507810618,0.0,-23.724281987350746,-44.33358449516136,-0.3917142731121104,-248.37919002429706,arm_ridge_unbounded,267,4
0.2491154762924886,33.5311436037883,-283.8417419651666,0.0,-250.31059836137828,-2.2116468858972156,-1271.7133455839205,arm_ridge_unbounded,268,2
0.19981327875465213,21.840565114069307,-0.0,50.44518768854991,72.28575280261921,0.6386887376212511,328.63078850406293,arm_ridge_unbounded,269,3
0.17184722419547402,2.9628500682682977,-0.0,-2.618896555847909,0.34395351242038874,0.003039039176198681,-22.723031833106205,arm_ridge_unbounded,270,1
0.23447501503653048,15.9071607186717,-262.5893197174283,0.0,-246.6821589987566,-2.1795874099120094,-1251.7114875487457,arm_ridge_unbounded,271,3
0.20092863706326364,15.320946604635646,0.0,-47.52013055235872,-32.19918394772308,-0.28449943938690697,-187.5899102036037,arm_ridge_unbounded,272,2
0.05310673296907772,3.6782248030905573,-210.1506339140057,0.0,-206.47240911091515,-1.8243097320816812,-1027.3363376001917,arm_ridge_unbounded,273,2
0.2204550050265182,15.662139859003306,0.0,-130.24181508155021,-114.57967522254691,-1.0123813516166327,-597.2508646600423,arm_ridge_unbounded,274,3
0.2480170933166912,4.146073210524509,81.19735346402214,-0.0,85.34342667454665,0.7540612545860207,386.27360027798505,arm_ridge_unbounded,275,2
0.23245721039564798,7.49654656738889,0.0,-147.3330614259753,-139.8365148585864,-1.2355409425182016,-723.7027544763519,arm_ridge_unbounded,276,5
0.21543263441912872,38.87370500694765,0.0,-131.4125487172497,-92.53884371030205,-0.8176371550234655,-487.6751108062904,arm_ridge_unbounded,277,2
0.1662617774482534,3.770219896808025,0.0,-11.783472968677753,-8.013253071869727,-0.07080198089223805,-63.20639322724597,arm_ridge_unbounded,278,4
0.19029261884783177,9.577342330305374,-0.0,-11.400066782009544,-1.82272445170417,-0.016104882828973474,-36.0458285751372,arm_ridge_unbounded,279,5
0.24987132141023952,5.618052143230899,0.0,-278.4349360886232,-272.8168839453923,-2.410503653252849,-1382.9816945254308,arm_ridge_unbounded,280,2
0.14520326508029976,8.656637834402916,0.0,-27.75651045413745,-19.099872619734533,-0.16875903008902374,-114.97167940996555,arm_ridge_unbounded,281,2
0.17575071747480228,1.4203100912942974,526.6105738109146,-0.0,528.0308839022089,4.665475084494317,2583.023977402733,arm_ridge_unbounded,282,4
0.17838819803570535,2.5434300844969044,0.0,-3.5461124858927846,-1.0026824013958802,-0.008859310892579856,-30.303771891174048,arm_ridge_unbounded,283,4
0.13887494035918924,29.315073828599093,-0.0,-10.552607414199578,18.762466414399515,0.16577784036634866,72.93377317887797,arm_ridge_unbounded,284,3
0.24904600447443567,-2.0061439499289615,-131.98570336989556,0.0,-133.99184731982453,-1.1838997381671768,-697.1928171017306,arm_ridge_unbounded,285,4
0.24872670174741962,5.584133219298903,-0.0,176.98160394348406,182.56573716278297,1.6130796966282128,866.3640642591828,arm_ridge_unbounded,286,1
0.1111982176802665,18.7340821361614,0.0,-39.00667975023675,-20.272597614075348,-0.17912077105695184,-115.93130755377632,arm_ridge_unbounded,287,2
0.2499979637959279,-10.96492820467305,138.68629147667124,-0.0,127.7213632719982,1.1284961851085817,595.3012174933301,arm_ridge_unbounded,288,3
0.11688820315392373,11.53049752606468,9.354892520484423,-0.0,20.885390046549105,0.18453516614790727,86.54373612841377,arm_ridge_unbounded,289,2
0.23213525811960276,0.7882728540425301,-0.0,238.18197871199644,238.97025156603897,2.111448001634644,1147.3098191527477,arm_ridge_unbounded,290,5
0.19767538887732217,9.034630551381065,0.0,-33.63336628145678,-24.598735730075717,-0.21734484129148546,-149.58815854473943,arm_ridge_unbounded,291,2
0.24451251258257878,-9.741436487872228,-0.0,64.22294417060695,54.48150768273472,0.4813773671362734,234.34135632988242,arm_ridge_unbounded,292,3
0.21578821090254566,-21.79392806858434,59.30349603783765,0.0,37.50956796925331,0.3314199228223691,154.59726339942262,arm_ridge_unbounded,293,1
0.1358163450717677,43.590664960478044,-283.4833912505647,0.0,-239.89272629008664,-2.1195986287519726,-1204.1570045895414,arm_ridge_unbounded,294,4
0.24702200282459935,14.476657565926315,0.0,-95.11408870360162,-80.6374311376753,-0.7124809122341501,-433.3820549256865,arm_ridge_unbounded,295,3
0.2438561293366489,-3.3614243304716003,0.0,-74.6860407987836,-78.0474651292552,-0.6895969820506098,-420.1400237761987,arm_ridge_unbounded,296,3
0.24746583361665053,37.689224413567494,-25.991513844132815,-0.0,11.69771056943468,0.10335641128413743,22.607934459519214,arm_ridge_unbounded,297,3
0.039844222137777684,5.238033725265031,-0.0,16.887711589465827,22.125745314730857,0.19549446185587377,103.61899205796011,arm_ridge_unbounded,298,4
0.15607956055066055,0.45867439143820343,-0.0,94.7778256828537,95.23650007429191,0.841472595215356,448.2021279190806,arm_ridge_unbounded,299,1
0.24919626791462288,26.555866980430107,52.74903672707166,-0.0,79.30490370750177,0.7007072192279068,356.28111758003314,arm_ridge_unbounded,300,3
0.18466907712941733,5.411826937224765,-0.0,67.38037235987937,72.79219929710413,0.6431635014536001,333.28438088243297,arm_ridge_unbounded,301,5
0.22364149859003918,3.1494887198164783,0.0,-8.593595424281922,-5.444106704465444,-0.04810200494203658,-58.67155444224943,arm_ridge_unbounded,302,1
0.21817210845043003,-18.69597830337537,0.0,-5.398278327695581,-24.09425663107095,-0.21288746059878574,-150.00934857083695,arm_ridge_unbounded,303,4
0.24582441448095987,-0.23242207241468432,-148.93234455894356,0.0,-149.16476663135825,-1.3179617393968497,-771.6756435302785,arm_ridge_unbounded,304,1
0.23522911955489018,14.453392806420052,-0.0,75.50981384802282,89.96320665444287,0.7948798298798916,410.9085308683357,arm_ridge_unbounded,305,2
0.08908381389307542,15.437738759273968,0.0,-52.45773179607284,-37.01999303679887,-0.3270942295362503,-195.50570982840526,arm_ridge_unbounded,306,3
0.11024447594846094,0.20606822278211456,-0.0,-0.0607575240418313,0.14531069874028327,0.0012839086976753546,-14.94955174982466,arm_ridge_unbounded,307,4
0.24547040690790994,-8.653410697970427,-0.0,202.53006911231202,193.8766584143416,1.713018588254857,922.6926689733866,arm_ridge_unbounded,308,3
0.24842763068977833,31.42025271798051,66.45134684341268,-0.0,97.8715995613932,0.8647553072252688,448.093232694674,arm_ridge_unbounded,309,1
0.24836320462068856,-39.60224040269891,-0.0,87.40572330223692,47.80348289953801,0.4223729429832916,200.81064691416287,arm_ridge_unbounded,310,1
0.11571800710831533,12.208878047562184,-0.0,-4.819805801836787,7.389072245725397,0.06528696239355726,20.050291186691435,arm_ridge_unbounded,311,3
0.22976521066241212,6.7271649738071675,0.0,-49.313230513305726,-42.586065539498556,-0.37627387673401463,-242.9898945059278,arm_ridge_unbounded,312,1
0.23847277771390546,-4.9250845365895595,-0.0,109.87730780702243,104.95222327043287,0.927316938569776,484.4799061772177,arm_ridge_unbounded,313,1
0.21027955884434713,23.348301748511993,0.0,-45.051014726924464,-21.70271297841247,-0.19175671301352695,-137.07562079053375,arm_ridge_unbounded,314,3
0.21720181971997868,10.908552282348278,-0.0,204.66580759759572,215.57435987994398,1.9047310214944846,1033.877274296568,arm_ridge_unbounded,315,3
0.21448833247030655,2.7608768567437854,-0.0,104.72963683824092,107.49051369498471,0.9497442834353661,500.4253115902825,arm_ridge_unbounded,316,4
0.24695111057482308,33.53555561930171,-13.710474534938395,-0.0,19.825081084363315,0.17516668942475414,62.82302916562865,arm_ridge_unbounded,317,5
0.0718704921577642,-1.0422724721212635,0.0,-25.08907395948121,-26.131346431602474,-0.23088639209881795,-139.27927887139762,arm_ridge_unbounded,318,2
0.1732127181611919,5.632118236677341,0.0,-19.719205939006166,-14.087087702328825,-0.12446801634518274,-94.19353134776081,arm_ridge_unbounded,319,4
0.22860071598822848,-25.95743204509898,709.1963842940747,-0.0,683.2389522489758,6.036833082407255,3342.1023863676855,arm_ridge_unbounded,320,1
0.11923143326424587,9.778299108574467,-0.0,70.88488218323556,80.66318129181003,0.7127084305596875,381.4595856991215,arm_ridge_unbounded,321,1
0.08480920687638507,1.8837048607015763,-0.0,58.113859078282864,59.99756393898444,0.5301150902747711,284.2817804105911,arm_ridge_unbounded,322,2
0.16045925303988712,35.693205726537045,-0.0,-38.223390741791654,-2.5301850152546095,-0.022355728628209264,-35.30031966546019,arm_ridge_unbounded,323,4
0.24164805183851268,-7.311726291975157,-0.0,33.3279874223915,26.016261130416346,0.22986954323326023,94.15556204741915,arm_ridge_unbounded,324,3
0.19822541504003385,-10.416445956043216,83.71245090260058,-0.0,73.29600494655736,0.6476149318085466,333.8461883335163,arm_ridge_unbounded,325,1
0.24410290789187752,20.284618432225095,-0.0,45.149780434655156,65.43439886688026,0.5781528446332909,288.49705871236756,arm_ridge_unbounded,326,2
0.22728267344138137,-15.114152514939903,0.0,7.860400847019844,-7.253751667920059,-0.06409132251070696,-68.12704400268332,arm_ridge_unbounded,327,1
0.18695101141108184,7.081377406455829,0.0,-62.91507605070681,-55.83369864425098,-0.49332479944138996,-302.3368735728192,arm_ridge_unbounded,328,2
0.22961055009645254,5.62310413008712,-0.0,80.3509956985568,85.97409982864392,0.7596336367640396,392.00438493363777,arm_ridge_unbounded,329,5
0.17633953059343047,-7.55356683895847,-0.0,12.094941698427064,4.541374859468594,0.040125818209003766,-2.629940895463271,arm_ridge_unbounded,330,4
0.20767849150033116,12.085863866182077,-0.0,39.724601480546575,51.81046534672865,0.4577770781225464,226.38341590809162,arm_ridge_unbounded,331,3
0.24221717941657278,24.372565627249923,-260.3151468634582,0.0,-235.9425812362083,-2.0846966866670456,-1199.7678413254212,arm_ridge_unbounded,332,2
0.17956546155145675,-14.899151358605451,0.0,-15.44195808453033,-30.34110944313578,-0.2680822172687181,-175.37668189713216,arm_ridge_unbounded,333,1
0.24851056129369728,11.906638723805269,-10.039906933221792,-0.0,1.8667317905834775,0.016493714522981606,-26.096783205632583,arm_ridge_unbounded,334,4
0.2090195783245294,19.4282997492712,0.0,-48.73795935001148,-29.30965960074028,-0.2589687284798824,-174.46807687027925,arm_ridge_unbounded,335,5
0.06579152428025475,10.547285156114883,0.0,-12.988186422996224,-2.4409012668813403,-0.021566852226875717,-21.405751116674068,arm_ridge_unbounded,336,3
0.23057407323702808,19.121921200848103,0.0,-336.98685584613975,-317.86493464529167,-2.808530671279205,-1602.7363931564041,arm_ridge_unbounded,337,4
0.1907433497151175,4.913109778894709,0.0,-90.84277594697808,-85.92966616808337,-0.7592410382578195,-451.52299451699724,arm_ridge_unbounded,338,1
0.2256566807415492,-10.134791606977773,76.27652372598163,-0.0,66.14173211900386,0.5844025655583801,294.61211536004686,arm_ridge_unbounded,339,3
0.2180893243364247,15.864889539332934,0.0,-93.84843475135557,-77.98354521202263,-0.689032210575412,-416.162499046275,arm_ridge_unbounded,340,5
0.23913797102975154,-2.2674691961801763,0.0,-167.0295323123127,-169.29700150849288,-1.4958423200180664,-870.1606524949117,arm_ridge_unbounded,341,5
0.2445339027450024,-10.486815013111176,-36.316355277535045,0.0,-46.80317029064622,-0.413534570653626,-265.9174567310252,arm_ridge_unbounded,342,3
0.2495372543513167,-13.809918646937138,87.33193236784011,-0.0,73.52201372090298,0.6496118572493355,327.670351370264,arm_ridge_unbounded,343,5
0.19965160711194013,27.496740254920855,-62.16485844044058,0.0,-34.66811818551973,-0.30631398001864113,-199.60275489202274,arm_ridge_unbounded,344,4
0.18834071663481045,-1.907317759325896,0.0,-42.08303041777817,-43.99034817710407,-0.38868157078576987,-244.03880498537768,arm_ridge_unbounded,345,5
0.23960604225747426,-3.3166343604953323,-108.02454592643761,0.0,-111.34118028693294,-0.9837672726034697,-583.9772203510641,arm_ridge_unbounded,346,5
0.24999576923508612,-5.06086084203091,100.31547898768511,-0.0,95.2546181456542,0.8416326794322019,434.94482969752085,arm_ridge_unbounded,347,3
0.19430274679135048,21.229406569644997,3.0080570026476865,-0.0,24.237463572292683,0.2141527813149891,92.09831133154984,arm_ridge_unbounded,348,3
0.08875009229040728,-2.169763998384728,-0.0,26.36721824026724,24.19745424188251,0.21379927446554783,106.90118533948726,arm_ridge_unbounded,349,2
0.2415315389414481,-16.710501498304982,0.0,2.3084463473249732,-14.402055150980008,-0.12725094595954406,-105.45823332576873,arm_ridge_unbounded,350,3
0.24997866644373865,-14.32867688446994,-0.0,302.7316773476474,288.4030004631775,2.548216503948944,1388.9276181443206,arm_ridge_unbounded,351,5
0.19056235059471827,-4.621770091393157,100.30730240976486,-0.0,95.6855323183717,0.8454400691089414,445.5194669661118,arm_ridge_unbounded,352,4
0.19801862853659877,4.1804447671192495,0.0,-7.521236012426046,-3.3407912453067965,-0.029517929334531484,-44.64169383847747,arm_ridge_unbounded,353,4
0.08854046182705817,13.576994498766286,-72.60997786893688,-0.0,-59.0329833701706,-0.5215924323242906,-304.15298738321627,arm_ridge_unbounded,354,5
0.2455555711376352,13.929155571652018,0.0,-24.9077220527999,-10.978566481147883,-0.0970023344141095,-89.12112980724969,arm_ridge_unbounded,355,2
0.19909450437231527,-2.0795041596272394,0.0,-41.564326625483474,-43.643830785110715,-0.38561987816896387,-243.85557999445612,arm_ridge_unbounded,356,4
0.21916951355509007,30.647320525395784,0.0,-297.53781457812454,-266.89049405272874,-2.3581403820349074,-1349.347476640722,arm_ridge_unbounded,357,2
0.1775593766107943,9.8892515255255,0.0,-27.90251221168038,-18.01326068615488,-0.15915815056249788,-114.20303633973398,arm_ridge_unbounded,358,3
0.09532446563868499,-5.962095916004076,0.0,1.4243005623495242,-4.537795353654552,-0.04009419109078143,-35.95957080570588,arm_ridge_unbounded,359,2
0.10241342756234083,6.661906338432892,0.0,-62.70482260741728,-56.042916268984385,-0.4951733648287349,-291.35626794039933,arm_ridge_unbounded,360,1
0.2253381110009833,-19.06247320212293,0.0,-6.169666465848795,-25.232139667971726,-0.22294135161079798,-156.64786119469161,arm_ridge_unbounded,361,4
0.19553388728022464,29.569255015075843,0.0,-41.62754751500667,-12.058292499930825,-0.1065423726813503,-87.34524175318958,arm_ridge_unbounded,362,1
0.2469893177566186,-26.145391869730275,0.0,-180.71675936180554,-206.86215123153582,-1.8277533415533396,-1056.8146979172911,arm_ridge_unbounded,363,1
0.2476544578217295,-12.093002486546713,477.34375786760097,-0.0,465.25075538105426,4.110774338105697,2262.7277494582468,arm_ridge_unbounded,364,1
0.15944812564407848,11.027369440296429,0.0,-76.57048627207807,-65.54311683178165,-0.5791134341971738,-346.38418196506274,arm_ridge_unbounded,365,3
0.17071526360458839,25.79100193233913,-0.0,-32.50416038826095,-6.713158455921818,-0.05931485159145738,-57.41798959940392,arm_ridge_unbounded,366,1
0.2490949803177803,-9.836067411769664,-29.45159505166435,0.0,-39.28766246343401,-0.3471304727416669,-229.4457578699912,arm_ridge_unbounded,367,1
0.20313479587565575,19.036990091311754,0.0,-45.413108209932616,-26.376118118620862,-0.23304909932293824,-159.1426956261393,arm_ridge_unbounded,368,4
0.24999670467072818,15.276547518763042,-128.36905890966446,0.0,-113.09251139090142,-0.9992413516381691,-594.1038866090904,arm_ridge_unbounded,369,3
0.19614017106913095,1.8010802714159668,0.0,-21.621747988353025,-19.82066771693706,-0.17512769463033273,-125.770597989975,arm_ridge_unbounded,370,5
0.2337579484764691,2.5876114034990647,-0.0,81.90600129308002,84.49361269657909,0.746552629500756,384.1026995061608,arm_ridge_unbounded,371,1
0.24889246101829424,-0.5831246471086537,242.24898634202447,-0.0,241.6658616949158,2.1352653620906183,1158.2422945798562,arm_ridge_unbounded,372,5
0.19289191536772266,8.917144624259246,0.0,-19.772582959343925,-10.85543833508468,-0.09591442210600246,-81.02875682608659,arm_ridge_unbounded,373,5
0.14039965983012404,2.1784153287332626,0.0,-37.25155041494858,-35.073135086215316,-0.30989255149353295,-193.1826594838217,arm_ridge_unbounded,374,4
0.13276310322932425,9.015986204900468,-0.0,6.786916447517265,15.802902652417732,0.13962828848700162,59.18474981758665,arm_ridge_unbounded,375,5
0.2410362491446783,-16.69490768917631,-330.4620738436186,0.0,-347.15698153279493,-3.0673437806896677,-1748.8997404458771,arm_ridge_unbounded,376,1
0.19866038883963757,-3.267141428632593,-0.0,122.00328592589752,118.73614449726492,1.0491062940998348,558.2180440933055,arm_ridge_unbounded,377,1
0.17701771958439785,15.293832038542465,0.0,-43.71432431577886,-28.420492277236395,-0.25111239257184453,-165.52848070770466,arm_ridge_unbounded,378,5
0.21141502734124892,-13.329117238157759,29.9145605998627,0.0,16.58544336170494,0.14654251319068037,51.87228096309148,arm_ridge_unbounded,379,2
0.24969181662699036,9.742812506465992,-189.13471406301096,0.0,-179.39190155654498,-1.5850369222477532,-921.52028179436,arm_ridge_unbounded,380,2
0.11921910485140066,5.215991410461391,-0.0,-0.8209600978696749,4.3950313125917155,0.038832783667757026,4.764851123604865,arm_ridge_unbounded,381,4
0.16220903878338375,10.735109332852579,-337.0394735833238,0.0,-326.3043642504712,-2.883098181912922,-1634.7040196783028,arm_ridge_unbounded,382,2
0.24965051606641067,27.58238036516945,0.0,-427.3883906391041,-399.80601027393465,-3.5325300781262086,-2010.163086552569,arm_ridge_unbounded,383,2
0.2499735142680828,-3.779800511430116,-0.0,230.50134969231246,226.72154918088233,2.003223241421721,1084.2771165866443,arm_ridge_unbounded,384,4
0.23857597972262418,-2.7563920832984814,-0.0,252.29849432448663,249.54210224118813,2.20485675370877,1198.6099964146829,arm_ridge_unbounded,385,4
0.19604122484433306,-6.167691648062824,0.0,-9.613170182224309,-15.780861830287133,-0.13943354437330102,-105.80350637650575,arm_ridge_unbounded,386,1
0.24994064236498864,8.1175462114361,0.0,-175.53158264744073,-167.41403643600464,-1.4792051745432688,-862.3956963881228,arm_ridge_unbounded,387,2
0.24283316046284237,3.0718061060120574,25.98856071219746,-0.0,29.06036681820952,0.2567660746179599,109.02230285191204,arm_ridge_unbounded,388,5
0.1899269698525816,10.34792143141027,14.35011329469832,-0.0,24.698034726108588,0.21822220851758972,94.99497924020346,arm_ridge_unbounded,389,2
0.1800091096189452,6.969896878875925,-151.71826451387832,0.0,-144.7483676350024,-1.2789401592036354,-740.5093199325938,arm_ridge_unbounded,390,3
0.13442893423652277,3.7643754235723597,-0.0,49.048108826666905,52.812484250239265,0.46663052660641746,241.74226342268054,arm_ridge_unbounded,391,1
0.19399365562201687,29.924227294249068,-327.8804323396704,0.0,-297.9562050454213,-2.6326248961743315,-1499.206484277521,arm_ridge_unbounded,392,4
0.07653599874170672,12.040816171249052,-0.0,-10.754037287701335,1.2867788835477167,0.01136947667924121,-4.521280895373957,arm_ridge_unbounded,393,4
0.1923317285721006,17.55463097389834,0.0,-44.55467401069113,-27.00004303679279,-0.23856185671851773,-160.68906252409977,arm_ridge_unbounded,394,3
0.2348647456117449,-17.061467578919387,-296.51100533284836,0.0,-313.57247291176776,-2.770604152434504,-1582.1452326952453,arm_ridge_unbounded,395,3
0.1632397677887003,30.645840977872094,-0.0,-36.19906401804496,-5.553223040172863,-0.04906611435509236,-50.62657468530316,arm_ridge_unbounded,396,5
0.18173525618290023,16.481075862510814,19.627396424744738,-0.0,36.10847228725555,0.3190403874682141,152.51649648290896,arm_ridge_unbounded,397,4
0.051340353615897914,-2.1061742368487524,0.0,-1.338403466077122,-3.4445777029258746,-0.03043494602217548,-24.30930538601844,arm_ridge_unbounded,398,4
0.23783994044734366,-18.74615779146953,-133.74439292912524,0.0,-152.49055072059477,-1.3473470713495432,-786.9673404858954,arm_ridge_unbounded,399,1
0.24966448316509512,1.4705852647490616,-0.0,33.96640395039802,35.43698921514708,0.31310742476074876,139.54629264436588,arm_ridge_unbounded,400,5
0.24964980365745076,1.5581450762059175,-73.19210249032008,0.0,-71.63395741411416,-0.632929727612621,-389.28638937235945,arm_ridge_unbounded,401,2
0.22202286961604212,-15.42520912214328,0.0,8.911526417778145,-6.513682704365134,-0.05755236159850303,-63.72427436785072,arm_ridge_unbounded,402,4
0.2197080275881997,13.777103690590959,-0.0,70.0200140772988,83.79711776788976,0.7403986717771799,382.6593241875662,arm_ridge_unbounded,403,3
0.24865284442650182,-9.1423675505722,-28.32872147644721,0.0,-37.47108902701941,-0.3310799378863683,-220.4106752930795,arm_ridge_unbounded,404,3
0.16736677577366535,24.131686543895018,0.0,-53.82370455094326,-29.692018007048244,-0.2623470983297549,-170.4371493387849,arm_ridge_unbounded,405,1
0.23669256256808135,-36.25464284427808,0.0,-181.36491503227828,-217.61955787655637,-1.9228015938548315,-1108.4833603847492,arm_ridge_unbounded,406,4
0.23792811314651618,18.302227585984816,-0.0,197.21486307587818,215.517090661863,1.9042250130048093,1030.6489241146064,arm_ridge_unbounded,407,3
0.23490991568778966,-8.518403839967856,-87.70696571481665,0.0,-96.2253695547845,-0.8502098605225676,-508.6512428057024,arm_ridge_unbounded,408,1
0.19673491202748558,20.87248330693602,-0.0,61.71341772958239,82.58590103651841,0.7296968328234147,379.94179198438655,arm_ridge_unbounded,409,5
0.24777046993605856,-21.68618475226589,-153.37520005785635,0.0,-175.06138481012223,-1.5467741641414254,-899.8583502153681,arm_ridge_unbounded,410,4
0.24937592540867057,19.903448223487548,0.0,-83.78515087995844,-63.88170265647089,-0.5644338260980128,-350.9582585586837,arm_ridge_unbounded,411,2
0.1811363699314792,21.669136212408237,302.22618604766194,-0.0,323.8953222600702,2.8618128258355338,1574.0113995056975,arm_ridge_unbounded,412,3
0.18587027877070694,9.25246670273269,55.26698307470144,-0.0,64.51944977743413,0.5700687110901055,292.2536857905768,arm_ridge_unbounded,413,3
0.24573023320877782,4.567520662562671,153.54084832022986,-0.0,158.1083689827925,1.396983923909771,745.9923667125909,arm_ridge_unbounded,414,5
0.24961162029954517,-0.4205703168809513,79.25999480687918,-0.0,78.83942448999822,0.6965944262875323,353.92303903828923,arm_ridge_unbounded,415,2
0.23260287802167487,-5.435629201939744,0.0,-128.49892635744368,-133.93455555938343,-1.1833935305019934,-694.5730525329607,arm_ridge_unbounded,416,5
0.2038571783270377,5.624524697595692,-0.0,124.02504446122451,129.6495691588202,1.1455330607857428,611.3820713901533,arm_ridge_unbounded,417,1
0.23994017694175823,-11.428926497571489,0.0,1.125862931451428,-10.303063566120061,-0.0910338539413854,-84.98672445442683,arm_ridge_unbounded,418,2
0.2267050116861797,24.46883506482259,-349.9759739344662,0.0,-325.5071388696436,-2.8760542091750194,-1639.9322039654846,arm_ridge_unbounded,419,5
0.2424054610592197,29.05303843741542,-239.626790137705,0.0,-210.5737517002896,-1.860547596659401,-1074.4952574228375,arm_ridge_unbounded,420,3
0.16480168317781643,24.615740015590426,0.0,-49.15286578526945,-24.537125769679022,-0.21680047969455907,-144.61205457478434,arm_ridge_unbounded,421,3
0.24160793189073265,-1.4448554900782271,76.09731848888357,-0.0,74.65246299880535,0.6596000664642246,334.38062613005474,arm_ridge_unbounded,422,2
0.23268883852282973,-48.772972126551494,-0.0,88.48479567698283,39.71182355043133,0.3508781947850702,163.07262573269912,arm_ridge_unbounded,423,5
0.2461471422869719,-6.561324046906356,99.38078006094374,-0.0,92.81945601403739,0.8201165359676342,423.46424833733164,arm_ridge_unbounded,424,1
0.12783405661504832,13.221614259951991,0.0,-20.084294405967263,-6.862680146015272,-0.060635966967450584,-52.06248364659948,arm_ridge_unbounded,425,1
0.24544255681056573,22.054271725767844,-0.0,-19.517443556268255,2.5368281694995893,0.022414424949877727,-22.351100432118685,arm_ridge_unbounded,426,1
0.16847855590613572,-1.0201165470808264,-0.0,52.613362910364835,51.59324636328401,0.45585781584824386,230.88139843466624,arm_ridge_unbounded,427,3
0.20639696999395835,13.825911791482667,-0.0,40.81733757866268,54.64324937014535,0.4828064536456869,240.5569586620122,arm_ridge_unbounded,428,1
0.16975495902865195,14.987055344611486,-0.0,95.69072335224907,110.67777869686056,0.9779057147214315,522.5247794610549,arm_ridge_unbounded,429,5
0.129636225075393,-10.606145590179677,39.09353583459042,0.0,28.48739024441074,0.25170347693560124,122.27915256380327,arm_ridge_unbounded,430,2
0.24895255557023166,25.223039728266418,63.17402434471847,-0.0,88.39706407298489,0.7810420044508944,401.2228973966743,arm_ridge_unbounded,431,2
0.0789819008475835,3.3090366282053583,-0.0,3.200238763055684,6.509275391261042,0.05751342029771253,20.925587248804078,arm_ridge_unbounded,432,2
0.13100189351469035,12.136415983150997,-0.0,-8.038082856141987,4.09833312700901,0.03621127414122875,1.6249309284506899,arm_ridge_unbounded,433,5
0.05437606703859778,-2.5316268731743814,200.66703486782643,-0.0,198.13540799465204,1.7506472396534347,970.8842197656977,arm_ridge_unbounded,434,4
0.24197611873420113,-10.642392635946864,64.19892943056536,-0.0,53.556536794618495,0.47320468488614187,230.13328341214861,arm_ridge_unbounded,435,5
0.24440824390065857,5.487481480494762,-309.8970481693676,0.0,-304.40956668887287,-2.6896442843893786,-1538.2449288587882,arm_ridge_unbounded,436,5
0.1896552989701801,16.543719617185857,-216.92410694844608,0.0,-200.38038733126024,-1.7704830020670776,-1016.6526253067459,arm_ridge_unbounded,437,4
0.08246076119512884,-5.905566177332258,0.0,-11.454491034316387,-17.360057211648645,-0.15338669925477785,-97.46197349656687,arm_ridge_unbounded,438,4
0.24883476641772828,1.923373867663515,0.0,-215.774036352653,-213.8506624849895,-1.8895011031421005,-1091.5939602887643,arm_ridge_unbounded,439,5
0.24986412383153056,-0.38447924678227857,-0.0,184.78509745639676,184.40061820961446,1.6292919903935688,875.2650931478713,arm_ridge_unbounded,440,4
0.24857233966713127,-13.01338446154467,-115.63624899921543,0.0,-128.6496334607601,-1.136698018693281,-670.7397416302992,arm_ridge_unbounded,441,5
0.11562981436718682,-0.5928943043220452,-0.0,55.325818374056176,54.73292406973413,0.48359878433958337,253.89913305633897,arm_ridge_unbounded,442,4
0.08766023198421374,-3.693523539932172,0.0,-12.74845235651005,-16.441975896442223,-0.1452748905855929,-93.66638878092442,arm_ridge_unbounded,443,4
0.221541559502737,14.264198556319874,0.0,-121.8998027042856,-107.63560414796574,-0.9510262461273558,-563.1077750307934,arm_ridge_unbounded,444,5
0.2472405083389458,0.5037497155736775,-55.95169886675072,0.0,-55.44794915117704,-0.48991646727056554,-308.99958283070345,arm_ridge_unbounded,445,2
0.22015952337420053,25.940188407086385,38.12658782448348,-0.0,64.06677623156986,0.5660690640731886,285.1449097184273,arm_ridge_unbounded,446,2
0.12123765321702035,5.487737119264003,-0.0,4.6859211582469555,10.17365827751096,0.08989047924832602,33.01923946037089,arm_ridge_unbounded,447,1
0.23454914958515372,28.048751793221136,98.49054873598124,-0.0,126.53930052920236,1.118051939434792,591.6583731968569,arm_ridge_unbounded,448,2
0.1747017314626904,15.663883941287583,0.0,-61.43716471348881,-45.77328077220123,-0.4044348682790641,-250.90661085392466,arm_ridge_unbounded,449,4
0.24901738571100165,8.084990862691068,-185.33311732251858,0.0,-177.24812645982752,-1.5660953610523536,-910.8361031745402,arm_ridge_unbounded,450,5
0.2308466383884413,-7.753121237149004,-282.8167080354747,0.0,-290.5698292726237,-2.5673617587645845,-1467.9617063185406,arm_ridge_unbounded,451,5
0.14087349157491535,10.232748943818724,-0.0,82.95490223097471,93.18765117479343,0.823369764900086,440.24363737057416,arm_ridge_unbounded,452,5
0.2252889741891507,25.212048617190113,34.14574212725163,-0.0,59.35779074444174,0.524462303686214,261.15776513329536,arm_ridge_unbounded,453,2
0.1886080749029192,8.844674908682626,0.0,-22.58533459296822,-13.740659684285594,-0.12140711340176558,-94.67037859577749,arm_ridge_unbounded,454,5
0.21979014438616135,0.5323477854606344,-0.0,118.9849520715711,119.51729985703173,1.0560082783951061,559.0734243602814,arm_ridge_unbounded,455,4
0.2409172551030633,-12.870211240783414,0.0,-99.05149845110905,-111.92170969189247,-0.9888966041581685,-587.0308580744046,arm_ridge_unbounded,456,3
0.2366554126591788,-21.023704061408516,0.0,16.043123177742256,-4.98058088366626,-0.04400647145358465,-58.23160744931013,arm_ridge_unbounded,457,1
0.244047560467225,-10.082320027210093,-192.152382613813,0.0,-202.2347026410231,-1.7868670094049839,-1033.5411740645472,arm_ridge_unbounded,458,3
0.2473841343897937,-12.688128905263643,92.48268874469534,-0.0,79.7945598394317,0.7050336299609427,358.9571102839603,arm_ridge_unbounded,459,3
0.2498940113853533,-8.0179098184757,199.06962779508575,-0.0,191.05171797661006,1.6880585155977097,908.1113333044123,arm_ridge_unbounded,460,4
0.13377166606327268,-9.061319879248664,0.0,-22.45318771463978,-31.514507593888442,-0.2784499059843314,-174.66429154581502,arm_ridge_unbounded,461,4
0.24410358293984002,7.250638467304003,0.0,-24.34423608131128,-17.093597614007276,-0.15103236610548726,-119.11757002421179,arm_ridge_unbounded,462,3
0.07641182333130217,13.655302186836408,-0.0,-0.8402567083887266,12.815045478447681,0.11322874704698518,52.43569827434668,arm_ridge_unbounded,463,4
0.21386677363486098,-2.8395580554308095,-80.95471880098927,0.0,-83.79427685642008,-0.7403735705907093,-444.2622367487309,arm_ridge_unbounded,464,4
0.21538649313280922,-8.964543828307185,0.0,-19.369811764497136,-28.33435559280432,-0.2503513224008937,-170.5557730587017,arm_ridge_unbounded,465,2
0.1201017990019616,18.38279061669495,-188.0383544831973,0.0,-169.65556386650235,-1.4990104372599367,-855.0149523573648,arm_ridge_unbounded,466,4
0.20724749504079723,-18.458603069581606,0.0,-22.615239175174704,-41.07384224475631,-0.36291246110682096,-232.32078599482574,arm_ridge_unbounded,467,1
0.13705195855794972,29.158159748259184,-0.0,18.624775146353954,47.782934894613135,0.4221913888205793,216.52801755827522,arm_ridge_unbounded,468,1
0.21743684777488997,-2.852970520814871,0.0,-59.49003467992014,-62.343005200735014,-0.5508384951028659,-338.81948620133363,arm_ridge_unbounded,469,1
0.08703832199226641,4.47417260257678,-0.0,46.054496919043764,50.52866952162054,0.4464516298054775,237.19711808341657,arm_ridge_unbounded,470,2
0.2455836766181704,-10.095409216774748,-0.0,64.78491055128325,54.6895013345085,0.48321511797560357,235.216431903157,arm_ridge_unbounded,471,4
0.12604969228260918,-8.903196799091297,-137.1162320087831,0.0,-146.0194288078744,-1.290170760317491,-739.1188504093831,arm_ridge_unbounded,472,4
0.21239051071791748,15.335405351355739,0.0,-58.862080621187296,-43.52667526983156,-0.3845847376985681,-245.16648189195746,arm_ridge_unbounded,473,1
0.18228017583284453,15.312991998669316,-0.0,97.16294648593046,112.47593848459978,0.9937935537539504,529.62607585769,arm_ridge_unbounded,474,4
0.2397017643734741,10.215706162809445,-0.0,160.7593798686909,170.97508603150035,1.5106692208120298,810.3991760386272,arm_ridge_unbounded,475,5
0.23352594668458582,8.76683217824416,0.0,-23.994706842230507,-15.227874663986347,-0.13454756530450995,-108.3993387436102,arm_ridge_unbounded,476,2
0.1942392794928687,13.66939181556441,23.10492224065622,-0.0,36.77431405622063,0.3249235058198625,154.02816590603462,arm_ridge_unbounded,477,1
0.24956319548319333,4.0687501706854095,-131.25265073680535,0.0,-127.18390056611995,-1.1237473741212602,-663.6411455576217,arm_ridge_unbounded,478,2
0.19369183101717477,7.566325732760538,0.0,-22.978458541119874,-15.412132808359335,-0.1361755984516138,-103.64843342184598,arm_ridge_unbounded,479,1
0.22476155532651984,6.576007667263843,-0.0,135.58400209421197,142.1600097614758,1.2560704378732264,670.2016656201378,arm_ridge_unbounded,480,5
0.13467350983272794,28.500532612054084,0.0,-103.90631254772924,-75.40577993567516,-0.6662560813051001,-391.57610795680773,arm_ridge_unbounded,481,4
0.24874602532652754,-27.558511434607407,-194.97297390156658,0.0,-222.53148533617397,-1.9662014704119262,-1134.4568542626887,arm_ridge_unbounded,482,1
0.2016407565298091,3.996801649377242,-0.0,76.09239774097476,80.08919939035201,0.7076369501939689,366.9131295989833,arm_ridge_unbounded,483,1
0.2322056028684698,-9.98091037324422,-3.488018089023277,0.0,-13.468928462267495,-0.11900620223415398,-99.52407776648681,arm_ridge_unbounded,484,1
0.207090601844564,-7.2186630131014295,0.0,-27.995594177337537,-35.214257190438964,-0.3111394514026087,-203.35737688854076,arm_ridge_unbounded,485,2
0.24812156891508444,2.0547718460944866,0.0,-66.55400357498377,-64.49923172888928,-0.5698900722933632,-353.83003886743694,arm_ridge_unbounded,486,5
0.23047084251300098,-9.376043533548346,0.0,-44.71997406587898,-54.09601759942733,-0.4779713270090384,-299.9390492033084,arm_ridge_unbounded,487,3
0.20491988895185226,7.9333086588825115,24.285332250253006,-0.0,32.218640909135516,0.28467135351438916,130.00935122552417,arm_ridge_unbounded,488,2
0.2499902098058664,-14.544333809121724,0.0,6.6105623287631525,-7.933771480358572,-0.070099712528443,-74.71278733710409,arm_ridge_unbounded,489,4
0.2149106435534211,-27.383271894136293,0.0,-99.15949951136173,-126.54277140549803,-1.1180826067449294,-655.5499362353243,arm_ridge_unbounded,490,5
0.07699191769592563,11.907208069752052,-36.07516779298495,-0.0,-24.167959723232897,-0.2135386723945629,-130.30972858329346,arm_ridge_unbounded,491,4
0.18450823860971427,5.332404102608742,-0.0,2.273715773163758,7.6061198757725,0.06720471065602601,11.346274192961891,arm_ridge_unbounded,492,5
0.2361797108684721,8.915761207222017,0.0,-24.802122358562332,-15.886361151340315,-0.140365695254642,-112.02880978521247,arm_ridge_unbounded,493,3
0.2382492905633353,-6.156508985051304,0.0,-170.90116732210018,-177.0576763071515,-1.5644126177332853,-908.365155197491,arm_ridge_unbounded,494,5
0.2487028502862936,0.8480356351041223,-0.0,254.67047037566263,255.51850601076674,2.2576619280496915,1226.6889212445499,arm_ridge_unbounded,495,5
0.2300376674747738,2.0342828987258987,0.0,-36.80492171001394,-34.770638811288045,-0.30721981230942325,-204.42739235392057,arm_ridge_unbounded,496,4
0.2466132012894591,-48.213966431050565,-0.0,225.74043239506068,177.52646596401013,1.5685546604255223,841.7749265132682,arm_ridge_unbounded,497,1
0.11326379476284494,25.45487012680093,-0.0,-12.420078649736968,13.034791477063962,0.11517033704241328,48.28387495332309,arm_ridge_unbounded,498,1
0.10244861830969894,5.042581533797027,-331.9672619506998,0.0,-326.9246804169028,-2.888579053784673,-1629.2750491561023,arm_ridge_unbounded,499,2
0.19614179155045627,18.324678344305774,-0.0,73.83666903220261,92.16134737650839,0.8143017445512847,427.32022821985913,arm_ridge_unbounded,500,3
0.24719324382462324,11.048373840369122,0.0,-50.1972286711092,-39.14885483074008,-0.3459040226009378,-228.48990932265852,arm_ridge_unbounded,501,3
0.20922732027787677,8.085680526949215,-0.0,83.96436415227919,92.0500446792284,0.8133183172995315,424.9108587308492,arm_ridge_unbounded,502,5
0.24426335075242783,2.0170516776689094,20.289990496223275,-0.0,22.307042173892185,0.19709633024103984,75.46366602933524,arm_ridge_unbounded,503,1
0.20959006042869208,-8.403016353578753,-0.0,381.0692690891606,372.66625273558185,3.292733758527123,1810.8525400112733,arm_ridge_unbounded,504,3
0.23989291641398092,13.384349466644421,0.0,-86.14496936046602,-72.7606198938216,-0.6428844781546047,-393.46450701843634,arm_ridge_unbounded,505,3
0.23990972926890566,-57.95900198383247,140.36975369990222,0.0,82.41075171606974,0.728149281694245,372.9409753990843,arm_ridge_unbounded,506,5
0.14612274193146324,11.663166337281119,5.935972373514636,-0.0,17.599138710795756,0.15549913019667894,66.15796187956278,arm_ridge_unbounded,507,5
0.10204144240372272,-3.5231871933410783,0.0,-7.135134952177584,-10.658322145518662,-0.0941727802831332,-67.14407697081229,arm_ridge_unbounded,508,5
0.1623490542693482,7.151711531882701,-120.26076438693364,0.0,-113.10905285505095,-0.9993875055681822,-581.7296497284007,arm_ridge_unbounded,509,2
0.24380667312979276,37.41358038091678,-370.9163191944441,0.0,-333.50273881352734,-2.9467002139088683,-1681.853701977581,arm_ridge_unbounded,510,2
0.19756279112351086,-2.595539960457654,0.0,-28.121559675203617,-30.71709963566127,-0.27140432006368786,-179.7914054885294,arm_ridge_unbounded,511,3
0.15658679837223816,3.979039232786056,159.27599522595992,-0.0,163.25503445874597,1.4424578540875652,784.0808021559155,arm_ridge_unbounded,512,3
0.221148953803775,-0.38474215432809294,67.26006164067053,-0.0,66.87531948634243,0.5908842576126876,298.8759912309548,arm_ridge_unbounded,513,1
0.2391409699159603,38.866930032519456,3.8769741480232858,-0.0,42.74390418054274,0.3776684774469882,177.13145710506657,arm_ridge_unbounded,514,2
0.22297508079264525,-8.297961412122932,0.0,-32.192768522603764,-40.490729934726694,-0.3577603080096379,-231.67583871983942,arm_ridge_unbounded,515,1
0.2465358108395325,30.942393366969263,-207.81621298115164,0.0,-176.87381961418237,-1.562788131654316,-908.6346960117339,arm_ridge_unbounded,516,2
0.22589655795858,2.4048972522250915,-0.0,63.489703329855324,65.89460058208041,0.5822190076202753,293.35741662001465,arm_ridge_unbounded,517,1
0.1292283206933015,-8.463282002311281,0.0,-92.46323210351397,-100.92651410582525,-0.8917473414543625,-516.8518860917794,arm_ridge_unbounded,518,4
0.19247507642781958,-1.5281072207093187,13.305586441776105,-0.0,11.777479221066788,0.10406121599927647,30.816863422752878,arm_ridge_unbounded,519,4
0.06904540591823446,-3.1491387901502734,-0.0,24.298952962962126,21.14981417281185,0.18687151466544302,94.64887463035916,arm_ridge_unbounded,520,4
0.1821042092898148,-4.6795179697037845,-0.0,90.40885953946484,85.72934156976106,0.7574710481856911,397.54680251164325,arm_ridge_unbounded,521,1
0.1968624859650427,-5.17442838143374,0.0,5.0826118733271946,-0.09181650810654585,-0.000811254879166677,-28.430359052971582,arm_ridge_unbounded,522,3
0.23068856237157345,25.85447073519318,-0.0,170.82499680634814,196.67946754154133,1.7377831172780598,938.6367441660127,arm_ridge_unbounded,523,5
0.24215647905134596,5.773507859322905,150.06147857859057,-0.0,155.83498643791347,1.3768972018183,735.2717686948662,arm_ridge_unbounded,524,5
0.23539030151059293,8.035586173825873,96.1418874003519,-0.0,104.17747357417778,0.9204715522206188,481.091397483449,arm_ridge_unbounded,525,5
0.22682988676439278,-10.908569060833981,-214.60929243263587,0.0,-225.51786149346984,-1.9925879261658515,-1146.0922982299326,arm_ridge_unbounded,526,1
0.22977234663106846,13.399988223374775,0.0,-56.812006172748475,-43.4120179493737,-0.3835716703039153,-247.07037523082087,arm_ridge_unbounded,527,3
0.19663753894188948,16.018575426866928,26.21194279633239,-0.0,42.23051822319932,0.37313239922555114,180.6361116582464,arm_ridge_unbounded,528,4
0.18422756420883096,12.92670675749614,0.0,-32.713009311803454,-19.786302554307312,-0.17482405744752472,-123.90791948320185,arm_ridge_unbounded,529,5
0.2052597629313466,2.2348233819663084,0.0,-184.09131438019492,-181.8564909982286,-1.6068130739544633,-927.3787444978395,arm_ridge_unbounded,530,4
0.2300770993145712,-27.9333219310731,284.06853762648376,-0.0,256.13521569541064,2.263110934454031,1232.381891279935,arm_ridge_unbounded,531,5
0.06406442643507043,0.8552210653430362,21.547571597001035,-0.0,22.402792662344073,0.1979423442372272,101.54533407097044,arm_ridge_unbounded,532,4
0.22233694586367425,-21.612909332420077,182.14271466449787,-0.0,160.52980533207779,1.418378791711427,761.2766057767328,arm_ridge_unbounded,533,4
0.20251542329807998,12.091635295920051,-0.0,22.777099680950872,34.868734976870925,0.30808655179448735,143.44015471274378,arm_ridge_unbounded,534,5
0.24966708005837437,-12.219204231246652,114.61409014229224,-0.0,102.39488591104559,0.9047213024117261,470.2580811970007,arm_ridge_unbounded,535,5
0.16453343769758183,15.102951826864965,0.0,-40.3890106522,-25.286058825335033,-0.22341776026969382,-148.27299304317762,arm_ridge_unbounded,536,3
0.20785251011863418,13.390994341058123,-71.89434139296962,0.0,-58.5033470519115,-0.516912772247554,-318.49294088850263,arm_ridge_unbounded,537,3
0.15038301937848353,14.53006316943169,-0.0,55.26292949706097,69.79299266649267,0.6166636806382718,323.34350154076577,arm_ridge_unbounded,538,2
0.24823803655032478,-13.757620336449154,911.785292778646,-0.0,898.0276724421968,7.934622497841298,4400.175936184577,arm_ridge_unbounded,539,1
0.15402739070814192,-3.470789015048043,-0.0,50.32714399983162,46.85635498478358,0.4140044898817222,209.53909860476344,arm_ridge_unbounded,540,3
0.2475422062258236,6.390587751687786,-0.0,38.552833916985705,44.943421668673494,0.39710255668672456,186.80117614111188,arm_ridge_unbounded,541,2
0.2278084383118624,27.917170809110818,-0.0,-39.55797270947223,-11.640801900361414,-0.10285358846496645,-89.86986909237783,arm_ridge_unbounded,542,2
0.044836704095139145,6.866696516861867,0.0,-24.04409415032446,-17.177397633462594,-0.1517727904154436,-91.21290233151807,arm_ridge_unbounded,543,4
0.24879083301511176,0.9122625514181901,0.0,-83.33279888356421,-82.42053633214601,-0.7282357347482364,-442.44037581567227,arm_ridge_unbounded,544,4
0.06807541672799945,7.096003330480162,62.487615063465825,-0.0,69.58361839394598,0.6148137311719039,334.00642246595174,arm_ridge_unbounded,545,4
0.15194383978197637,8.541820132219009,0.0,-21.72505168016521,-13.1832315479462,-0.11648189565262879,-86.70668965804563,arm_ridge_unbounded,546,2
0.24565169873239875,2.9055563258505703,21.342859946695434,-0.0,24.248416272546002,0.21424955510549576,84.85501538052608,arm_ridge_unbounded,547,1
0.24999914919187916,-0.4597230817379607,44.24371543006083,-0.0,43.78399234832287,0.3868582911120431,180.72546628819237,arm_ridge_unbounded,548,5
0.22431744371236595,15.475205722447118,-0.0,110.38828146855973,125.86348719100684,1.112080716183949,589.7745255660329,arm_ridge_unbounded,549,5
0.1772220565362425,3.486730079604819,-0.0,55.74757478557768,59.2343048651825,0.5233712305870172,267.3788255460926,arm_ridge_unbounded,550,1
0.15388629289725891,13.243166240092238,0.0,-41.69947785546154,-28.4563116153693,-0.25142887828261806,-162.4181022590345,arm_ridge_unbounded,551,3
0.21759318616962928,31.491913889393174,-0.0,21.785835883182013,53.27774977257519,0.47074143141958086,232.2214748880087,arm_ridge_unbounded,552,2
0.12679006360188086,13.819814885128036,0.0,-18.276863794290968,-4.457048909162932,-0.03938074697904095,-40.032449903257124,arm_ridge_unbounded,553,2
0.19519610936617204,-11.92868464610572,0.0,-41.27205392765927,-53.200738573764994,-0.47006099048282957,-290.50414621567705,arm_ridge_unbounded,554,5
0.24975865282148063,16.60271215740766,-259.09928204996953,0.0,-242.49656989256187,-2.1426051759476437,-1233.2104339553296,arm_ridge_unbounded,555,3
0.1607936391456355,14.121184793232066,-0.0,37.89742960249568,52.018614395727745,0.4596162019911918,234.07446868486812,arm_ridge_unbounded,556,2
0.13407283053418365,4.405800542831281,-3.364161445927081,-0.0,1.0416390969042002,0.009203517070304035,-13.908827672836333,arm_ridge_unbounded,557,2
0.18893102910185003,8.460269881424978,105.66267867984011,-0.0,114.12294856126509,1.0083458928516311,536.8156556651867,arm_ridge_unbounded,558,2
0.22978713062877099,-15.708321167225078,0.0,8.97720593561704,-6.7311152316080385,-0.05947351066257609,-67.1696822903377,arm_ridge_bounded,0,1
0.1892393534779257,7.961040965488351,0.0,-28.444289729189244,-20.483248763700892,-0.1809820025115121,-129.10676988750683,arm_ridge_bounded,1,3
0.1357757131559174,10.161068276824865,0.0,-97.59234210393305,-87.43127382710819,-0.7725086582653711,-451.8772132391498,arm_ridge_bounded,2,3
0.18497649881379036,24.725940163054652,0.0,-64.43870713160814,-39.71276696855349,-0.35088653045989027,-223.45406620901443,arm_ridge_bounded,3,1
0.15867444278995177,14.100393560937253,0.0,-80.9921945762957,-66.89180101535845,-0.5910298819792215,-353.8111681450727,arm_ridge_bounded,4,2
0.24976993140117473,16.18005282396738,-226.2577754220696,0.0,-210.07772259810224,-1.8561648768451036,-1074.4702617138853,arm_ridge_bounded,5,3
0.2442660666218622,2.8924818819457716,0.0,-20.091605770284655,-17.19912388833888,-0.15196475513549104,-121.00984576794393,arm_ridge_bounded,6,2
0.24982993765283615,-15.9118330614758,0.0,-140.4938434421959,-156.40567650367169,-1.3819395968068031,-809.3871890300865,arm_ridge_bounded,7,2
0.23289852724682672,-7.918356782511347,-232.00296649110743,0.0,-239.92132327361878,-2.1198513005524835,-1219.3802093047516,arm_ridge_bounded,8,5
0.23426370214947093,-13.11490498795812,52.793349965572226,-0.0,39.678444977614106,0.3505832747253117,161.39117444065414,arm_ridge_bounded,9,4
0.22024231084475218,-0.8177128508507067,38.24505925773214,-0.0,37.42734640688143,0.3306934451439816,152.34276917267763,arm_ridge_bounded,10,4
0.2472165828412259,-5.489273957442228,-78.76736751252265,0.0,-84.25664146996488,-0.7444588441044543,-452.6496328332105,arm_ridge_bounded,11,4
0.19153612306964937,-2.148202949926335,0.0,-6.020068058872008,-8.168271008798342,-0.07217165896304595,-68.62086509362003,arm_ridge_bounded,12,5
0.2248221790266547,-34.22184096472214,-0.0,395.75365590669605,361.5318149419739,3.194354205948622,1752.4529982437014,arm_ridge_bounded,13,5
0.1106580415321755,15.957795051311031,267.3985694844429,-0.0,283.3563645357539,2.5036263958743774,1383.1904602609936,arm_ridge_bounded,14,2
0.2480418045963419,-5.516702745511158,-0.0,261.8714504366387,256.35474769112756,2.2650506336032503,1229.5443358655575,arm_ridge_bounded,15,4
0.2460761610891465,14.844534158103981,-91.63736254813867,0.0,-76.79282839003469,-0.6785115008309004,-415.6167049204668,arm_ridge_bounded,16,3
0.15151705166522664,16.085775354874194,0.0,-161.5228624916041,-145.4370871367299,-1.2850254162851322,-740.698010106254,arm_ridge_bounded,17,3
0.24559816465202344,-4.445117688116297,61.60836133075209,-0.0,57.16324364263579,0.5050721408427826,246.07711846195178,arm_ridge_bounded,18,4
0.23835375017797278,2.063622627113257,0.0,-113.9198931130007,-111.85627048588744,-0.988318408839536,-587.658689642265,arm_ridge_bounded,19,5
0.1475610977573655,-4.004329118004869,0.0,-1.82339113805955,-5.827720256064419,-0.051491464766494216,-50.568504853157684,arm_ridge_bounded,20,2
0.22197670797881502,-3.402416286484293,-0.0,175.27275586683768,171.8703395803534,1.5185793322350816,816.1149271150123,arm_ridge_bounded,21,1
0.24976863877602637,-8.963926438552171,0.0,-303.2487532632488,-312.21267970180094,-2.758589549625136,-1578.9254629647714,arm_ridge_bounded,22,4
0.1381301715903441,19.989298706804565,-0.0,10.77371935538995,30.763018062194515,0.2718100373833394,131.54934364544826,arm_ridge_bounded,23,3
0.1779018226885222,0.05352213857263997,0.0,-1.9212057246967793,-1.8676835861241394,-0.016502124217406437,-35.48873280465885,arm_ridge_bounded,24,2
0.24795500077297172,-22.829923384799606,-0.0,84.26142174700567,61.431498362206064,0.5427847759471307,266.8105364790535,arm_ridge_bounded,25,5
0.038298447931654836,-1.34826695313955,0.0,0.20152951956225215,-1.1467374335772977,-0.0101321250099505,-11.317943705915111,arm_ridge_bounded,26,2
0.2100376575360013,13.264930548935475,-0.0,164.7793107841718,178.04424133310727,1.5731295217783952,848.371071882654,arm_ridge_bounded,27,3
0.24564318856311174,0.31389262860493256,0.0,-61.713329252447345,-61.39943662384241,-0.5425014909233538,-339.5231886763643,arm_ridge_bounded,28,2
0.24686898617770384,-16.85299613118313,-1.5303792715467095,0.0,-18.38337540272984,-0.16242833994199815,-127.24326453081426,arm_ridge_bounded,29,5
0.23866751023154426,-30.44403371092252,-0.0,141.8054123261959,111.36137861527337,0.9839457371601721,514.7906468706586,arm_ridge_bounded,30,1
0.17765081592178314,0.9338922740819839,492.1960037596742,-0.0,493.1298960337562,4.357103558720722,2409.393900650089,arm_ridge_bounded,31,4
0.2098273420134166,-1.604378973318561,12.933369220050338,-0.0,11.328990246731777,0.10009854222541077,24.97780366516783,arm_ridge_bounded,32,1
0.24492190274106307,27.779856701721595,-223.37953427100234,0.0,-195.59967756928074,-1.728242513942817,-1002.2459354994782,arm_ridge_bounded,33,2
0.24941480284667783,-11.559434326272331,62.11658880347491,-0.0,50.55715447720258,0.4467033117706853,212.8854841478932,arm_ridge_bounded,34,1
0.1447941437084474,4.340987573796003,0.0,-6.888256010797644,-2.547268437001641,-0.022506671084320307,-33.957513548417026,arm_ridge_bounded,35,2
0.24622495749062984,-8.246485923544636,-189.60566707740085,0.0,-197.8521530009455,-1.7481445089306968,-1013.5635235949633,arm_ridge_bounded,36,3
0.18655813607199898,24.016777388947823,377.38971452008883,-0.0,401.4064919090367,3.5466713100491924,1955.0472659773,arm_ridge_bounded,37,2
0.2499825555390799,32.232735598494216,-0.0,158.23339765373703,190.46613325223126,1.682884517210987,903.8269593847758,arm_ridge_bounded,38,1
0.24260445504708067,18.332578875344353,-0.0,25.927334635088567,44.25991351043292,0.3910633450051015,182.78816965676052,arm_ridge_bounded,39,1
0.24358745519463848,0.382883211979948,0.0,-90.82070620065635,-90.4378229886764,-0.7990733548224035,-482.6433680648485,arm_ridge_bounded,40,2
0.225011088914385,3.616004811806341,-346.6852303795971,0.0,-343.06922556779074,-3.031225962229352,-1727.6742049585018,arm_ridge_bounded,41,5
0.08830904056113953,-3.003122784975308,0.0,-5.984246335992104,-8.987369120967411,-0.07940889062995136,-57.42683172137733,arm_ridge_bounded,42,2
0.1775925588322853,-13.849750760158813,-0.0,48.840983250641024,34.99123249048221,0.309168892080045,146.6070226228259,arm_ridge_bounded,43,5
0.20781533194771037,22.307772964423734,0.0,-51.26665569511194,-28.95888273068821,-0.25586940077512654,-173.71123891036822,arm_ridge_bounded,44,1
0.24451742713651853,-0.3694689180589224,65.65052989289262,-0.0,65.2810609748337,0.5767980107842453,286.33143146425533,arm_ridge_bounded,45,1
0.23865767378163086,9.413493277568271,41.1138953902591,-0.0,50.527388667827374,0.4464403126805875,214.32656676374853,arm_ridge_bounded,46,4
0.06543274511372671,4.4602650346112505,-0.0,31.04582058164197,35.506085616253216,0.31371793362986367,165.70834188041755,arm_ridge_bounded,47,2
0.1957035946526037,9.418141309928133,-0.0,98.39617734923534,107.81431865916348,0.9526052978924132,503.6142006052988,arm_ridge_bounded,48,5
0.24801395299207232,0.0,-0.0,151.5209542124917,151.5209542124917,1.338780094514519,711.7632163098051,arm_ridge_bounded,49,1
0.23009689751303222,-6.259145395921352,-0.0,338.7823865219233,332.52324112600195,2.9380457541115583,1608.397855138038,arm_ridge_bounded,50,4
0.23155821130176446,14.652652827422303,-214.30010093866886,0.0,-199.64744811124655,-1.7640070367899106,-1020.2653920102929,arm_ridge_bounded,51,3
0.2499181048400258,-17.71780802846395,-0.0,99.61911622200648,81.90130819354253,0.723648037290238,367.623282110432,arm_ridge_bounded,52,5
0.22329005075089275,2.5520387988063704,-0.0,131.59984436940232,134.15188316820868,1.1853137525478212,629.6255763287198,arm_ridge_bounded,53,4
0.06769552921523171,9.857083644627181,0.0,-21.03266466582251,-11.175581021195327,-0.09874307810145164,-65.19142357289539,arm_ridge_bounded,54,4
0.249231415210676,-32.82784091456272,-0.0,161.34840304031582,128.5205621257531,1.1355575946840875,597.9821022247841,arm_ridge_bounded,55,5
0.24740283184558198,-3.284078211686664,-0.0,224.74007209291312,221.45599388122645,1.9566988471002686,1057.2700201916984,arm_ridge_bounded,56,4
0.24335479086232237,-17.75484712713677,113.60311048542638,-0.0,95.84826335828961,0.8468778971514986,437.47773054613543,arm_ridge_bounded,57,5
0.22908829531738784,-1.712646783796525,-0.0,314.35296111648086,312.64031433268434,2.762367962548466,1510.3428718601233,arm_ridge_bounded,58,4
0.05642705448484082,2.503570791071655,-0.0,2.792002906986294,5.295573698057949,0.04678962518974251,17.82494778234329,arm_ridge_bounded,59,5
0.24978328920361412,-20.809355867141576,-10.389361130060816,0.0,-31.198716997202393,-0.27565970335476475,-190.96984177514025,arm_ridge_bounded,60,4
0.15134044219358747,10.574416475570356,-0.0,40.58929602339413,51.163712498964486,0.4520626220385188,230.36027656934814,arm_ridge_bounded,61,5
0.21919163540110548,-18.351549083551525,127.49457254634082,-0.0,109.1430234627893,0.9643452156603903,506.7092224652362,arm_ridge_bounded,62,4
0.18706170204438866,10.462167788295867,0.0,-46.25739613292549,-35.79522834462963,-0.31627268608133713,-204.41277043437563,arm_ridge_bounded,63,3
0.22516608332488736,10.164216918443255,-208.10417561492542,0.0,-197.93995869648217,-1.748920325833253,-1010.8882363857751,arm_ridge_bounded,64,2
0.24601276783855908,-22.62658177979355,-0.4263125260201228,0.0,-23.052894305813673,-0.2036863889748792,-150.18010850508668,arm_ridge_bounded,65,1
0.2492171037656933,-15.364879260802523,-0.0,248.91985334088884,233.5549740800863,2.0636007204308915,1116.760322347991,arm_ridge_bounded,66,1
0.24920213374321534,14.71146722058934,206.90856229902667,-0.0,221.620029519616,1.95814820206644,1057.8145746402797,arm_ridge_bounded,67,3
0.2497666402036845,2.608851901238483,-149.4581360357598,0.0,-146.8492841345213,-1.2975030385387836,-762.1778082137802,arm_ridge_bounded,68,2
0.2011343478250677,-0.955818417743583,0.0,-11.24162118349048,-12.197439601234063,-0.10777182223439973,-89.93836382524646,arm_ridge_bounded,69,1
0.24890314371227198,-6.618522168033317,97.24131010772385,-0.0,90.62278793969053,0.800707633037503,410.8494371224266,arm_ridge_bounded,70,1
0.22912314842790676,15.534249458491997,-297.659300917613,0.0,-282.125051459121,-2.4927469934466457,-1427.2715339840745,arm_ridge_bounded,71,2
0.19213929340755134,-19.05893136229062,0.0,-62.72046619377773,-81.77939755606835,-0.7225708824134864,-432.2830783931589,arm_ridge_bounded,72,5
0.13922274913082194,6.021141244827139,14.743216035874239,-0.0,20.76435728070138,0.18346576780268742,82.00359727537727,arm_ridge_bounded,73,1
0.21308466104158663,-5.079675362252617,0.0,-37.49820724626252,-42.57788260851513,-0.3762015755452297,-241.75484748748988,arm_ridge_bounded,74,1
0.24096243830270378,-3.088931860709027,44.04244948333817,-0.0,40.95351762262914,0.3618493196435094,166.69994409695244,arm_ridge_bounded,75,4
0.24563338954509217,16.51006268577256,0.0,-312.38746125674663,-295.8773985709741,-2.6142573724030984,-1497.6332797725183,arm_ridge_bounded,76,3
0.14298223998445297,15.41875271040623,-0.0,101.3266901656299,116.74544287603612,1.031517230471834,555.5093428348912,arm_ridge_bounded,77,5
0.24846054999807124,0.0,0.0,-1.020603988295337,-1.020603988295337,-0.009017659049293926,-41.72166005070616,arm_ridge_bounded,78,1
0.2417448545564784,-7.0763711859567815,-240.17687211199237,0.0,-247.25324329794915,-2.184633288193482,-1256.899343551529,arm_ridge_bounded,79,3
0.2488330078512958,2.1419042685940153,-104.76418540777918,0.0,-102.62228113918516,-0.9067304780178532,-543.5981126429484,arm_ridge_bounded,80,2
0.20813116854742136,8.440504930016848,-0.0,122.76298218631636,131.2034871163332,1.1592628742022395,617.301075135899,arm_ridge_bounded,81,3
0.1835889893127859,-3.2618061372805256,32.107073179307015,-0.0,28.84526704202649,0.2548655368330373,115.36618054949773,arm_ridge_bounded,82,4
0.2481574193237115,-9.83768563625968,234.59505618219097,-0.0,224.75737054593128,1.985868524562854,1073.464468450288,arm_ridge_bounded,83,1
0.10741729929417615,-6.438366578483688,0.0,-2.6635892213079186,-9.101955799791607,-0.08042133386266244,-60.813782611879766,arm_ridge_bounded,84,2
0.12249767037160324,8.955736886812819,0.0,-18.806199965490922,-9.850463078678104,-0.08703485244021278,-66.73708852534119,arm_ridge_bounded,85,5
0.20553318841511486,10.606751371664041,0.0,-154.21526225986528,-143.60851088820124,-1.2688688292602177,-739.6410014617643,arm_ridge_bounded,86,1
0.053810511058762535,5.062439381828553,0.0,-8.083610207014384,-3.0211708251858314,-0.026693887877808405,-22.866049843844326,arm_ridge_bounded,87,4
0.23399748799681663,-9.95730779820123,44.370040436375106,-0.0,34.41273263817388,0.30405749286153255,135.42256417165012,arm_ridge_bounded,88,1
0.21747820571465487,-3.2315443593591846,0.0,-11.824161445462634,-15.05570580482182,-0.13302634836958033,-106.46852435727766,arm_ridge_bounded,89,5
0.24301526305464174,9.724406787419152,-0.0,171.82354428080777,181.54795106822692,1.6040869353896952,860.8077081735729,arm_ridge_bounded,90,3
0.24999742150696697,12.079075028887633,-0.0,29.6743117471499,41.75338677603753,0.3689166517254971,169.3167278821827,arm_ridge_bounded,91,3
0.23348458733562216,6.922900736812551,0.0,-210.32739573164932,-203.40449499483677,-1.7972028387042422,-1039.1062404978493,arm_ridge_bounded,92,2
0.16800520685467826,6.451471794598885,-0.0,33.540756824321235,39.99222861892012,0.3533557446793727,172.72287551619854,arm_ridge_bounded,93,1
0.24296917546325678,4.861306213845466,7.882297820239178,-0.0,12.743604034084644,0.11259751828965786,27.071928029207367,arm_ridge_bounded,94,3
0.24029800820000813,94.28073939462608,0.0,-394.2107795151678,-299.9300401205417,-2.6500649335748343,-1516.862032144791,arm_ridge_bounded,95,2
0.24998236682580594,-23.706119969604746,-133.37801715088747,0.0,-157.08413712049222,-1.3879342103797718,-812.7606814782941,arm_ridge_bounded,96,4
0.14043990905715495,-12.54229304224651,148.48895646179568,-0.0,135.94666341954917,1.2011717313139312,650.721538826439,arm_ridge_bounded,97,5
0.24940461781367274,-25.12604492523246,32.64408628064516,0.0,7.518041355412702,0.06642648317966902,0.3122406047969842,arm_ridge_bounded,98,1
0.2496526530008948,26.64747470832531,-268.6212706006095,0.0,-241.97379589228416,-2.1379861486379292,-1231.9910385726212,arm_ridge_bounded,99,2
0.21265056254015166,12.780937231440282,107.05544820296385,-0.0,119.83638543440412,1.0588275941897634,560.4905453304307,arm_ridge_bounded,100,2
0.23175311030895876,-27.256348161835003,0.0,-152.79854998710482,-180.05489814893983,-1.590894901728165,-923.5244818886414,arm_ridge_bounded,101,3
0.2314633699050697,-16.05455044514462,0.0,-274.6055076320618,-290.66005807720643,-2.5681589853142395,-1469.7723295871363,arm_ridge_bounded,102,1
0.10040757946732004,2.1477597227595657,0.0,-6.078656611512723,-3.930896888753157,-0.034731872800058704,-34.23851320719994,arm_ridge_bounded,103,2
0.2364971369976497,-15.307825909807145,65.71498615495932,-0.0,50.40716024515218,0.44537802119813874,214.05171071959694,arm_ridge_bounded,104,4
0.21104922894919095,6.643290360487783,0.0,-31.590636291813997,-24.947345931326215,-0.22042502515519288,-154.37526041132634,arm_ridge_bounded,105,3
0.22166786073048284,7.528518149970341,0.0,-42.30201770907152,-34.77349955910118,-0.30724508876209317,-204.47532840995893,arm_ridge_bounded,106,5
0.20972677221535393,11.68472596041994,-0.0,-15.204814101173897,-3.5200881407539573,-0.031102126819826364,-48.34852298611246,arm_ridge_bounded,107,5
0.2377608465467505,9.231365506066064,0.0,-41.057206493593874,-31.825840987527812,-0.28120072650502004,-192.29237352347772,arm_ridge_bounded,108,3
0.23396399104274096,-3.998167799510488,-0.0,165.15130023031952,161.15313243080902,1.423886267007435,761.4117941497205,arm_ridge_bounded,109,1
0.15144754852671583,8.441598234169675,0.0,-23.288145569073173,-14.846547334903498,-0.13117830565112523,-95.68721435751256,arm_ridge_bounded,110,3
0.1767654850711012,10.4453178286551,0.0,-29.449858129134647,-19.004540300479547,-0.1679167108728743,-119.96172667220445,arm_ridge_bounded,111,3
0.24684549228715755,-4.698698680634513,-0.0,228.81308462681886,224.11438594618434,1.9801873632495919,1070.4823820090758,arm_ridge_bounded,112,4
0.2155765126200225,-4.487807618868897,0.0,-56.07475967881828,-60.56256729768718,-0.5351072397361867,-330.9509914114818,arm_ridge_bounded,113,1
0.22534832943805544,-6.282866815182299,0.0,-29.975755922940596,-36.258622738122895,-0.3203670583293392,-212.3538652538083,arm_ridge_bounded,114,5
0.2499999553026204,3.2029075449942748,0.0,-130.3759738739903,-127.17306632899601,-1.1236516470247926,-665.0293251891684,arm_ridge_bounded,115,2
0.22337832872307997,13.748020873567128,-131.6325978335782,0.0,-117.88457696001106,-1.0415821752481846,-615.222279984413,arm_ridge_bounded,116,3
0.12221337521116976,13.372830744547356,-0.0,49.79613725711198,63.16896800165934,0.5581363804840271,293.955601811917,arm_ridge_bounded,117,3
0.16880626380813687,-0.972801343915746,0.0,-14.09053510172864,-15.063336445644387,-0.1330937697377649,-99.32066487891618,arm_ridge_bounded,118,1
0.13937622544755054,11.656562181691916,0.0,-29.43356706657288,-17.777004884880967,-0.15707068638565852,-108.37893866900964,arm_ridge_bounded,119,1
0.24543290151174152,-13.562638405990684,0.0,-23.429670801642448,-36.992309207633134,-0.32684962601180934,-218.94275104144802,arm_ridge_bounded,120,3
0.174552259970022,0.30249463554805833,0.0,-2.1286011558039433,-1.8261065202558848,-0.01613476546849916,-34.78887580211441,arm_ridge_bounded,121,2
0.17814438896692716,2.61927750562049,0.0,-37.32902193444792,-34.709744428827435,-0.306681773280236,-197.7349672348783,arm_ridge_bounded,122,4
0.21607687297113168,30.365576861406186,0.0,-482.15393199853315,-451.788355137127,-3.9918258166643548,-2263.3305452359727,arm_ridge_bounded,123,2
0.24320708291038026,-1.9566658129912533,130.60658046041132,-0.0,128.64991464742008,1.136700503149013,599.5103737552075,arm_ridge_bounded,124,1
0.24967453566996822,19.152830897393976,0.0,-86.05840254985661,-66.90557165246264,-0.5911515539614215,-367.3137307360023,arm_ridge_bounded,125,2
0.06401941614586906,4.188137227945124,0.0,-5.570044955046942,-1.3819077271018179,-0.012209998063404436,-16.276719008512877,arm_ridge_bounded,126,4
0.21468571340958215,25.810987669200586,-35.22183395332596,-0.0,-9.410846284125377,-0.08315056978887671,-78.17570222418462,arm_ridge_bounded,127,3
0.24325995960729763,4.413894219397589,170.6215472348955,-0.0,175.03544145429308,1.5465449387610184,828.605606956876,arm_ridge_bounded,128,5
0.23556779585263504,-9.811495700595877,-0.0,111.68752222590577,101.8760265253099,0.9001368631103419,468.39910406757434,arm_ridge_bounded,129,3
0.1750677477259716,13.908784947646723,-0.0,10.368920940345943,24.277705887992667,0.21450834673164265,94.06452130339106,arm_ridge_bounded,130,2
0.2338770470386053,-31.687465525706774,266.4344919745604,-0.0,234.7470264488536,2.074133230546202,1124.9126825063593,arm_ridge_bounded,131,5
0.2039102782610661,11.97989524084531,0.0,-29.919345254487588,-17.93945001364228,-0.15850598822867293,-118.70857945662193,arm_ridge_bounded,132,5
0.2231465878490307,35.81075391272178,0.0,-135.42251027707556,-99.61175636435378,-0.8801306544915651,-524.9366674561065,arm_ridge_bounded,133,2
0.2312988432470761,-3.5520740156871864,0.0,-401.9379764627301,-405.4900504784173,-3.582752041957758,-2036.9055588110791,arm_ridge_bounded,134,5
0.24189165088265235,-12.920673218128758,-256.72734631937453,0.0,-269.6480195375033,-2.382504802443423,-1367.5311918883494,arm_ridge_bounded,135,1
0.24861876401230776,-13.966161354042766,0.0,-243.16010419279854,-257.1262655468413,-2.271867464669029,-1306.678058882156,arm_ridge_bounded,136,2
0.20358075817597673,21.839899084730188,230.26510637624494,-0.0,252.10500546097512,2.2275015676399583,1215.118292063681,arm_ridge_bounded,137,2
0.20121116660698396,19.5676033632004,-0.0,116.66538947199275,136.23299283519316,1.2037016264306195,643.1639530493126,arm_ridge_bounded,138,4
0.1373758437272804,15.052892769696463,-0.0,26.351042389521155,41.40393515921762,0.36582903344176904,184.21732555755125,arm_ridge_bounded,139,1
0.1922196218127706,-12.27579142989845,0.0,-9.701900706794513,-21.977692136692962,-0.19418632168003525,-136.9279680059116,arm_ridge_bounded,140,4
0.2186168178463004,11.984299832576742,0.0,-58.49218254139894,-46.507882708822194,-0.4109255246721116,-261.98225977489346,arm_ridge_bounded,141,3
0.24999613105964705,-27.457650281657315,71.51781452381803,-0.0,44.06016424216072,0.38929843832505484,180.7103371029696,arm_ridge_bounded,142,1
0.24599409127554317,-19.68503207005113,194.9162124748391,-0.0,175.23118040478798,1.5482744118362488,829.1687364112497,arm_ridge_bounded,143,1
0.24991078201932268,-14.59551010488529,0.0,-29.729336398895676,-44.32484650378097,-0.3916370676259985,-255.8200104532884,arm_ridge_bounded,144,3
0.23922748508360256,-0.24900452092230244,-0.0,82.88148692514945,82.63248240422715,0.7301084076329045,372.8129093206967,arm_ridge_bounded,145,3
0.24644771069090857,-7.240707228843843,-0.0,89.12809871841795,81.8873914895741,0.7235250747181565,368.06688810984036,arm_ridge_bounded,146,4
0.24177456753017548,5.650915654345785,162.19663339921118,-0.0,167.84754905355697,1.4830355230657974,793.3231353494135,arm_ridge_bounded,147,3
0.24438656321267918,-5.788445851697699,-279.02328354009984,0.0,-284.81172939179754,-2.5164854324984125,-1442.7946935959624,arm_ridge_bounded,148,5
0.24106975552204954,-14.620839360795786,0.0,-101.60418385983874,-116.22502322063453,-1.0269190052358137,-609.6373929925445,arm_ridge_bounded,149,2
0.11108160061185872,-5.216349012051886,0.0,3.855324565899746,-1.3610244461521397,-0.012025481532414438,-23.121470186974374,arm_ridge_bounded,150,3
0.16536582965740912,11.361030279816793,0.0,-17.654499610502416,-6.293469330685623,-0.055606642059180644,-55.49744149119031,arm_ridge_bounded,151,1
0.11118078575480704,9.966163614031112,-0.0,373.2772553215361,383.2434189355672,3.3861894765069187,1876.4660484317478,arm_ridge_bounded,152,2
0.15645287772525945,10.745736378130657,0.0,-14.43322202845001,-3.6874856503193527,-0.032581185969382455,-41.3103724389819,arm_ridge_bounded,153,1
0.24995988819901335,-37.98456471921247,524.4053390339211,-0.0,486.42077431470864,4.297824374162924,2365.5816858511976,arm_ridge_bounded,154,4
0.2420820998892738,-13.123363777467707,0.0,-27.210596304969943,-40.33396008243765,-0.3563751506975329,-234.9528329766889,arm_ridge_bounded,155,1
0.07200700059449043,4.514003993291242,0.0,-44.61293701078951,-40.09893301749827,-0.35429854315603243,-208.68344073481106,arm_ridge_bounded,156,4
0.17756915979184082,-2.7277256938072947,-0.0,51.80065497581421,49.07292928200692,0.4335892764385275,216.16147193207533,arm_ridge_bounded,157,2
0.1975231952865519,11.686912128560461,0.0,-49.15378538582777,-37.46687325726731,-0.3310426889879799,-214.21365578635027,arm_ridge_bounded,158,1
0.21934778145386188,-5.302773192737307,-0.0,112.20533007067769,106.90255687794038,0.9445493261623992,495.62026804363586,arm_ridge_bounded,159,1
0.17625425660116525,17.15762221567386,-0.0,112.53145490157611,129.68907711724998,1.1458821377077801,614.5273034908015,arm_ridge_bounded,160,5
0.13668823108149789,-8.5522838215212,-0.0,26.925770088295884,18.373486266774684,0.16234096339109455,70.56900819740189,arm_ridge_bounded,161,4
0.22049369602419103,-9.930236939201667,-0.0,62.070510290604304,52.14027335140264,0.4606911331056604,224.97436418500556,arm_ridge_bounded,162,3
0.2292931092028446,-26.09251890352687,0.0,-227.50122694778958,-253.59374585131644,-2.2406554974765776,-1286.3774794274711,arm_ridge_bounded,163,1
0.22217102227809638,4.7456528798634965,-0.0,62.540499061507965,67.28615194137146,0.5945142130589953,299.53383843945744,arm_ridge_bounded,164,4
0.18947541463639153,16.043283339361746,91.18914600077679,-0.0,107.23242934013854,0.9474639506670737,501.6596677006816,arm_ridge_bounded,165,1
0.20074248399942177,17.4642340354544,41.053642786575296,-0.0,58.51787682202969,0.5170411516331856,259.38994030281475,arm_ridge_bounded,166,2
0.24677135314661944,-3.434087899175675,-177.46635711365877,0.0,-180.90044501283444,-1.5983658242566343,-929.9179044791889,arm_ridge_bounded,167,3
0.24736353235296998,-27.315644059656297,-0.0,89.56222183735413,62.24657777769784,0.5499864999765254,270.9236200218243,arm_ridge_bounded,168,1
0.24689380855961288,4.258727318323106,-0.0,157.27915936788054,161.53788668620365,1.4272858056460296,761.4032782689407,arm_ridge_bounded,169,1
0.1564053292047518,-15.454592477127834,-0.0,70.42665669037933,54.9720642132515,0.48571173344028273,248.42238920582162,arm_ridge_bounded,170,4
0.096737795192022,8.330167508615792,0.0,-18.52371317440283,-10.193545665787036,-0.09006619645981186,-64.62862164395996,arm_ridge_bounded,171,4
0.2187468513445852,39.8029569798726,-38.049653710464774,-0.0,1.753303269407823,0.015491504319848755,-23.634337705587182,arm_ridge_bounded,172,3
0.24737857374514297,32.03662629655945,0.0,-63.91682889239373,-31.880202595834284,-0.2816810444879997,-193.9807579283307,arm_ridge_bounded,173,2
0.24558286504770788,-17.74821152853312,-58.53411358746425,0.0,-76.28232511599737,-0.6740008928755994,-413.02244867170026,arm_ridge_bounded,174,5
0.24840918353253053,-11.186914165188986,88.35652492736445,-0.0,77.16961076217547,0.6818406030161904,344.47569179049447,arm_ridge_bounded,175,5
0.24991968122286684,5.726863621171673,26.08745294467825,-0.0,31.814316565849925,0.2810989012068404,120.23808231487592,arm_ridge_bounded,176,5
0.24741358752634543,8.585424557503892,0.0,-48.556750899446435,-39.97132634194254,-0.35317106030688405,-233.94884593419104,arm_ridge_bounded,177,2
0.2499873969187332,1.3949564554077065,-211.60918726224517,0.0,-210.21423080683746,-1.8573710101719585,-1075.1765951660348,arm_ridge_bounded,178,1
0.21306014562770104,11.678665501157534,0.0,-25.579011731207324,-13.90034623004979,-0.1228180414806046,-100.10983267979003,arm_ridge_bounded,179,5
0.22469947631559276,-34.768339702761814,-267.06640472462107,0.0,-301.8347444273829,-2.6668941584512758,-1523.9667225792132,arm_ridge_bounded,180,4
0.2273147008983123,-3.341198237024854,0.0,-61.939062273788984,-65.28026051081383,-0.5767909381961552,-355.98511393136886,arm_ridge_bounded,181,1
0.22459395752969416,27.33478463045816,-0.0,209.6026401546217,236.93742478507986,2.0934867365139964,1137.1017756815634,arm_ridge_bounded,182,4
0.24458232521821904,0.1443386980026524,-0.0,114.41140772069973,114.55574641870238,1.0121699260323687,529.6947510384974,arm_ridge_bounded,183,2
0.2270813378097968,-10.573208809381056,0.0,-43.99256979062582,-54.56577860000688,-0.4821219521158019,-303.0306987959326,arm_ridge_bounded,184,3
0.24939753809580645,0.9639089876187292,0.0,-7.8936454260500515,-6.9297364384313225,-0.061228450231334046,-71.04582197731538,arm_ridge_bounded,185,5
0.24081060715472566,-14.261675965460642,68.57064474467543,-0.0,54.308968779214794,0.47985288063364817,232.68634986358646,arm_ridge_bounded,186,3
0.24804174090048337,-11.421826806101837,66.34808888240096,-0.0,54.926262076299125,0.4853070436100427,234.66767846291683,arm_ridge_bounded,187,5
0.24433066460830666,8.06105154024635,-0.0,73.30758148828059,81.36863302852694,0.7189415271479839,365.8172292827957,arm_ridge_bounded,188,4
0.24361724289339873,-16.42058366990083,0.0,-21.241900122233147,-37.662483792133976,-0.3327710274327707,-221.98476467886738,arm_ridge_bounded,189,3
0.2423889482443389,-32.75115134085911,0.0,-68.20026990337576,-100.95142124423487,-0.8919674112215272,-534.3942073209518,arm_ridge_bounded,190,3
0.11943963314157935,8.794385168962224,-0.0,57.99221788501098,66.78660305397321,0.5901003937944483,312.2329790195748,arm_ridge_bounded,191,2
0.24889207418336634,-15.335621671834454,-0.0,169.42627055240123,154.0906488805668,1.3614849150357418,724.325571978839,arm_ridge_bounded,192,4
0.22257626699518107,-11.115085038003413,0.0,-30.227781829005,-41.34286686700841,-0.3652894578138263,-237.05624076556612,arm_ridge_bounded,193,1
0.24116331352509077,11.296295271236655,0.0,-300.797585768633,-289.5012904973963,-2.557920566621054,-1465.4810779848647,arm_ridge_bounded,194,5
0.248371193813082,-0.428219259548834,-0.0,146.78553759440823,146.3573183348594,1.2931562204818856,686.2067304613646,arm_ridge_bounded,195,4
0.14609515469942447,0.0,0.0,-0.26208647862871354,-0.26208647862871354,-0.002315693974164529,-22.8628285164326,arm_ridge_bounded,196,5
0.1567273059868552,1.694979530068288,0.0,-39.61711783376072,-37.922138303692435,-0.33506523349378753,-210.43946946531167,arm_ridge_bounded,197,1
0.22023916131426646,1.7648613116002112,-0.0,164.21350100666567,165.97836231826588,1.4665201176082203,787.2703440524415,arm_ridge_bounded,198,3
0.24632020842473648,39.59172482311773,-335.6959108263739,0.0,-296.1041860032562,-2.6162611777619236,-1498.854803580803,arm_ridge_bounded,199,2
0.15610928615671393,-3.4287803998816235,-0.0,10.996295964966812,7.567515565085189,0.06686361801323452,14.32999818172377,arm_ridge_bounded,200,2
0.2439448243634107,11.412248226633526,0.0,-32.220864603356986,-20.80861637672346,-0.18385682392468408,-138.7900865054901,arm_ridge_bounded,201,2
0.14543428130232353,-8.875186861820211,-0.0,115.1652180467913,106.29003118497108,0.9391372878777405,503.50695456166346,arm_ridge_bounded,202,2
0.18784332100908546,7.0167692882302015,-0.0,70.01544110092104,77.03221038915125,0.6806265868734084,352.7385309853,arm_ridge_bounded,203,3
0.17775318010551056,2.866459261275072,-0.0,82.408302862751,85.27476212402607,0.7534545613803614,394.9389988826374,arm_ridge_bounded,204,4
0.1597399077787741,1.6161822475841665,0.0,-30.821713596522336,-29.20553134893817,-0.25804869183205503,-167.83197984044077,arm_ridge_bounded,205,4
0.17862544530301447,34.611990877324985,0.0,-132.19751610704776,-97.58552522972278,-0.8622276659311492,-508.35614065332027,arm_ridge_bounded,206,2
0.24995624331336755,8.531716869263287,-206.8772899743529,0.0,-198.3455731050896,-1.752504176655169,-1016.5514359534681,arm_ridge_bounded,207,4
0.11923591290140062,18.021211156959232,0.0,-32.16116695244205,-14.13995579548282,-0.12493513821038858,-87.44180769484085,arm_ridge_bounded,208,2
0.24939213491878143,15.69340905839464,0.0,-53.139470177905245,-37.4460611195106,-0.3308588010505142,-221.76839040208597,arm_ridge_bounded,209,2
0.23634333033599192,-8.437512648268356,0.0,-36.49807845451913,-44.935591102787484,-0.3970333688586023,-256.83354949945647,arm_ridge_bounded,210,5
0.19040799475548964,1.3231492582939157,-123.97322498056488,0.0,-122.65007572227097,-1.0836882649075723,-633.8920997016148,arm_ridge_bounded,211,4
0.21960831516841223,27.922401587916397,0.0,-92.9780906274815,-65.05568903956511,-0.5748067122053263,-353.73822058094476,arm_ridge_bounded,212,2
0.24320970924093557,1.0776239254153623,353.5405138792209,-0.0,354.61813780463626,3.133267649442468,1715.5910208021744,arm_ridge_bounded,213,1
0.24617089060688793,-9.045885470268427,309.4000873841229,-0.0,300.35420191385447,2.6538126618589652,1447.1385168918528,arm_ridge_bounded,214,3
0.19705169411229936,-2.4832687457155695,-0.0,121.62273115088075,119.13946240516519,1.0526698539365877,559.3512644850773,arm_ridge_bounded,215,1
0.24706822294891193,22.698697086436184,44.128557317096536,-0.0,66.82725440353272,0.5904595732748593,293.59166518570777,arm_ridge_bounded,216,1
0.2136279841299507,-20.976472164902788,0.0,-75.03816976470662,-96.01464192960941,-0.8483479533598587,-505.7648846928394,arm_ridge_bounded,217,1
0.24929687885919685,-3.679590451864943,-0.0,261.35607414302865,257.6764836911637,2.2767289777388746,1235.887240807052,arm_ridge_bounded,218,4
0.24936683204962445,-29.226036676268617,92.83210605232227,-0.0,63.606069376053654,0.5619984378632553,277.3425416700747,arm_ridge_bounded,219,1
0.1476854650678765,1.6286684358704357,0.0,-19.297570423827853,-17.66890198795742,-0.15611553132269845,-109.07171868325712,arm_ridge_bounded,220,2
0.21778191743006894,14.912251525640917,0.0,-49.406561781882715,-34.494310256241796,-0.30477828089903447,-202.52269228344102,arm_ridge_bounded,221,5
0.24989530910316257,-3.283811698238602,455.011446952011,-0.0,451.7276352537724,3.9912893194412553,2194.2381242186466,arm_ridge_bounded,222,5
0.1386206613840665,-1.0858512605661772,-251.34179260258787,0.0,-252.42764386315406,-2.230352274809855,-1267.231800979652,arm_ridge_bounded,223,5
0.23078982746168133,-1.2335860520067239,-0.0,164.9084061865628,163.67482013455606,1.4461669167030813,774.3352862231651,arm_ridge_bounded,224,3
0.2145575876307255,16.0733406847681,-0.0,189.08862145967586,205.16196214444398,1.812731133446616,981.6410853807545,arm_ridge_bounded,225,5
0.24589532655031954,35.000729227159376,80.96803593597545,-0.0,115.96876516313483,1.024654808919056,536.4799592385917,arm_ridge_bounded,226,3
0.24518549869541012,31.009225877917125,0.0,-152.23570356653514,-121.22647768861802,-1.0711099075447235,-634.9477237853001,arm_ridge_bounded,227,2
0.18009012929976642,28.118459226209072,-0.0,77.33516176905174,105.4536209952608,0.9317470934412478,494.25951525006604,arm_ridge_bounded,228,3
0.21102372169651848,18.680440789264026,22.686419695646066,-0.0,41.36686048491009,0.36550145606983725,173.16140828642614,arm_ridge_bounded,229,3
0.2308979377716981,-9.892307508605963,0.0,-3.0133070200122374,-12.905614528618202,-0.11402897987403916,-97.83018053115627,arm_ridge_bounded,230,2
0.22011383521048627,7.63585012768583,-0.0,144.51760004418884,152.15345017187468,1.3443685822895848,719.0061379833078,arm_ridge_bounded,231,5
0.16482342285373824,11.029411403268607,32.365455859016556,-0.0,43.39486726228516,0.3834201335174641,189.99860278996024,arm_ridge_bounded,232,5
0.24124687452340887,15.798829617196583,0.0,-188.990601926062,-173.1917723088654,-1.5302549967817218,-891.0283607424045,arm_ridge_bounded,233,3
0.24437880383431126,-18.043380606018758,0.0,-112.49715374368026,-130.54053434969902,-1.1534052819491674,-680.8317439044907,arm_ridge_bounded,234,5
0.09289489482202043,0.8236034428576945,0.0,-32.6140576905667,-31.790454247709008,-0.2808880630643401,-170.73070906924568,arm_ridge_bounded,235,3
0.24694215958510868,-4.933601424907201,-0.0,209.75471333535413,204.82111191044692,1.80971951362903,975.1765828610246,arm_ridge_bounded,236,4
0.2460563286441934,16.51084850032447,0.0,-553.7003609240593,-537.1895124237349,-4.7463971564374265,-2689.561858496155,arm_ridge_bounded,237,3
0.2276839588917311,-23.194150980188276,-0.0,157.18930663592113,133.99515565573284,1.1839289693338033,628.2027999915454,arm_ridge_bounded,238,4
0.24880659972444397,-16.33755528558057,0.0,-20.01502504845089,-36.35258033403146,-0.3211972310258127,-216.28112888336005,arm_ridge_bounded,239,3
0.24886590587889987,0.43823347368949855,3.7519613014313493,-0.0,4.1901947751208475,0.037022927859888394,-16.04481556694247,arm_ridge_bounded,240,4
0.2179202471577503,-9.716497651294361,217.72485745635464,-0.0,208.00835980506028,1.837880793761992,995.2033085239074,arm_ridge_bounded,241,3
0.1486289334687929,10.629785157133313,-0.0,102.50303117297979,113.1328163301131,0.9995974703717637,536.8325629063954,arm_ridge_bounded,242,5
0.1477817496576588,11.05090849472416,52.30519745893457,-0.0,63.356105953658734,0.5597898584888822,291.10517951132533,arm_ridge_bounded,243,1
0.21806514473076655,10.57636533418225,39.193884146597284,-0.0,49.77024948077953,0.4397505259269017,213.62709725017874,arm_ridge_bounded,244,5
0.16960717013596438,-9.754977538401329,-192.74245379599523,0.0,-202.49743133439657,-1.789188377738323,-1025.195790349963,arm_ridge_bounded,245,4
0.06621506468724035,1.7208027147464853,0.0,-4.974359073044536,-3.2535563582980513,-0.028747155873649316,-25.845138746525517,arm_ridge_bounded,246,2
0.21017126431471406,-16.389602670004468,0.0,-27.59587279760433,-43.985475467608794,-0.3886385174238601,-248.27698670001584,arm_ridge_bounded,247,1
0.15105687500705317,8.997279789604734,-0.0,27.33328105780695,36.33056084741168,0.32100267542437,157.1396300722264,arm_ridge_bounded,248,5
0.23792987277421293,11.034822157883285,41.991397112200744,-0.0,53.02621927008403,0.4685190059362635,226.77600318987626,arm_ridge_bounded,249,3
0.21487064211905474,2.225538487193226,-0.0,65.17029123025362,67.39582971744684,0.5954832831403151,301.15332012279936,arm_ridge_bounded,250,4
0.13839793878956103,0.0,0.0,-0.24323665229352615,-0.24323665229352615,-0.0021491442555875593,-21.633369963310173,arm_ridge_bounded,251,4
0.15479706693594109,-0.5746529138491506,0.0,-114.66523545024461,-115.23988836409376,-1.018214737610231,-592.0350767430803,arm_ridge_bounded,252,4
0.1942995099572547,6.70080276038352,0.0,-26.474139424624727,-19.773336664241207,-0.17470949589649448,-126.34748094779245,arm_ridge_bounded,253,2
0.14551085681052692,13.71388531910114,-0.0,65.383272726507,79.09715804560814,0.6988716595305009,369.18716330141405,arm_ridge_bounded,254,3
0.23760871702836645,26.15417618641023,-0.0,229.28905588832157,255.4432320747318,2.2569968368897055,1226.582523636413,arm_ridge_bounded,255,2
0.17687541827546552,8.833406334654134,0.0,-17.528745262919127,-8.695338928264993,-0.07682862566911333,-69.05971672899693,arm_ridge_bounded,256,5
0.17138969546753602,-30.962399209923824,-0.0,121.31564469880432,90.3532454888805,0.7983260609991891,420.9616226888988,arm_ridge_bounded,257,5
0.24401131988369415,-10.391004674212434,29.210855711537462,-0.0,18.81985103732503,0.16628486852825003,56.929302692797755,arm_ridge_bounded,258,5
0.21446459508295498,-4.6081667808185305,0.0,-9.595444763449564,-14.203611544268094,-0.12549757559614863,-101.81503427561073,arm_ridge_bounded,259,5
0.12495752621886462,3.820509743098183,146.12473659892726,-0.0,149.94524634202543,1.324857753920018,722.1477243903855,arm_ridge_bounded,260,3
0.18800618134991495,22.07521172994974,0.0,-50.647517891177756,-28.572306161228017,-0.25245376087971494,-168.87742684633713,arm_ridge_bounded,261,1
0.2489276980380309,8.94112707751757,617.0879083369938,-0.0,626.0290354145113,5.531348555432848,3055.274087731203,arm_ridge_bounded,262,5
0.24921635615073048,-12.172057436728121,0.0,-109.92270573405521,-122.09476317078334,-1.078781739641614,-639.8313624604648,arm_ridge_bounded,263,3
0.2270715633991267,10.407278653540468,376.2526575124831,-0.0,386.65993616602356,3.416376491131222,1876.2313739973388,arm_ridge_bounded,264,1
0.0989121597692544,14.428557398805031,-0.0,28.661706080723846,43.09026347952888,0.3807287732156009,198.22476008190566,arm_ridge_bounded,265,4
0.24967066869271126,-11.174764187978585,-0.0,124.4699004969757,113.29513630899712,1.001031666439241,522.7172603584994,arm_ridge_bounded,266,3
0.2069533019785317,-17.19549823488253,0.0,-28.549604026413444,-45.74510226129597,-0.4041858939395802,-256.4928951702042,arm_ridge_bounded,267,4
0.2491154762924886,33.5311436037883,-283.8417419651666,0.0,-250.31059836137828,-2.2116468858972156,-1273.0880860974587,arm_ridge_bounded,268,2
0.19981327875465213,21.840565114069307,-0.0,50.44518768854991,72.28575280261921,0.6386887376212511,327.52812152594095,arm_ridge_bounded,269,3
0.17184722419547402,0.7345168031027073,0.0,-2.618896555847909,-1.8843797527452018,-0.01664964503816123,-34.677342978964965,arm_ridge_bounded,270,1
0.23447501503653048,15.9071607186717,-262.5893197174283,0.0,-246.6821589987566,-2.1795874099120094,-1253.0054348673966,arm_ridge_bounded,271,3
0.20092863706326364,15.320946604635646,0.0,-47.52013055235872,-32.19918394772308,-0.28449943938690697,-188.69873227203476,arm_ridge_bounded,272,2
0.05310673296907772,3.357331517450942,-204.44823984497998,0.0,-201.09090832752904,-1.7767608886569766,-1001.0496029404566,arm_ridge_bounded,273,2
0.2204550050265182,15.662139859003306,0.0,-130.24181508155021,-114.57967522254691,-1.0123813516166327,-598.4674427359315,arm_ridge_bounded,274,3
0.2480170933166912,4.146073210524509,81.19735346402214,-0.0,85.34342667454665,0.7540612545860207,384.90492117660295,arm_ridge_bounded,275,2
0.23245721039564798,7.49654656738889,0.0,-147.3330614259753,-139.8365148585864,-1.2355409425182016,-724.9855665663551,arm_ridge_bounded,276,5
0.21543263441912872,34.92734045264341,0.0,-131.4125487172497,-96.48520826460629,-0.852505694087646,-508.3554863322288,arm_ridge_bounded,277,2
0.1662617774482534,3.770219896808025,0.0,-11.783472968677753,-8.013253071869727,-0.07080198089223805,-64.12390668210084,arm_ridge_bounded,278,4
0.19029261884783177,9.577342330305374,-0.0,-11.400066782009544,-1.82272445170417,-0.016104882828973474,-37.09595591548032,arm_ridge_bounded,279,5
0.24987132141023952,5.618052143230899,0.0,-278.4349360886232,-272.8168839453923,-2.410503653252849,-1384.3606061604132,arm_ridge_bounded,280,2
0.14520326508029976,8.556048196527069,0.0,-27.75651045413745,-19.200462257610383,-0.1696478009234111,-116.26980463482914,arm_ridge_bounded,281,2
0.17575071747480228,1.4203100912942974,526.6105738109146,-0.0,528.0308839022089,4.665475084494317,2582.054099355846,arm_ridge_bounded,282,4
0.17838819803570535,1.4786712191606373,0.0,-3.5461124858927846,-2.067441266732147,-0.01826710522557344,-36.54716187235179,arm_ridge_bounded,283,4
0.13887494035918924,25.022760851709553,-0.0,-10.552607414199578,14.470153437509975,0.12785263587728976,50.96720431865965,arm_ridge_bounded,284,3
0.24904600447443567,-2.0061439499289615,-131.98570336989556,0.0,-133.99184731982453,-1.1838997381671768,-698.5671742359449,arm_ridge_bounded,285,4
0.24872670174741962,5.584133219298903,-0.0,176.98160394348406,182.56573716278297,1.6130796966282128,864.9914691929117,arm_ridge_bounded,286,1
0.1111982176802665,15.721583839289762,0.0,-39.00667975023675,-23.285095910946985,-0.2057380318547864,-131.42400225672517,arm_ridge_bounded,287,2
0.2499979637959279,-10.96492820467305,138.68629147667124,-0.0,127.7213632719982,1.1284961851085817,593.9216069839906,arm_ridge_bounded,288,3
0.11688820315392373,11.53049752606468,9.354892520484423,-0.0,20.885390046549105,0.18453516614790727,85.8986901006765,arm_ridge_bounded,289,2
0.23213525811960276,0.7882728540425301,-0.0,238.18197871199644,238.97025156603897,2.111448001634644,1146.0287837521896,arm_ridge_bounded,290,5
0.19767538887732217,9.034630551381065,0.0,-33.63336628145678,-24.598735730075717,-0.21734484129148546,-150.67902760539926,arm_ridge_bounded,291,2
0.24451251258257878,-9.741436487872228,-0.0,64.22294417060695,54.48150768273472,0.4813773671362734,232.99201721166742,arm_ridge_bounded,292,3
0.21578821090254566,-21.79392806858434,59.30349603783765,0.0,37.50956796925331,0.3314199228223691,153.40643896616544,arm_ridge_bounded,293,1
0.1358163450717677,22.948474356724784,-156.13264573258644,0.0,-133.18417137586167,-1.1767634283266295,-677.8616282843246,arm_ridge_bounded,294,4
0.24702200282459935,14.476657565926315,0.0,-95.11408870360162,-80.6374311376753,-0.7124809122341501,-434.7452426331396,arm_ridge_bounded,295,3
0.2438561293366489,-3.3614243304716003,0.0,-74.6860407987836,-78.0474651292552,-0.6895969820506098,-421.4857406520142,arm_ridge_bounded,296,3
0.24746583361665053,37.689224413567494,-25.991513844132815,-0.0,11.69771056943468,0.10335641128413743,21.24229747761687,arm_ridge_bounded,297,3
0.039844222137777684,4.772721786234677,-0.0,16.887711589465827,21.660433375700503,0.19138314692288982,101.1008871891504,arm_ridge_bounded,298,4
0.15607956055066055,0.45867439143820343,-0.0,94.7778256828537,95.23650007429191,0.841472595215356,447.34080489564764,arm_ridge_bounded,299,1
0.24919626791462288,26.555866980430107,52.74903672707166,-0.0,79.30490370750177,0.7007072192279068,354.9059312189801,arm_ridge_bounded,300,3
0.18466907712941733,5.411826937224765,-0.0,67.38037235987937,72.79219929710413,0.6431635014536001,332.2652869838692,arm_ridge_bounded,301,5
0.22364149859003918,2.610640642353938,0.0,-8.593595424281922,-5.982954781927984,-0.05286305653271348,-62.567144980583336,arm_ridge_bounded,302,1
0.21817210845043003,-13.942769676497365,0.0,-12.404738350680702,-26.347508027178066,-0.23279631170603782,-162.3423762806382,arm_ridge_bounded,303,4
0.24582441448095987,-0.23242207241468432,-148.93234455894356,0.0,-149.16476663135825,-1.3179617393968497,-773.0322223620446,arm_ridge_bounded,304,1
0.23522911955489018,14.453392806420052,-0.0,75.50981384802282,89.96320665444287,0.7948798298798916,409.61042203371517,arm_ridge_bounded,305,2
0.08908381389307542,15.106175130782283,0.0,-52.45773179607284,-37.35155666529056,-0.3300237965271443,-197.63494564380653,arm_ridge_bounded,306,3
0.11024447594846094,0.20606822278211456,-0.0,-0.0607575240418313,0.14531069874028327,0.0012839086976753546,-15.55793445545054,arm_ridge_bounded,307,4
0.24547040690790994,-8.653410697970427,-0.0,202.53006911231202,193.8766584143416,1.713018588254857,921.3380437278048,arm_ridge_bounded,308,3
0.24842763068977833,31.42025271798051,66.45134684341268,-0.0,97.8715995613932,0.8647553072252688,446.72228804814193,arm_ridge_bounded,309,1
0.24836320462068856,-39.60224040269891,-0.0,87.40572330223692,47.80348289953801,0.4223729429832916,199.44005780205455,arm_ridge_bounded,310,1
0.11571800710831533,12.208878047562184,-0.0,-4.819805801836787,7.389072245725397,0.06528696239355726,19.411702870601076,arm_ridge_bounded,311,3
0.22976521066241212,6.7271649738071675,0.0,-49.313230513305726,-42.586065539498556,-0.37627387673401463,-244.25785083044101,arm_ridge_bounded,312,1
0.23847277771390546,-4.9250845365895595,-0.0,109.87730780702243,104.95222327043287,0.927316938569776,483.1638972572648,arm_ridge_bounded,313,1
0.21027955884434713,20.28978064070967,0.0,-45.051014726924464,-24.761234086214795,-0.21878061343086389,-153.3424061323974,arm_ridge_bounded,314,3
0.21720181971997868,10.908552282348278,-0.0,204.66580759759572,215.57435987994398,1.9047310214944846,1032.6786488814507,arm_ridge_bounded,315,3
0.21448833247030655,2.7608768567437854,-0.0,104.72963683824092,107.49051369498471,0.9497442834353661,499.241660519235,arm_ridge_bounded,316,4
0.24695111057482308,33.53555561930171,-13.710474534938395,-0.0,19.825081084363315,0.17516668942475414,61.46023267613321,arm_ridge_bounded,317,5
0.0718704921577642,-1.0422724721212635,0.0,-25.08907395948121,-26.131346431602474,-0.23088639209881795,-139.67589524693415,arm_ridge_bounded,318,2
0.1732127181611919,5.632118236677341,0.0,-19.719205939006166,-14.087087702328825,-0.12446801634518274,-95.14940347846951,arm_ridge_bounded,319,4
0.22860071598822848,-25.95743204509898,709.1963842940747,-0.0,683.2389522489758,6.036833082407255,3340.8408562918753,arm_ridge_bounded,320,1
0.11923143326424587,9.778299108574467,-0.0,70.88488218323556,80.66318129181003,0.7127084305596875,380.80160858651897,arm_ridge_bounded,321,1
0.08480920687638507,1.8837048607015763,-0.0,58.113859078282864,59.99756393898444,0.5301150902747711,283.8137619062847,arm_ridge_bounded,322,2
0.16045925303988712,22.32508286636544,0.0,-38.223390741791654,-15.898307875426212,-0.14047125185230191,-102.21238944715849,arm_ridge_bounded,323,4
0.24164805183851268,-7.311726291975157,-0.0,33.3279874223915,26.016261130416346,0.22986954323326023,92.82203041853765,arm_ridge_bounded,324,3
0.19822541504003385,-9.987165257748071,83.71245090260058,-0.0,73.7252856448525,0.6514078887419543,334.8725468864113,arm_ridge_bounded,325,1
0.24410290789187752,20.284618432225095,-0.0,45.149780434655156,65.43439886688026,0.5781528446332909,287.14997999230695,arm_ridge_bounded,326,2
0.22728267344138137,-6.150579052968239,0.0,-5.914397118555424,-12.064976171523664,-0.10660142699851238,-93.1444488865372,arm_ridge_bounded,327,1
0.18695101141108184,7.081377406455829,0.0,-62.91507605070681,-55.83369864425098,-0.49332479944138996,-303.3685602960156,arm_ridge_bounded,328,2
0.22961055009645254,5.62310413008712,-0.0,80.3509956985568,85.97409982864392,0.7596336367640396,390.73728210144475,arm_ridge_bounded,329,5
0.17633953059343047,0.0,0.0,-0.2279550302484921,-0.2279550302484921,-0.0020141217993727267,-27.159294764564464,arm_ridge_bounded,330,4
0.20767849150033116,12.085863866182077,-0.0,39.724601480546575,51.81046534672865,0.4577770781225464,225.23734485580286,arm_ridge_bounded,331,3
0.24221717941657278,24.372565627249923,-260.3151468634582,0.0,-235.9425812362083,-2.0846966866670456,-1201.1045136774346,arm_ridge_bounded,332,2
0.17956546155145675,-11.97948721705402,0.0,-19.256542591269813,-31.236029808323835,-0.2759893848107679,-180.78771821556123,arm_ridge_bounded,333,1
0.24851056129369728,4.732282267651304,3.2806396897529524,-0.0,8.012921957404256,0.07079905529387653,2.88849998730729,arm_ridge_bounded,334,4
0.2090195783245294,17.998605397455858,0.0,-48.73795935001148,-30.73935395255562,-0.27160095053390915,-182.68296082095327,arm_ridge_bounded,335,5
0.06579152428025475,8.886415391232964,0.0,-12.988186422996224,-4.10177103176326,-0.03624165012767728,-29.97203281364794,arm_ridge_bounded,336,3
0.23057407323702808,19.121921200848103,0.0,-336.98685584613975,-317.86493464529167,-2.808530671279205,-1604.0088131785076,arm_ridge_bounded,337,4
0.1907433497151175,4.913109778894709,0.0,-90.84277594697808,-85.92966616808337,-0.7592410382578195,-452.575609209765,arm_ridge_bounded,338,1
0.2256566807415492,-10.134791606977773,76.27652372598163,-0.0,66.14173211900386,0.5844025655583801,293.366831904427,arm_ridge_bounded,339,3
0.2180893243364247,15.864889539332934,0.0,-93.84843475135557,-77.98354521202263,-0.689032210575412,-417.3660221440667,arm_ridge_bounded,340,5
0.23913797102975154,-2.2674691961801763,0.0,-167.0295323123127,-169.29700150849288,-1.4958423200180664,-871.4803322755201,arm_ridge_bounded,341,5
0.2445339027450024,-10.486815013111176,-36.316355277535045,0.0,-46.80317029064622,-0.413534570653626,-267.2669138905731,arm_ridge_bounded,342,3
0.2495372543513167,-13.809918646937138,87.33193236784011,-0.0,73.52201372090298,0.6496118572493355,326.2932832799981,arm_ridge_bounded,343,5
0.19965160711194013,20.30935867142967,-52.242804854757104,0.0,-31.933446183327433,-0.28215148407483337,-187.19769445470016,arm_ridge_bounded,344,4
0.18834071663481045,-1.907317759325896,0.0,-42.08303041777817,-43.99034817710407,-0.38868157078576987,-245.07816077876336,arm_ridge_bounded,345,5
0.23960604225747426,-3.3166343604953323,-108.02454592643761,0.0,-111.34118028693294,-0.9837672726034697,-585.2994831766506,arm_ridge_bounded,346,5
0.24999576923508612,-5.06086084203091,100.31547898768511,-0.0,95.2546181456542,0.8416326794322019,433.56523129883675,arm_ridge_bounded,347,3
0.19430274679135048,21.229406569644997,3.0080570026476865,-0.0,24.237463572292683,0.2141527813149891,91.02605415234454,arm_ridge_bounded,348,3
0.08875009229040728,-1.5875584471827215,-0.0,25.721442058912068,24.133883611729345,0.2132375891548452,106.09743702163374,arm_ridge_bounded,349,2
0.2415315389414481,-12.08638979592712,0.0,-5.5022333119752656,-17.588623107902386,-0.15540621842808142,-122.52991928965665,arm_ridge_bounded,350,3
0.24997866644373865,-14.32867688446994,-0.0,302.7316773476474,288.4030004631775,2.548216503948944,1387.5481141271678,arm_ridge_bounded,351,5
0.19056235059471827,-4.621770091393157,100.30730240976486,-0.0,95.6855323183717,0.8454400691089414,444.46785111463413,arm_ridge_bounded,352,4
0.19801862853659877,2.531239391362785,0.0,-7.521236012426046,-4.989996621063261,-0.04408966523934053,-53.88005743351781,arm_ridge_bounded,353,4
0.08854046182705817,4.599172985963753,18.8327518369391,-0.0,23.43192482290285,0.20703535489269484,102.66133628489143,arm_ridge_bounded,354,5
0.2455555711376352,12.528471827448701,0.0,-24.9077220527999,-12.3792502253512,-0.10937823004646997,-97.39435068901425,arm_ridge_bounded,355,2
0.19909450437231527,-2.0795041596272394,0.0,-41.564326625483474,-43.643830785110715,-0.38561987816896387,-244.95428042550446,arm_ridge_bounded,356,4
0.21916951355509007,30.340476298122393,0.0,-297.53781457812454,-267.19733828000216,-2.360851538031287,-1352.0724969506336,arm_ridge_bounded,357,2
0.1775593766107943,9.8892515255255,0.0,-27.90251221168038,-18.01326068615488,-0.15915815056249788,-115.18289544852253,arm_ridge_bounded,358,3
0.09532446563868499,-2.410006814663808,0.0,-2.5521198973860066,-4.962126712049814,-0.04384341758589184,-38.581435239396555,arm_ridge_bounded,359,2
0.10241342756234083,6.661906338432892,0.0,-62.70482260741728,-56.042916268984385,-0.4951733648287349,-291.92143510743205,arm_ridge_bounded,360,1
0.2253381110009833,-14.341078744637855,0.0,-13.355510504171864,-27.69658924880972,-0.2447162675615883,-170.0635646438363,arm_ridge_bounded,361,4
0.19553388728022464,23.612488074885672,0.0,-41.62754751500667,-18.015059440120996,-0.15917404365145896,-117.84539703744944,arm_ridge_bounded,362,1
0.2469893177566186,-26.145391869730275,0.0,-180.71675936180554,-206.86215123153582,-1.8277533415533396,-1058.177705252622,arm_ridge_bounded,363,1
0.2476544578217295,-12.093002486546713,477.34375786760097,-0.0,465.25075538105426,4.110774338105697,2261.361071556124,arm_ridge_bounded,364,1
0.15944812564407848,11.027369440296429,0.0,-76.57048627207807,-65.54311683178165,-0.5791134341971738,-347.26409437111994,arm_ridge_bounded,365,3
0.17071526360458839,19.818881370052544,0.0,-32.50416038826095,-12.685279018208405,-0.11208218118217207,-87.85701680085732,arm_ridge_bounded,366,1
0.2490949803177803,-9.836067411769664,-29.45159505166435,0.0,-39.28766246343401,-0.3471304727416669,-230.82038527675948,arm_ridge_bounded,367,1
0.20313479587565575,18.170732819099626,0.0,-45.413108209932616,-27.24237539083299,-0.24070301094719881,-164.54222895122373,arm_ridge_bounded,368,4
0.24999670467072818,15.276547518763042,-128.36905890966446,0.0,-113.09251139090142,-0.9992413516381691,-595.4834901699639,arm_ridge_bounded,369,3
0.19614017106913095,1.8010802714159668,0.0,-21.621747988353025,-19.82066771693706,-0.17512769463033273,-126.8529949711421,arm_ridge_bounded,370,5
0.2337579484764691,2.5876114034990647,-0.0,81.90600129308002,84.49361269657909,0.746552629500756,382.81270930998846,arm_ridge_bounded,371,1
0.24889246101829424,-0.5831246471086537,242.24898634202447,-0.0,241.6658616949158,2.1352653620906183,1156.8687847732062,arm_ridge_bounded,372,5
0.19289191536772266,7.068760174542894,0.0,-19.772582959343925,-12.70382278480103,-0.11224602667615381,-91.22259530515801,arm_ridge_bounded,373,5
0.14039965983012404,2.1784153287332626,0.0,-37.25155041494858,-35.073135086215316,-0.30989255149353295,-193.95745317921137,arm_ridge_bounded,374,4
0.13276310322932425,0.0,0.0,-0.04458115081837711,-0.04458115081837711,-0.0003939016726524313,-19.820305938842317,arm_ridge_bounded,375,5
0.2410362491446783,-16.69490768917631,-330.4620738436186,0.0,-347.15698153279493,-3.0673437806896677,-1750.229895849556,arm_ridge_bounded,376,1
0.19866038883963757,-3.267141428632593,-0.0,122.00328592589752,118.73614449726492,1.0491062940998348,557.121739323174,arm_ridge_bounded,377,1
0.17701771958439785,13.843847985712614,0.0,-43.71432431577886,-29.870476330066246,-0.26392388651590826,-173.66697580397465,arm_ridge_bounded,378,5
0.21141502734124892,-7.708944578608099,29.9145605998627,-0.0,22.2056160212546,0.1962001682882583,78.46421908594387,arm_ridge_bounded,379,2
0.24969181662699036,9.742812506465992,-189.13471406301096,0.0,-179.39190155654498,-1.5850369222477532,-922.8982028345324,arm_ridge_bounded,380,2
0.11921910485140066,0.38918741109602806,0.0,-0.8209600978696749,-0.4317726867736469,-0.003814975172324748,-19.73315514641761,arm_ridge_bounded,381,4
0.16220903878338375,10.735109332852579,-337.0394735833238,0.0,-326.3043642504712,-2.883098181912922,-1635.5991681475844,arm_ridge_bounded,382,2
0.24965051606641067,27.58238036516945,0.0,-427.3883906391041,-399.80601027393465,-3.5325300781262086,-2011.5407796761356,arm_ridge_bounded,383,2
0.2499735142680828,-3.779800511430116,-0.0,230.50134969231246,226.72154918088233,2.003223241421721,1082.897641001706,arm_ridge_bounded,384,4
0.23857597972262418,-2.7563920832984814,-0.0,252.29849432448663,249.54210224118813,2.20485675370877,1197.293417975788,arm_ridge_bounded,385,4
0.19604122484433306,-6.167691648062824,0.0,-9.613170182224309,-15.780861830287133,-0.13943354437330102,-106.88535732421913,arm_ridge_bounded,386,1
0.24994064236498864,8.1175462114361,0.0,-175.53158264744073,-167.41403643600464,-1.4792051745432688,-863.7749905698919,arm_ridge_bounded,387,2
0.24283316046284237,3.0718061060120574,25.98856071219746,-0.0,29.06036681820952,0.2567660746179599,107.68223121651206,arm_ridge_bounded,388,5
0.1899269698525816,10.34792143141027,14.35011329469832,-0.0,24.698034726108588,0.21822220851758972,93.9468697290815,arm_ridge_bounded,389,2
0.1800091096189452,6.969896878875925,-151.71826451387832,0.0,-144.7483676350024,-1.2789401592036354,-741.5026978611031,arm_ridge_bounded,390,3
0.13442893423652277,3.7643754235723597,-0.0,49.048108826666905,52.812484250239265,0.46663052660641746,241.00041909876668,arm_ridge_bounded,391,1
0.19399365562201687,29.924227294249068,-327.8804323396704,0.0,-297.9562050454213,-2.6326248961743315,-1500.2770357411312,arm_ridge_bounded,392,4
0.07653599874170672,7.0610596453915395,0.0,-10.754037287701335,-3.6929776423097955,-0.032629711070047585,-29.539189760122156,arm_ridge_bounded,393,4
0.1923317285721006,17.55463097389834,0.0,-44.55467401069113,-27.00004303679279,-0.23856185671851773,-161.75044266491608,arm_ridge_bounded,394,3
0.2348647456117449,-17.061467578919387,-296.51100533284836,0.0,-313.57247291176776,-2.770604152434504,-1583.4413307370032,arm_ridge_bounded,395,3
0.1632397677887003,27.342601021160704,0.0,-36.19906401804496,-8.856462996884254,-0.07825225513960984,-67.84246391773027,arm_ridge_bounded,396,5
0.18173525618290023,12.987660640908542,34.261048247926034,-0.0,47.24870888883458,0.4174711760538004,206.536403656396,arm_ridge_bounded,397,4
0.051340353615897914,-2.1061742368487524,0.0,-1.338403466077122,-3.4445777029258746,-0.03043494602217548,-24.59262645922334,arm_ridge_bounded,398,4
0.23783994044734366,-18.74615779146953,-133.74439292912524,0.0,-152.49055072059477,-1.3473470713495432,-788.2798571016295,arm_ridge_bounded,399,1
0.24966448316509512,1.4705852647490616,-0.0,33.96640395039802,35.43698921514708,0.31310742476074876,138.16852244354715,arm_ridge_bounded,400,5
0.24964980365745076,1.5581450762059175,-73.19210249032008,0.0,-71.63395741411416,-0.632929727612621,-390.66407856450627,arm_ridge_bounded,401,2
0.22202286961604212,-7.294504260581748,0.0,-3.2736192843642478,-10.568123544945996,-0.09337582060433917,-84.97481826833304,arm_ridge_bounded,402,4
0.2197080275881997,13.777103690590959,-0.0,70.0200140772988,83.79711776788976,0.7403986717771799,381.44686829694797,arm_ridge_bounded,403,3
0.24865284442650182,-9.1423675505722,-28.32872147644721,0.0,-37.47108902701941,-0.3310799378863683,-221.7828627786864,arm_ridge_bounded,404,3
0.16736677577366535,21.914755042503263,0.0,-53.82370455094326,-31.90894950844,-0.2819350410033682,-182.31042066706615,arm_ridge_bounded,405,1
0.23669256256808135,-36.25464284427808,0.0,-181.36491503227828,-217.61955787655637,-1.9228015938548315,-1109.7895452105902,arm_ridge_bounded,406,4
0.23792811314651618,18.302227585984816,-0.0,197.21486307587818,215.517090661863,1.9042250130048093,1029.3359209189796,arm_ridge_bounded,407,3
0.23490991568778966,-8.518403839967856,-87.70696571481665,0.0,-96.2253695547845,-0.8502098605225676,-509.9475901179369,arm_ridge_bounded,408,1
0.19673491202748558,20.87248330693602,-0.0,61.71341772958239,82.58590103651841,0.7296968328234147,378.85611293298166,arm_ridge_bounded,409,5
0.24777046993605856,-21.68618475226589,-153.37520005785635,0.0,-175.06138481012223,-1.5467741641414254,-901.2256683288341,arm_ridge_bounded,410,4
0.24937592540867057,19.903448223487548,0.0,-83.78515087995844,-63.88170265647089,-0.5644338260980128,-352.33443635727934,arm_ridge_bounded,411,2
0.1811363699314792,21.669136212408237,302.22618604766194,-0.0,323.8953222600702,2.8618128258355338,1573.011800805825,arm_ridge_bounded,412,3
0.18587027877070694,9.25246670273269,55.26698307470144,-0.0,64.51944977743413,0.5700687110901055,291.22796307639004,arm_ridge_bounded,413,3
0.24573023320877782,4.567520662562671,153.54084832022986,-0.0,158.1083689827925,1.396983923909771,744.6363076189494,arm_ridge_bounded,414,5
0.24961162029954517,-0.4205703168809513,79.25999480687918,-0.0,78.83942448999822,0.6965944262875323,352.545560560506,arm_ridge_bounded,415,2
0.23260287802167487,-5.435629201939744,0.0,-128.49892635744368,-133.93455555938343,-1.1833935305019934,-695.8566684878621,arm_ridge_bounded,416,5
0.2038571783270377,5.624524697595692,-0.0,124.02504446122451,129.6495691588202,1.1455330607857428,610.2570882048748,arm_ridge_bounded,417,1
0.23994017694175823,-9.456319766416009,0.0,-2.160179220764906,-11.616498987180915,-0.10263885739642303,-92.79802812928563,arm_ridge_bounded,418,2
0.2267050116861797,24.46883506482259,-349.9759739344662,0.0,-325.5071388696436,-2.8760542091750194,-1641.1832726217776,arm_ridge_bounded,419,5
0.2424054610592197,29.05303843741542,-239.626790137705,0.0,-210.5737517002896,-1.860547596659401,-1075.8329688046454,arm_ridge_bounded,420,3
0.16480168317781643,23.69827930671596,0.0,-49.15286578526945,-25.454586478553487,-0.2249068049280828,-150.05294632395152,arm_ridge_bounded,421,3
0.24160793189073265,-1.4448554900782271,76.09731848888357,-0.0,74.65246299880535,0.6596000664642246,333.0473159025829,arm_ridge_bounded,422,2
0.23268883852282973,-48.772972126551494,-0.0,88.48479567698283,39.71182355043133,0.3508781947850702,161.7885354058909,arm_ridge_bounded,423,5
0.2461471422869719,-6.561324046906356,99.38078006094374,-0.0,92.81945601403739,0.8201165359676342,422.10588853636864,arm_ridge_bounded,424,1
0.12783405661504832,9.596091944568114,0.0,-20.084294405967263,-10.48820246139915,-0.09266966906021347,-70.6747736940498,arm_ridge_bounded,425,1
0.24544255681056573,22.054271725767844,-0.0,-19.517443556268255,2.5368281694995893,0.022414424949877727,-23.705571987300775,arm_ridge_bounded,426,1
0.16847855590613572,-1.0201165470808264,-0.0,52.613362910364835,51.59324636328401,0.45585781584824386,229.95165171674418,arm_ridge_bounded,427,3
0.20639696999395835,13.825911791482667,-0.0,40.81733757866268,54.64324937014535,0.4828064536456869,239.41795966947666,arm_ridge_bounded,428,1
0.16975495902865195,14.987055344611486,-0.0,95.69072335224907,110.67777869686056,0.9779057147214315,521.5879889291143,arm_ridge_bounded,429,5
0.129636225075393,-3.2661211187276304,39.09353583459042,-0.0,35.82741471586279,0.316557072312572,157.81691655874192,arm_ridge_bounded,430,2
0.24895255557023166,25.223039728266418,63.17402434471847,-0.0,88.39706407298489,0.7810420044508944,399.8490559590216,arm_ridge_bounded,431,2
0.0789819008475835,0.0,0.0,-0.023751265434513853,-0.023751265434513853,-0.00020985692407048223,-11.777585310004834,arm_ridge_bounded,432,2
0.13100189351469035,3.968352947044591,0.0,-8.038082856141987,-4.069729909097395,-0.03595854725617081,-39.44093147699097,arm_ridge_bounded,433,5
0.05437606703859778,-2.5316268731743814,200.66703486782643,-0.0,198.13540799465204,1.7506472396534347,970.5841461474812,arm_ridge_bounded,434,4
0.24197611873420113,-10.642392635946864,64.19892943056536,-0.0,53.556536794618495,0.47320468488614187,228.79794135037324,arm_ridge_bounded,435,5
0.24440824390065857,5.487481480494762,-309.8970481693676,0.0,-304.40956668887287,-2.6896442843893786,-1539.593692571639,arm_ridge_bounded,436,5
0.1896552989701801,16.543719617185857,-216.92410694844608,0.0,-200.38038733126024,-1.7704830020670776,-1017.6992356056393,arm_ridge_bounded,437,4
0.08246076119512884,-5.905566177332258,0.0,-11.454491034316387,-17.360057211648645,-0.15338669925477785,-97.91703213394763,arm_ridge_bounded,438,4
0.24883476641772828,1.923373867663515,0.0,-215.774036352653,-213.8506624849895,-1.8895011031421005,-1092.967151708512,arm_ridge_bounded,439,5
0.24986412383153056,-0.38447924678227857,-0.0,184.78509745639676,184.40061820961446,1.6292919903935688,873.8862212326333,arm_ridge_bounded,440,4
0.24857233966713127,-13.01338446154467,-115.63624899921543,0.0,-128.6496334607601,-1.136698018693281,-672.1114848514394,arm_ridge_bounded,441,5
0.11562981436718682,-0.5928943043220452,-0.0,55.325818374056176,54.73292406973413,0.48359878433958337,253.26103143074263,arm_ridge_bounded,442,4
0.08766023198421374,-3.693523539932172,0.0,-12.74845235651005,-16.441975896442223,-0.1452748905855929,-94.15014063018062,arm_ridge_bounded,443,4
0.221541559502737,14.264198556319874,0.0,-121.8998027042856,-107.63560414796574,-0.9510262461273558,-564.3303492434176,arm_ridge_bounded,444,5
0.2472405083389458,0.5037497155736775,-55.95169886675072,0.0,-55.44794915117704,-0.48991646727056554,-310.3639763579935,arm_ridge_bounded,445,2
0.22015952337420053,23.771460061537063,44.75359572628259,-0.0,68.52505578781965,0.6054606845702313,305.9498781120373,arm_ridge_bounded,446,2
0.12123765321702035,0.0,0.0,-0.25377985529352387,-0.25377985529352387,-0.0022422998879697838,-19.15203248811832,arm_ridge_bounded,447,1
0.23454914958515372,28.048751793221136,98.49054873598124,-0.0,126.53930052920236,1.118051939434792,590.3640167676643,arm_ridge_bounded,448,2
0.1747017314626904,15.663883941287583,0.0,-61.43716471348881,-45.77328077220123,-0.4044348682790641,-251.87070008515732,arm_ridge_bounded,449,4
0.24901738571100165,8.084990862691068,-185.33311732251858,0.0,-177.24812645982752,-1.5660953610523536,-912.2103023764809,arm_ridge_bounded,450,5
0.2308466383884413,-7.753121237149004,-282.8167080354747,0.0,-290.5698292726237,-2.5673617587645845,-1469.2356304878842,arm_ridge_bounded,451,5
0.14087349157491535,7.402760060175818,-0.0,82.95490223097471,90.35766229115053,0.7983650861425513,425.4886134154062,arm_ridge_bounded,452,5
0.2252889741891507,25.212048617190113,34.14574212725163,-0.0,59.35779074444174,0.524462303686214,259.91451086149897,arm_ridge_bounded,453,2
0.1886080749029192,8.79108164366398,0.0,-22.58533459296822,-13.79425294930424,-0.12188064260292401,-95.97591262573349,arm_ridge_bounded,454,5
0.21979014438616135,0.5323477854606344,-0.0,118.9849520715711,119.51729985703173,1.0560082783951061,557.8605153091823,arm_ridge_bounded,455,4
0.2409172551030633,-12.870211240783414,0.0,-99.05149845110905,-111.92170969189247,-0.9888966041581685,-588.3603568110133,arm_ridge_bounded,456,3
0.2366554126591788,-19.54636116750594,0.0,13.642964231683093,-5.903396935822846,-0.052160114413047055,-64.09547367820204,arm_ridge_bounded,457,1
0.244047560467225,-10.082320027210093,-192.152382613813,0.0,-202.2347026410231,-1.7868670094049839,-1034.8879473505651,arm_ridge_bounded,458,3
0.2473841343897937,-12.688128905263643,92.48268874469534,-0.0,79.7945598394317,0.7050336299609427,357.591924158178,arm_ridge_bounded,459,3
0.2498940113853533,-8.0179098184757,199.06962779508575,-0.0,191.05171797661006,1.6880585155977097,906.7322964550974,arm_ridge_bounded,460,4
0.13377166606327268,-9.061319879248664,0.0,-22.45318771463978,-31.514507593888442,-0.2784499059843314,-175.40250874386948,arm_ridge_bounded,461,4
0.24410358293984002,7.250638467304003,0.0,-24.34423608131128,-17.093597614007276,-0.15103236610548726,-120.46465246951581,arm_ridge_bounded,462,3
0.07641182333130217,10.662716906694039,-0.0,-0.8402567083887266,9.822460198305311,0.08678742990365991,37.23332433871819,arm_ridge_bounded,463,4
0.21386677363486098,-2.8395580554308095,-80.95471880098927,0.0,-83.79427685642008,-0.7403735705907093,-445.442457755435,arm_ridge_bounded,464,4
0.21538649313280922,-8.964543828307185,0.0,-19.369811764497136,-28.33435559280432,-0.2503513224008937,-171.74438061767518,arm_ridge_bounded,465,2
0.1201017990019616,17.972471435293194,-185.09881200846178,0.0,-167.1263405731686,-1.4766632060317788,-843.1856303154224,arm_ridge_bounded,466,4
0.20724749504079723,-15.660639353904099,0.0,-26.57406089675892,-42.23470025066302,-0.37316934999023055,-239.19807948458816,arm_ridge_bounded,467,1
0.13705195855794972,21.636605644417354,-0.0,18.624775146353954,40.26138079077131,0.35573386836492177,178.62194417407116,arm_ridge_bounded,468,1
0.21743684777488997,-2.852970520814871,0.0,-59.49003467992014,-62.343005200735014,-0.5508384951028659,-340.01940861571285,arm_ridge_bounded,469,1
0.08703832199226641,4.47417260257678,-0.0,46.054496919043764,50.52866952162054,0.4464516298054775,236.7167982363564,arm_ridge_bounded,470,2
0.2455836766181704,-10.095409216774748,-0.0,64.78491055128325,54.6895013345085,0.48321511797560357,233.86118158015339,arm_ridge_bounded,471,4
0.12604969228260918,-8.903196799091297,-137.1162320087831,0.0,-146.0194288078744,-1.290170760317491,-739.814453995635,arm_ridge_bounded,472,4
0.21239051071791748,15.335405351355739,0.0,-58.862080621187296,-43.52667526983156,-0.3845847376985681,-246.3385561609688,arm_ridge_bounded,473,1
0.18228017583284453,15.312991998669316,-0.0,97.16294648593046,112.47593848459978,0.9937935537539504,528.6201650798386,arm_ridge_bounded,474,4
0.2397017643734741,9.114442239860763,-0.0,160.7593798686909,169.87382210855165,1.500938882018208,803.6371255860431,arm_ridge_bounded,475,5
0.23352594668458582,8.76683217824416,0.0,-23.994706842230507,-15.227874663986347,-0.13454756530450995,-109.68804864091365,arm_ridge_bounded,476,2
0.1942392794928687,11.037041543984984,33.08112606139128,-0.0,44.118167605376264,0.3898109334349983,189.22833100715087,arm_ridge_bounded,477,1
0.24956319548319333,4.0687501706854095,-131.25265073680535,0.0,-127.18390056611995,-1.1237473741212602,-665.0183568036863,arm_ridge_bounded,478,2
0.19369183101717477,7.566325732760538,0.0,-22.978458541119874,-15.412132808359335,-0.1361755984516138,-104.7173192703029,arm_ridge_bounded,479,1
0.22476155532651984,6.576007667263843,-0.0,135.58400209421197,142.1600097614758,1.2560704378732264,668.9613219024702,arm_ridge_bounded,480,5
0.13467350983272794,22.897580229228033,0.0,-103.90631254772924,-81.00873231850122,-0.7157615847493346,-419.9928783932931,arm_ridge_bounded,481,4
0.24874602532652754,-27.558511434607407,-194.97297390156658,0.0,-222.53148533617397,-1.9662014704119262,-1135.8295559658795,arm_ridge_bounded,482,1
0.2016407565298091,3.996801649377242,-0.0,76.09239774097476,80.08919939035201,0.7076369501939689,365.8003777085447,arm_ridge_bounded,483,1
0.2322056028684698,-9.98091037324422,-3.488018089023277,0.0,-13.468928462267495,-0.11900620223415398,-100.80550136362606,arm_ridge_bounded,484,1
0.207090601844564,-7.2186630131014295,0.0,-27.995594177337537,-35.214257190438964,-0.3111394514026087,-204.50020367941585,arm_ridge_bounded,485,2
0.24812156891508444,2.0547718460944866,0.0,-66.55400357498377,-64.49923172888928,-0.5698900722933632,-355.19929451604895,arm_ridge_bounded,486,5
0.23047084251300098,-9.376043533548346,0.0,-44.71997406587898,-54.09601759942733,-0.4779713270090384,-301.21089954800493,arm_ridge_bounded,487,3
0.20491988895185226,7.9333086588825115,24.285332250253006,-0.0,32.218640909135516,0.28467135351438916,128.8785034854944,arm_ridge_bounded,488,2
0.2499902098058664,-8.57265685343657,0.0,-5.258516581879526,-13.831173435316096,-0.12220685762717179,-105.2202491663398,arm_ridge_bounded,489,4
0.2149106435534211,-27.383271894136293,0.0,-99.15949951136173,-126.54277140549803,-1.1180826067449294,-656.7359178245873,arm_ridge_bounded,490,5
0.07699191769592563,6.909283955938804,23.38315923608069,-0.0,30.292443192019494,0.26765222124204474,138.25110206385963,arm_ridge_bounded,491,4
0.18450823860971427,0.0,0.0,-0.46941800506665654,-0.46941800506665654,-0.004147594532097692,-29.557870720485386,arm_ridge_bounded,492,5
0.2361797108684721,8.915761207222017,0.0,-24.802122358562332,-15.886361151340315,-0.140365695254642,-113.33216444562443,arm_ridge_bounded,493,3
0.2382492905633353,-6.156508985051304,0.0,-170.90116732210018,-177.0576763071515,-1.5644126177332853,-909.6799308065123,arm_ridge_bounded,494,5
0.2487028502862936,0.8480356351041223,-0.0,254.67047037566263,255.51850601076674,2.2576619280496915,1225.3164578022565,arm_ridge_bounded,495,5
0.2300376674747738,2.0342828987258987,0.0,-36.80492171001394,-34.770638811288045,-0.30721981230942325,-205.69685222780666,arm_ridge_bounded,496,4
0.2466132012894591,-48.213966431050565,-0.0,225.74043239506068,177.52646596401013,1.5685546604255223,840.413994771766,arm_ridge_bounded,497,1
0.11326379476284494,19.157787861066097,-0.0,-12.420078649736968,6.737709211329129,0.05953177249731776,16.556872595409818,arm_ridge_bounded,498,1
0.10244861830969894,4.644658748256554,-328.53321705856405,0.0,-323.8885583103075,-2.861753062211752,-1614.844681233553,arm_ridge_bounded,499,2
0.19614179155045627,18.324678344305774,-0.0,73.83666903220261,92.16134737650839,0.8143017445512847,426.23782229608696,arm_ridge_bounded,500,3
0.24719324382462324,11.048373840369122,0.0,-50.1972286711092,-39.14885483074008,-0.3459040226009378,-229.85404202134148,arm_ridge_bounded,501,3
0.20922732027787677,8.085680526949215,-0.0,83.96436415227919,92.0500446792284,0.8133183172995315,423.75624048711046,arm_ridge_bounded,502,5
0.24426335075242783,2.0170516776689094,20.289990496223275,-0.0,22.307042173892185,0.19709633024103984,74.11570190743694,arm_ridge_bounded,503,1
0.20959006042869208,-8.403016353578753,-0.0,381.0692690891606,372.66625273558185,3.292733758527123,1809.6959199907337,arm_ridge_bounded,504,3
0.23989291641398092,13.384349466644421,0.0,-86.14496936046602,-72.7606198938216,-0.6428844781546047,-394.7883529553216,arm_ridge_bounded,505,3
0.23990972926890566,-57.95900198383247,140.36975369990222,0.0,82.41075171606974,0.728149281694245,371.61703668067787,arm_ridge_bounded,506,5
0.14612274193146324,7.029279384042868,32.0129879135515,-0.0,39.042267297594364,0.34496225670168945,171.261473146387,arm_ridge_bounded,507,5
0.10204144240372272,-3.5231871933410783,0.0,-7.135134952177584,-10.658322145518662,-0.0941727802831332,-67.70719134258877,arm_ridge_bounded,508,5
0.1623490542693482,7.151711531882701,-120.26076438693364,0.0,-113.10905285505095,-0.9993875055681822,-582.625570871319,arm_ridge_bounded,509,2
0.24380667312979276,37.41358038091678,-370.9163191944441,0.0,-333.50273881352734,-2.9467002139088683,-1683.1991459299627,arm_ridge_bounded,510,2
0.19756279112351086,-2.595539960457654,0.0,-28.121559675203617,-30.71709963566127,-0.27140432006368786,-180.88165317995035,arm_ridge_bounded,511,3
0.15658679837223816,3.979039232786056,159.27599522595992,-0.0,163.25503445874597,1.4424578540875652,783.2166799471662,arm_ridge_bounded,512,3
0.221148953803775,-0.38474215432809294,67.26006164067053,-0.0,66.87531948634243,0.5908842576126876,297.6555836077703,arm_ridge_bounded,513,1
0.2391409699159603,38.866930032519456,3.8769741480232858,-0.0,42.74390418054274,0.3776684774469882,175.81176077514357,arm_ridge_bounded,514,2
0.22297508079264525,-8.297961412122932,0.0,-32.192768522603764,-40.490729934726694,-0.3577603080096379,-232.9063238010438,arm_ridge_bounded,515,1
0.2465358108395325,30.942393366969263,-207.81621298115164,0.0,-176.87381961418237,-1.562788131654316,-909.9952006750456,arm_ridge_bounded,516,2
0.22589655795858,2.4048972522250915,-0.0,63.489703329855324,65.89460058208041,0.5822190076202753,292.1108094050947,arm_ridge_bounded,517,1
0.1292283206933015,-8.463282002311281,0.0,-92.46323210351397,-100.92651410582525,-0.8917473414543625,-517.565030897544,arm_ridge_bounded,518,4
0.19247507642781958,-1.5281072207093187,13.305586441776105,-0.0,11.777479221066788,0.10406121599927647,29.754692218660544,arm_ridge_bounded,519,4
0.06904540591823446,-3.1491387901502734,-0.0,24.298952962962126,21.14981417281185,0.18687151466544302,94.26784845646533,arm_ridge_bounded,520,4
0.1821042092898148,-4.6795179697037845,-0.0,90.40885953946484,85.72934156976106,0.7574710481856911,396.54186280286916,arm_ridge_bounded,521,1
0.1968624859650427,-5.17442838143374,0.0,5.0826118733271946,-0.09181650810654585,-0.000811254879166677,-29.516742119490406,arm_ridge_bounded,522,3
0.23068856237157345,25.85447073519318,-0.0,170.82499680634814,196.67946754154133,1.7377831172780598,937.3636923371106,arm_ridge_bounded,523,5
0.24215647905134596,5.773507859322905,150.06147857859057,-0.0,155.83498643791347,1.3768972018183,733.9354313170281,arm_ridge_bounded,524,5
0.23539030151059293,8.035586173825873,96.1418874003519,-0.0,104.17747357417778,0.9204715522206188,479.79239916830386,arm_ridge_bounded,525,5
0.22682988676439278,-10.908569060833981,-214.60929243263587,0.0,-225.51786149346984,-1.9925879261658515,-1147.3440560077195,arm_ridge_bounded,526,1
0.22977234663106846,13.399988223374775,0.0,-56.812006172748475,-43.4120179493737,-0.3835716703039153,-248.33837093508427,arm_ridge_bounded,527,3
0.19663753894188948,16.018575426866928,26.21194279633239,-0.0,42.23051822319932,0.37313239922555114,179.55096995894704,arm_ridge_bounded,528,4
0.18422756420883096,12.92670675749614,0.0,-32.713009311803454,-19.786302554307312,-0.17482405744752472,-124.92457689845986,arm_ridge_bounded,529,5
0.2052597629313466,2.2348233819663084,0.0,-184.09131438019492,-181.8564909982286,-1.6068130739544633,-928.5114678280015,arm_ridge_bounded,530,4
0.2300770993145712,-27.9333219310731,284.06853762648376,-0.0,256.13521569541064,2.263110934454031,1231.112213801954,arm_ridge_bounded,531,5
0.06406442643507043,0.819262397677439,22.070245445101452,-0.0,22.88950784277889,0.2022427698691195,103.5957332957519,arm_ridge_bounded,532,4
0.22233694586367425,-21.612909332420077,182.14271466449787,-0.0,160.52980533207779,1.418378791711427,760.0496422348283,arm_ridge_bounded,533,4
0.20251542329807998,12.091635295920051,-0.0,22.777099680950872,34.868734976870925,0.30808655179448735,142.32257598512885,arm_ridge_bounded,534,5
0.24966708005837437,-12.219204231246652,114.61409014229224,-0.0,102.39488591104559,0.9047213024117261,468.88029666526023,arm_ridge_bounded,535,5
0.16453343769758183,15.102951826864965,0.0,-40.3890106522,-25.286058825335033,-0.22341776026969382,-149.18096867761375,arm_ridge_bounded,536,3
0.20785251011863418,13.390994341058123,-71.89434139296962,0.0,-58.5033470519115,-0.516912772247554,-319.6399722602715,arm_ridge_bounded,537,3
0.15038301937848353,14.53006316943169,-0.0,55.26292949706097,69.79299266649267,0.6166636806382718,322.5136148056477,arm_ridge_bounded,538,2
0.24823803655032478,-13.757620336449154,911.785292778646,-0.0,898.0276724421968,7.934622497841298,4398.806037810836,arm_ridge_bounded,539,1
0.15402739070814192,-3.470789015048043,-0.0,50.32714399983162,46.85635498478358,0.4140044898817222,208.68910045389626,arm_ridge_bounded,540,3
0.2475422062258236,6.390587751687786,-0.0,38.552833916985705,44.943421668673494,0.39710255668672456,185.43511769795984,arm_ridge_bounded,541,2
0.2278084383118624,27.917170809110818,-0.0,-39.55797270947223,-11.640801900361414,-0.10285358846496645,-91.1270269941431,arm_ridge_bounded,542,2
0.044836704095139145,6.71147001747591,0.0,-24.04409415032446,-17.33262413284855,-0.15314431126283512,-92.22701325318327,arm_ridge_bounded,543,4
0.24879083301511176,0.9122625514181901,0.0,-83.33279888356421,-82.42053633214601,-0.7282357347482364,-443.8133247895094,arm_ridge_bounded,544,4
0.06807541672799945,6.850095812393407,65.83448776170073,-0.0,72.68458357409413,0.6422126508694589,348.94674527571254,arm_ridge_bounded,545,4
0.15194383978197637,8.41242514158145,0.0,-21.72505168016521,-13.312626538583759,-0.11762517935682536,-88.18428535089129,arm_ridge_bounded,546,2
0.24565169873239875,2.9055563258505703,21.342859946695434,-0.0,24.248416272546002,0.21424955510549576,83.49938967837046,arm_ridge_bounded,547,1
0.24999914919187916,-0.4597230817379607,44.24371543006083,-0.0,43.78399234832287,0.3868582911120431,179.3458492372607,arm_ridge_bounded,548,5
0.22431744371236595,15.475205722447118,-0.0,110.38828146855973,125.86348719100684,1.112080716183949,588.5366326725277,arm_ridge_bounded,549,5
0.1772220565362425,3.486730079604819,-0.0,55.74757478557768,59.2343048651825,0.5233712305870172,266.4008279337451,arm_ridge_bounded,550,1
0.15388629289725891,13.243166240092238,0.0,-41.69947785546154,-28.4563116153693,-0.25142887828261806,-163.26732176346877,arm_ridge_bounded,551,3
0.21759318616962928,26.876618945823772,-0.0,21.785835883182013,48.66245482900578,0.429962484158603,208.22525820334633,arm_ridge_bounded,552,2
0.12679006360188086,10.242855697601856,0.0,-18.276863794290968,-8.034008096689112,-0.07098536420204997,-58.39912024666004,arm_ridge_bounded,553,2
0.19519610936617204,-11.92868464610572,0.0,-41.27205392765927,-53.200738573764994,-0.47006099048282957,-291.5813334046238,arm_ridge_bounded,554,5
0.24975865282148063,16.60271215740766,-259.09928204996953,0.0,-242.49656989256187,-2.1426051759476437,-1234.5887238301711,arm_ridge_bounded,555,3
0.1607936391456355,10.87954937326087,-0.0,37.89742960249568,48.77697897575655,0.4309743748822858,217.1763497261868,arm_ridge_bounded,556,2
0.13407283053418365,0.4019076547012103,21.735592551886956,-0.0,22.137500206588168,0.19559832349873058,89.54598995038674,arm_ridge_bounded,557,2
0.18893102910185003,8.460269881424978,105.66267867984011,-0.0,114.12294856126509,1.0083458928516311,535.7730422401349,arm_ridge_bounded,558,2
0.22978713062877099,-9.91289151989888,0.0,4.501855271583567,-5.4110362483153125,-0.04780980728105682,-62.92934935496504,pooled_interaction_ridge_bounded,0,1
0.1892393534779257,4.937924301081095,0.0,-26.19228088706861,-21.254356585987516,-0.1877952106817433,-134.79276322394722,pooled_interaction_ridge_bounded,1,3
0.1357757131559174,5.624418318304542,0.0,-95.93862845426128,-90.31421013595673,-0.7979811598351995,-467.4633483189389,pooled_interaction_ridge_bounded,2,3
0.18497649881379036,21.829695924432805,0.0,-60.60260711516903,-38.772911190736224,-0.3425823311259048,-220.6471377276315,pooled_interaction_ridge_bounded,3,1
0.15867444278995177,7.674800045462637,0.0,-78.5539339596261,-70.87913391416346,-0.6262604013675618,-375.0792094095273,pooled_interaction_ridge_bounded,4,2
0.24976993140117473,6.551448574838445,-213.93892483388714,0.0,-207.3874762590487,-1.832394908745414,-1063.6607726135398,pooled_interaction_ridge_bounded,5,3
0.2442660666218622,-6.807688398438538,0.0,-19.089561932476034,-25.897250330914574,-0.22881801019459028,-166.3941355497586,pooled_interaction_ridge_bounded,6,2
0.24982993765283615,-10.935799393488825,0.0,-140.7597899645883,-151.69558935807711,-1.3403231025950022,-788.6020871444213,pooled_interaction_ridge_bounded,7,2
0.23289852724682672,-6.982515697094697,-234.82585282336132,0.0,-241.808368520456,-2.136524496857537,-1231.0110709066532,pooled_interaction_ridge_bounded,8,5
0.23426370214947093,-11.111187778770953,50.94711627902213,-0.0,39.83592850025118,0.35197473775045124,159.84491374692024,pooled_interaction_ridge_bounded,9,4
0.22024231084475218,-1.8639249522918893,36.95262339474077,-0.0,35.08869844244888,0.31003006324322874,138.60695389477337,pooled_interaction_ridge_bounded,10,4
0.2472165828412259,-5.4876978442169975,-79.89047811293888,0.0,-85.37817595715588,-0.7543682857032525,-460.6416024373744,pooled_interaction_ridge_bounded,11,4
0.19153612306964937,0.0,0.0,-6.020068058872008,-6.020068058872008,-0.05319097498249558,-59.91085856040826,pooled_interaction_ridge_bounded,12,5
0.2248221790266547,-29.989125274143834,-0.0,382.29980098182153,352.3106757076777,3.1128798137116913,1704.6783921301792,pooled_interaction_ridge_bounded,13,5
0.1106580415321755,12.797317548382166,272.354019728246,-0.0,285.15133727662817,2.5194860754029826,1390.9582023681835,pooled_interaction_ridge_bounded,14,2
0.2480418045963419,-5.452759558251453,-0.0,261.81155980916645,256.358800250915,2.265086440442004,1227.10357325972,pooled_interaction_ridge_bounded,15,4
0.2460761610891465,5.896401548398961,-75.9891624004044,0.0,-70.09276085200544,-0.619312315487617,-384.96563814263084,pooled_interaction_ridge_bounded,16,3
0.15151705166522664,8.531603252316994,0.0,-160.76007283848554,-152.22846958616856,-1.345031424594669,-775.7445424732645,pooled_interaction_ridge_bounded,17,3
0.24559816465202344,-3.305384225136672,56.88036392049925,-0.0,53.57497969536258,0.4733676391687994,225.9177663147759,pooled_interaction_ridge_bounded,18,4
0.23835375017797278,-0.42712411540079853,0.0,-114.47555670062084,-114.90268081602164,-1.0152353031457022,-605.0698987232668,pooled_interaction_ridge_bounded,19,5
0.1475610977573655,0.0,0.0,-1.82339113805955,-1.82339113805955,-0.016110773409761497,-32.254625791577396,pooled_interaction_ridge_bounded,20,2
0.22197670797881502,-0.7591420443161845,-0.0,172.92141284150154,172.16227079718536,1.5211587226837051,815.3546149349082,pooled_interaction_ridge_bounded,21,1
0.24976863877602637,-8.683751188627342,0.0,-304.05556662958054,-312.7393178182079,-2.7632427187588884,-1584.0044947540162,pooled_interaction_ridge_bounded,22,4
0.1381301715903441,14.044852193247689,-0.0,14.088829981490678,28.133682174738368,0.24857825029346672,117.19240979657127,pooled_interaction_ridge_bounded,23,3
0.1779018226885222,0.0,0.0,-1.851561782119212,-1.851561782119212,-0.016359678240863863,-37.174037846492126,pooled_interaction_ridge_bounded,24,2
0.24795500077297172,-19.11041376552276,-0.0,77.60624330051505,58.49582953499228,0.5168463503980882,249.85103913373126,pooled_interaction_ridge_bounded,25,5
0.038298447931654836,0.5980894579937263,0.0,-0.7559688915595618,-0.15787943356583556,-0.0013949611397955585,-6.813821192977773,pooled_interaction_ridge_bounded,26,2
0.2100376575360013,8.05614969561917,-0.0,167.55772451418474,175.61387420980392,1.55165574513838,834.2834844960614,pooled_interaction_ridge_bounded,27,3
0.24564318856311174,-2.8221485439816383,0.0,-55.28459977192671,-58.10674831590835,-0.5134085803948152,-325.6972340765448,pooled_interaction_ridge_bounded,28,2
0.24686898617770384,-14.969107229200121,-2.4117114502278185,0.0,-17.38081867942794,-0.15357013949207232,-124.7406737850633,pooled_interaction_ridge_bounded,29,5
0.23866751023154426,-22.993535802483784,-0.0,135.2008090315004,112.20727322901661,0.9914197322707647,516.6008322159363,pooled_interaction_ridge_bounded,30,1
0.17765081592178314,0.4166962403601298,499.52323975228427,-0.0,499.9399359926444,4.417274417511791,2441.266968565067,pooled_interaction_ridge_bounded,31,4
0.2098273420134166,0.0,7.57774184114287,-0.0,7.57774184114287,0.06695397340268008,4.36832995133191,pooled_interaction_ridge_bounded,32,1
0.24492190274106307,13.150856420264658,-208.6227342667739,0.0,-195.47187784650924,-1.7271133254037123,-1004.0445457433938,pooled_interaction_ridge_bounded,33,2
0.24941480284667783,-11.0507011185253,66.51799563508158,-0.0,55.46729451655628,0.4900873953789941,234.6627869847856,pooled_interaction_ridge_bounded,34,1
0.1447941437084474,2.2960073294558208,0.0,-4.407551182441173,-2.1115438529853523,-0.01865677848825365,-33.24190053503771,pooled_interaction_ridge_bounded,35,2
0.24622495749062984,-9.151160636446079,-186.11021062169286,0.0,-195.26137125813892,-1.725253371236059,-1003.2101316353555,pooled_interaction_ridge_bounded,36,3
0.18655813607199898,15.022405828098982,407.2274063336695,-0.0,422.24981216176843,3.7308347638960804,2056.1438265894535,pooled_interaction_ridge_bounded,37,2
0.2499825555390799,19.54312121507106,-0.0,164.92846276370608,184.47158397877715,1.6299190162702253,871.7392118852524,pooled_interaction_ridge_bounded,38,1
0.24260445504708067,11.454156783790268,-0.0,27.3962121821677,38.85036896595797,0.34326671783777063,153.66301941935703,pooled_interaction_ridge_bounded,39,1
0.24358745519463848,0.9342391517847884,0.0,-86.98430943178893,-86.05007028000414,-0.7603048820619653,-463.3883796122646,pooled_interaction_ridge_bounded,40,2
0.225011088914385,1.325261335135188,-340.34216685671754,0.0,-339.0169055215824,-2.995421241735989,-1709.8916611971883,pooled_interaction_ridge_bounded,41,5
0.08830904056113953,0.18047289292636132,0.0,-7.669366577469046,-7.488893684542685,-0.06616894572047698,-50.90180080246001,pooled_interaction_ridge_bounded,42,2
0.1775925588322853,-9.319994231318441,-0.0,46.573535898389466,37.253541667071026,0.3291577742052669,156.0189435398189,pooled_interaction_ridge_bounded,43,5
0.20781533194771037,17.220845491146765,0.0,-47.74749231624018,-30.52664682509341,-0.2697215532605234,-183.5162910976124,pooled_interaction_ridge_bounded,44,1
0.24451742713651853,-0.6187588676509673,65.27653979706031,-0.0,64.65778092940934,0.5712909512329174,280.82717126832387,pooled_interaction_ridge_bounded,45,1
0.23865767378163086,7.314259260519726,43.12838873592448,-0.0,50.44264799644421,0.4456915771368258,211.54034325891232,pooled_interaction_ridge_bounded,46,4
0.06543274511372671,3.2779433927526647,-0.0,30.812144620531594,34.09008801328426,0.3012067307101897,158.06543282138273,pooled_interaction_ridge_bounded,47,2
0.1957035946526037,5.90503218013676,-0.0,98.32677138712124,104.231803567258,0.9209515908637816,483.978237819996,pooled_interaction_ridge_bounded,48,5
0.24801395299207232,0.0,-0.0,151.5209542124917,151.5209542124917,1.338780094514519,709.3027139919167,pooled_interaction_ridge_bounded,49,1
0.23009689751303222,-6.979276618939348,-0.0,338.8893564544159,331.91007983547655,2.9326280999346253,1603.0866360560694,pooled_interaction_ridge_bounded,50,4
0.23155821130176446,7.748066975595152,-203.85841521820723,0.0,-196.11034824261208,-1.7327546009730341,-1005.0925282199223,pooled_interaction_ridge_bounded,51,3
0.2499181048400258,-15.581698404972595,-0.0,93.71626394825577,78.13456554328317,0.6903665673606462,346.53954735007517,pooled_interaction_ridge_bounded,52,5
0.22329005075089275,1.523562820580515,-0.0,129.08718700550645,130.61074982608696,1.1540256785313008,609.920322072539,pooled_interaction_ridge_bounded,53,4
0.06769552921523171,7.624267372057795,0.0,-20.36167789458544,-12.737410522527647,-0.11254279483552738,-73.57706053281142,pooled_interaction_ridge_bounded,54,4
0.249231415210676,-26.37384513120491,-0.0,150.13219108329193,123.75834595208701,1.0934805086980912,571.9884306145808,pooled_interaction_ridge_bounded,55,5
0.24740283184558198,-2.3765792759095508,-0.0,224.31816949021703,221.94159021430747,1.9609893870330255,1057.2139925204265,pooled_interaction_ridge_bounded,56,4
0.24335479086232237,-15.90323239168501,113.18494804184425,-0.0,97.28171565015924,0.8595433228991479,442.1434239400315,pooled_interaction_ridge_bounded,57,5
0.22908829531738784,-2.4408853302213673,-0.0,314.63222343160635,312.191338101385,2.7584009835619767,1505.8525863726143,pooled_interaction_ridge_bounded,58,4
0.05642705448484082,2.2988869457545915,-0.0,3.009758800794776,5.3086457465493675,0.046905124715242434,17.329709245210935,pooled_interaction_ridge_bounded,59,5
0.24978328920361412,-17.55296688737198,-13.6764865898126,0.0,-31.229453477184578,-0.27593127891201663,-193.59970809940742,pooled_interaction_ridge_bounded,60,4
0.15134044219358747,8.71634727441783,-0.0,42.871652594148124,51.58799986856595,0.45581145986579236,230.95445530397245,pooled_interaction_ridge_bounded,61,5
0.21919163540110548,-16.016356473208095,120.29778062482772,-0.0,104.28142415161963,0.9213900190070493,480.522706304847,pooled_interaction_ridge_bounded,62,4
0.18706170204438866,6.846101448961515,0.0,-43.98395069899788,-37.13784925003637,-0.3281355611007014,-212.89992344690864,pooled_interaction_ridge_bounded,63,3
0.22516608332488736,3.695015844452757,-195.32502804033138,0.0,-191.6300121958786,-1.69316809792283,-981.9565736503056,pooled_interaction_ridge_bounded,64,2
0.24601276783855908,-17.02837807700303,-8.362193380824257,0.0,-25.390571457827285,-0.2243411931554828,-164.166792957939,pooled_interaction_ridge_bounded,65,1
0.2492171037656933,-16.455235991946186,-0.0,241.56876390341515,225.11352791146896,1.9890153922286153,1072.5946853201876,pooled_interaction_ridge_bounded,66,1
0.24920213374321534,5.987748744192899,217.32263675470188,-0.0,223.3103854988948,1.973083528665086,1063.6911321611224,pooled_interaction_ridge_bounded,67,3
0.2497666402036845,-2.8006273617584134,-143.33488365217565,0.0,-146.13551101393406,-1.2911964174459571,-761.1302974388863,pooled_interaction_ridge_bounded,68,2
0.2011343478250677,0.8727720105573267,0.0,-10.176526809916991,-9.303754799359664,-0.0822043511695346,-77.641565592639,pooled_interaction_ridge_bounded,69,1
0.24890314371227198,-6.263940839657118,97.88488709814105,-0.0,91.62094625848393,0.8095269708995168,413.310123166413,pooled_interaction_ridge_bounded,70,1
0.22912314842790676,7.576377609269743,-284.7473343391211,0.0,-277.17095672985135,-2.4489745433300487,-1405.0758243744692,pooled_interaction_ridge_bounded,71,2
0.19213929340755134,-15.200207160272898,0.0,-66.77335328540578,-81.97356044567867,-0.7242864300290274,-435.1482492678095,pooled_interaction_ridge_bounded,72,5
0.13922274913082194,4.482195660479951,14.743216035874239,-0.0,19.22541169635419,0.1698682444398417,73.02137758244625,pooled_interaction_ridge_bounded,73,1
0.21308466104158663,-3.714188726533059,0.0,-38.121921670323765,-41.836110396856824,-0.3696475653966434,-240.20513083911777,pooled_interaction_ridge_bounded,74,1
0.24096243830270378,-1.473321806739016,37.81730276409652,-0.0,36.3439809573575,0.3211212502852203,141.5424078308885,pooled_interaction_ridge_bounded,75,4
0.24563338954509217,6.2319003314985615,0.0,-304.95582279877897,-298.72392246728043,-2.6394081480878295,-1514.1294485516019,pooled_interaction_ridge_bounded,76,3
0.14298223998445297,14.597288432238294,-0.0,102.31983347642829,116.91712190866659,1.033034119490424,554.9387824230562,pooled_interaction_ridge_bounded,77,5
0.24846054999807124,0.0,0.0,-1.020603988295337,-1.020603988295337,-0.009017659049293926,-44.186592978063004,pooled_interaction_ridge_bounded,78,1
0.2417448545564784,-7.222091957910087,-238.9780677462003,0.0,-246.2001597041104,-2.175328652008879,-1254.0963596316158,pooled_interaction_ridge_bounded,79,3
0.2488330078512958,-3.261531419781074,-96.8274706850797,0.0,-100.08900210486078,-0.8843474118430704,-533.5546066667212,pooled_interaction_ridge_bounded,80,2
0.20813116854742136,5.989420262113534,-0.0,125.35700489946065,131.3464251615742,1.160525819058362,615.9422290038306,pooled_interaction_ridge_bounded,81,3
0.1835889893127859,-0.25972383805751703,19.716963134230834,-0.0,19.457239296173316,0.17191658275456528,67.1763615083052,pooled_interaction_ridge_bounded,82,4
0.2481574193237115,-10.618778296370905,241.08541310316997,-0.0,230.46663480679905,2.0363133583252777,1099.201204901634,pooled_interaction_ridge_bounded,83,1
0.10741729929417615,-6.226876576574778,0.0,-2.7091248799435363,-8.936001456518314,-0.07895502596797391,-61.0597844206786,pooled_interaction_ridge_bounded,84,2
0.12249767037160324,7.593378135111681,0.0,-17.216654996005865,-9.623276860894183,-0.08502752356812415,-66.83026928716029,pooled_interaction_ridge_bounded,85,5
0.20553318841511486,5.761948804456694,0.0,-153.80178054751914,-148.03983174306245,-1.308022253179232,-763.5668236402972,pooled_interaction_ridge_bounded,86,1
0.053810511058762535,4.160284766851084,0.0,-7.126856354076471,-2.9665715872253875,-0.026211470291824926,-23.1302229231934,pooled_interaction_ridge_bounded,87,4
0.23399748799681663,-3.6831911173776515,27.571823363427736,-0.0,23.888632246050086,0.21107064367703732,81.12146801599224,pooled_interaction_ridge_bounded,88,1
0.21747820571465487,-0.9424671682558857,0.0,-10.093100998990046,-11.035568167245932,-0.0975059790954571,-88.7702005330318,pooled_interaction_ridge_bounded,89,5
0.24301526305464174,5.801604159524021,-0.0,177.0437868725773,182.84539103210133,1.6155506092194332,864.8049906403509,pooled_interaction_ridge_bounded,90,3
0.24999742150696697,5.261962517528223,-0.0,32.35924525562918,37.62120777315741,0.3324063286168621,146.42727730819462,pooled_interaction_ridge_bounded,91,3
0.23348458733562216,-0.6077982069614233,0.0,-201.3345375895792,-201.94233579654065,-1.7842837699202312,-1034.200840112873,pooled_interaction_ridge_bounded,92,2
0.16800520685467826,6.668827442845301,-0.0,34.80232593437709,41.471153377222386,0.3664229474170422,178.36069206939112,pooled_interaction_ridge_bounded,93,1
0.24296917546325678,3.812222618641798,3.45758397236422,-0.0,7.269806591006018,0.06423317755351708,-2.374192419543527,pooled_interaction_ridge_bounded,94,3
0.24029800820000813,33.207103106880425,0.0,-321.0705592060845,-287.8634560992041,-2.543449300242042,-1459.6478469136619,pooled_interaction_ridge_bounded,95,2
0.24998236682580594,-20.338207333353523,-134.97861184149545,0.0,-155.31681917484897,-1.3723188778430764,-806.5117411917282,pooled_interaction_ridge_bounded,96,4
0.14043990905715495,-9.081335335892865,139.2373611866566,-0.0,130.15602585076374,1.1500079147188615,620.7276859895397,pooled_interaction_ridge_bounded,97,5
0.24940461781367274,-20.52774174730291,31.670410538614842,0.0,11.142668791311934,0.0984522784660944,15.740361313657571,pooled_interaction_ridge_bounded,98,1
0.2496526530008948,11.923503740638669,-250.92621413107994,0.0,-239.00271039044128,-2.1117347951558902,-1219.7932915453916,pooled_interaction_ridge_bounded,99,2
0.21265056254015166,6.430306090482159,119.13204664843532,-0.0,125.56235273891748,1.10942000953565,586.6620370981211,pooled_interaction_ridge_bounded,100,2
0.23175311030895876,-21.723852394316477,0.0,-154.25155199591708,-175.97540439023356,-1.5548500849024147,-905.6746106726976,pooled_interaction_ridge_bounded,101,3
0.2314633699050697,-13.999332425021775,0.0,-277.6617966455743,-291.6611290705961,-2.5770040584337397,-1477.0130323875712,pooled_interaction_ridge_bounded,102,1
0.10040757946732004,1.5864609603944428,0.0,-5.445687942182209,-3.8592269817877662,-0.03409862543622272,-34.8806536690349,pooled_interaction_ridge_bounded,103,2
0.2364971369976497,-12.228832131697704,57.69255681675649,-0.0,45.46372468505879,0.4016997513458582,187.28931183747707,pooled_interaction_ridge_bounded,104,4
0.21104922894919095,5.57750591523138,0.0,-30.08416480084926,-24.506658885617878,-0.21653128618178763,-154.2924421900972,pooled_interaction_ridge_bounded,105,3
0.22166786073048284,4.6886919887177765,0.0,-41.51688046408197,-36.82818847536419,-0.32539951918928584,-216.82278244102267,pooled_interaction_ridge_bounded,106,5
0.20972677221535393,7.957346918362503,0.0,-14.369542852117936,-6.4121959337554335,-0.05665566404894636,-64.71361230403994,pooled_interaction_ridge_bounded,107,5
0.2377608465467505,7.592214356028304,0.0,-37.814555292440616,-30.222340936412312,-0.2670328250346011,-186.73129967389212,pooled_interaction_ridge_bounded,108,3
0.23396399104274096,-2.93267667320105,-0.0,163.92975363357027,160.9970769603692,1.422507421694912,758.319904475819,pooled_interaction_ridge_bounded,109,1
0.15144754852671583,6.036248248524837,0.0,-21.559513689566995,-15.523265441042158,-0.137157523078871,-100.53208109332593,pooled_interaction_ridge_bounded,110,3
0.1767654850711012,6.949835818782058,0.0,-26.318286467751594,-19.368450648969535,-0.17113208087419438,-123.51277744226027,pooled_interaction_ridge_bounded,111,3
0.24684549228715755,-3.7394634055395506,-0.0,227.51258888726036,223.77312548172083,1.977172118795496,1066.347950132188,pooled_interaction_ridge_bounded,112,4
0.2155765126200225,-3.7386347550362413,0.0,-56.958679467218865,-60.69731422225511,-0.5362978110426188,-333.75521701279416,pooled_interaction_ridge_bounded,113,1
0.22534832943805544,-4.169937536064588,0.0,-28.958627524227968,-33.12856506029256,-0.2927110886613754,-199.1298189071492,pooled_interaction_ridge_bounded,114,5
0.2499999553026204,-2.9611828744797815,0.0,-126.30287848294253,-129.26406135742232,-1.142126864108366,-677.8371766324832,pooled_interaction_ridge_bounded,115,2
0.22337832872307997,4.206940016375658,-121.53866245879199,0.0,-117.33172244241634,-1.0366973682116591,-614.7077695220029,pooled_interaction_ridge_bounded,116,3
0.12221337521116976,7.491929189478913,-0.0,50.34023313233923,57.832162321818146,0.5109824455738523,266.38409503753684,pooled_interaction_ridge_bounded,117,3
0.16880626380813687,2.186051399523656,0.0,-14.321416752537122,-12.135365353013466,-0.10722335837122246,-86.5338018457494,pooled_interaction_ridge_bounded,118,1
0.13937622544755054,10.04960868888909,0.0,-27.503527973197098,-17.453919284308007,-0.15421602794505263,-108.16591134505346,pooled_interaction_ridge_bounded,119,1
0.24543290151174152,-10.319391291291984,0.0,-24.2209307283105,-34.540322019602485,-0.3051848229065143,-209.26702227078502,pooled_interaction_ridge_bounded,120,3
0.174552259970022,0.0,0.0,-1.73812301785304,-1.73812301785304,-0.015357377533775552,-36.086017873320245,pooled_interaction_ridge_bounded,121,2
0.17814438896692716,2.059633777278695,0.0,-37.33263105415183,-35.272997276873134,-0.31165845591176616,-202.28427162553146,pooled_interaction_ridge_bounded,122,4
0.21607687297113168,13.227664747145115,0.0,-461.63837106088994,-448.4107063137448,-3.961982228135583,-2248.7916394754598,pooled_interaction_ridge_bounded,123,2
0.24320708291038026,-2.7306671917652863,133.28236531581314,-0.0,130.55169812404785,1.1535039207081137,606.490669956026,pooled_interaction_ridge_bounded,124,1
0.24967453566996822,9.788149488932824,0.0,-76.1899110774122,-66.40176158847939,-0.5867000846014083,-367.30233602705306,pooled_interaction_ridge_bounded,125,2
0.06401941614586906,3.1628284534866014,0.0,-4.469047756492993,-1.306219303006392,-0.011541244648467354,-16.53801109117319,pooled_interaction_ridge_bounded,126,4
0.21468571340958215,15.781568637852956,-19.450221328229485,-0.0,-3.668652690376529,-0.032414785275674554,-51.944257461784986,pooled_interaction_ridge_bounded,127,3
0.24325995960729763,1.596969870182996,176.47180248663517,-0.0,178.06877235681816,1.5733462683426767,841.1742113979982,pooled_interaction_ridge_bounded,128,5
0.23556779585263504,-9.76891730926875,-0.0,108.79220238498712,99.02328507571838,0.8749311515481404,451.9720850978232,pooled_interaction_ridge_bounded,129,3
0.1750677477259716,7.348896599277534,-0.0,12.844436470555301,20.193333069832835,0.17842042043822604,72.15455451630854,pooled_interaction_ridge_bounded,130,2
0.2338770470386053,-27.016030238110776,269.0906216968519,-0.0,242.0745914587411,2.1388767389769963,1158.7840511309741,pooled_interaction_ridge_bounded,131,5
0.2039102782610661,10.061920681987194,0.0,-27.244545339704192,-17.182624657717,-0.1518189743644671,-116.99349631133413,pooled_interaction_ridge_bounded,132,5
0.2231465878490307,16.359285376459965,0.0,-129.61073616947135,-113.25145079301139,-1.0006456782468864,-594.518363346343,pooled_interaction_ridge_bounded,133,2
0.2312988432470761,-6.917032928447259,0.0,-404.26749864492723,-411.1845315733745,-3.6330662574280925,-2067.325879945918,pooled_interaction_ridge_bounded,134,5
0.24189165088265235,-9.93492993176483,-261.31261274256053,0.0,-271.24754267432536,-2.3966375654491903,-1377.8311704560972,pooled_interaction_ridge_bounded,135,1
0.24861876401230776,-15.151394588690946,0.0,-248.36241842295357,-263.5138130116445,-2.328305344453317,-1340.6933362220266,pooled_interaction_ridge_bounded,136,2
0.20358075817597673,10.114298113927713,259.8524648272947,-0.0,269.9667629412224,2.385321094925046,1301.3197193214,pooled_interaction_ridge_bounded,137,2
0.20121116660698396,16.09782027574356,-0.0,120.09738161960351,136.19520189534705,1.203367720415561,640.9811193887697,pooled_interaction_ridge_bounded,138,4
0.1373758437272804,12.37374402645456,-0.0,27.854212119084508,40.22795614553907,0.35543854122726143,177.04615909657414,pooled_interaction_ridge_bounded,139,1
0.1922196218127706,-9.25424250109026,0.0,-9.701900706794513,-18.95614320788477,-0.1674890930259896,-123.91119386968492,pooled_interaction_ridge_bounded,140,4
0.2186168178463004,8.730433297451972,0.0,-55.67912026747098,-46.948686970019004,-0.414820299315887,-266.3282973692067,pooled_interaction_ridge_bounded,141,3
0.24999613105964705,-21.519868394139284,67.34853591484404,-0.0,45.828667520704755,0.4049242440012656,186.9649953220086,pooled_interaction_ridge_bounded,142,1
0.24599409127554317,-20.485267303962,220.23961747285443,-0.0,199.75435016889244,1.7649515817050532,947.8508107388764,pooled_interaction_ridge_bounded,143,1
0.24991078201932268,-11.347274045366348,0.0,-30.730932547648404,-42.078206593014755,-0.37178663302632176,-247.2029379333823,pooled_interaction_ridge_bounded,144,3
0.23922748508360256,-2.5105837130064246,-0.0,82.23861739269184,79.72803367968541,0.7044458307427044,356.0941955066166,pooled_interaction_ridge_bounded,145,3
0.24644771069090857,-6.270846207725757,-0.0,89.43520354860595,83.1643573408802,0.7348078472692448,371.9289940593209,pooled_interaction_ridge_bounded,146,4
0.24177456753017548,2.559147998748445,171.04975392799204,-0.0,173.6089019267405,1.533940591504551,819.3804661222692,pooled_interaction_ridge_bounded,147,3
0.24438656321267918,-6.437676813626554,-277.3167306710806,0.0,-283.7544074847072,-2.5071433482298464,-1439.9969841188588,pooled_interaction_ridge_bounded,148,5
0.24106975552204954,-10.450538691712802,0.0,-102.98743846279248,-113.43797715450529,-1.0022937524764088,-598.2634868698641,pooled_interaction_ridge_bounded,149,2
0.11108160061185872,-6.592247307356231,0.0,2.770333190308816,-3.8219141170474145,-0.03376894350646375,-36.37808623406753,pooled_interaction_ridge_bounded,150,3
0.16536582965740912,11.13590873040082,0.0,-17.140661055657716,-6.004752325256897,-0.05305565112974289,-55.71200254704333,pooled_interaction_ridge_bounded,151,1
0.11118078575480704,5.341177773484916,-0.0,377.33498055237516,382.67615832586006,3.381177382855416,1872.5612832787951,pooled_interaction_ridge_bounded,152,2
0.15645287772525945,6.560378630542369,0.0,-9.239534460030693,-2.679155829488325,-0.023671976679815555,-37.88226562058907,pooled_interaction_ridge_bounded,153,1
0.24995988819901335,-31.05755104666478,519.425157653914,-0.0,488.3676066072492,4.3150258255011735,2372.7174895542908,pooled_interaction_ridge_bounded,154,4
0.2420820998892738,-8.557186463113933,0.0,-27.89917898103874,-36.456365444152674,-0.32211423580749077,-218.2026350114021,pooled_interaction_ridge_bounded,155,1
0.07200700059449043,3.765205178023758,0.0,-44.52378804456177,-40.75858286653801,-0.36012695211658735,-212.65588999007932,pooled_interaction_ridge_bounded,156,4
0.17756915979184082,-5.396054631475791,-0.0,49.531333859347285,44.13527922787149,0.3899621250619289,190.0122622592694,pooled_interaction_ridge_bounded,157,2
0.1975231952865519,13.5726748613418,0.0,-52.08583376008003,-38.513158898738226,-0.34028726111503516,-221.34096409594193,pooled_interaction_ridge_bounded,158,1
0.21934778145386188,-5.3260135503024175,-0.0,110.40707499480625,105.08106144450383,0.9284553024598154,484.4475984655014,pooled_interaction_ridge_bounded,159,1
0.17625425660116525,14.644365233807184,-0.0,115.78881858730698,130.43318382111417,1.1524567745196046,616.4539383360207,pooled_interaction_ridge_bounded,160,5
0.13668823108149789,-6.813656220380416,-0.0,25.19168340361143,18.378027183231016,0.1623810851590321,69.23537663537726,pooled_interaction_ridge_bounded,161,4
0.22049369602419103,-6.5436741147257305,-0.0,59.2827321467002,52.739058031974466,0.46598176116048096,225.7443465246109,pooled_interaction_ridge_bounded,162,3
0.2292931092028446,-22.689188134965093,0.0,-237.23904953604645,-259.9282376710115,-2.2966245982596933,-1319.9389829214256,pooled_interaction_ridge_bounded,163,1
0.22217102227809638,2.530147887123518,-0.0,62.5159340551558,65.04608194227932,0.5747218276381776,286.2657757907316,pooled_interaction_ridge_bounded,164,4
0.18947541463639153,12.745040021795115,97.68252398181696,-0.0,110.42756400361208,0.9756949152157318,515.5610249933312,pooled_interaction_ridge_bounded,165,1
0.20074248399942177,12.020122956712813,48.21449992416898,-0.0,60.234622880881794,0.5322096506891265,265.8776007937541,pooled_interaction_ridge_bounded,166,2
0.24677135314661944,-5.505139305898298,-172.94291869898268,0.0,-178.44805800488098,-1.5766974884983354,-920.2534794961201,pooled_interaction_ridge_bounded,167,3
0.24736353235296998,-19.945267436686326,-0.0,82.28763479315052,62.342367356464194,0.5508328593594956,268.94268530649816,pooled_interaction_ridge_bounded,168,1
0.24689380855961288,0.5121786829790195,-0.0,164.02079100507797,164.532969688057,1.4537491916848795,773.7469215004638,pooled_interaction_ridge_bounded,169,1
0.1564053292047518,-11.0204435069388,-0.0,68.49594282764502,57.47549932070622,0.5078311103092339,259.23545142150556,pooled_interaction_ridge_bounded,170,4
0.096737795192022,6.754287749211989,0.0,-18.524741021924125,-11.770453272712135,-0.10399913745805303,-73.37685412307883,pooled_interaction_ridge_bounded,171,4
0.2187468513445852,27.295109207186574,-19.059867418251127,-0.0,8.235241788935447,0.07276338667376196,6.210495922597753,pooled_interaction_ridge_bounded,172,3
0.24737857374514297,23.96151692313859,0.0,-62.41926888894963,-38.45775196581104,-0.3397977070511333,-228.92217113450542,pooled_interaction_ridge_bounded,173,2
0.24558286504770788,-15.713702978714776,-59.446696376339546,0.0,-75.16039935505432,-0.6640879941344313,-409.9175222021532,pooled_interaction_ridge_bounded,174,5
0.24840918353253053,-11.893967533135006,96.66876018210152,-0.0,84.77479264896651,0.7490370259671675,379.57406889030284,pooled_interaction_ridge_bounded,175,5
0.24991968122286684,2.6765813324707457,29.272539084252692,-0.0,31.94912041672344,0.2822899754919209,118.4244841315071,pooled_interaction_ridge_bounded,176,5
0.24741358752634543,3.8717095083639586,0.0,-43.471854864037944,-39.60014535567399,-0.34989144978396114,-234.57008985075623,pooled_interaction_ridge_bounded,177,2
0.2499873969187332,-1.9465831961390245,-204.01797938073733,0.0,-205.96456257687635,-1.8198225980455145,-1056.6671132914569,pooled_interaction_ridge_bounded,178,1
0.21306014562770104,8.22807045569829,0.0,-20.594024982595634,-12.365954526897344,-0.1092607544370719,-94.64504103408184,pooled_interaction_ridge_bounded,179,5
0.22469947631559276,-28.20407151384708,-276.9003893405154,0.0,-305.10446085436246,-2.695784098393236,-1542.3454025480733,pooled_interaction_ridge_bounded,180,4
0.2273147008983123,-1.3012893115700659,0.0,-62.149060747710735,-63.4503500592808,-0.560622562673514,-349.2021407334793,pooled_interaction_ridge_bounded,181,1
0.22459395752969416,20.35459356027296,-0.0,223.31108993238226,243.6656834926552,2.1529350080435807,1168.1052027584046,pooled_interaction_ridge_bounded,182,4
0.24458232521821904,-4.237072345378807,-0.0,116.45301087502317,112.21593852964436,0.9914962954897183,515.7117338160903,pooled_interaction_ridge_bounded,183,2
0.2270813378097968,-6.813463031365573,0.0,-45.48824644688093,-52.3017094782465,-0.46211751980100146,-294.1010546975291,pooled_interaction_ridge_bounded,184,3
0.24939753809580645,-0.8610595683345381,0.0,-6.6281772166975035,-7.489236785032041,-0.06617197722267386,-76.28348218510374,pooled_interaction_ridge_bounded,185,5
0.24081060715472566,-12.209200505552595,66.0453220508327,-0.0,53.8361215452801,0.475674986771851,227.9618679898772,pooled_interaction_ridge_bounded,186,3
0.24804174090048337,-8.89944737923064,61.211489345089014,-0.0,52.31204196585837,0.46220881363434274,219.29498990971496,pooled_interaction_ridge_bounded,187,5
0.24433066460830666,4.785904628347752,-0.0,74.74974555345976,79.53565018180751,0.7027460051389743,354.33997141084654,pooled_interaction_ridge_bounded,188,4
0.24361724289339873,-11.746789687814285,0.0,-22.674767671695033,-34.42155735950932,-0.30413546465972335,-208.39436842769658,pooled_interaction_ridge_bounded,189,3
0.2423889482443389,-25.59713511605906,0.0,-68.20026990337576,-93.79740501943482,-0.8287573122132766,-501.4644596215435,pooled_interaction_ridge_bounded,190,3
0.11943963314157935,6.668350236999812,-0.0,60.46053028948914,67.12888052648896,0.593124624135304,312.73858442227794,pooled_interaction_ridge_bounded,191,2
0.24889207418336634,-12.421399736310025,-0.0,166.43505546058836,154.01365572427832,1.3608046335156803,721.4760806070727,pooled_interaction_ridge_bounded,192,4
0.22257626699518107,-6.662076693237794,0.0,-32.51706037626747,-39.179137069505266,-0.3461715846598416,-228.57748923174202,pooled_interaction_ridge_bounded,193,1
0.24116331352509077,5.863593539418888,0.0,-298.4012428412905,-292.5376493018716,-2.584748649564187,-1482.8705146922118,pooled_interaction_ridge_bounded,194,5
0.248371193813082,-3.944753011098025,-0.0,148.30619017169877,144.36143716060076,1.2755213923420994,673.8848150906863,pooled_interaction_ridge_bounded,195,4
0.14609515469942447,0.0,0.0,-0.26208647862871354,-0.26208647862871354,-0.002315693974164529,-24.312212562908783,pooled_interaction_ridge_bounded,196,5
0.1567273059868552,3.354551777989052,0.0,-39.710314368724255,-36.3557625907352,-0.3212253482057285,-204.25783731773748,pooled_interaction_ridge_bounded,197,1
0.22023916131426646,-2.117454340469815,-0.0,163.9873350227941,161.8698806823243,1.4302191751975528,764.7931636954268,pooled_interaction_ridge_bounded,198,3
0.24632020842473648,24.818830955872404,-319.85534800325536,0.0,-295.036517047383,-2.6068276710031846,-1496.0251722819391,pooled_interaction_ridge_bounded,199,2
0.15610928615671393,-2.866108329055893,-0.0,8.60833406718155,5.742225738125658,0.05073606852838703,3.7659655560620964,pooled_interaction_ridge_bounded,200,2
0.2439448243634107,5.128090287451492,0.0,-24.752682844833767,-19.624592557382275,-0.17339525094289018,-135.36220042513298,pooled_interaction_ridge_bounded,201,2
0.14543428130232353,-2.9462744064266544,-0.0,115.1652180467913,112.21894364036464,0.9915228474767687,531.3476547384792,pooled_interaction_ridge_bounded,202,2
0.18784332100908546,4.089536481764858,-0.0,69.86581297499818,73.95534945676303,0.6534406429141727,335.6780281326424,pooled_interaction_ridge_bounded,203,3
0.17775318010551056,2.335000328115786,-0.0,81.76081077559414,84.09581110370992,0.7430378096735751,387.35257699245307,pooled_interaction_ridge_bounded,204,4
0.1597399077787741,1.0997333833434406,0.0,-31.046774330548352,-29.94704094720491,-0.26460038163106986,-173.07912565312154,pooled_interaction_ridge_bounded,205,4
0.17862544530301447,17.117075748349087,0.0,-125.71033727708111,-108.59326152873203,-0.9594877334866343,-564.4966296908178,pooled_interaction_ridge_bounded,206,2
0.24995624331336755,4.9219211946573544,-200.00045371768297,0.0,-195.07853252302561,-1.7236378794359437,-1002.8949472426472,pooled_interaction_ridge_bounded,207,4
0.11923591290140062,11.829099693497302,0.0,-29.676261722710457,-17.847162029213155,-0.15769056756848288,-106.93501099158,pooled_interaction_ridge_bounded,208,2
0.24939213491878143,8.76992430801031,0.0,-43.627242333474655,-34.857318025464345,-0.3079856760617373,-211.45648854903078,pooled_interaction_ridge_bounded,209,2
0.23634333033599192,-6.230323931968644,0.0,-35.9769117613544,-42.20723569332304,-0.37292668386617855,-245.7026327348511,pooled_interaction_ridge_bounded,210,5
0.19040799475548964,-0.08672612800177347,-123.1415341333423,0.0,-123.22826026134408,-1.088796878141235,-638.6368183507831,pooled_interaction_ridge_bounded,211,4
0.21960831516841223,13.144289610944899,0.0,-86.99112567993994,-73.84683606899505,-0.6524818609141043,-399.33732374618745,pooled_interaction_ridge_bounded,212,2
0.24320970924093557,-3.3322597774635785,363.622974549762,-0.0,360.2907147722984,3.18338832858139,1741.1956401707546,pooled_interaction_ridge_bounded,213,1
0.24617089060688793,-10.092236888931678,311.90557161391,-0.0,301.81333472497835,2.666704990665489,1451.9031110709425,pooled_interaction_ridge_bounded,214,3
0.19705169411229936,-1.0617804887181606,-0.0,120.91893461382546,119.8571541251073,1.0590110982459982,560.9411052427622,pooled_interaction_ridge_bounded,215,1
0.24706822294891193,18.952669442397067,54.15739934153529,-0.0,73.11006878393235,0.6459720723461934,322.17203226825336,pooled_interaction_ridge_bounded,216,1
0.2136279841299507,-11.579554222691437,0.0,-79.72829147122614,-91.30784569391759,-0.8067605363452911,-484.63688381811244,pooled_interaction_ridge_bounded,217,1
0.24929687885919685,-3.433900719106895,-0.0,260.57885862626335,257.1449579071565,2.272032623079227,1230.7887485550636,pooled_interaction_ridge_bounded,218,4
0.24936683204962445,-24.311506418592696,90.7626056537039,-0.0,66.4510992351112,0.5871360128171733,288.9205220789085,pooled_interaction_ridge_bounded,219,1
0.1476854650678765,2.5428762727850582,0.0,-18.581625314752266,-16.038749041967208,-0.14171213526141643,-102.4853815178024,pooled_interaction_ridge_bounded,220,2
0.21778191743006894,11.164179808359709,0.0,-46.74171570248131,-35.577535894121596,-0.3143492404366013,-210.03343433484278,pooled_interaction_ridge_bounded,221,5
0.24989530910316257,-5.982486082736869,462.1634847538485,-0.0,456.18099867111164,4.030637502851002,2213.7545918274313,pooled_interaction_ridge_bounded,222,5
0.1386206613840665,-0.6761508869864392,-244.8633358056039,0.0,-245.53948669259034,-2.169491202783436,-1234.585692644531,pooled_interaction_ridge_bounded,223,5
0.23078982746168133,-2.2309896640953024,-0.0,164.3688328780807,162.1378432139854,1.4325867876860572,764.4543692708044,pooled_interaction_ridge_bounded,224,3
0.2145575876307255,11.518407053095235,-0.0,189.57087726476502,201.08928431786026,1.7767465395405184,959.3971097198302,pooled_interaction_ridge_bounded,225,5
0.24589532655031954,22.97486797851676,95.65481039545892,-0.0,118.62967837397568,1.0481656009307576,547.1830081713714,pooled_interaction_ridge_bounded,226,3
0.24518549869541012,13.201791301991692,0.0,-138.31130294335756,-125.10951164136587,-1.1054188820973287,-656.5588822860636,pooled_interaction_ridge_bounded,227,2
0.18009012929976642,17.95051786510874,-0.0,81.64947233369871,99.59999019880745,0.8800266932387862,463.5611693934737,pooled_interaction_ridge_bounded,228,3
0.21102372169651848,13.784700697659606,22.686419695646066,-0.0,36.47112039330567,0.32224460478730793,146.8872996075051,pooled_interaction_ridge_bounded,229,3
0.2308979377716981,-4.930066169239982,0.0,-3.0133070200122374,-7.9433731892522195,-0.0701845494858589,-75.61184131916595,pooled_interaction_ridge_bounded,230,2
0.22011383521048627,4.906800511259988,-0.0,145.97432663445326,150.88112714571326,1.3331268319318843,710.5382893218878,pooled_interaction_ridge_bounded,231,5
0.16482342285373824,8.515308225762817,32.365455859016556,-0.0,40.88076408477937,0.3612064977395358,175.9459965261207,pooled_interaction_ridge_bounded,232,5
0.24124687452340887,7.345667271077652,0.0,-183.55790489136763,-176.21223762028998,-1.5569426510149171,-908.3401267946991,pooled_interaction_ridge_bounded,233,3
0.24437880383431126,-16.020673607828044,0.0,-116.23476760484522,-132.25544121267325,-1.1685575305871776,-691.7262895427509,pooled_interaction_ridge_bounded,234,5
0.09289489482202043,0.89520838583187,0.0,-34.056448074864676,-33.161239689032804,-0.2929997889456394,-178.42275756689028,pooled_interaction_ridge_bounded,235,3
0.24694215958510868,-3.9846087090741573,-0.0,208.51369139822336,204.5290826891492,1.8071392572511453,971.2843502996687,pooled_interaction_ridge_bounded,236,4
0.2460563286441934,5.977799363018946,0.0,-546.3161364483049,-540.338337085286,-4.774218943858916,-2707.555318739667,pooled_interaction_ridge_bounded,237,3
0.2276839588917311,-18.44479929064008,-0.0,151.85880661064434,133.41400732000426,1.1787941691480643,623.0736346255708,pooled_interaction_ridge_bounded,238,4
0.24880659972444397,-12.12912690922563,0.0,-21.273305958033568,-33.40243286725919,-0.2951308778608355,-204.17840348928442,pooled_interaction_ridge_bounded,239,3
0.24886590587889987,0.0,3.7519613014313493,-0.0,3.7519613014313493,0.03315086769253575,-20.678251591449836,pooled_interaction_ridge_bounded,240,4
0.2179202471577503,-6.362710770052271,213.02082630198854,-0.0,206.65811553193626,1.8259505616367666,986.3723607513783,pooled_interaction_ridge_bounded,241,3
0.1486289334687929,8.660696382137024,-0.0,104.90908822150332,113.56978460364034,1.003458351723608,537.5162743670664,pooled_interaction_ridge_bounded,242,5
0.1477817496576588,9.204713311533752,52.30519745893457,-0.0,61.50991077046832,0.5434775974244641,280.52050912122286,pooled_interaction_ridge_bounded,243,1
0.21806514473076655,8.607361515084847,40.2849992742571,-0.0,48.89236078934195,0.43199384361583465,207.1277263207126,pooled_interaction_ridge_bounded,244,5
0.16960717013596438,-10.293698227016735,-182.88657552101128,0.0,-193.18027374802801,-1.706865604766657,-980.8600028287678,pooled_interaction_ridge_bounded,245,4
0.06621506468724035,2.886314370887769,0.0,-5.726849081610279,-2.84053471072251,-0.02509785757526162,-24.462088878015674,pooled_interaction_ridge_bounded,246,2
0.21017126431471406,-11.686675775411562,0.0,-27.59587279760433,-39.28254857301589,-0.34708528839912567,-227.1338034091027,pooled_interaction_ridge_bounded,247,1
0.15105687500705317,7.253196117279353,-0.0,28.075342544042197,35.32853866132155,0.31214919793690576,150.69192776553697,pooled_interaction_ridge_bounded,248,5
0.23792987277421293,6.247428860837606,46.46387688175202,-0.0,52.71130574258963,0.4657365527482272,222.86015190624437,pooled_interaction_ridge_bounded,249,3
0.21487064211905474,0.7999232535525956,-0.0,64.48600867993723,65.28593193348982,0.5768410486764228,288.60061763216646,pooled_interaction_ridge_bounded,250,4
0.13839793878956103,0.0,0.0,-0.24323665229352615,-0.24323665229352615,-0.0021491442555875593,-23.006391299708866,pooled_interaction_ridge_bounded,251,4
0.15479706693594109,-0.5512276423060102,0.0,-116.2146961550155,-116.76592379732152,-1.0316981919096544,-601.1080418665813,pooled_interaction_ridge_bounded,252,4
0.1942995099572547,3.6975561860289083,0.0,-24.062632406413243,-20.365076220384335,-0.17993787597777544,-131.19775629498278,pooled_interaction_ridge_bounded,253,2
0.14551085681052692,10.298107873855574,-0.0,67.03876953385884,77.33687740771441,0.6833185059022144,359.049363092163,pooled_interaction_ridge_bounded,254,3
0.23760871702836645,13.38644353898045,-0.0,244.69087131016983,258.0773148491503,2.2802705656226276,1237.2352641756333,pooled_interaction_ridge_bounded,255,2
0.17687541827546552,6.516406035811092,0.0,-14.521277109043604,-8.004871073232511,-0.07072792081925293,-67.40417228501154,pooled_interaction_ridge_bounded,256,5
0.17138969546753602,-23.811592026475793,-0.0,114.58273876901029,90.7711467425345,0.8020184735950074,421.3253546432061,pooled_interaction_ridge_bounded,257,5
0.24401131988369415,-4.718635001831778,15.788732384831698,-0.0,11.07009738299992,0.09781106578772943,16.231654054150727,pooled_interaction_ridge_bounded,258,5
0.21446459508295498,-1.755919918678043,0.0,-8.008935923609616,-9.764855842287659,-0.08627846026579973,-82.01921391083391,pooled_interaction_ridge_bounded,259,5
0.12495752621886462,0.10757219539223675,167.0691765667209,-0.0,167.17674876211314,1.4771085931421637,806.0162621218776,pooled_interaction_ridge_bounded,260,3
0.18800618134991495,19.29851047372407,0.0,-46.94023522334911,-27.641724749625045,-0.2442315062308159,-166.1463623855237,pooled_interaction_ridge_bounded,261,1
0.2489276980380309,2.6525358951066695,629.2526922536484,-0.0,631.9052281487551,5.5832683041238695,3081.827659829506,pooled_interaction_ridge_bounded,262,5
0.24921635615073048,-9.424309637914767,0.0,-112.10417083830329,-121.52848047621805,-1.0737782864671517,-639.5068632817162,pooled_interaction_ridge_bounded,263,3
0.2270715633991267,7.647572140014146,384.51397779162045,-0.0,392.16154993163457,3.4649866060515504,1901.1516916424223,pooled_interaction_ridge_bounded,264,1
0.0989121597692544,10.798885302088737,-0.0,29.46643799626771,40.26532329835645,0.35576870282530965,183.2907907883749,pooled_interaction_ridge_bounded,265,4
0.24967066869271126,-10.645485739443366,-0.0,123.61298430194846,112.96749856250509,0.9981367870115415,518.622084458711,pooled_interaction_ridge_bounded,266,3
0.2069533019785317,-14.828684796150542,0.0,-28.549604026413444,-43.37828882256399,-0.38327365288571147,-246.85609932298829,pooled_interaction_ridge_bounded,267,4
0.2491154762924886,15.87905292312827,-262.851028879231,0.0,-246.97197595610277,-2.182148119587872,-1259.0697060651794,pooled_interaction_ridge_bounded,268,2
0.19981327875465213,18.35801546168406,-0.0,51.47205270097643,69.8300681626605,0.6169912652718409,313.4169224812615,pooled_interaction_ridge_bounded,269,3
0.17184722419547402,0.0,0.0,-1.676674637991312,-1.676674637991312,-0.014814443599478389,-35.35633112263398,pooled_interaction_ridge_bounded,270,1
0.23447501503653048,8.821168458631687,-251.78985007807862,0.0,-242.96868161944693,-2.146776571155822,-1236.9903609250448,pooled_interaction_ridge_bounded,271,3
0.20092863706326364,7.195204194072172,0.0,-44.81888225204731,-37.62367805797514,-0.3324281550906918,-217.4842616232208,pooled_interaction_ridge_bounded,272,2
0.05310673296907772,2.0069603596785774,-177.09091580867192,0.0,-175.08395544899335,-1.5469735895093435,-873.125365169584,pooled_interaction_ridge_bounded,273,2
0.2204550050265182,8.759825195488345,0.0,-125.7330208057661,-116.97319561027776,-1.0335295648625373,-612.476388836925,pooled_interaction_ridge_bounded,274,3
0.2480170933166912,-1.9293970013551605,87.5201642716827,-0.0,85.59076727032755,0.7562466596867069,383.66602915539613,pooled_interaction_ridge_bounded,275,2
0.23245721039564798,4.3239329079031235,0.0,-144.9797036600565,-140.65577075215336,-1.2427795682800418,-731.3381250086087,pooled_interaction_ridge_bounded,276,5
0.21543263441912872,22.025774695256633,0.0,-122.34669270913096,-100.32091801387433,-0.8863965304234165,-529.4377326948993,pooled_interaction_ridge_bounded,277,2
0.1662617774482534,3.75241219694775,0.0,-12.58322851260308,-8.83081631565533,-0.07802565106033847,-69.81139183016468,pooled_interaction_ridge_bounded,278,4
0.19029261884783177,7.232250248083705,-0.0,-9.44088879402442,-2.2086385459407154,-0.01951466935151567,-40.88988580927219,pooled_interaction_ridge_bounded,279,5
0.24987132141023952,-1.9882888155515817,0.0,-273.82771810012156,-275.81600691567314,-2.4370027348781034,-1401.6525217285591,pooled_interaction_ridge_bounded,280,2
0.14520326508029976,4.529879227774491,0.0,-26.476480364040995,-21.946601136266505,-0.19391161371831592,-131.27381175537002,pooled_interaction_ridge_bounded,281,2
0.17575071747480228,2.019560832614921,534.7022013186137,-0.0,536.7217621512286,4.742264297340217,2623.2356777262303,pooled_interaction_ridge_bounded,282,4
0.17838819803570535,0.0,0.0,-1.6197656000601592,-1.6197656000601592,-0.014311617521222885,-36.10580183165704,pooled_interaction_ridge_bounded,283,4
0.13887494035918924,18.68391760787868,-0.0,-5.674041920717719,13.00987568716096,0.11495019083402505,42.37698395533933,pooled_interaction_ridge_bounded,284,3
0.24904600447443567,-1.8042529408429533,-132.54189356827712,0.0,-134.34614650912008,-1.1870301877119065,-702.7878366485414,pooled_interaction_ridge_bounded,285,4
0.24872670174741962,4.885750425560601,-0.0,179.11043407147508,183.99618449703567,1.6257185717415732,869.5890270097535,pooled_interaction_ridge_bounded,286,1
0.1111982176802665,8.95160588554149,0.0,-36.526082607935,-27.574476722393513,-0.24363732887283354,-153.71288703060824,pooled_interaction_ridge_bounded,287,2
0.2499979637959279,-10.419469511016159,138.39283443811854,-0.0,127.97336492710238,1.130722773512751,592.6860845657077,pooled_interaction_ridge_bounded,288,3
0.11688820315392373,7.259291348772729,12.310417818855216,-0.0,19.569709167627945,0.1729103227024071,78.2407755399376,pooled_interaction_ridge_bounded,289,2
0.23213525811960276,3.952227128254663,-0.0,239.1505711753566,243.10279830361125,2.147961573903691,1164.1368980404723,pooled_interaction_ridge_bounded,290,5
0.19767538887732217,3.336338775147459,0.0,-30.757384672304426,-27.421045897156965,-0.24228167390234306,-166.5798194109825,pooled_interaction_ridge_bounded,291,2
0.24451251258257878,-6.687985126102676,-0.0,62.43768670203855,55.74970157593587,0.4925826340845104,236.82999628540833,pooled_interaction_ridge_bounded,292,3
0.21578821090254566,-16.160238965483614,51.83161867941455,-0.0,35.67137971393093,0.31517840785180745,142.18663563559466,pooled_interaction_ridge_bounded,293,1
0.1358163450717677,16.841471075498312,-156.13264573258644,0.0,-139.29117465708813,-1.2307225290499195,-709.3721753929095,pooled_interaction_ridge_bounded,294,4
0.24702200282459935,7.864210332387626,0.0,-89.53078221010182,-81.66657187771419,-0.72157399869456,-442.2789393212058,pooled_interaction_ridge_bounded,295,3
0.2438561293366489,-3.5965596255969614,0.0,-75.48066627003877,-79.07722589563573,-0.6986955468221127,-428.9910916481641,pooled_interaction_ridge_bounded,296,3
0.24746583361665053,23.896086074430812,-0.034124717871452694,-0.0,23.86196135655936,0.21083499009276074,78.86775850858835,pooled_interaction_ridge_bounded,297,3
0.039844222137777684,3.884420938658472,-0.0,17.232107940549664,21.116528879208136,0.1865774187844586,98.01919771830794,pooled_interaction_ridge_bounded,298,4
0.15607956055066055,2.9064906079193613,-0.0,93.64081002233418,96.54730063025355,0.8530543180293437,452.2665503874857,pooled_interaction_ridge_bounded,299,1
0.24919626791462288,15.649756006379059,63.782556648351125,-0.0,79.43231265473018,0.7018329550266218,353.06298567650356,pooled_interaction_ridge_bounded,300,3
0.18466907712941733,4.12116440908576,-0.0,68.42258547947681,72.54374988856257,0.6409682993155322,329.2060999182295,pooled_interaction_ridge_bounded,301,5
0.22364149859003918,0.6661408012959903,0.0,-5.65784998695273,-4.99170918565674,-0.044104796792598204,-59.88998531831142,pooled_interaction_ridge_bounded,302,1
0.21817210845043003,-10.805333820499218,0.0,-12.404738350680702,-23.21007217117992,-0.2050751513315069,-149.01069431689416,pooled_interaction_ridge_bounded,303,4
0.24582441448095987,-3.132903740888193,-140.2593597060694,0.0,-143.3922634469576,-1.2669581511541341,-746.9599968301,pooled_interaction_ridge_bounded,304,1
0.23522911955489018,5.370020682623688,-0.0,80.46520493106446,85.83522561368815,0.7584065983283961,386.8882193372645,pooled_interaction_ridge_bounded,305,2
0.08908381389307542,9.467862389114426,0.0,-51.0896854463642,-41.62182305724977,-0.3677542059846503,-219.61002920446248,pooled_interaction_ridge_bounded,306,3
0.11024447594846094,0.8671056492838009,0.0,-1.1128479220877987,-0.24574227280399785,-0.0021712829418257845,-18.583102420629896,pooled_interaction_ridge_bounded,307,4
0.24547040690790994,-9.056498119436263,-0.0,202.0150407983277,192.95854267889143,1.7049064754618142,914.368104426932,pooled_interaction_ridge_bounded,308,3
0.24842763068977833,21.01731252113019,79.70438693063466,-0.0,100.72169945176485,0.8899376789997795,458.3346275293394,pooled_interaction_ridge_bounded,309,1
0.24836320462068856,-28.750691044241016,-0.0,78.96126728695843,50.210576242717416,0.44364108157333565,208.8649800927083,pooled_interaction_ridge_bounded,310,1
0.11571800710831533,6.757912505673587,-0.0,-2.2982333746302803,4.459679131043306,0.03940398659441892,3.7951016310253767,pooled_interaction_ridge_bounded,311,3
0.22976521066241212,6.838117752842502,0.0,-47.18385491507952,-40.34573716223702,-0.3564792083843978,-235.4720910138141,pooled_interaction_ridge_bounded,312,1
0.23847277771390546,-8.171405682598124,-0.0,106.09113821197049,97.91973252937237,0.8651805913699954,446.06383315771774,pooled_interaction_ridge_bounded,313,1
0.21027955884434713,14.837566293564754,0.0,-38.02643670340726,-23.188870409842508,-0.204887820831942,-147.66248117428157,pooled_interaction_ridge_bounded,314,3
0.21720181971997868,3.0691840226697855,-0.0,213.06867366762637,216.13785769029616,1.9097098685174783,1033.3070037436125,pooled_interaction_ridge_bounded,315,3
0.21448833247030655,0.7894107399543691,-0.0,104.8517465019015,105.64115724185586,0.9334040906219105,487.979592137227,pooled_interaction_ridge_bounded,316,4
0.24695111057482308,21.84550150248674,5.6451003922754746,-0.0,27.490601894762214,0.24289624358699152,96.8710954055285,pooled_interaction_ridge_bounded,317,5
0.0718704921577642,0.470834507892376,0.0,-26.220771847583404,-25.749937339691026,-0.22751641002094763,-138.50508963580023,pooled_interaction_ridge_bounded,318,2
0.1732127181611919,5.2605283573653185,0.0,-19.265371743537415,-14.004843386172096,-0.1237413376232208,-96.46160264356374,pooled_interaction_ridge_bounded,319,4
0.22860071598822848,-20.108167614019855,704.2673323830734,-0.0,684.1591647690535,6.044963721572023,3343.1179765387265,pooled_interaction_ridge_bounded,320,1
0.11923143326424587,9.494330082598447,-0.0,71.11544337983977,80.60977346243823,0.712236539795629,379.3549478055293,pooled_interaction_ridge_bounded,321,1
0.08480920687638507,2.4109094689828234,-0.0,56.90527426206728,59.3161837310501,0.5240946803326625,279.60697569070163,pooled_interaction_ridge_bounded,322,2
0.16045925303988712,16.130717960801753,0.0,-30.473009738217215,-14.342291777415461,-0.12672290008413964,-96.11894852018591,pooled_interaction_ridge_bounded,323,4
0.24164805183851268,-7.193662102839201,-0.0,31.734113784683473,24.54045168184427,0.21682986615814148,83.13550358881487,pooled_interaction_ridge_bounded,324,3
0.19822541504003385,-4.311182238434657,66.37189755635914,-0.0,62.06071531792449,0.548344291723843,275.2934370654362,pooled_interaction_ridge_bounded,325,1
0.24410290789187752,9.181005009729923,-0.0,52.562384895984934,61.74338990571486,0.5455405280625206,266.49799349421033,pooled_interaction_ridge_bounded,326,2
0.22728267344138137,0.0,0.0,-5.914397118555424,-5.914397118555424,-0.05225730774023364,-65.0209172017223,pooled_interaction_ridge_bounded,327,1
0.18695101141108184,0.4145460045701313,0.0,-63.49131261718237,-63.07676661261224,-0.5573217249468811,-340.997549388207,pooled_interaction_ridge_bounded,328,2
0.22961055009645254,2.9236007486344597,-0.0,81.4540642257632,84.37766497439766,0.7455281606194215,380.57439550576254,pooled_interaction_ridge_bounded,329,5
0.17633953059343047,0.0,0.0,-0.2279550302484921,-0.2279550302484921,-0.0020141217993727267,-28.908727885266206,pooled_interaction_ridge_bounded,330,4
0.20767849150033116,7.484125458468601,-0.0,42.40290730804778,49.887032766516384,0.44078237752214205,213.6769658420106,pooled_interaction_ridge_bounded,331,3
0.24221717941657278,12.837545489690175,-250.66449914051435,0.0,-237.82695365082418,-2.1013462668683562,-1212.8146225681803,pooled_interaction_ridge_bounded,332,2
0.17956546155145675,-7.61353799111971,0.0,-19.256542591269813,-26.870080582389523,-0.23741355912566245,-161.0052686655857,pooled_interaction_ridge_bounded,333,1
0.24851056129369728,0.7609861556289617,3.2806396897529524,-0.0,4.041625845381914,0.03571023070303922,-19.191582039496918,pooled_interaction_ridge_bounded,334,4
0.2090195783245294,15.005345290186542,0.0,-45.06841437802845,-30.06306908784191,-0.26562556105853374,-181.4163641662527,pooled_interaction_ridge_bounded,335,5
0.06579152428025475,7.099250599779387,0.0,-12.044021463845414,-4.944770864066028,-0.04369006807773385,-34.788404458968195,pooled_interaction_ridge_bounded,336,3
0.23057407323702808,11.490570363497039,0.0,-334.59241500470006,-323.101844641203,-2.8548019668615834,-1632.1619517816112,pooled_interaction_ridge_bounded,337,4
0.1907433497151175,4.5838536079450956,0.0,-90.3395868582868,-85.75573325034169,-0.7577042347888627,-453.6088669190799,pooled_interaction_ridge_bounded,338,1
0.2256566807415492,-7.665026162253285,69.95544900557134,-0.0,62.290422843318055,0.550373897887264,272.10610688009933,pooled_interaction_ridge_bounded,339,3
0.2180893243364247,11.094696839000964,0.0,-91.4271922111226,-80.33249537212164,-0.709786618661683,-431.13136166343924,pooled_interaction_ridge_bounded,340,5
0.23913797102975154,-3.7670338586079306,0.0,-168.33648146572327,-172.1035153243312,-1.5206395822261376,-887.7144471292823,pooled_interaction_ridge_bounded,341,5
0.2445339027450024,-11.017122026573109,-34.665950149419444,0.0,-45.68307217599255,-0.40363782028272616,-264.16060779156084,pooled_interaction_ridge_bounded,342,3
0.2495372543513167,-11.335147306731825,83.40276475385319,-0.0,72.06761744712136,0.6367613786406522,316.63425101799265,pooled_interaction_ridge_bounded,343,5
0.19965160711194013,14.40566870777632,-52.242804854757104,0.0,-37.83713614698078,-0.33431418756758,-218.33735379289095,pooled_interaction_ridge_bounded,344,4
0.18834071663481045,-0.7100600927500254,0.0,-40.58110530995936,-41.29116540270939,-0.364832643826477,-233.6151053615035,pooled_interaction_ridge_bounded,345,5
0.23960604225747426,-7.7552986127190575,-99.04953524962905,0.0,-106.8048338623481,-0.9436858836852128,-565.2710757021981,pooled_interaction_ridge_bounded,346,5
0.24999576923508612,-4.820206294404594,100.7790105659802,-0.0,95.9588042715756,0.8478545935767944,434.56311774129836,pooled_interaction_ridge_bounded,347,3
0.19430274679135048,11.96993650960152,31.138974859676658,-0.0,43.108911369278175,0.3808935387012119,182.30649453743342,pooled_interaction_ridge_bounded,348,3
0.08875009229040728,-0.48881156679659443,-0.0,25.645489823749376,25.15667825695278,0.2222746039949239,110.26865443599469,pooled_interaction_ridge_bounded,349,2
0.2415315389414481,-6.92780309990202,0.0,-5.5022333119752656,-12.430036411877285,-0.10982695699615691,-99.44730359021253,pooled_interaction_ridge_bounded,350,3
0.24997866644373865,-12.40797829445066,-0.0,301.04784793697814,288.63986964252746,2.550309387695393,1386.2380422508184,pooled_interaction_ridge_bounded,351,5
0.19056235059471827,-2.916892364225297,94.0553529112255,-0.0,91.13846054700021,0.8052639152067957,420.11884589495537,pooled_interaction_ridge_bounded,352,4
0.19801862853659877,1.3678806881578782,0.0,-5.923203162264674,-4.555322474106795,-0.040249053895715425,-53.69766328815914,pooled_interaction_ridge_bounded,353,4
0.08854046182705817,2.8755402348114534,18.8327518369391,-0.0,21.708292071750552,0.19180600770775114,93.26973703380858,pooled_interaction_ridge_bounded,354,5
0.2455555711376352,7.277363665558938,0.0,-15.641058679544258,-8.363695013985321,-0.07389834930428893,-79.99721050287343,pooled_interaction_ridge_bounded,355,2
0.19909450437231527,-3.2966350681003256,0.0,-41.08704876712198,-44.3836838352223,-0.392156931354137,-250.58367432456365,pooled_interaction_ridge_bounded,356,4
0.21916951355509007,15.625119270716864,0.0,-290.4791440156252,-274.8540247449083,-2.4285030353600305,-1392.0640257216733,pooled_interaction_ridge_bounded,357,2
0.1775593766107943,7.786957161687052,0.0,-25.83646310935573,-18.049505947668678,-0.15947839956625676,-117.12344963771186,pooled_interaction_ridge_bounded,358,3
0.09532446563868499,0.0,0.0,-2.5521198973860066,-2.5521198973860066,-0.02254953669736816,-27.62385289267852,pooled_interaction_ridge_bounded,359,2
0.10241342756234083,6.881433127497214,0.0,-62.459320988062956,-55.57788786056574,-0.49106455506172697,-290.6406358481007,pooled_interaction_ridge_bounded,360,1
0.2253381110009833,-11.184953775110548,0.0,-13.355510504171864,-24.54046427928241,-0.2168299774641949,-156.71066780182917,pooled_interaction_ridge_bounded,361,4
0.19553388728022464,19.984318322186155,0.0,-36.680356513889585,-16.69603819170343,-0.14751968600303314,-113.27046803161856,pooled_interaction_ridge_bounded,362,1
0.2469893177566186,-20.10924320478838,0.0,-187.3569937176601,-207.46623692244847,-1.8330908072694063,-1063.6116856818542,pooled_interaction_ridge_bounded,363,1
0.2476544578217295,-13.099388234162797,483.73231350419394,-0.0,470.63292527003114,4.158329093486611,2285.487243983814,pooled_interaction_ridge_bounded,364,1
0.15944812564407848,6.453121402688008,0.0,-74.64679656399082,-68.1936751613028,-0.6025327345134599,-361.93733974429114,pooled_interaction_ridge_bounded,365,3
0.17071526360458839,16.63665445799314,0.0,-28.432606074407524,-11.795951616414385,-0.10422443088475485,-85.15817015279295,pooled_interaction_ridge_bounded,366,1
0.2490949803177803,-10.242785974114266,-24.524240783720018,0.0,-34.76702675783429,-0.3071878976129422,-210.9637127775264,pooled_interaction_ridge_bounded,367,1
0.20313479587565575,16.18340109085238,0.0,-42.89542391077305,-26.712022819920666,-0.23601702234118538,-163.93802550244084,pooled_interaction_ridge_bounded,368,4
0.24999670467072818,7.605331893670586,-119.23152972458179,0.0,-111.62619783091121,-0.9862855765334358,-590.7213847310744,pooled_interaction_ridge_bounded,369,3
0.19614017106913095,2.5704473567205173,0.0,-19.642496567167886,-17.072049210447368,-0.1508419728103519,-115.22314822705299,pooled_interaction_ridge_bounded,370,5
0.2337579484764691,2.318262990946425,-0.0,82.27644415817126,84.59470714911768,0.7474458606807465,380.9929545070569,pooled_interaction_ridge_bounded,371,1
0.24889246101829424,-3.686482721252517,248.12488055817863,-0.0,244.43839783692613,2.159762410815906,1168.0934171708698,pooled_interaction_ridge_bounded,372,5
0.19289191536772266,4.698271076512252,0.0,-16.564767293823653,-11.8664962173114,-0.1048477354827707,-89.00059691423169,pooled_interaction_ridge_bounded,373,5
0.14039965983012404,2.135891859762151,0.0,-37.959815869467626,-35.82392400970547,-0.3165262297935059,-199.05855940372854,pooled_interaction_ridge_bounded,374,4
0.13276310322932425,0.0,0.0,-0.04458115081837711,-0.04458115081837711,-0.0003939016726524313,-21.137425073813958,pooled_interaction_ridge_bounded,375,5
0.2410362491446783,-14.910782519621646,-329.8347775208732,0.0,-344.74556004049487,-3.046037400260936,-1740.7109069489106,pooled_interaction_ridge_bounded,376,1
0.19866038883963757,0.2264096124112584,-0.0,119.7873272257779,120.01373683818916,1.0603946020690078,561.4610290923858,pooled_interaction_ridge_bounded,377,1
0.17701771958439785,11.931089811483842,0.0,-42.05726126492022,-30.126171453436378,-0.2661831089661068,-176.68604246669958,pooled_interaction_ridge_bounded,378,5
0.21141502734124892,-2.510569108425961,12.790386940320486,-0.0,10.279817831894526,0.09082846369404127,17.46402533208248,pooled_interaction_ridge_bounded,379,2
0.24969181662699036,5.546703949092883,-188.40376813599372,0.0,-182.85706418690083,-1.6156537486655052,-942.490156906655,pooled_interaction_ridge_bounded,380,2
0.11921910485140066,0.0,0.0,-0.3692760635590038,-0.3692760635590038,-0.0032627793683252487,-20.607229227871617,pooled_interaction_ridge_bounded,381,4
0.16220903878338375,6.000828799989824,-320.42275928359726,0.0,-314.4219304836074,-2.778109628454136,-1578.5198137887116,pooled_interaction_ridge_bounded,382,2
0.24965051606641067,13.429658332546069,0.0,-416.65904891080135,-403.2293905782553,-3.56277773219622,-2030.9259566703552,pooled_interaction_ridge_bounded,383,2
0.2499735142680828,-3.344123993183967,-0.0,229.51922731668503,226.17510332350108,1.9983950588089983,1077.7187441443978,pooled_interaction_ridge_bounded,384,4
0.23857597972262418,-1.3547342822678707,-0.0,247.10872034125154,245.75398605898366,2.171386435581473,1176.2166402789858,pooled_interaction_ridge_bounded,385,4
0.19604122484433306,-0.09508871870869612,0.0,-9.199576676844623,-9.29466539555332,-0.08212404074019378,-76.79423491869392,pooled_interaction_ridge_bounded,386,1
0.24994064236498864,-0.6701832483640381,0.0,-170.61399198264394,-171.28417523100796,-1.5134002125080688,-885.3696334527069,pooled_interaction_ridge_bounded,387,2
0.24283316046284237,3.3025541240357073,21.56500192897688,-0.0,24.86755605301259,0.21972003288936928,84.56438929361028,pooled_interaction_ridge_bounded,388,5
0.1899269698525816,5.451897312348538,24.228705733855932,-0.0,29.68060304620447,0.262246240184842,116.67207174203524,pooled_interaction_ridge_bounded,389,2
0.1800091096189452,0.1111843864797431,-126.55882908340747,0.0,-126.44764469692772,-1.117242104224651,-652.8993234894232,pooled_interaction_ridge_bounded,390,3
0.13442893423652277,5.75093120356746,-0.0,47.89903074818048,53.64996195174794,0.47403015316108676,243.80316479470395,pooled_interaction_ridge_bounded,391,1
0.19399365562201687,22.136926338699613,-313.6060010712054,0.0,-291.4690747325058,-2.5753071411576,-1470.1609872420695,pooled_interaction_ridge_bounded,392,4
0.07653599874170672,5.782443966610301,0.0,-9.358915090129363,-3.5764711235190623,-0.03160030487967028,-29.723051731147038,pooled_interaction_ridge_bounded,393,4
0.1923317285721006,12.376741976671898,0.0,-42.233865363500286,-29.857123386828388,-0.2638059051139105,-177.7699545905464,pooled_interaction_ridge_bounded,394,3
0.2348647456117449,-18.195049135985666,-287.0647964999606,0.0,-305.25984563594625,-2.6971570177604356,-1544.714433824278,pooled_interaction_ridge_bounded,395,3
0.1632397677887003,22.949870870724258,0.0,-30.6704941618702,-7.720623291145941,-0.06821641820533902,-63.85190377520624,pooled_interaction_ridge_bounded,396,5
0.18173525618290023,10.504506254906875,34.261048247926034,-0.0,44.76555450283291,0.3955309917349811,192.468877467541,pooled_interaction_ridge_bounded,397,4
0.051340353615897914,-0.822120734192218,0.0,-1.5879346410816786,-2.4100553752738967,-0.021294309951147405,-19.99234941276395,pooled_interaction_ridge_bounded,398,4
0.23783994044734366,-16.802549537767916,-132.16825311838824,0.0,-148.97080265615614,-1.3162479493114907,-773.2550156312575,pooled_interaction_ridge_bounded,399,1
0.24966448316509512,-1.0771858499049594,-0.0,35.01593617901577,33.93875032911081,0.2998695699183087,128.29168465243805,pooled_interaction_ridge_bounded,400,5
0.24964980365745076,-3.1145192706181843,-67.49455321940631,0.0,-70.6090724900245,-0.6238742438831888,-388.07879446115425,pooled_interaction_ridge_bounded,401,2
0.22202286961604212,-2.873099423137934,0.0,-3.2736192843642478,-6.146718707502181,-0.05431001075035144,-65.33967996223157,pooled_interaction_ridge_bounded,402,4
0.2197080275881997,9.162057462349726,-0.0,73.02814954324565,82.19020700559537,0.7262006345921452,371.3304812442952,pooled_interaction_ridge_bounded,403,3
0.24865284442650182,-9.457790019448787,-26.954271517415126,0.0,-36.412061536863916,-0.3217227837506074,-219.01905426297745,pooled_interaction_ridge_bounded,404,3
0.16736677577366535,19.255985694483364,0.0,-50.447317802689625,-31.19133210820626,-0.2755944533539341,-180.42644818698867,pooled_interaction_ridge_bounded,405,1
0.23669256256808135,-28.72414160383499,0.0,-188.32575206374955,-217.04989366758454,-1.9177682629370543,-1109.3240980445753,pooled_interaction_ridge_bounded,406,4
0.23792811314651618,8.619599465775087,-0.0,202.59199062142477,211.21159008719985,1.8661832880418296,1005.7101541701078,pooled_interaction_ridge_bounded,407,3
0.23490991568778966,-11.219273046425792,-79.67428012252448,0.0,-90.89355316895028,-0.8031000090696078,-485.9436826501026,pooled_interaction_ridge_bounded,408,1
0.19673491202748558,15.339734645250413,-0.0,64.17723156366334,79.51696620891376,0.7025809208367627,361.746546059891,pooled_interaction_ridge_bounded,409,5
0.24777046993605856,-18.86176427325481,-155.38786055101804,0.0,-174.24962482427284,-1.5396017692985677,-899.6743863774702,pooled_interaction_ridge_bounded,410,4
0.24937592540867057,10.588576380988716,0.0,-73.84804854482124,-63.25947216383253,-0.5589360399860275,-351.7351881246837,pooled_interaction_ridge_bounded,411,2
0.1811363699314792,11.448207282652973,344.13279516318084,-0.0,355.5810024458338,3.141775146125332,1727.7137161371747,pooled_interaction_ridge_bounded,412,3
0.18587027877070694,6.982762528410337,57.51481225935528,-0.0,64.49757478776561,0.5698754322074049,289.2759342026533,pooled_interaction_ridge_bounded,413,3
0.24573023320877782,1.7443469088117676,157.65694900681112,-0.0,159.40129591562288,1.4084077223562061,748.5843650104243,pooled_interaction_ridge_bounded,414,5
0.24961162029954517,-3.8890301495939323,82.66028930511884,-0.0,78.7712591555249,0.6959921439602917,349.7325322484807,pooled_interaction_ridge_bounded,415,2
0.23260287802167487,-5.271180925336016,0.0,-128.05856741433325,-133.32974833966927,-1.17804968963866,-695.1770732292543,pooled_interaction_ridge_bounded,416,5
0.2038571783270377,6.615722696460766,-0.0,123.0838371879363,129.69955988439708,1.1459747593525218,608.4815668939026,pooled_interaction_ridge_bounded,417,1
0.23994017694175823,-3.57423137613601,0.0,-2.160179220764906,-5.734410596900917,-0.050667016986559815,-66.12617316180155,pooled_interaction_ridge_bounded,418,2
0.2267050116861797,18.15029591675198,-340.65148452240817,0.0,-322.5011886056562,-2.849494804243584,-1628.5856653661333,pooled_interaction_ridge_bounded,419,5
0.2424054610592197,16.756331078723136,-223.5950606557479,0.0,-206.83872957702476,-1.8275463969429193,-1059.7901596300355,pooled_interaction_ridge_bounded,420,3
0.16480168317781643,15.594074797366801,0.0,-45.39391090875568,-29.799836111388878,-0.26329973707645327,-173.14956358340984,pooled_interaction_ridge_bounded,421,3
0.24160793189073265,-4.337955712515916,80.59535474368352,-0.0,76.2573990311676,0.6737806557052508,338.57731596645164,pooled_interaction_ridge_bounded,422,2
0.23268883852282973,-39.084831005949496,-0.0,75.0227306241112,35.93789961816171,0.3175332738466169,140.84026001845612,pooled_interaction_ridge_bounded,423,5
0.2461471422869719,-5.968240023030599,99.48440488140575,-0.0,93.51616485837515,0.826272383766504,423.1050254350379,pooled_interaction_ridge_bounded,424,1
0.12783405661504832,8.461159830146551,0.0,-18.74832957797587,-10.287169747829319,-0.0908934223577535,-70.95007072752625,pooled_interaction_ridge_bounded,425,1
0.24544255681056573,16.121376872888295,-0.0,-15.51976200570651,0.6016148671817838,0.005315634480610782,-35.69878781332034,pooled_interaction_ridge_bounded,426,1
0.16847855590613572,-0.25695224944688994,-0.0,50.76786000058688,50.51090775113999,0.4462946937243507,222.93442066056977,pooled_interaction_ridge_bounded,427,3
0.20639696999395835,8.869339348893325,-0.0,44.03291103857624,52.902250387469564,0.46742366520767553,228.77135330140578,pooled_interaction_ridge_bounded,428,1
0.16975495902865195,11.587494489958141,-0.0,97.88830569701581,109.47580018697396,0.9672855010920104,513.9671807529819,pooled_interaction_ridge_bounded,429,5
0.129636225075393,-0.5317720247195247,21.229582464634735,-0.0,20.69781043991521,0.18287778585484138,81.80409749594286,pooled_interaction_ridge_bounded,430,2
0.24895255557023166,13.323442170819314,74.01106879817834,-0.0,87.33451096899766,0.7716536993654619,392.1311793891307,pooled_interaction_ridge_bounded,431,2
0.0789819008475835,0.0,0.0,-0.023751265434513853,-0.023751265434513853,-0.00020985692407048223,-12.561150701234762,pooled_interaction_ridge_bounded,432,2
0.13100189351469035,1.8059015807902878,0.0,-5.478850760524644,-3.672949179734356,-0.03245274738103779,-38.78083583341881,pooled_interaction_ridge_bounded,433,5
0.05437606703859778,-1.9670935042940065,197.9125103139014,-0.0,195.9454168096074,1.731297331114789,959.2280919841737,pooled_interaction_ridge_bounded,434,4
0.24197611873420113,-7.69118367075556,56.67883654996388,-0.0,48.987652879208326,0.43283580738078614,203.83113678682315,pooled_interaction_ridge_bounded,435,5
0.24440824390065857,1.5966178430135658,-302.92054770413046,0.0,-301.3239298611169,-2.662380800039172,-1526.7781355391483,pooled_interaction_ridge_bounded,436,5
0.1896552989701801,11.909890883220184,-206.94410688369484,0.0,-195.03421600047466,-1.7232463159155205,-993.175464537452,pooled_interaction_ridge_bounded,437,4
0.08246076119512884,-3.6807117727141714,0.0,-12.944193119437447,-16.62490489215162,-0.1468911798931551,-95.10411535681659,pooled_interaction_ridge_bounded,438,4
0.24883476641772828,-0.999966912268667,0.0,-214.73274292252788,-215.73270983479654,-1.906130139976979,-1104.7314287611102,pooled_interaction_ridge_bounded,439,5
0.24986412383153056,-0.8122951947787242,-0.0,186.70890675552027,185.89661156074155,1.6425100045647723,878.7962336206058,pooled_interaction_ridge_bounded,440,4
0.24857233966713127,-11.483407116327363,-117.49396146178294,0.0,-128.97736857811032,-1.1395937584519318,-676.1962453493069,pooled_interaction_ridge_bounded,441,5
0.11562981436718682,-0.1462806499834241,-0.0,54.27032372225006,54.12404307226664,0.47821894916381974,249.1065607441329,pooled_interaction_ridge_bounded,442,4
0.08766023198421374,-1.6890410425056033,0.0,-13.90928509220538,-15.598326134710984,-0.13782073011242327,-90.8529264966578,pooled_interaction_ridge_bounded,443,4
0.221541559502737,8.650489769112186,0.0,-121.773140678595,-113.12265090948281,-0.9995076526771556,-593.6293299150011,pooled_interaction_ridge_bounded,444,5
0.2472405083389458,-3.3966220544371986,-50.793522242702,0.0,-54.1901442971392,-0.4788029938231367,-306.6043738119242,pooled_interaction_ridge_bounded,445,2
0.22015952337420053,14.740132003856361,57.49298271392659,-0.0,72.23311471778295,0.6382236480198926,322.080211204786,pooled_interaction_ridge_bounded,446,2
0.12123765321702035,0.0,0.0,-0.25377985529352387,-0.25377985529352387,-0.0022422998879697838,-20.354809683340758,pooled_interaction_ridge_bounded,447,1
0.23454914958515372,12.020659276737767,127.55350060551605,-0.0,139.5741598822538,1.2332228762029753,652.4176500230499,pooled_interaction_ridge_bounded,448,2
0.1747017314626904,13.481955200839227,0.0,-60.569078735125395,-47.087123534286164,-0.416043470840625,-260.09309372388117,pooled_interaction_ridge_bounded,449,4
0.24901738571100165,3.4518749975452336,-177.33326288145545,0.0,-173.8813878839102,-1.5363481712177962,-898.052080454394,pooled_interaction_ridge_bounded,450,5
0.2308466383884413,-6.311540970326131,-287.53864480761956,0.0,-293.8501857779457,-2.5963457102916947,-1487.7278478344838,pooled_interaction_ridge_bounded,451,5
0.14087349157491535,5.592129350424827,-0.0,85.13548383903876,90.72761318946358,0.8016338280877392,425.91825930746575,pooled_interaction_ridge_bounded,452,5
0.2252889741891507,13.119144193398148,43.16622864756111,-0.0,56.28537284095926,0.4973156165986715,242.504460934698,pooled_interaction_ridge_bounded,453,2
0.1886080749029192,7.3232664546841635,0.0,-20.900754154513404,-13.577487699829241,-0.11996538934512953,-96.77643322143898,pooled_interaction_ridge_bounded,454,5
0.21979014438616135,-0.9461780461853748,-0.0,116.09311023042142,115.14693218423604,1.01739341303567,534.0943066408913,pooled_interaction_ridge_bounded,455,4
0.2409172551030633,-11.093610108457485,0.0,-100.27805363248206,-111.37166374093954,-0.984036612521821,-588.0337187265876,pooled_interaction_ridge_bounded,456,3
0.2366554126591788,-14.916334809335634,0.0,13.333919546954224,-1.58241526238141,-0.013981604495185707,-45.10150289350102,pooled_interaction_ridge_bounded,457,1
0.244047560467225,-9.184935648867956,-193.03143099459572,0.0,-202.2163666434637,-1.7867049996771995,-1037.2185363558135,pooled_interaction_ridge_bounded,458,3
0.2473841343897937,-11.063997182060117,90.39618370456483,-0.0,79.33218652250471,0.7009482795475048,352.8539592775166,pooled_interaction_ridge_bounded,459,3
0.2498940113853533,-7.524266943528907,198.09647785447726,-0.0,190.57221091094834,1.6838217780585127,901.8848061278501,pooled_interaction_ridge_bounded,460,4
0.13377166606327268,-5.438942635715747,0.0,-23.26584558583442,-28.704788221550167,-0.2536243207284263,-162.85213149329095,pooled_interaction_ridge_bounded,461,4
0.24410358293984002,5.176686230130974,0.0,-19.18304949131675,-14.006363261185777,-0.1237547666464542,-107.63818260398321,pooled_interaction_ridge_bounded,462,3
0.07641182333130217,9.717892901344902,-0.0,0.19049133580478103,9.908384237149683,0.08754662122107872,36.89964417587131,pooled_interaction_ridge_bounded,463,4
0.21386677363486098,-3.9914606288218684,-80.89969271874715,0.0,-84.89115334756902,-0.7500651437471966,-452.9817813745367,pooled_interaction_ridge_bounded,464,4
0.21538649313280922,-8.667898970879897,0.0,-22.214966572660643,-30.88286554354054,-0.2728689630166795,-186.46855281337895,pooled_interaction_ridge_bounded,465,2
0.1201017990019616,13.622534111823759,-165.66645337974924,0.0,-152.04391926792547,-1.343400809913127,-769.8834594726645,pooled_interaction_ridge_bounded,466,4
0.20724749504079723,-11.030620369088158,0.0,-26.57406089675892,-37.60468126584708,-0.3322603068396504,-218.38598990235855,pooled_interaction_ridge_bounded,467,1
0.13705195855794972,19.139710510282473,-0.0,21.61121519782922,40.750925708111694,0.3600592964491915,179.680190367272,pooled_interaction_ridge_bounded,468,1
0.21743684777488997,-2.1297790291818006,0.0,-59.50407486868414,-61.63385389786594,-0.5445727105899943,-338.6739873682418,pooled_interaction_ridge_bounded,469,1
0.08703832199226641,3.2741531078998007,-0.0,45.248094391887285,48.522247499787085,0.42872366684492774,225.94337522885235,pooled_interaction_ridge_bounded,470,2
0.2455836766181704,-9.11818656162443,-0.0,63.53607611013641,54.41788954851198,0.4808152620981272,230.0832701664319,pooled_interaction_ridge_bounded,471,4
0.12604969228260918,-6.39556448773502,-140.6337056994411,0.0,-147.0292701871761,-1.299093325148559,-746.0526843151639,pooled_interaction_ridge_bounded,472,4
0.21239051071791748,10.765175906977692,0.0,-58.272244180892365,-47.50706827391467,-0.41975393888204376,-268.10522810531415,pooled_interaction_ridge_bounded,473,1
0.18228017583284453,9.541718890081697,-0.0,97.70102157194194,107.24274046202363,0.9475550557211807,500.96447547395314,pooled_interaction_ridge_bounded,474,4
0.2397017643734741,7.37819551721032,-0.0,163.64600299732595,171.02419851453627,1.5111031595700213,806.9409181645651,pooled_interaction_ridge_bounded,475,5
0.23352594668458582,5.659109939512243,0.0,-18.48360815575717,-12.824498216244928,-0.11331226775385633,-100.13428669412919,pooled_interaction_ridge_bounded,476,2
0.1942392794928687,8.76065817347566,33.08112606139128,-0.0,41.84178423486694,0.36969769721786194,176.0580186157424,pooled_interaction_ridge_bounded,477,1
0.24956319548319333,-2.5653381685540357,-122.88147285424797,0.0,-125.44681102280201,-1.108399127965669,-658.9145592798179,pooled_interaction_ridge_bounded,478,2
0.19369183101717477,6.9336502901611645,0.0,-20.91322940048697,-13.979579110325805,-0.1235181123288638,-99.56336673475224,pooled_interaction_ridge_bounded,479,1
0.22476155532651984,2.7869663212849436,-0.0,136.34412542886417,139.13109175014912,1.2293080988782257,651.7713549881339,pooled_interaction_ridge_bounded,480,5
0.13467350983272794,20.73204105111313,0.0,-101.66568697863369,-80.93364592752056,-0.7150981506643508,-420.9580906789017,pooled_interaction_ridge_bounded,481,4
0.24874602532652754,-22.617478964566722,-197.96199301652493,0.0,-220.57947198109164,-1.9489542412244314,-1128.6561199273883,pooled_interaction_ridge_bounded,482,1
0.2016407565298091,3.511912837467565,-0.0,76.33689486836883,79.84880770583639,0.7055129429648104,362.612615584099,pooled_interaction_ridge_bounded,483,1
0.2322056028684698,-9.810735387427709,1.793490985105829,0.0,-8.01724440232188,-0.07083724673244969,-76.1827257260302,pooled_interaction_ridge_bounded,484,1
0.207090601844564,-6.30628613662688,0.0,-28.514408387374363,-34.82069452400124,-0.30766208507720944,-204.6108649329663,pooled_interaction_ridge_bounded,485,2
0.24812156891508444,0.6294946136512422,0.0,-64.77784635857702,-64.14835174492578,-0.5667898335142756,-355.9278309948599,pooled_interaction_ridge_bounded,486,5
0.23047084251300098,-7.58411631816641,0.0,-45.15278733544233,-52.73690365360874,-0.46596272591293336,-296.78455177418283,pooled_interaction_ridge_bounded,487,3
0.20491988895185226,5.017264666666971,26.290672347890265,-0.0,31.307937014557236,0.27662472885844613,122.34746652991686,pooled_interaction_ridge_bounded,488,2
0.2499902098058664,-4.416781599867011,0.0,-5.258516581879526,-9.675298181746538,-0.08548716368331123,-87.17404866197884,pooled_interaction_ridge_bounded,489,4
0.2149106435534211,-19.790581737954703,0.0,-103.45154933595005,-123.24213107390474,-1.088919435234724,-642.5657952228156,pooled_interaction_ridge_bounded,490,5
0.07699191769592563,5.687861245840351,23.38315923608069,-0.0,29.07102048192104,0.25686020623813594,131.45454255437005,pooled_interaction_ridge_bounded,491,4
0.18450823860971427,0.0,0.0,-0.46941800506665654,-0.46941800506665654,-0.004147594532097692,-31.38834414059666,pooled_interaction_ridge_bounded,492,5
0.2361797108684721,6.674367335809801,0.0,-19.998365068676073,-13.323997732866271,-0.11772565079746146,-103.01947650058283,pooled_interaction_ridge_bounded,493,3
0.2382492905633353,-5.111405297038651,0.0,-174.2590494745587,-179.37045477159737,-1.5848474268150692,-923.466617921826,pooled_interaction_ridge_bounded,494,5
0.2487028502862936,-2.747811272204893,-0.0,254.77448304814925,252.02667177594435,2.226809441730415,1205.6025812043586,pooled_interaction_ridge_bounded,495,5
0.2300376674747738,-0.9628511850409872,0.0,-37.04324054971517,-38.00609173475616,-0.33580701328892193,-223.95926036173378,pooled_interaction_ridge_bounded,496,4
0.2466132012894591,-36.231782380267276,-0.0,213.2955635937592,177.06378121349192,1.564466558306257,835.6821399777235,pooled_interaction_ridge_bounded,497,1
0.11326379476284494,17.0095651226438,-0.0,-9.9502285471852,7.0593365754586,0.06237354652907218,17.021754315496317,pooled_interaction_ridge_bounded,498,1
0.10244861830969894,2.262447561677718,-309.1851376757704,0.0,-306.9226901140927,-2.7118492634579767,-1532.064832251765,pooled_interaction_ridge_bounded,499,2
0.19614179155045627,10.800187230782054,-0.0,76.22065209308292,87.02083932386498,0.7688822189659368,398.9024196640903,pooled_interaction_ridge_bounded,500,3
0.24719324382462324,7.227737705470569,0.0,-44.53142863815467,-37.303690932684106,-0.32960087357001316,-223.1929419212575,pooled_interaction_ridge_bounded,501,3
0.20922732027787677,6.4264302616021,-0.0,85.8973222063441,92.3237524679462,0.8157366926401137,423.03240526948974,pooled_interaction_ridge_bounded,502,5
0.24426335075242783,2.6808055319461452,15.090156779795684,-0.0,17.77096231174183,0.1570172965645584,49.288228822163255,pooled_interaction_ridge_bounded,503,1
0.20959006042869208,-10.368390841113275,-0.0,379.75741829869105,369.38902745757775,3.263777473304165,1791.4300508375718,pooled_interaction_ridge_bounded,504,3
0.23989291641398092,6.708373795148939,0.0,-80.92495650557777,-74.21658271042882,-0.6557487981251183,-404.3594427771776,pooled_interaction_ridge_bounded,505,3
0.23990972926890566,-45.537382537343625,132.7170009104266,-0.0,87.17961837308297,0.7702851287590001,392.79087343419377,pooled_interaction_ridge_bounded,506,5
0.14612274193146324,5.593678664161163,32.0129879135515,-0.0,37.60666657771266,0.33227784828149826,162.7212311050013,pooled_interaction_ridge_bounded,507,5
0.10204144240372272,-1.426604536095394,0.0,-7.595180889188142,-9.021785425283536,-0.07971297968076717,-60.636497807691896,pooled_interaction_ridge_bounded,508,5
0.1623490542693482,2.4684368910069723,-112.83797777116143,0.0,-110.36954088015446,-0.9751822455119913,-570.7054665932311,pooled_interaction_ridge_bounded,509,2
0.24380667312979276,17.547842126218338,-338.1132305034101,0.0,-320.56538837719177,-2.8323908279236467,-1621.7189618068712,pooled_interaction_ridge_bounded,510,2
0.19756279112351086,-2.1913734797938518,0.0,-28.454843276656653,-30.646216756450507,-0.27077802657033934,-182.49154043099256,pooled_interaction_ridge_bounded,511,3
0.15658679837223816,-1.0289556523376822,181.15162723652816,-0.0,180.12267158419047,1.5914937213866207,864.9742599899428,pooled_interaction_ridge_bounded,512,3
0.221148953803775,0.15212140037371824,64.425629544328,-0.0,64.57775094470172,0.5705838374805805,284.1136693149907,pooled_interaction_ridge_bounded,513,1
0.2391409699159603,19.599452118985546,23.00824667372364,-0.0,42.607698792709186,0.3764650197275927,172.76655287913448,pooled_interaction_ridge_bounded,514,2
0.22297508079264525,-7.83228059826256,0.0,-34.63728376883645,-42.46956436709901,-0.3752445177822661,-244.8920931839512,pooled_interaction_ridge_bounded,515,1
0.2465358108395325,16.10676054158331,-193.2994370170644,0.0,-177.1926764754811,-1.5656054266028911,-914.0159064837825,pooled_interaction_ridge_bounded,516,2
0.22589655795858,-0.9884328105480112,-0.0,64.47348536259224,63.48505255204423,0.5609291803739052,277.9687163989925,pooled_interaction_ridge_bounded,517,1
0.1292283206933015,-8.691826624906241,0.0,-94.63361901291857,-103.32544563782481,-0.9129433654619744,-530.6956595038985,pooled_interaction_ridge_bounded,518,4
0.19247507642781958,-0.6839660627049162,19.239323100042018,-0.0,18.555357037337103,0.1639479026337126,61.32183904612266,pooled_interaction_ridge_bounded,519,4
0.06904540591823446,-1.5846809897789271,-0.0,23.72138003483173,22.1366990450528,0.19559124474766532,98.45719038016748,pooled_interaction_ridge_bounded,520,4
0.1821042092898148,0.7677508604859969,-0.0,87.05890374363501,87.82665460412102,0.776002088707184,405.09409098159404,pooled_interaction_ridge_bounded,521,1
0.1968624859650427,-4.316987422101325,0.0,2.9910887004692586,-1.3258987216320661,-0.011715124321180626,-37.565042848473674,pooled_interaction_ridge_bounded,522,3
0.23068856237157345,16.357170843117366,-0.0,173.96215475368382,190.31932559680118,1.6815873819874554,903.661656110767,pooled_interaction_ridge_bounded,523,5
0.24215647905134596,0.9274237714179727,161.77466567352516,-0.0,162.70208944494314,1.4375722474618167,765.4503904710687,pooled_interaction_ridge_bounded,524,5
0.23539030151059293,5.397499745442882,98.66444405545944,-0.0,104.06194380090233,0.9194507761729175,476.8865200409581,pooled_interaction_ridge_bounded,525,5
0.22682988676439278,-3.2217246430405244,-226.25523679595722,0.0,-229.47696143899773,-2.0275689901831297,-1169.1488097578476,pooled_interaction_ridge_bounded,526,1
0.22977234663106846,7.155546037557157,0.0,-52.075826189101804,-44.920280151544645,-0.39689808726102704,-258.06736859959443,pooled_interaction_ridge_bounded,527,3
0.19663753894188948,12.379288034807164,33.84127106895713,-0.0,46.22055910376429,0.4083868452852577,197.307399254835,pooled_interaction_ridge_bounded,528,4
0.18422756420883096,8.947259585033274,0.0,-30.64321726021764,-21.695957675184367,-0.19169702578715486,-136.18425509961168,pooled_interaction_ridge_bounded,529,5
0.2052597629313466,1.2116224567806313,0.0,-185.85371409104425,-184.64209163426364,-1.6314255554569275,-944.3061905900878,pooled_interaction_ridge_bounded,530,4
0.2300770993145712,-24.567473192275568,286.26968728591265,-0.0,261.7022140936371,2.3122987625037927,1256.325655699114,pooled_interaction_ridge_bounded,531,5
0.06406442643507043,0.7594169496890444,22.070245445101452,-0.0,22.829662394790496,0.2017139988160953,102.66457849642725,pooled_interaction_ridge_bounded,532,4
0.22233694586367425,-16.77756646629129,176.9432932108482,-0.0,160.1657267445569,1.415161935215603,756.0456541567912,pooled_interaction_ridge_bounded,533,4
0.20251542329807998,8.456734763136,-0.0,22.983346667105618,31.44008143024162,0.27779230541073874,123.37897275982031,pooled_interaction_ridge_bounded,534,5
0.24966708005837437,-11.298175169278693,114.48008852692541,-0.0,103.18191335764672,0.9116751701775571,470.2906060488582,pooled_interaction_ridge_bounded,535,5
0.16453343769758183,9.167993149444026,0.0,-38.80502331246208,-29.637030163018057,-0.26186124717200254,-172.30318482882208,pooled_interaction_ridge_bounded,536,3
0.20785251011863418,4.603962141717708,-63.0216580164462,0.0,-58.417695874728494,-0.5161559918294243,-321.27899979246587,pooled_interaction_ridge_bounded,537,3
0.15038301937848353,6.43075158369874,-0.0,57.103650778370834,63.53440236206957,0.5613652160606746,290.10984991741856,pooled_interaction_ridge_bounded,538,2
0.24823803655032478,-14.132693162895885,919.053203057385,-0.0,904.9205098944891,7.995524923012881,4430.387768070734,pooled_interaction_ridge_bounded,539,1
0.15402739070814192,-1.9719809184917858,-0.0,48.868477277060556,46.89649635856877,0.4143591634149598,207.3592846098204,pooled_interaction_ridge_bounded,540,3
0.2475422062258236,-1.0950802848979924,-0.0,41.96729580708635,40.87221552218836,0.361130965972375,162.87117628651689,pooled_interaction_ridge_bounded,541,2
0.2278084383118624,14.854127129951626,0.0,-32.523366019970304,-17.669238890018676,-0.15611850805800057,-123.16216404698386,pooled_interaction_ridge_bounded,542,2
0.044836704095139145,5.479068361095771,0.0,-23.91931845592674,-18.44025009483097,-0.16293086255388622,-98.14251239191695,pooled_interaction_ridge_bounded,543,4
0.24879083301511176,-2.2797938043500716,0.0,-81.29342849225195,-83.57322229660203,-0.738420418658528,-451.9747727017898,pooled_interaction_ridge_bounded,544,4
0.06807541672799945,6.15041694285145,74.94079427963726,-0.0,81.09121122248871,0.7164903361979361,389.79260727231315,pooled_interaction_ridge_bounded,545,4
0.15194383978197637,4.671212023594447,0.0,-20.23209992082908,-15.560887897234633,-0.13748994043803436,-100.79609460626773,pooled_interaction_ridge_bounded,546,2
0.24565169873239875,0.26507861149653683,27.25295939567232,-0.0,27.518038007168858,0.24313865838269935,97.21133159681771,pooled_interaction_ridge_bounded,547,1
0.24999914919187916,-0.7956109120816391,43.401198011896206,-0.0,42.605587099814564,0.37644636163223066,171.04538356172966,pooled_interaction_ridge_bounded,548,5
0.22431744371236595,9.761157581529693,-0.0,110.23477270908435,119.99593029061404,1.0602372703549259,557.3307329903108,pooled_interaction_ridge_bounded,549,5
0.1772220565362425,3.4532874029911094,-0.0,55.96819389352615,59.42148129651726,0.5250250485802818,265.5671236883585,pooled_interaction_ridge_bounded,550,1
0.15388629289725891,8.889954802028448,0.0,-39.92574049997936,-31.035785697950914,-0.2742201058987893,-177.5342965437769,pooled_interaction_ridge_bounded,551,3
0.21759318616962928,18.215660914815395,-0.0,29.675516803014933,47.89117771783033,0.4231477802177323,202.25713539976627,pooled_interaction_ridge_bounded,552,2
0.12679006360188086,8.400612728967824,0.0,-16.112098327945294,-7.71148559897747,-0.06813568111885135,-58.06400907429607,pooled_interaction_ridge_bounded,553,2
0.19519610936617204,-7.18919245647526,0.0,-42.70822699225165,-49.897419448726914,-0.44087415019783416,-277.20239557033966,pooled_interaction_ridge_bounded,554,5
0.24975865282148063,6.461795350300579,-245.68660288550436,0.0,-239.22480753520378,-2.113697158962282,-1220.906953509952,pooled_interaction_ridge_bounded,555,3
0.1607936391456355,8.402686087285987,-0.0,40.73731373164178,49.13999981892776,0.4341818855613034,217.37414309924355,pooled_interaction_ridge_bounded,556,2
0.13407283053418365,0.0,21.735592551886956,-0.0,21.735592551886956,0.19204722410958325,86.2308126852277,pooled_interaction_ridge_bounded,557,2
0.18893102910185003,4.062622205336394,116.5986888343683,-0.0,120.6613110397047,1.0661163153146513,566.192357258981,pooled_interaction_ridge_bounded,558,2
0.22978713062877099,-19.466173796037953,0.0,-42.783103483506466,-62.249277279544415,-0.5500103517226821,-339.1386314481973,arm_hist_gradient_boosting_bounded,0,1
0.1892393534779257,0.0,0.0,-13.227040666806007,-13.227040666806007,-0.11686897595180298,-91.42191100600039,arm_hist_gradient_boosting_bounded,1,3
0.1357757131559174,11.139411261247023,0.0,-96.58584738462365,-85.44643612337663,-0.7549714059268516,-440.74965026952077,arm_hist_gradient_boosting_bounded,2,3
0.18497649881379036,4.519873648315033,0.0,-37.67560094887609,-33.155727300561054,-0.2929510836296152,-189.26405059492726,arm_hist_gradient_boosting_bounded,3,1
0.15867444278995177,0.0,0.0,-63.41506580153432,-63.41506580153432,-0.5603108047244816,-335.09163063701254,arm_hist_gradient_boosting_bounded,4,2
0.24976993140117473,0.0,-247.79751630763798,0.0,-247.79751630763798,-2.189442272370885,-1258.3362858567539,arm_hist_gradient_boosting_bounded,5,3
0.2442660666218622,-10.513852217059751,0.0,1.6382079534424046,-8.875644263617346,-0.07842173333636028,-77.51693656451963,arm_hist_gradient_boosting_bounded,6,2
0.24982993765283615,-4.93985303558501,0.0,-147.38341551078753,-152.32326854637253,-1.345869031258126,-786.7871176832363,arm_hist_gradient_boosting_bounded,7,2
0.23289852724682672,24.284698328467133,-274.52603440223623,0.0,-250.2413360737691,-2.2110349113196155,-1268.0803568563865,arm_hist_gradient_boosting_bounded,8,5
0.23426370214947093,23.780392278769963,61.21585926275609,-0.0,84.99625154152605,0.7509937504258596,387.50543596010175,arm_hist_gradient_boosting_bounded,9,4
0.22024231084475218,7.102429329362836,27.41490009782499,-0.0,34.517329427187825,0.30498166932154636,140.1179395630976,arm_hist_gradient_boosting_bounded,10,4
0.2472165828412259,-45.41800698706358,-23.53088258473434,0.0,-68.94888957179792,-0.609205514691728,-374.63188488964335,arm_hist_gradient_boosting_bounded,11,4
0.19153612306964937,-1.5237803329240855,0.0,-6.020068058872008,-7.543848391796093,-0.06665450409458515,-63.6686977827453,arm_hist_gradient_boosting_bounded,12,5
0.2248221790266547,-11.72696618694578,-0.0,244.91404141994627,233.18707523300048,2.0603501096105385,1120.7374295402972,arm_hist_gradient_boosting_bounded,13,5
0.1106580415321755,-7.926925299543077,356.2796791516651,-0.0,348.352753852122,3.077909158838234,1705.2937876182855,arm_hist_gradient_boosting_bounded,14,2
0.2480418045963419,32.301115882817946,-0.0,215.8071379133759,248.10825379619385,2.1921878277065163,1191.2332126706362,arm_hist_gradient_boosting_bounded,15,4
0.2460761610891465,-9.172118424043978,-54.711704854953915,0.0,-63.883823278997895,-0.5644525630921262,-349.45774461038286,arm_hist_gradient_boosting_bounded,16,3
0.15151705166522664,22.327278188817008,0.0,-161.26671293989548,-138.93943475107847,-1.227614692334796,-707.1276490999978,arm_hist_gradient_boosting_bounded,17,3
0.24559816465202344,0.0,38.89475232616088,-0.0,38.89475232616088,0.34365887190963573,158.24245327846702,arm_hist_gradient_boosting_bounded,18,4
0.23835375017797278,-25.072438504183452,0.0,-165.8303122197492,-190.90275072393266,-1.6867422990146266,-975.7529478551464,arm_hist_gradient_boosting_bounded,19,5
0.1475610977573655,-28.133055367398622,0.0,-1.82339113805955,-29.95644650545817,-0.26468348547787907,-168.30366106684363,arm_hist_gradient_boosting_bounded,20,2
0.22197670797881502,0.0,-0.0,194.6357267172993,194.6357267172993,1.7197254199248289,930.7205590188022,arm_hist_gradient_boosting_bounded,21,1
0.24976863877602637,-16.56200838395381,0.0,-280.63432987937364,-297.19633826332745,-2.625911009453928,-1502.3221316601712,arm_hist_gradient_boosting_bounded,22,4
0.1381301715903441,18.92061437079676,-0.0,-7.1803886239651575,11.740225746831602,0.10373205882087305,38.94095589329542,arm_hist_gradient_boosting_bounded,23,3
0.1779018226885222,-1.490534947115304,0.0,-1.851561782119212,-3.342096729234516,-0.029529464081690538,-41.035915226884626,arm_hist_gradient_boosting_bounded,24,2
0.24795500077297172,55.97585205941722,-0.0,8.718049450853792,64.69390151027102,0.5716100986070297,285.3422305378492,arm_hist_gradient_boosting_bounded,25,5
0.038298447931654836,0.0,-0.0,0.5445277314104623,0.5445277314104623,0.004811234799255078,-2.5910756248586244,arm_hist_gradient_boosting_bounded,26,2
0.2100376575360013,40.52235377731993,-0.0,132.55501020351704,173.07736398083696,1.5292441293871277,825.8876632458201,arm_hist_gradient_boosting_bounded,27,3
0.24564318856311174,0.0,0.0,-25.62622906392918,-25.62622906392918,-0.22642337191293513,-160.43972887509554,arm_hist_gradient_boosting_bounded,28,2
0.24686898617770384,0.0,-51.76335661678694,0.0,-51.76335661678694,-0.4573608437459112,-289.7027875126672,arm_hist_gradient_boosting_bounded,29,5
0.23866751023154426,-46.59654185178054,-0.0,168.00846381554626,121.41192196376572,1.0727484208810456,566.7591036099021,arm_hist_gradient_boosting_bounded,30,1
0.17765081592178314,12.6179173579021,442.81601141542757,-0.0,455.4339287733297,4.024036684412657,2224.9421703708113,arm_hist_gradient_boosting_bounded,31,4
0.2098273420134166,-8.993143291611208,37.59803332836353,-0.0,28.60489003675232,0.2527416593039349,112.3517805861821,arm_hist_gradient_boosting_bounded,32,1
0.24492190274106307,12.188835607933408,-190.76461716773932,0.0,-178.5757815598059,-1.577826004048035,-915.774349992124,arm_hist_gradient_boosting_bounded,33,2
0.24941480284667783,11.70195521024364,-12.611483625435367,-0.0,-0.909528415191728,-0.008036238578239076,-38.88134815798333,arm_hist_gradient_boosting_bounded,34,1
0.1447941437084474,0.0,0.0,-1.6223328489698687,-1.6223328489698687,-0.01433430073197645,-27.976961634921622,arm_hist_gradient_boosting_bounded,35,2
0.24622495749062984,-59.05231648325652,-82.9584872603786,0.0,-142.0108037436351,-1.254752111654222,-735.3557081718562,arm_hist_gradient_boosting_bounded,36,3
0.18655813607199898,16.98250690024569,336.62047277577943,-0.0,353.60297967602514,3.1242981078867618,1720.7601727267738,arm_hist_gradient_boosting_bounded,37,2
0.2499825555390799,45.26431224442914,-0.0,130.15866555539287,175.422977799822,1.5499690588636903,831.9653318766835,arm_hist_gradient_boosting_bounded,38,1
0.24260445504708067,1.1569572211119465,-0.0,18.50726093607965,19.664218157191595,0.1737453672983054,63.67357421372568,arm_hist_gradient_boosting_bounded,39,1
0.24358745519463848,-65.85451376644953,0.0,-66.2199770731655,-132.074490839615,-1.1669587236181718,-685.9155477930963,arm_hist_gradient_boosting_bounded,40,2
0.225011088914385,-61.813778488452684,-176.50085466832908,0.0,-238.31463315678178,-2.1056552129047117,-1208.0855924727327,arm_hist_gradient_boosting_bounded,41,5
0.08830904056113953,0.0,0.0,-5.084605340461674,-5.084605340461674,-0.044925591009188026,-37.28937720506353,arm_hist_gradient_boosting_bounded,42,2
0.1775925588322853,5.81697309399605,-0.0,46.85640416810373,52.67337726209978,0.4654014314776484,235.6730964157357,arm_hist_gradient_boosting_bounded,43,5
0.20781533194771037,-11.981161721475875,0.0,-22.34533995662766,-34.32650167810354,-0.3032955897077869,-198.19562745617276,arm_hist_gradient_boosting_bounded,44,1
0.24451742713651853,3.6559792094528665,34.24496418461499,-0.0,37.90094339406786,0.33487796353328675,153.48293662180959,arm_hist_gradient_boosting_bounded,45,1
0.23865767378163086,44.12574772214009,29.61815784633055,-0.0,73.74390556847064,0.6515724071297304,331.32306816386694,arm_hist_gradient_boosting_bounded,46,4
0.06543274511372671,12.976062291900536,-0.0,23.55492309670964,36.530985388610176,0.3227735485527985,171.40860504404066,arm_hist_gradient_boosting_bounded,47,2
0.1957035946526037,22.229912339727296,-0.0,27.754543777217748,49.98445611694504,0.4416431722747403,219.89509603898625,arm_hist_gradient_boosting_bounded,48,5
0.24801395299207232,-17.584994712487564,-0.0,132.61145674727288,115.02646203478531,1.0163289857496485,533.9319601711288,arm_hist_gradient_boosting_bounded,49,1
0.23009689751303222,-47.348829993721296,-0.0,373.2535809339562,325.90475094023486,2.8795673544572207,1577.9525959243629,arm_hist_gradient_boosting_bounded,50,4
0.23155821130176446,-2.2087096666580908,-221.01365256070147,0.0,-223.22236222735955,-1.9723057893458091,-1134.4459761047192,arm_hist_gradient_boosting_bounded,51,3
0.2499181048400258,-64.02824606382327,-0.0,132.648982640739,68.62073657691573,0.6063060827300767,304.4666146229547,arm_hist_gradient_boosting_bounded,52,5
0.22329005075089275,-27.40127167834098,-0.0,159.66834612537502,132.26707444703405,1.1686603173118126,622.4940841268749,arm_hist_gradient_boosting_bounded,53,4
0.06769552921523171,6.291242547077981,0.0,-17.185899195608147,-10.894656648530166,-0.09626093983785106,-63.14366462215123,arm_hist_gradient_boosting_bounded,54,4
0.249231415210676,5.92799199787767,-0.0,123.09882718349857,129.02681918137625,1.14003068470849,602.9133472831553,arm_hist_gradient_boosting_bounded,55,5
0.24740283184558198,13.406670244657445,-0.0,97.5712383117338,110.97790855639124,0.9805575451814327,514.0199857326771,arm_hist_gradient_boosting_bounded,56,4
0.24335479086232237,0.0,63.40760091791016,-0.0,63.40760091791016,0.5602448479222966,279.62332824886585,arm_hist_gradient_boosting_bounded,57,5
0.22908829531738784,-6.602932507602274,-0.0,136.01494559118535,129.41201308358308,1.14343410789496,607.5931762681495,arm_hist_gradient_boosting_bounded,58,4
0.05642705448484082,12.128262369978305,-0.0,-7.447365589092406,4.680896780885899,0.04135857952649095,15.339333958349803,arm_hist_gradient_boosting_bounded,59,5
0.24978328920361412,15.416314125036173,-51.99439004358208,0.0,-36.578075918545906,-0.3231896221212746,-215.10289612912038,arm_hist_gradient_boosting_bounded,60,4
0.15134044219358747,19.891864408017135,-0.0,29.14422255783783,49.03608696585496,0.4332637520926943,221.3277520915632,arm_hist_gradient_boosting_bounded,61,5
0.21919163540110548,0.0,70.9372335042601,-0.0,70.9372335042601,0.6267737467007213,320.14457701209494,arm_hist_gradient_boosting_bounded,62,4
0.18706170204438866,1.877202829725538,0.0,-31.422853173920938,-29.5456503441954,-0.261053850709144,-171.7210033559431,arm_hist_gradient_boosting_bounded,63,3
0.22516608332488736,56.97163163128128,-248.18602700298078,0.0,-191.2143953716995,-1.6894958696554712,-975.4738900876305,arm_hist_gradient_boosting_bounded,64,2
0.24601276783855908,-49.9003589062944,58.510898308170965,0.0,8.610539401876565,0.0760793701054645,8.60834665197917,arm_hist_gradient_boosting_bounded,65,1
0.2492171037656933,-82.22814164858852,-0.0,304.38369212535605,222.15555047676753,1.9628798565188295,1062.8880075744182,arm_hist_gradient_boosting_bounded,66,1
0.24920213374321534,17.498989143519072,226.09601872216314,-0.0,243.59500786568222,2.1523105457502263,1168.7818269081301,arm_hist_gradient_boosting_bounded,67,3
0.2497666402036845,-11.29433879156853,-123.17684883083109,0.0,-134.4711876223996,-1.1881350022527375,-698.6050680733318,arm_hist_gradient_boosting_bounded,68,2
0.2011343478250677,0.0,0.0,-5.518817807272707,-5.518817807272707,-0.048762123126992844,-54.990251499306176,arm_hist_gradient_boosting_bounded,69,1
0.24890314371227198,-31.669450685247792,121.2541667288975,-0.0,89.5847160436497,0.7915356343636732,408.1498759221192,arm_hist_gradient_boosting_bounded,70,1
0.22912314842790676,-8.06135767460773,-277.08093401305894,0.0,-285.14229168766667,-2.519406152104534,-1439.9393345873925,arm_hist_gradient_boosting_bounded,71,2
0.19213929340755134,47.01908196764354,0.0,-110.17829174104419,-63.159209773400654,-0.5580501605825069,-338.44203434827045,arm_hist_gradient_boosting_bounded,72,5
0.13922274913082194,-1.4463263977630034,23.39515800963146,-0.0,21.948831611868457,0.1939313213313831,89.21170001885486,arm_hist_gradient_boosting_bounded,73,1
0.21308466104158663,0.0,0.0,-23.677519811072244,-23.677519811072244,-0.209205336484895,-146.3257063051698,arm_hist_gradient_boosting_bounded,74,1
0.24096243830270378,9.789751359961867,25.319800921553846,-0.0,35.10955228151571,0.3102143196372172,140.18611837688698,arm_hist_gradient_boosting_bounded,75,4
0.24563338954509217,20.758809829253533,0.0,-337.94129258016375,-317.1824827509102,-2.8025007923333507,-1600.465655810234,arm_hist_gradient_boosting_bounded,76,3
0.14298223998445297,30.45129789975159,-0.0,83.15247115714271,113.60376905689431,1.003758625106757,541.3868075800237,arm_hist_gradient_boosting_bounded,77,5
0.24846054999807124,-10.158770010420776,0.0,-33.981849753097826,-44.1406197635186,-0.390009311953376,-252.27272464213982,arm_hist_gradient_boosting_bounded,78,1
0.2417448545564784,61.605774325503255,-174.81129759920202,0.0,-113.20552327369876,-1.0002398805869803,-592.4656584043922,arm_hist_gradient_boosting_bounded,79,3
0.2488330078512958,-1.1226616629515536,-104.56561231873667,0.0,-105.68827398168823,-0.9338203957708178,-556.3144746530396,arm_hist_gradient_boosting_bounded,80,2
0.20813116854742136,-18.64918905300893,-0.0,139.5856084646525,120.93641941164357,1.0685470656626825,568.6208696269558,arm_hist_gradient_boosting_bounded,81,3
0.1835889893127859,1.3652252575717498,18.645038178777394,-0.0,20.010263436349145,0.17680288851010525,73.51972840493093,arm_hist_gradient_boosting_bounded,82,4
0.2481574193237115,-53.56180299085546,281.75858601261086,-0.0,228.1967830217554,2.016257832651561,1092.8724045793172,arm_hist_gradient_boosting_bounded,83,1
0.10741729929417615,-1.232473310445697,0.0,-2.7293784044426816,-3.961851714888379,-0.03500537757881607,-34.37860758650874,arm_hist_gradient_boosting_bounded,84,2
0.12249767037160324,0.0,0.0,-8.357009178784002,-8.357009178784002,-0.07383927587032561,-58.16602485930006,arm_hist_gradient_boosting_bounded,85,5
0.20553318841511486,10.06820473592769,0.0,-122.45236973057108,-112.38416499464338,-0.9929826789663917,-583.4160504348041,arm_hist_gradient_boosting_bounded,86,1
0.053810511058762535,-4.341299693071531,0.0,-2.714787276423872,-7.056086969495404,-0.062344834277349936,-42.27010768169903,arm_hist_gradient_boosting_bounded,87,4
0.23399748799681663,2.778753915282984,17.710507889336203,-0.0,20.489261804619186,0.18103513139741936,68.93527329338008,arm_hist_gradient_boosting_bounded,88,1
0.21747820571465487,8.862574845256393,0.0,-21.45609510130664,-12.593520256050247,-0.11127143652369825,-92.18643425182037,arm_hist_gradient_boosting_bounded,89,5
0.24301526305464174,0.0,-0.0,195.93737510565668,195.93737510565668,1.7312262777530203,934.2487613158507,arm_hist_gradient_boosting_bounded,90,3
0.24999742150696697,55.34045772049674,-0.0,-16.42373174205113,38.916725978445605,0.3438530225367584,157.7444178635215,arm_hist_gradient_boosting_bounded,91,3
0.23348458733562216,5.105172144258253,0.0,-159.26715708009462,-154.16198493583636,-1.3621152126161158,-793.6150507240051,arm_hist_gradient_boosting_bounded,92,2
0.16800520685467826,0.0,-0.0,46.27304371389783,46.27304371389783,0.4088505788439614,205.38306534203247,arm_hist_gradient_boosting_bounded,93,1
0.24296917546325678,24.320681914607334,3.45758397236422,-0.0,27.778265886971553,0.2454379305020459,103.69942971859307,arm_hist_gradient_boosting_bounded,94,3
0.24029800820000813,49.24835159807777,0.0,-252.42137428889976,-203.173022690822,-1.7951576396447655,-1036.6251958311761,arm_hist_gradient_boosting_bounded,95,2
0.24998236682580594,-43.13948978086193,-100.31163196617848,0.0,-143.45112174704042,-1.267478200153016,-742.9876598940374,arm_hist_gradient_boosting_bounded,96,4
0.14043990905715495,-8.195749935036027,95.7521917679865,-0.0,87.55644183295047,0.773614593979429,413.08682850293565,arm_hist_gradient_boosting_bounded,97,5
0.24940461781367274,0.0,-61.8048859003306,0.0,-61.8048859003306,-0.546083882702226,-339.64857692001596,arm_hist_gradient_boosting_bounded,98,1
0.2496526530008948,-8.646569122252481,-268.19257965587315,0.0,-276.8391487781256,-2.446042817594286,-1401.759820395297,arm_hist_gradient_boosting_bounded,99,2
0.21265056254015166,-19.1488155457821,162.0079683349336,-0.0,142.8591527891515,1.262247793167321,676.2764462850236,arm_hist_gradient_boosting_bounded,100,2
0.23175311030895876,-9.776012046020623,0.0,-152.79854998710482,-162.57456203312543,-1.4364454649561635,-834.926927272368,arm_hist_gradient_boosting_bounded,101,3
0.2314633699050697,-69.46581203988569,0.0,-240.0664907364374,-309.5323027763231,-2.734906783817092,-1560.7268553668919,arm_hist_gradient_boosting_bounded,102,1
0.10040757946732004,-0.25908382007420444,0.0,-3.656658372948162,-3.9157421930223664,-0.03459797181528564,-33.18437384049273,arm_hist_gradient_boosting_bounded,103,2
0.2364971369976497,0.0,25.829893643228633,-0.0,25.829893643228633,0.22822287275518433,94.9685713352746,arm_hist_gradient_boosting_bounded,104,4
0.21104922894919095,-20.188154189509465,0.0,-9.69586064091361,-29.884014830423077,-0.2640435074282864,-176.69960029915657,arm_hist_gradient_boosting_bounded,105,3
0.22166786073048284,0.0,0.0,-19.583274459114335,-19.583274459114335,-0.1730301803307639,-127.28723794065105,arm_hist_gradient_boosting_bounded,106,5
0.20972677221535393,-23.410955733474953,0.0,-68.63589701980331,-92.04685275327826,-0.8132901146859232,-483.5461145999974,arm_hist_gradient_boosting_bounded,107,5
0.2377608465467505,42.90372720285394,0.0,-89.32601168946647,-46.422284486612526,-0.41016921214348645,-262.0668432697717,arm_hist_gradient_boosting_bounded,108,3
0.23396399104274096,-30.771968880628226,-0.0,148.6557426315402,117.88377375091197,1.0415750784056446,549.9817222011607,arm_hist_gradient_boosting_bounded,109,1
0.15144754852671583,0.0,0.0,-12.665565990827876,-12.665565990827876,-0.11190800455560028,-83.43802760061554,arm_hist_gradient_boosting_bounded,110,3
0.1767654850711012,13.655934413137079,0.0,-33.61614207953524,-19.96020766639816,-0.17636061523658825,-122.95785150423723,arm_hist_gradient_boosting_bounded,111,3
0.24684549228715755,-4.683147298061614,-0.0,150.85462744856136,146.17148015049975,1.291514226717297,687.9216161929621,arm_hist_gradient_boosting_bounded,112,4
0.2155765126200225,0.0,0.0,-38.25876943937111,-38.25876943937111,-0.3380395750030708,-218.6876199122734,arm_hist_gradient_boosting_bounded,113,1
0.22534832943805544,0.6910801848229227,0.0,-23.802613057183812,-23.11153287236089,-0.20420449649388403,-145.22114042200909,arm_hist_gradient_boosting_bounded,114,5
0.2499999553026204,-73.71925967722653,0.0,-98.07809610558941,-171.79735578281594,-1.5179344758462536,-882.9951430900693,arm_hist_gradient_boosting_bounded,115,2
0.22337832872307997,10.101839500577038,-153.4135103708573,0.0,-143.31167087028027,-1.2662460665584292,-738.6307561447414,arm_hist_gradient_boosting_bounded,116,3
0.12221337521116976,12.442421684537743,-0.0,55.34196963577777,67.78439132031552,0.5989164620172361,317.9436309832661,arm_hist_gradient_boosting_bounded,117,3
0.16880626380813687,-2.4350275462161757,0.0,-11.53644329185029,-13.971470838066466,-0.12344647079546582,-92.28143442542404,arm_hist_gradient_boosting_bounded,118,1
0.13937622544755054,0.0,0.0,-15.433397923039621,-15.433397923039621,-0.13636348871662368,-95.44425997578706,arm_hist_gradient_boosting_bounded,119,1
0.24543290151174152,-4.153209593910965,0.0,-21.739395083896937,-25.892604677807903,-0.22877696301443257,-161.72639210955134,arm_hist_gradient_boosting_bounded,120,3
0.174552259970022,0.0,0.0,-1.73812301785304,-1.73812301785304,-0.015357377533775552,-32.65188412336876,arm_hist_gradient_boosting_bounded,121,2
0.17814438896692716,0.0,0.0,-25.4825744903018,-25.4825744903018,-0.22515409609126497,-150.42352934258136,arm_hist_gradient_boosting_bounded,122,4
0.21607687297113168,-4.433297854494271,0.0,-390.3619124672095,-394.7952103217038,-3.4882566027609916,-1979.7279276683505,arm_hist_gradient_boosting_bounded,123,2
0.24320708291038026,0.0,85.2677501765732,-0.0,85.2677501765732,0.7533926065456491,387.61329116012877,arm_hist_gradient_boosting_bounded,124,1
0.24967453566996822,0.0,0.0,-37.79258499987502,-37.79258499987502,-0.333920550996038,-221.08649052979132,arm_hist_gradient_boosting_bounded,125,2
0.06401941614586906,0.8506068751308075,0.0,-7.280248895648594,-6.429642020517786,-0.05680981087178023,-40.58362433545936,arm_hist_gradient_boosting_bounded,126,4
0.21468571340958215,-16.052476195547317,16.21537923189376,0.0,0.16290303634644232,0.0014393477359622665,-28.796079499703193,arm_hist_gradient_boosting_bounded,127,3
0.24325995960729763,2.017615583397718,288.0946240621915,-0.0,290.1122396455892,2.5633186751705432,1399.3546729295858,arm_hist_gradient_boosting_bounded,128,5
0.23556779585263504,9.839521452919188,-0.0,130.69252127088734,140.53204272380654,1.2416863556458873,661.6227950002271,arm_hist_gradient_boosting_bounded,129,3
0.1750677477259716,8.380603698606091,0.0,-17.094911509360752,-8.714307810754661,-0.07699622732146788,-67.1790761471895,arm_hist_gradient_boosting_bounded,130,2
0.2338770470386053,-8.046286858769497,320.1733395317874,-0.0,312.1270526730179,2.757832982572856,1509.3818783924569,arm_hist_gradient_boosting_bounded,131,5
0.2039102782610661,2.254423765935857,0.0,-16.311295306997756,-14.056871541061899,-0.12420103812129914,-97.54334779633868,arm_hist_gradient_boosting_bounded,132,5
0.2231465878490307,0.773864480806708,0.0,-70.69014209880312,-69.91627761799641,-0.6177529784181349,-376.09116764907964,arm_hist_gradient_boosting_bounded,133,2
0.2312988432470761,35.025863573193625,0.0,-508.75748151729107,-473.7316179440974,-4.18570793420616,-2371.7020136453666,arm_hist_gradient_boosting_bounded,134,5
0.24189165088265235,-48.04508994954769,-40.46620857631897,0.0,-88.51129852586666,-0.7820513355524621,-470.5185018767566,arm_hist_gradient_boosting_bounded,135,1
0.24861876401230776,-12.227639481429877,0.0,-222.8423541941706,-235.0699936756005,-2.076986843081818,-1195.3149789502563,arm_hist_gradient_boosting_bounded,136,2
0.20358075817597673,77.96712070100611,223.3284424161928,-0.0,301.29556311719887,2.662130162546153,1460.0612273125032,arm_hist_gradient_boosting_bounded,137,2
0.20121116660698396,42.398534937593666,-0.0,62.198758567205275,104.59729350479894,0.9241809174982942,488.87431650502276,arm_hist_gradient_boosting_bounded,138,4
0.1373758437272804,19.387412919757296,-0.0,24.500292364017206,43.8877052837745,0.3877746581864716,197.82477499233272,arm_hist_gradient_boosting_bounded,139,1
0.1922196218127706,-8.744559244388503,0.0,-9.701900706794513,-18.446459951183016,-0.1629857304242552,-117.6120934987483,arm_hist_gradient_boosting_bounded,140,4
0.2186168178463004,0.9214366068850097,0.0,-40.74990843518321,-39.8284718282982,-0.35190885350339207,-226.8597411696992,arm_hist_gradient_boosting_bounded,141,3
0.24999613105964705,-12.137589662979984,34.2571059195016,-0.0,22.119516256521614,0.19543942432537872,74.78139438908698,arm_hist_gradient_boosting_bounded,142,1
0.24599409127554317,-52.65296288661346,276.06889979810256,-0.0,223.4159369114891,1.974016139806981,1069.5575760229951,arm_hist_gradient_boosting_bounded,143,1
0.24991078201932268,20.62022541336237,0.0,-66.49882642194127,-45.878601008578904,-0.4053654368380124,-261.0567551516131,arm_hist_gradient_boosting_bounded,144,3
0.23922748508360256,-47.70451785232452,0.0,31.368266825304744,-16.336251027019777,-0.144340746846771,-113.67094998362244,arm_hist_gradient_boosting_bounded,145,3
0.24644771069090857,-25.10178115661867,-0.0,102.40772774715643,77.30594659053776,0.6830452132572572,347.842283440875,arm_hist_gradient_boosting_bounded,146,4
0.24177456753017548,-36.806313808736235,244.77674587957912,-0.0,207.9704320708429,1.8375456790851858,993.8523726540091,arm_hist_gradient_boosting_bounded,147,3
0.24438656321267918,-3.033960605574915,-295.1220768943758,0.0,-298.15603749995074,-2.634390537855724,-1506.3201122534258,arm_hist_gradient_boosting_bounded,148,5
0.24106975552204954,0.0,0.0,-89.40364548130356,-89.40364548130356,-0.7899357654489645,-474.8125759888744,arm_hist_gradient_boosting_bounded,149,2
0.11108160061185872,18.36615849066263,-0.0,-8.874534258642047,9.491624232020584,0.0838642922524125,31.564307248287363,arm_hist_gradient_boosting_bounded,150,3
0.16536582965740912,35.45345587672393,-0.0,-43.96614151360034,-8.512685636876412,-0.07521477237747115,-64.84555101442278,arm_hist_gradient_boosting_bounded,151,1
0.11118078575480704,-1.0760518870907525,-0.0,275.7520050057342,274.67595311864346,2.426929663875669,1341.3241744265501,arm_hist_gradient_boosting_bounded,152,2
0.15645287772525945,10.538265759885128,0.0,-14.175767914422366,-3.6375021545372377,-0.032139551282251974,-39.537592551057784,arm_hist_gradient_boosting_bounded,153,1
0.24995988819901335,0.0,439.83874285988725,-0.0,439.83874285988725,3.8862437000714274,2137.9459816644608,arm_hist_gradient_boosting_bounded,154,4
0.2420820998892738,-9.085452240961494,0.0,-42.55261700072961,-51.638069241691106,-0.4562538533316543,-288.4239682546717,arm_hist_gradient_boosting_bounded,155,1
0.07200700059449043,3.336459488055928,0.0,-42.20475837424386,-38.86829888618793,-0.343425139624545,-201.90291413524795,arm_hist_gradient_boosting_bounded,156,4
0.17756915979184082,-11.061627338156185,-0.0,37.754556131443,26.692928793286818,0.2358483149639491,107.35613052342619,arm_hist_gradient_boosting_bounded,157,2
0.1975231952865519,0.0,0.0,-10.170563283131687,-10.170563283131687,-0.08986313308429782,-77.46781357089597,arm_hist_gradient_boosting_bounded,158,1
0.21934778145386188,-27.64838584519191,-0.0,136.90758287412865,109.25919702893674,0.9653716800109833,509.3992924539005,arm_hist_gradient_boosting_bounded,159,1
0.17625425660116525,12.6487875135792,-0.0,85.5883386384545,98.2371261520337,0.8679849577122831,460.90181150012205,arm_hist_gradient_boosting_bounded,160,5
0.13668823108149789,28.209126395314044,-0.0,1.6532463242880269,29.86237271960207,0.2638522861723154,128.64697645537038,arm_hist_gradient_boosting_bounded,161,4
0.22049369602419103,-47.881070292989165,0.0,3.4853134472683736,-44.39575684572079,-0.3922636037693171,-249.67682885925677,arm_hist_gradient_boosting_bounded,162,3
0.2292931092028446,-13.269788862655709,0.0,-200.5788689251065,-213.8486577877622,-1.889483390418752,-1087.8359448452572,arm_hist_gradient_boosting_bounded,163,1
0.22217102227809638,49.744308657676065,-0.0,-25.360097195710217,24.384211461965847,0.2154493884715869,89.80346555398528,arm_hist_gradient_boosting_bounded,164,4
0.18947541463639153,3.2461764078166286,69.43055242660262,-0.0,72.67672883441925,0.6421432494511602,332.8333750920527,arm_hist_gradient_boosting_bounded,165,1
0.20074248399942177,-0.9305507498588674,44.40022949040236,-0.0,43.46967874054349,0.38408113858078363,187.02316163047786,arm_hist_gradient_boosting_bounded,166,2
0.24677135314661944,49.26888646335362,-205.18136875049453,0.0,-155.9124822871409,-1.3775819249372403,-804.0929103432835,arm_hist_gradient_boosting_bounded,167,3
0.24736353235296998,7.172274364670298,-0.0,68.67168511032446,75.84395947499476,0.6701276649293818,340.49510125080695,arm_hist_gradient_boosting_bounded,168,1
0.24689380855961288,15.714559143172323,-0.0,136.66525420400865,152.37981334718097,1.3463686390791305,718.5785708986299,arm_hist_gradient_boosting_bounded,169,1
0.1564053292047518,0.0,-0.0,72.45502533057308,72.45502533057308,0.6401843637024793,336.2980318730498,arm_hist_gradient_boosting_bounded,170,4
0.096737795192022,0.0,0.0,-7.663245993465868,-7.663245993465868,-0.0677094547664513,-51.18770622402286,arm_hist_gradient_boosting_bounded,171,4
0.2187468513445852,18.506227751072103,27.955272417741398,-0.0,46.4615001688135,0.41051570662668413,199.31765904012724,arm_hist_gradient_boosting_bounded,172,3
0.24737857374514297,3.6083348239451967,0.0,-7.4515324974465456,-3.843197673501349,-0.03395699671579771,-53.090298502599616,arm_hist_gradient_boosting_bounded,173,2
0.24558286504770788,0.0,-109.17643047441157,0.0,-109.17643047441157,-0.9646403869943458,-573.0947229530473,arm_hist_gradient_boosting_bounded,174,5
0.24840918353253053,17.935789587296995,114.52468161546417,-0.0,132.46047120276117,1.1703690956669703,619.985887580136,arm_hist_gradient_boosting_bounded,175,5
0.24991968122286684,-44.67653591706835,84.94756441691666,0.0,40.27102849984831,0.3558191117620287,164.44418050155423,arm_hist_gradient_boosting_bounded,176,5
0.24741358752634543,0.0,0.0,-4.668850730295141,-4.668850730295141,-0.04125214531854764,-57.173114240492424,arm_hist_gradient_boosting_bounded,177,2
0.2499873969187332,-30.412449350946066,-56.63980987953727,0.0,-87.05225923048333,-0.769159833014573,-464.42838620837887,arm_hist_gradient_boosting_bounded,178,1
0.21306014562770104,0.8930903123063589,0.0,-9.997366048579172,-9.104275736272813,-0.0804418319171904,-74.34352708839914,arm_hist_gradient_boosting_bounded,179,5
0.22469947631559276,-75.764477125409,-146.82148254567312,0.0,-222.58595967108212,-1.9666827844032218,-1130.3570400729193,arm_hist_gradient_boosting_bounded,180,4
0.2273147008983123,0.0,0.0,-44.329467638405966,-44.329467638405966,-0.3916778981704085,-250.28989350412763,arm_hist_gradient_boosting_bounded,181,1
0.22459395752969416,87.6145070558715,-0.0,32.62543565368799,120.23994270955949,1.0623932689822864,562.9110226057644,arm_hist_gradient_boosting_bounded,182,4
0.24458232521821904,-14.96215717748,-0.0,106.6414274221807,91.6792702447007,0.8100422989093329,419.09085200733745,arm_hist_gradient_boosting_bounded,183,2
0.2270813378097968,0.0,0.0,-35.61116145982136,-35.61116145982136,-0.31464634282920173,-207.19707817367052,arm_hist_gradient_boosting_bounded,184,3
0.24939753809580645,0.0,-0.0,24.884074297389617,24.884074297389617,0.2198659816585229,88.51837340283419,arm_hist_gradient_boosting_bounded,185,5
0.24081060715472566,-2.6845125887216787,40.13144825370699,-0.0,37.44693566498531,0.3308665281934653,151.75163730323428,arm_hist_gradient_boosting_bounded,186,3
0.24804174090048337,0.0,27.15010997780963,-0.0,27.15010997780963,0.23988778971915264,99.89750021802836,arm_hist_gradient_boosting_bounded,187,5
0.24433066460830666,10.47911266137323,0.0,-29.95652483259385,-19.47741217122062,-0.1720948224158902,-129.88910007279227,arm_hist_gradient_boosting_bounded,188,4
0.24361724289339873,5.027575737317238,0.0,-32.32396189700952,-27.29638615969228,-0.2411802290495666,-168.40947643061077,arm_hist_gradient_boosting_bounded,189,3
0.2423889482443389,0.0,0.0,-68.20026990337576,-68.20026990337576,-0.6025910030840455,-370.26874294405883,arm_hist_gradient_boosting_bounded,190,3
0.11943963314157935,3.1916115384651453,-0.0,64.49700077626574,67.68861231473088,0.5980701960547786,317.853009395457,arm_hist_gradient_boosting_bounded,191,2
0.24889207418336634,0.0,-0.0,200.31898220398065,200.31898220398065,1.769940450295738,955.0796942849263,arm_hist_gradient_boosting_bounded,192,4
0.22257626699518107,-9.767108751109728,0.0,-39.22816052126071,-48.995269272370436,-0.43290310286219613,-272.68145188212594,arm_hist_gradient_boosting_bounded,193,1
0.24116331352509077,0.0,0.0,-260.206159527709,-260.206159527709,-2.2990802074624663,-1318.437218768523,arm_hist_gradient_boosting_bounded,194,5
0.248371193813082,40.451255509357274,-0.0,62.19887910553264,102.65013461488991,0.9069765804729913,472.75470957537124,arm_hist_gradient_boosting_bounded,195,4
0.14609515469942447,0.0,0.0,-0.26208647862871354,-0.26208647862871354,-0.002315693974164529,-21.437942693565116,arm_hist_gradient_boosting_bounded,196,5
0.1567273059868552,0.0,0.0,-21.86038470753243,-21.86038470753243,-0.19314983895779375,-129.5801812858842,arm_hist_gradient_boosting_bounded,197,1
0.22023916131426646,-17.645394018252162,-0.0,187.21590083156406,169.5705068133119,1.4982589062898393,807.1603492828305,arm_hist_gradient_boosting_bounded,198,3
0.24632020842473648,56.28967119566195,-276.9005530178735,0.0,-220.61088182221155,-1.9492317663382466,-1123.582968254154,arm_hist_gradient_boosting_bounded,199,2
0.15610928615671393,6.254440939415612,-0.0,15.294263056920766,21.54870399633638,0.19039594967454504,84.90712658312937,arm_hist_gradient_boosting_bounded,200,2
0.2439448243634107,20.402923356717498,0.0,-40.442349465835406,-20.03942610911791,-0.17706055852022748,-132.61174724592672,arm_hist_gradient_boosting_bounded,201,2
0.14543428130232353,-32.25705202912266,-0.0,115.06588950274973,82.80883747362707,0.7316666122898541,388.9492871431882,arm_hist_gradient_boosting_bounded,202,2
0.18784332100908546,0.0,-0.0,89.78912591286742,89.78912591286742,0.7933417202971556,417.5783519101333,arm_hist_gradient_boosting_bounded,203,3
0.17775318010551056,33.591125178688124,-0.0,40.85676500657413,74.44789018526225,0.6577925408181926,343.19758021905807,arm_hist_gradient_boosting_bounded,204,4
0.1597399077787741,0.7970656813959012,0.0,-59.1366009884263,-58.3395353070304,-0.5154653955171584,-310.16995225346903,arm_hist_gradient_boosting_bounded,205,4
0.17862544530301447,9.794718844939407,0.0,-155.27748769654494,-145.48276885160553,-1.2854290421128378,-743.1835517876485,arm_hist_gradient_boosting_bounded,206,2
0.24995624331336755,56.15522167670545,-232.6269788592167,0.0,-176.47175718251125,-1.5592356647161887,-906.0764806982314,arm_hist_gradient_boosting_bounded,207,4
0.11923591290140062,2.450219837550307,0.0,-14.089262062793043,-11.639042225242736,-0.10283804066146995,-73.92660616372086,arm_hist_gradient_boosting_bounded,208,2
0.24939213491878143,15.663501730046239,0.0,-43.660799148465294,-27.997297418419056,-0.24737320774404187,-172.66758848796542,arm_hist_gradient_boosting_bounded,209,2
0.23634333033599192,9.508415452030745,0.0,-42.48209374809278,-32.97367829606203,-0.2913425695814019,-195.44730420540648,arm_hist_gradient_boosting_bounded,210,5
0.19040799475548964,6.774848943922486,-53.173716112890304,0.0,-46.39886716896782,-0.409962305851927,-255.42221363828352,arm_hist_gradient_boosting_bounded,211,4
0.21960831516841223,58.90065360753231,0.0,-134.1613039554129,-75.26065034788058,-0.6649737728331511,-401.99973784240234,arm_hist_gradient_boosting_bounded,212,2
0.24320970924093557,9.926999082633666,408.1364693909598,-0.0,418.06346847359345,3.6938458627394435,2031.326299256343,arm_hist_gradient_boosting_bounded,213,1
0.24617089060688793,-26.132375609148305,318.9546495738157,-0.0,292.8222739646674,2.587263482149154,1412.3384634579886,arm_hist_gradient_boosting_bounded,214,3
0.19705169411229936,-32.90505776635851,-0.0,138.96740879052214,106.06235102416363,0.9371255947176156,496.6838954321812,arm_hist_gradient_boosting_bounded,215,1
0.24706822294891193,-32.586563248516896,69.2105684522543,-0.0,36.6240052037374,0.3235954353837981,146.82430193234222,arm_hist_gradient_boosting_bounded,216,1
0.2136279841299507,-75.06501765478212,0.0,-89.00233263552911,-164.06735029031125,-1.4496351601665216,-839.8008906465325,arm_hist_gradient_boosting_bounded,217,1
0.24929687885919685,56.730321472195094,-0.0,77.56496476079582,134.29528623299092,1.186580806135364,628.9258390912466,arm_hist_gradient_boosting_bounded,218,4
0.24936683204962445,-66.36389484095588,148.4559911449425,-0.0,82.09209630398661,0.725333766672422,371.0790989478929,arm_hist_gradient_boosting_bounded,219,1
0.1476854650678765,0.0,0.0,-14.774203646769356,-14.774203646769356,-0.13053910501949556,-93.33410004457163,arm_hist_gradient_boosting_bounded,220,2
0.21778191743006894,3.856735277429424,0.0,-30.669593245494163,-26.81285796806474,-0.23690796240861256,-162.4591277222075,arm_hist_gradient_boosting_bounded,221,5
0.24989530910316257,40.59302786098096,402.6718503920202,-0.0,443.26487825300114,3.916515697032191,2154.876932073725,arm_hist_gradient_boosting_bounded,222,5
0.1386206613840665,10.909599887181242,-307.7722373419311,0.0,-296.86263745474986,-2.622962559172784,-1485.3489638609003,arm_hist_gradient_boosting_bounded,223,5
0.23078982746168133,-40.26428355581614,-0.0,115.64809571718807,75.38381216137194,0.666061982613531,340.5075524998076,arm_hist_gradient_boosting_bounded,224,3
0.2145575876307255,-34.756154708989996,-0.0,221.28381440750763,186.52765969851765,1.6480856999524236,891.6968972575299,arm_hist_gradient_boosting_bounded,225,5
0.24589532655031954,39.70064712570685,80.96803593597545,-0.0,120.6686830616823,1.0661814516275212,562.0916029229934,arm_hist_gradient_boosting_bounded,226,3
0.24518549869541012,-74.06928152927699,0.0,-56.25935873201056,-130.32864026128755,-1.1515330683719434,-677.5129433245153,arm_hist_gradient_boosting_bounded,227,2
0.18009012929976642,-38.436324998939284,-0.0,97.56286312407265,59.126538125133365,0.5224190456751787,267.2015799613857,arm_hist_gradient_boosting_bounded,228,3
0.21102372169651848,0.0,22.686419695646066,-0.0,22.686419695646066,0.20044836215682402,82.95487171619214,arm_hist_gradient_boosting_bounded,229,3
0.2308979377716981,1.3950135446857648,0.0,-5.1991284346409685,-3.804114889955204,-0.03361167647331546,-50.624929082960506,arm_hist_gradient_boosting_bounded,230,2
0.22011383521048627,46.21723016883617,-0.0,37.25846892503878,83.47569909387494,0.7375587416499393,381.9462371006525,arm_hist_gradient_boosting_bounded,231,5
0.16482342285373824,0.0,32.365455859016556,-0.0,32.365455859016556,0.28596855318884634,137.1307145439649,arm_hist_gradient_boosting_bounded,232,5
0.24124687452340887,17.295886926212198,0.0,-187.79713075989798,-170.50124383368578,-1.5064825358371876,-875.386641645989,arm_hist_gradient_boosting_bounded,233,3
0.24437880383431126,0.0,0.0,-86.47869135557922,-86.47869135557922,-0.7640920108261136,-460.82216578769754,arm_hist_gradient_boosting_bounded,234,5
0.09289489482202043,15.553372268887257,0.0,-60.22285337076922,-44.66948110188196,-0.3946821246098106,-233.4355729873946,arm_hist_gradient_boosting_bounded,235,3
0.24694215958510868,-1.234718943564366,-0.0,131.92060491103214,130.68588596746778,1.1546895521914298,611.4232947320895,arm_hist_gradient_boosting_bounded,236,4
0.2460563286441934,-22.58158276590541,0.0,-554.2766298823658,-576.8582126482712,-5.096894330322665,-2883.0899580124146,arm_hist_gradient_boosting_bounded,237,3
0.2276839588917311,-73.06546390480594,-0.0,151.5535178785602,78.48805397375426,0.6934898533564049,356.26796663623014,arm_hist_gradient_boosting_bounded,238,4
0.24880659972444397,0.0,0.0,-18.842536903178658,-18.842536903178658,-0.16648531199687464,-127.3705216944042,arm_hist_gradient_boosting_bounded,239,3
0.24886590587889987,0.0,3.7519613014313493,-0.0,3.7519613014313493,0.03315086769253575,-15.782074327759537,arm_hist_gradient_boosting_bounded,240,4
0.2179202471577503,-42.86223529730675,442.58550485132736,-0.0,399.7232695540206,3.5317990133741257,1944.2289989607395,arm_hist_gradient_boosting_bounded,241,3
0.1486289334687929,-15.643169971529268,-0.0,115.49171397203727,99.84854400050801,0.8822228177541187,472.66973020337247,arm_hist_gradient_boosting_bounded,242,5
0.1477817496576588,0.0,52.30519745893457,-0.0,52.30519745893457,0.46214833823888357,237.96490510341084,arm_hist_gradient_boosting_bounded,243,1
0.21806514473076655,7.1844274951853295,32.45564108382969,-0.0,39.64006857901502,0.35024419582490063,165.71987760245622,arm_hist_gradient_boosting_bounded,244,5
0.16960717013596438,-4.492040049846204,-308.40820576658086,0.0,-312.90024581642706,-2.76466461582775,-1568.8328057493597,arm_hist_gradient_boosting_bounded,245,4
0.06621506468724035,0.0,0.0,-1.5922203481107342,-1.5922203481107342,-0.014068238411053334,-16.993819394517036,arm_hist_gradient_boosting_bounded,246,2
0.21017126431471406,-5.930772333122132,0.0,-27.59587279760433,-33.526645130726465,-0.2962283690077786,-194.5698849405405,arm_hist_gradient_boosting_bounded,247,1
0.15105687500705317,-44.80085742312511,0.0,26.671865595400366,-18.128991827724743,-0.16018070582196312,-110.3686018917038,arm_hist_gradient_boosting_bounded,248,5
0.23792987277421293,0.0,31.055253139626252,-0.0,31.055253139626252,0.2743921126257897,120.57963209061025,arm_hist_gradient_boosting_bounded,249,3
0.21487064211905474,18.94913074227476,-0.0,58.719739585946726,77.66887032822149,0.6862518659500353,353.98862037626947,arm_hist_gradient_boosting_bounded,250,4
0.13839793878956103,0.3341318720748835,0.0,-0.643841270604985,-0.3097093985301015,-0.0027364715328725203,-20.611872077301005,arm_hist_gradient_boosting_bounded,251,4
0.15479706693594109,0.0,0.0,-102.36613823012897,-102.36613823012897,-0.9044672991078619,-526.9405018692379,arm_hist_gradient_boosting_bounded,252,4
0.1942995099572547,-32.92573031152385,0.0,-15.427645408240322,-48.35337571976417,-0.42723158161622166,-265.612297439279,arm_hist_gradient_boosting_bounded,253,2
0.14551085681052692,-0.9978517514682334,-0.0,56.00488887160209,55.00703712013386,0.486020740414432,251.62268660198345,arm_hist_gradient_boosting_bounded,254,3
0.23760871702836645,24.290395343299686,-0.0,90.29113416245139,114.58152950575106,1.012397735340298,533.1690558561141,arm_hist_gradient_boosting_bounded,255,2
0.17687541827546552,5.570144736355024,0.0,-13.293029221125753,-7.722884484770729,-0.06823639723088333,-62.53157113131757,arm_hist_gradient_boosting_bounded,256,5
0.17138969546753602,18.678002863680714,-0.0,81.82296967560191,100.50097253928263,0.8879874220317536,472.7539104095812,arm_hist_gradient_boosting_bounded,257,5
0.24401131988369415,0.0,4.62336330871581,-0.0,4.62336330871581,0.0408502361906801,-10.80878134561985,arm_hist_gradient_boosting_bounded,258,5
0.21446459508295498,2.7629738536849904,0.0,-12.021921067899497,-9.258947214214507,-0.08180844881142593,-75.30111017182999,arm_hist_gradient_boosting_bounded,259,5
0.12495752621886462,3.733224889302739,89.46334925451691,-0.0,93.19657414381965,0.8234486047765793,443.0787376897832,arm_hist_gradient_boosting_bounded,260,3
0.18800618134991495,13.667791806492527,0.0,-39.4224420593768,-25.75465025288427,-0.227558051485015,-153.12707555478823,arm_hist_gradient_boosting_bounded,261,1
0.2489276980380309,50.07589100358109,620.620965153317,-0.0,670.6968561568981,5.926016009753302,3278.3210202363634,arm_hist_gradient_boosting_bounded,262,5
0.24921635615073048,-67.5898500034437,0.0,-90.31169702211764,-157.90154702556134,-1.3951565257067389,-814.2542270091897,arm_hist_gradient_boosting_bounded,263,3
0.2270715633991267,3.8146123377214787,309.9523796464306,-0.0,313.76699198415207,2.77232284714221,1518.420046707383,arm_hist_gradient_boosting_bounded,264,1
0.0989121597692544,6.180950246507545,-0.0,26.09775767344814,32.278707919955686,0.2852020822102384,145.79004349535455,arm_hist_gradient_boosting_bounded,265,4
0.24967066869271126,-26.184997613624773,-0.0,93.67493009184697,67.4899324782222,0.596314738456972,298.9155694498201,arm_hist_gradient_boosting_bounded,266,3
0.2069533019785317,-15.08721482445954,0.0,-28.549604026413444,-43.636818850872984,-0.38555792345101536,-244.06141609453908,arm_hist_gradient_boosting_bounded,267,4
0.2491154762924886,0.03114714364852327,-123.44545564115832,0.0,-123.4143084975098,-1.090440727841712,-643.9041867776673,arm_hist_gradient_boosting_bounded,268,2
0.19981327875465213,1.1408423828063776,-0.0,79.90079260232531,81.0416349851317,0.7160522998875165,372.7231587921865,arm_hist_gradient_boosting_bounded,269,3
0.17184722419547402,11.40400712498843,0.0,-16.30548288195249,-4.901475756964059,-0.04330752938611036,-47.90305108636366,arm_hist_gradient_boosting_bounded,270,1
0.23447501503653048,13.664749496930792,-107.95531766106089,0.0,-94.2905681641301,-0.8331147095442115,-498.04032879576,arm_hist_gradient_boosting_bounded,271,3
0.20092863706326364,-53.21222697744524,0.0,-72.35058377726305,-125.5628107547083,-1.1094240563846611,-647.8719089737895,arm_hist_gradient_boosting_bounded,272,2
0.05310673296907772,3.3182315104414486,26.10241883067137,-0.0,29.420650341112818,0.25994939940198997,137.98940524100507,arm_hist_gradient_boosting_bounded,273,2
0.2204550050265182,36.91035388195749,0.0,-157.13444625075465,-120.22409236879716,-1.0622532215491498,-624.195690517897,arm_hist_gradient_boosting_bounded,274,3
0.2480170933166912,-4.53541577864468,73.71036690386906,-0.0,69.17495112522438,0.611202906467904,307.46604886747315,arm_hist_gradient_boosting_bounded,275,2
0.23245721039564798,24.753558280557833,0.0,-157.92680733050835,-133.17324904995053,-1.1766669229119717,-689.8078029622778,arm_hist_gradient_boosting_bounded,276,5
0.21543263441912872,55.569461545644806,0.0,-231.7053611121725,-176.1358995665277,-1.556268157725444,-899.6575598559335,arm_hist_gradient_boosting_bounded,277,2
0.1662617774482534,3.092518790209956,-0.0,-3.217324725638287,-0.12480593542833107,-0.0011027366010010185,-23.540455498505484,arm_hist_gradient_boosting_bounded,278,4
0.19029261884783177,14.030263580471551,0.0,-66.40796720412608,-52.377703623654526,-0.46278897445029854,-284.93641345742304,arm_hist_gradient_boosting_bounded,279,5
0.24987132141023952,-21.364875601594463,0.0,-232.58517480047163,-253.9500504020661,-2.243803665613505,-1288.7382842434918,arm_hist_gradient_boosting_bounded,280,2
0.14520326508029976,-2.5672336661414743,0.0,-22.033613120125786,-24.60084678626726,-0.2173634937611873,-141.5266898284823,arm_hist_gradient_boosting_bounded,281,2
0.17575071747480228,24.49065074583661,467.77316527706085,-0.0,492.26381602289746,4.34945121330869,2407.110875904613,arm_hist_gradient_boosting_bounded,282,4
0.17838819803570535,0.0,0.0,-1.6197656000601592,-1.6197656000601592,-0.014311617521222885,-32.59619999910181,arm_hist_gradient_boosting_bounded,283,4
0.13887494035918924,0.0,-0.0,19.473951744076594,19.473951744076594,0.17206424743038393,77.03596127173815,arm_hist_gradient_boosting_bounded,284,3
0.24904600447443567,-73.45895191184881,35.17507839666005,0.0,-38.283873515188766,-0.33826138483241447,-223.42635532309484,arm_hist_gradient_boosting_bounded,285,4
0.24872670174741962,-17.735265984849978,-0.0,185.57806634924884,167.84280036439887,1.4829935654992488,794.6991870878132,arm_hist_gradient_boosting_bounded,286,1
0.1111982176802665,12.538551442251308,0.0,-37.21529097256831,-24.676739530317004,-0.21803405246760485,-137.21294650769084,arm_hist_gradient_boosting_bounded,287,2
0.2499979637959279,-23.879719819521554,193.94764747911688,-0.0,170.06792765959534,1.5026539230125224,805.5140464591549,arm_hist_gradient_boosting_bounded,288,3
0.11688820315392373,-27.968486670688296,37.98219852269578,-0.0,10.013711852007486,0.08847725497340163,33.342344224390615,arm_hist_gradient_boosting_bounded,289,2
0.23213525811960276,0.0,-0.0,250.943550151672,250.943550151672,2.2172394012165437,1207.43022271853,arm_hist_gradient_boosting_bounded,290,5
0.19767538887732217,14.563829431884242,0.0,-38.73424384994662,-24.17041441806238,-0.2135603611213327,-146.63554836029235,arm_hist_gradient_boosting_bounded,291,2
0.24451251258257878,51.78216890060967,-0.0,-24.954356166627747,26.827812733981922,0.23704009689147734,98.79224678335656,arm_hist_gradient_boosting_bounded,292,3
0.21578821090254566,-12.553995358819693,-9.348991670043821,0.0,-21.902987028863514,-0.19352625646436636,-137.9338636197128,arm_hist_gradient_boosting_bounded,293,1
0.1358163450717677,19.928850445919988,-78.9327409576307,-0.0,-59.00389051171071,-0.5213353791661908,-310.1527136026665,arm_hist_gradient_boosting_bounded,294,4
0.24702200282459935,-10.76377341268077,0.0,-98.58165712430666,-109.34543053698744,-0.9661336056776902,-574.1278592314708,arm_hist_gradient_boosting_bounded,295,3
0.2438561293366489,7.6837019851322745,0.0,-103.60995124377601,-95.92624925864374,-0.8475669501711918,-507.41259098755137,arm_hist_gradient_boosting_bounded,296,3
0.24746583361665053,0.0,-45.851388340542954,0.0,-45.851388340542954,-0.4051249963096742,-260.58524158891316,arm_hist_gradient_boosting_bounded,297,3
0.039844222137777684,3.289581349849544,-0.0,11.44972401895134,14.739305368800885,0.13023075743734197,67.30530755954658,arm_hist_gradient_boosting_bounded,298,4
0.15607956055066055,1.934366286114232,-0.0,78.43828086427823,80.37264715039245,0.7101413841249004,375.44892298095573,arm_hist_gradient_boosting_bounded,299,1
0.24919626791462288,36.15868677891495,48.90079603971727,-0.0,85.05948281863222,0.7515524373453054,385.7588530849994,arm_hist_gradient_boosting_bounded,300,3
0.18466907712941733,-35.62407612143124,-0.0,72.65683402859834,37.0327579071671,0.3272070149555797,157.44671354213128,arm_hist_gradient_boosting_bounded,301,5
0.22364149859003918,-12.191265130188652,0.0,-9.529016865660608,-21.720281995849263,-0.1919119460038866,-138.11426838152923,arm_hist_gradient_boosting_bounded,302,1
0.21817210845043003,0.0,0.0,-12.404738350680702,-12.404738350680702,-0.10960343318761291,-91.34969507790346,arm_hist_gradient_boosting_bounded,303,4
0.24582441448095987,21.778462249877812,-46.95282519623129,-0.0,-25.174362946353476,-0.22243085901767223,-158.2329014347277,arm_hist_gradient_boosting_bounded,304,1
0.23522911955489018,-18.660385153179934,0.0,6.495165650782615,-12.165219502397319,-0.10748713799920523,-92.51849156120045,arm_hist_gradient_boosting_bounded,305,2
0.08908381389307542,16.442328368412717,0.0,-64.22826630788825,-47.78593793947553,-0.42221792255451474,-248.30261559560049,arm_hist_gradient_boosting_bounded,306,3
0.11024447594846094,13.758318223524352,-0.0,-9.666252601276863,4.092065622247489,0.036155896911982746,5.0107362557145745,arm_hist_gradient_boosting_bounded,307,4
0.24547040690790994,-24.917556927727986,-0.0,205.74172874111048,180.8241718133825,1.5976919039945694,859.2645333378737,arm_hist_gradient_boosting_bounded,308,3
0.24842763068977833,43.478259606439046,50.050378714522914,-0.0,93.52863832096196,0.8263825944202561,427.6948899056175,arm_hist_gradient_boosting_bounded,309,1
0.24836320462068856,0.0,-0.0,89.17559026896974,89.17559026896974,0.7879207584797329,406.2036066238688,arm_hist_gradient_boosting_bounded,310,1
0.11571800710831533,0.0,-0.0,11.986875517074177,11.986875517074177,0.1059113600563593,43.249354553910464,arm_hist_gradient_boosting_bounded,311,3
0.22976521066241212,-1.2626679684774278,0.0,-28.055544542017515,-29.31821251049494,-0.25904429865688683,-176.48558547898642,arm_hist_gradient_boosting_bounded,312,1
0.23847277771390546,-18.52608201887261,-0.0,171.8250279816757,153.2989459628031,1.3544897366290332,724.2793486590563,arm_hist_gradient_boosting_bounded,313,1
0.21027955884434713,0.0,0.0,-16.03659431203703,-16.03659431203703,-0.14169309690758233,-108.19959938978829,arm_hist_gradient_boosting_bounded,314,3
0.21720181971997868,-1.830246400621838,-0.0,281.89220511773993,280.0619587171181,2.474518310090696,1353.3081419603175,arm_hist_gradient_boosting_bounded,315,3
0.21448833247030655,74.25686540451444,-0.0,10.038792995364208,84.29565839987865,0.7448035824899081,386.7717424357973,arm_hist_gradient_boosting_bounded,316,4
0.24695111057482308,-5.483880854778739,-27.921123149801776,0.0,-33.40500400458052,-0.29515359542807856,-199.04025894170232,arm_hist_gradient_boosting_bounded,317,5
0.0718704921577642,0.0,0.0,-22.12774973802527,-22.12774973802527,-0.19551217215885786,-119.2007436602994,arm_hist_gradient_boosting_bounded,318,2
0.1732127181611919,0.4789964777183324,0.0,-9.867474817281483,-9.38847833956315,-0.08295293534886969,-70.25310611091066,arm_hist_gradient_boosting_bounded,319,4
0.22860071598822848,0.0,593.6850071385572,-0.0,593.6850071385572,5.2455693280163125,2900.7539913194664,arm_hist_gradient_boosting_bounded,320,1
0.11923143326424587,0.0,-0.0,83.00296216710107,83.00296216710107,0.7333818224192218,393.52091494676546,arm_hist_gradient_boosting_bounded,321,1
0.08480920687638507,0.0,-0.0,64.37154869308382,64.37154869308382,0.5687619147548103,306.24449246718154,arm_hist_gradient_boosting_bounded,322,2
0.16045925303988712,-3.1261815898342302,0.0,-10.290277212220145,-13.416458802054375,-0.11854260076712023,-88.38929267187729,arm_hist_gradient_boosting_bounded,323,4
0.24164805183851268,-22.266128438570206,-0.0,50.757351907821736,28.49122346925153,0.25173734581625423,107.40295822751972,arm_hist_gradient_boosting_bounded,324,3
0.19822541504003385,-4.713332315560962,64.35607339941605,-0.0,59.642741083855086,0.5269800138228381,267.2506841162471,arm_hist_gradient_boosting_bounded,325,1
0.24410290789187752,0.0,-0.0,91.30364027141198,91.30364027141198,0.8067233788711399,417.30167733979204,arm_hist_gradient_boosting_bounded,326,2
0.22728267344138137,0.0,0.0,-5.914397118555424,-5.914397118555424,-0.05225730774023364,-60.5493675364341,arm_hist_gradient_boosting_bounded,327,1
0.18695101141108184,3.755079973378338,0.0,-54.62744913360525,-50.87236916022692,-0.44948842585160553,-277.040668934682,arm_hist_gradient_boosting_bounded,328,2
0.22961055009645254,-37.9664965978888,0.0,43.82084885810004,5.854352260211243,0.05172677477502805,-2.743230969511069,arm_hist_gradient_boosting_bounded,329,5
0.17633953059343047,3.8413093727851386,0.0,-5.207584731786263,-1.3662753590011247,-0.012071876551748814,-31.061716355547908,arm_hist_gradient_boosting_bounded,330,4
0.20767849150033116,-4.205827592243062,-0.0,49.05482239187633,44.84899479963327,0.3962682376757639,192.8794194901946,arm_hist_gradient_boosting_bounded,331,3
0.24221717941657278,23.76276176289375,-202.3024780588054,0.0,-178.53971629591166,-1.5775073454330866,-915.223294984243,arm_hist_gradient_boosting_bounded,332,2
0.17956546155145675,4.326590869748445,0.0,-30.259739262083972,-25.933148392335525,-0.22913519147365372,-152.8448978831435,arm_hist_gradient_boosting_bounded,333,1
0.24851056129369728,17.53088586398735,19.812730374233674,-0.0,37.343616238221024,0.329953638008424,150.1796688736246,arm_hist_gradient_boosting_bounded,334,4
0.2090195783245294,4.2730799434468665,0.0,-29.198070695016128,-24.92499075156926,-0.22022750350003006,-151.9266076835123,arm_hist_gradient_boosting_bounded,335,5
0.06579152428025475,0.0,0.0,-3.424624448867539,-3.424624448867539,-0.030258646846309488,-25.985860335876342,arm_hist_gradient_boosting_bounded,336,3
0.23057407323702808,0.0,0.0,-290.268744824677,-290.268744824677,-2.564701493933401,-1465.4594828896652,arm_hist_gradient_boosting_bounded,337,4
0.1907433497151175,0.0,0.0,-70.71817320199986,-70.71817320199986,-0.6248382152510376,-375.5840854354251,arm_hist_gradient_boosting_bounded,338,1
0.2256566807415492,-12.153710012749675,79.4704758542193,-0.0,67.31676584146963,0.594784705548169,301.37130831650785,arm_hist_gradient_boosting_bounded,339,3
0.2180893243364247,2.367388775831018,0.0,-87.96568713162847,-85.59829835579745,-0.7563132014225982,-452.84904132138024,arm_hist_gradient_boosting_bounded,340,5
0.23913797102975154,-21.047969079688645,0.0,-196.03463093797313,-217.08260001766178,-1.9180572434986882,-1105.1661294940545,arm_hist_gradient_boosting_bounded,341,5
0.2445339027450024,-23.894085687786337,-31.313114907547163,0.0,-55.207200595333504,-0.48778930686544797,-306.3903391733014,arm_hist_gradient_boosting_bounded,342,3
0.2495372543513167,0.0,42.098929458298805,-0.0,42.098929458298805,0.37196973218701396,173.52510599543544,arm_hist_gradient_boosting_bounded,343,5
0.19965160711194013,-40.83077166492746,65.94890688393552,-0.0,25.11813521900806,0.22193405273420425,96.53334977553583,arm_hist_gradient_boosting_bounded,344,4
0.18834071663481045,17.965815823615753,0.0,-69.3170802874729,-51.35126446385715,-0.45371975809993287,-279.5975949795442,arm_hist_gradient_boosting_bounded,345,5
0.23960604225747426,-52.999555226295485,-71.25715711622733,0.0,-124.25671234252282,-1.097883879880369,-646.7537564752499,arm_hist_gradient_boosting_bounded,346,5
0.24999576923508612,38.91459409875356,68.00759628856036,-0.0,106.92219038731392,0.9447228001988541,493.6308513904078,arm_hist_gradient_boosting_bounded,347,3
0.19430274679135048,28.422906019352624,-19.843207823658386,-0.0,8.579698195694238,0.07580686922832634,15.585750291022148,arm_hist_gradient_boosting_bounded,348,3
0.08875009229040728,5.862800061748365,-0.0,12.153136190155836,18.0159362519042,0.1591817908186286,76.74583741722307,arm_hist_gradient_boosting_bounded,349,2
0.2415315389414481,-10.716537603258702,0.0,-5.5022333119752656,-16.218770915233968,-0.14330273836815746,-113.4083841371299,arm_hist_gradient_boosting_bounded,350,3
0.24997866644373865,0.0,-0.0,322.49314408773563,322.49314408773563,2.8494237260186748,1558.3610270413203,arm_hist_gradient_boosting_bounded,351,5
0.19056235059471827,47.28795074090346,55.43528513736581,-0.0,102.72323587826926,0.9076224747442148,481.086396269375,arm_hist_gradient_boosting_bounded,352,4
0.19801862853659877,0.0,0.0,-4.0442312950704,-4.0442312950704,-0.0357332514409849,-47.2775196273791,arm_hist_gradient_boosting_bounded,353,4
0.08854046182705817,9.414359470231327,18.8327518369391,-0.0,28.247111307170428,0.24958046589742292,127.307600447779,arm_hist_gradient_boosting_bounded,354,5
0.2455555711376352,29.610807017834986,0.0,-55.05302566457336,-25.442218646738375,-0.22479752758665875,-159.51880128414777,arm_hist_gradient_boosting_bounded,355,2
0.19909450437231527,-10.526491448021607,0.0,-30.692506183552457,-41.21899763157406,-0.36419499752888335,-231.0359764921584,arm_hist_gradient_boosting_bounded,356,4
0.21916951355509007,13.112257648216167,0.0,-272.0366710911162,-258.92441344290006,-2.287755198631294,-1309.0740532880832,arm_hist_gradient_boosting_bounded,357,2
0.1775593766107943,0.0,0.0,-15.034768804699185,-15.034768804699185,-0.1328413571969157,-98.74004731821118,arm_hist_gradient_boosting_bounded,358,3
0.09532446563868499,-3.487855808654037,0.0,-2.5521198973860066,-6.039975706040044,-0.05336687119365466,-42.975333387264655,arm_hist_gradient_boosting_bounded,359,2
0.10241342756234083,28.739147253657805,0.0,-82.39486033289009,-53.655713079232285,-0.47408096788197523,-279.13193318994195,arm_hist_gradient_boosting_bounded,360,1
0.2253381110009833,3.2000505115127518,0.0,-18.225907184125454,-15.025856672612703,-0.13276261307139803,-105.28371867984033,arm_hist_gradient_boosting_bounded,361,4
0.19553388728022464,10.073521747448597,0.0,-23.16648947611862,-13.092967728670024,-0.11568435972679024,-91.62759524857168,arm_hist_gradient_boosting_bounded,362,1
0.2469893177566186,-12.991442070407032,0.0,-189.17851158679284,-202.16995365719987,-1.7862949126205285,-1032.593523224466,arm_hist_gradient_boosting_bounded,363,1
0.2476544578217295,-21.656812776420534,453.27896420776295,-0.0,431.62215143134244,3.8136451007129004,2097.68123530937,arm_hist_gradient_boosting_bounded,364,1
0.15944812564407848,72.16913599477738,0.0,-155.60927949565948,-83.4401435008821,-0.7372445862884259,-434.10428923384796,arm_hist_gradient_boosting_bounded,365,3
0.17071526360458839,5.824431408423416,0.0,-14.598723508399228,-8.774292099975813,-0.07752622512150985,-66.87522828473558,arm_hist_gradient_boosting_bounded,366,1
0.2490949803177803,-14.866094530850246,-28.59014227676811,0.0,-43.45623680761835,-0.38396237090059376,-248.9799592808509,arm_hist_gradient_boosting_bounded,367,1
0.20313479587565575,0.0,0.0,-20.052123542258123,-20.052123542258123,-0.1771727480904945,-127.04761084875827,arm_hist_gradient_boosting_bounded,368,4
0.24999670467072818,-20.965893934567024,62.0933897529896,-0.0,41.127495818422574,0.36338652317168385,168.66374355518676,arm_hist_gradient_boosting_bounded,369,3
0.19614017106913095,-31.466945707188184,0.0,-15.652686671597278,-47.11963237878546,-0.4163307063199521,-259.77249686277645,arm_hist_gradient_boosting_bounded,370,5
0.2337579484764691,-17.932760799262446,-0.0,33.237755758283825,15.304994959021379,0.13522897017298244,43.36265666456028,arm_hist_gradient_boosting_bounded,371,1
0.24889246101829424,-20.472240060723482,282.3781431350619,-0.0,261.9059030743384,2.3140984789473182,1259.2639789647042,arm_hist_gradient_boosting_bounded,372,5
0.19289191536772266,5.136602726477875,0.0,-17.15793059274843,-12.021327866270553,-0.10621576758568814,-85.97037950834559,arm_hist_gradient_boosting_bounded,373,5
0.14039965983012404,10.656793446377504,0.0,-47.81034846756431,-37.153555021186804,-0.32827433117309496,-202.86353112976354,arm_hist_gradient_boosting_bounded,374,4
0.13276310322932425,0.0,0.0,-0.04458115081837711,-0.04458115081837711,-0.0003939016726524313,-18.525449418921735,arm_hist_gradient_boosting_bounded,375,5
0.2410362491446783,-69.37146097215212,-242.28190905112098,0.0,-311.6533700232731,-2.7536477073025734,-1572.5229316555835,arm_hist_gradient_boosting_bounded,376,1
0.19866038883963757,-3.745746183436197,-0.0,136.75801228665244,133.01226610321623,1.175244540339447,629.5705806390953,arm_hist_gradient_boosting_bounded,377,1
0.17701771958439785,-1.3188526234160542,0.0,-25.738857022691498,-27.05770964610755,-0.2390713764022473,-158.04794486579792,arm_hist_gradient_boosting_bounded,378,5
0.21141502734124892,0.0,4.5202222237533904,-0.0,4.5202222237533904,0.039938921764289474,-6.823858336884358,arm_hist_gradient_boosting_bounded,379,2
0.24969181662699036,0.0,-218.20076442673988,0.0,-218.20076442673988,-1.9279369084008047,-1112.144017002013,arm_hist_gradient_boosting_bounded,380,2
0.11921910485140066,0.0,0.0,-0.3692760635590038,-0.3692760635590038,-0.0032627793683252487,-18.261717621894626,arm_hist_gradient_boosting_bounded,381,4
0.16220903878338375,0.0,-363.79296535118067,0.0,-363.79296535118067,-3.214332849656898,-1819.1773007005513,arm_hist_gradient_boosting_bounded,382,2
0.24965051606641067,0.0,0.0,-363.6021746343466,-363.6021746343466,-3.212647097245668,-1830.291318081797,arm_hist_gradient_boosting_bounded,383,2
0.2499735142680828,57.20389374975061,-0.0,46.534992189482175,103.73888593923279,0.9165963628224507,477.91124139202,arm_hist_gradient_boosting_bounded,384,4
0.23857597972262418,-18.97253450430929,-0.0,295.3714643039727,276.3989297996634,2.4421532142806335,1332.2690032652897,arm_hist_gradient_boosting_bounded,385,4
0.19604122484433306,4.923558710489504,0.0,-13.656117277317097,-8.732558566827592,-0.07715748388870157,-70.16102290639147,arm_hist_gradient_boosting_bounded,386,1
0.24994064236498864,-14.546957964342647,0.0,-126.2042017137942,-140.75115967813684,-1.2436223876511812,-729.6465077740298,arm_hist_gradient_boosting_bounded,387,2
0.24283316046284237,-1.5366684216268556,15.639096689719487,-0.0,14.102428268092632,0.12460355960512272,36.17177001428342,arm_hist_gradient_boosting_bounded,388,5
0.1899269698525816,9.438476536103007,10.623799626685642,-0.0,20.06227616278865,0.17726245268841015,72.90274967079407,arm_hist_gradient_boosting_bounded,389,2
0.1800091096189452,-4.663634696013047,-198.3549229978368,0.0,-203.01855769384986,-1.7937928471358988,-1027.549697198602,arm_hist_gradient_boosting_bounded,390,3
0.13442893423652277,-7.025045556725843,-0.0,38.39825076205555,31.373205205329704,0.27720141315313857,136.420648273646,arm_hist_gradient_boosting_bounded,391,1
0.19399365562201687,-39.38037313802713,-170.02764844821465,0.0,-209.40802158624177,-1.8502476597274127,-1061.0361141802025,arm_hist_gradient_boosting_bounded,392,4
0.07653599874170672,-4.530395633068084,0.0,-3.813193729039568,-8.343589362107652,-0.07372070360068998,-51.762588627201666,arm_hist_gradient_boosting_bounded,393,4
0.1923317285721006,-57.717595381117064,0.0,-18.257644012071523,-75.97523939318859,-0.671287603118795,-401.7682975150875,arm_hist_gradient_boosting_bounded,394,3
0.2348647456117449,16.562889640679394,-209.6150432121821,0.0,-193.05215357150269,-1.705733584823084,-985.8880157811178,arm_hist_gradient_boosting_bounded,395,3
0.1632397677887003,-18.37615433211525,0.0,-1.7864152510855187,-20.162569583200767,-0.17814860626074194,-122.09242463899346,arm_hist_gradient_boosting_bounded,396,5
0.18173525618290023,0.0,34.261048247926034,-0.0,34.261048247926034,0.3027172687099106,144.16145800893048,arm_hist_gradient_boosting_bounded,397,4
0.051340353615897914,0.0,0.0,-1.146257529742238,-1.146257529742238,-0.010127884766711547,-12.74024979789237,arm_hist_gradient_boosting_bounded,398,4
0.23783994044734366,-77.58131017021181,-45.56181235737733,0.0,-123.14312252758913,-1.0880446343091155,-641.010109656901,arm_hist_gradient_boosting_bounded,399,1
0.24966448316509512,-6.0150596725604855,-0.0,71.42014288045863,65.40508320789814,0.5778938228966155,288.6191305066173,arm_hist_gradient_boosting_bounded,400,5
0.24964980365745076,-42.80342552037671,-15.630824815679164,0.0,-58.434250336055875,-0.5163022605974353,-323.0344561691222,arm_hist_gradient_boosting_bounded,401,2
0.22202286961604212,-20.16669387257532,0.0,-3.2736192843642478,-23.440313156939567,-0.20710947094280066,-146.3865097016145,arm_hist_gradient_boosting_bounded,402,4
0.2197080275881997,-39.92363063344072,-0.0,71.70169976624955,31.778069132808824,0.2807786330163126,126.66210876784942,arm_hist_gradient_boosting_bounded,403,3
0.24865284442650182,-20.633606836602013,-22.551788422612727,0.0,-43.185395259214744,-0.38156932054228,-247.58128282779853,arm_hist_gradient_boosting_bounded,404,3
0.16736677577366535,0.0,0.0,-25.99402892607636,-25.99402892607636,-0.22967310814095074,-151.4636493739131,arm_hist_gradient_boosting_bounded,405,1
0.23669256256808135,-31.96643721856635,0.0,-180.0249888667329,-211.99142608529925,-1.873073614971643,-1079.6831104075525,arm_hist_gradient_boosting_bounded,406,4
0.23792811314651618,0.0,-0.0,239.07271844126547,239.07271844126547,2.1123533590065886,1148.000211433376,arm_hist_gradient_boosting_bounded,407,3
0.23490991568778966,0.0,-143.81185064020158,0.0,-143.81185064020158,-1.2706654600550569,-742.6911620456302,arm_hist_gradient_boosting_bounded,408,1
0.19673491202748558,1.5977556361232366,-0.0,73.30909774622182,74.90685338234506,0.6618477607418178,342.84726387131764,arm_hist_gradient_boosting_bounded,409,5
0.24777046993605856,-15.060118552361589,-134.96856727721882,0.0,-150.0286858295804,-1.325594992710624,-775.1699725613393,arm_hist_gradient_boosting_bounded,410,4
0.24937592540867057,8.244630026316848,0.0,-52.49210316090226,-44.24747313458541,-0.39095342669288197,-252.92669592755533,arm_hist_gradient_boosting_bounded,411,2
0.1811363699314792,31.264512056697534,265.88615092195414,-0.0,297.15066297865167,2.625507440440962,1442.683737909338,arm_hist_gradient_boosting_bounded,412,3
0.18587027877070694,0.0,50.37363141115145,-0.0,50.37363141115145,0.4450817734891288,223.17308295033158,arm_hist_gradient_boosting_bounded,413,3
0.24573023320877782,56.87638664217213,120.93530215280728,-0.0,177.8116887949794,1.5710747781913281,844.3497353949983,arm_hist_gradient_boosting_bounded,414,5
0.24961162029954517,18.047669695079545,48.01825561964881,-0.0,66.06592531472836,0.5837327661823118,291.8903884881238,arm_hist_gradient_boosting_bounded,415,2
0.23260287802167487,50.28598458620238,0.0,-230.3732394076598,-180.08725482145744,-1.5911807926751724,-921.5411406823966,arm_hist_gradient_boosting_bounded,416,5
0.2038571783270377,46.01478357237947,-0.0,47.53270395676764,93.5474875291471,0.8265491386771002,433.9333224055594,arm_hist_gradient_boosting_bounded,417,1
0.23994017694175823,12.211275134841324,0.0,-22.502178561857583,-10.290903427016259,-0.09092641169180804,-83.910601950406,arm_hist_gradient_boosting_bounded,418,2
0.2267050116861797,9.295258721257467,-205.38401125002218,0.0,-196.08875252876473,-1.7325637896626387,-999.7610434429367,arm_hist_gradient_boosting_bounded,419,5
0.2424054610592197,0.0,-242.60880415674208,0.0,-242.60880415674208,-2.143596834161439,-1231.6932792885252,arm_hist_gradient_boosting_bounded,420,3
0.16480168317781643,-13.280307873884462,0.0,-19.226545325411408,-32.50685319929587,-0.2872178849764337,-183.27750694328017,arm_hist_gradient_boosting_bounded,421,3
0.24160793189073265,-6.429866299764404,76.30833828757766,-0.0,69.87847198781326,0.6174189426049839,311.8245025350734,arm_hist_gradient_boosting_bounded,422,2
0.23268883852282973,45.49990988639591,-0.0,8.105626593835053,53.60553648023097,0.4736376270100639,232.68050376434036,arm_hist_gradient_boosting_bounded,423,5
0.2461471422869719,0.0,54.31082942314894,-0.0,54.31082942314894,0.47986932055824444,234.30840152586103,arm_hist_gradient_boosting_bounded,424,1
0.12783405661504832,17.821458629906243,0.0,-29.766636150737174,-11.945177520830931,-0.10554293281379251,-76.62414527132762,arm_hist_gradient_boosting_bounded,425,1
0.24544255681056573,54.06126845316752,-0.0,-65.98788698434136,-11.926618531173837,-0.10537895281474648,-92.74823567192601,arm_hist_gradient_boosting_bounded,426,1
0.16847855590613572,20.86723204730501,-0.0,17.198160703293603,38.06539275059861,0.3363309739517028,164.77934126178974,arm_hist_gradient_boosting_bounded,427,3
0.20639696999395835,0.0,-0.0,73.38743165901387,73.38743165901387,0.6484227426052765,334.0104827892801,arm_hist_gradient_boosting_bounded,428,1
0.16975495902865195,48.9666885788599,-0.0,25.399207206683695,74.3658957855436,0.6570680702604699,343.89538877310844,arm_hist_gradient_boosting_bounded,429,5
0.129636225075393,-3.0394345137563237,37.61255487657198,-0.0,34.57312036281565,0.3054746162836419,152.88618329252307,arm_hist_gradient_boosting_bounded,430,2
0.24895255557023166,34.31534789468609,53.76009338211309,-0.0,88.07544127679918,0.7782002707797107,400.68859481573367,arm_hist_gradient_boosting_bounded,431,2
0.0789819008475835,1.8071537887477649,0.0,-2.0019319356193233,-0.19477814687155837,-0.0017209837888980887,-11.851984055516946,arm_hist_gradient_boosting_bounded,432,2
0.13100189351469035,9.351415455479566,0.0,-14.40886490437099,-5.057449448891424,-0.04468565213557151,-43.041703901443476,arm_hist_gradient_boosting_bounded,433,5
0.05437606703859778,1.6810144333974575,87.88957120772197,-0.0,89.57058564111942,0.7914107836343907,434.9013043763637,arm_hist_gradient_boosting_bounded,434,4
0.24197611873420113,-0.5487540597140655,28.618820458188615,-0.0,28.070066398474548,0.24801616608932653,105.27758518889084,arm_hist_gradient_boosting_bounded,435,5
0.24440824390065857,0.0,-348.55619812374823,0.0,-348.55619812374823,-3.07970671312775,-1755.2548435444296,arm_hist_gradient_boosting_bounded,436,5
0.1896552989701801,33.21130275868714,-73.45414950866561,-0.0,-40.24284674997847,-0.35557010880431617,-224.9131944644279,arm_hist_gradient_boosting_bounded,437,4
0.08246076119512884,0.0,0.0,-8.572481942817596,-8.572481942817596,-0.07574310923051981,-53.710014342505936,arm_hist_gradient_boosting_bounded,438,4
0.24883476641772828,49.32092207280401,0.0,-269.7294593166242,-220.40853724382015,-1.9474439285095364,-1122.9302719235561,arm_hist_gradient_boosting_bounded,439,5
0.24986412383153056,5.360017552898646,-0.0,197.42672511438317,202.78674266728183,1.7917446199135214,967.1341997618555,arm_hist_gradient_boosting_bounded,440,4
0.24857233966713127,-43.426406884291154,-73.01952188377811,0.0,-116.44592876806927,-1.0288708405526552,-609.4117325891044,arm_hist_gradient_boosting_bounded,441,5
0.11562981436718682,10.078409029884444,-0.0,50.644292250631175,60.72270128051562,0.536522121194532,283.9729299667178,arm_hist_gradient_boosting_bounded,442,4
0.08766023198421374,0.0,0.0,-9.001258355116954,-9.001258355116954,-0.07953161048941966,-56.54468494600235,arm_hist_gradient_boosting_bounded,443,4
0.221541559502737,-46.547228886831235,0.0,-94.81208130156098,-141.35931018839221,-1.2489957685266535,-728.7345874414037,arm_hist_gradient_boosting_bounded,444,5
0.2472405083389458,-41.63795380976284,5.839928333280513,0.0,-35.79802547648233,-0.31629740044817567,-210.89954785380604,arm_hist_gradient_boosting_bounded,445,2
0.22015952337420053,16.728858050974463,44.75359572628259,-0.0,61.48245377725705,0.543234998134105,273.31296503199553,arm_hist_gradient_boosting_bounded,446,2
0.12123765321702035,5.224627473512167,0.0,-6.33717102745429,-1.112543553942123,-0.009830001216923175,-22.211110285425057,arm_hist_gradient_boosting_bounded,447,1
0.23454914958515372,0.0,86.69300267728502,-0.0,86.69300267728502,0.765985582134584,395.84651264717496,arm_hist_gradient_boosting_bounded,448,2
0.1747017314626904,13.346361716296434,0.0,-65.96371442210753,-52.61735270581109,-0.4649064203344496,-283.9704080451785,arm_hist_gradient_boosting_bounded,449,4
0.24901738571100165,52.06685848069015,-95.4346264072384,-0.0,-43.36776792654825,-0.38318069434914775,-248.5323034133452,arm_hist_gradient_boosting_bounded,450,5
0.2308466383884413,18.28543283258676,-309.19329781743943,0.0,-290.90786498485267,-2.5703485105648176,-1468.6537462268536,arm_hist_gradient_boosting_bounded,451,5
0.14087349157491535,-2.4315797715887024,-0.0,53.01798579519953,50.58640602361083,0.44696176703364654,230.428116269008,arm_hist_gradient_boosting_bounded,452,5
0.2252889741891507,-10.76567577525381,164.85541188333477,-0.0,154.08973610808096,1.3614768501338197,730.002916191712,arm_hist_gradient_boosting_bounded,453,2
0.1886080749029192,3.1835682230211164,0.0,-15.086392567299157,-11.902824344278041,-0.1051687166533732,-84.79442593071322,arm_hist_gradient_boosting_bounded,454,5
0.21979014438616135,82.4131925849458,-0.0,25.37079743110806,107.78399001605386,0.9523373258228086,502.05209585574215,arm_hist_gradient_boosting_bounded,455,4
0.2409172551030633,8.691008615411075,0.0,-104.97361634513585,-96.28260772972477,-0.850715594727151,-508.7674739334858,arm_hist_gradient_boosting_bounded,456,3
0.2366554126591788,0.8934603916667763,-0.0,12.19140754781553,13.084867939482306,0.11561279314650674,31.997713926832734,arm_hist_gradient_boosting_bounded,457,1
0.244047560467225,-30.469043118714275,-171.55162675210605,0.0,-202.0206698708203,-1.784975899269026,-1031.4505878869631,arm_hist_gradient_boosting_bounded,458,3
0.2473841343897937,0.0,58.36278517595271,-0.0,58.36278517595271,0.5156708222970716,254.15088562886433,arm_hist_gradient_boosting_bounded,459,3
0.2498940113853533,-10.72706763869883,185.49609593044843,-0.0,174.7690282917496,1.5441910158941543,828.7476142457374,arm_hist_gradient_boosting_bounded,460,4
0.13377166606327268,-7.928661185568992,0.0,-24.480840857973497,-32.40950204354249,-0.28635772810784754,-178.51828814113068,arm_hist_gradient_boosting_bounded,461,4
0.24410358293984002,0.0,0.0,-6.215454714857809,-6.215454714857809,-0.0549173353207542,-64.35557496848843,arm_hist_gradient_boosting_bounded,462,3
0.07641182333130217,-0.3790664552257988,-0.0,7.717324103885145,7.338257648659345,0.06483798441941249,25.70883917098432,arm_hist_gradient_boosting_bounded,463,4
0.21386677363486098,-2.3796251144522147,-96.3145781721367,0.0,-98.69420328658892,-0.8720235131225277,-516.94890403312,arm_hist_gradient_boosting_bounded,464,4
0.21538649313280922,-8.130493379172949,0.0,-6.042289661886091,-14.17278304105904,-0.12522518695753118,-99.69817727722342,arm_hist_gradient_boosting_bounded,465,2
0.1201017990019616,15.531034005421498,-12.013022696971264,-0.0,3.518011308450234,0.031083776739058194,0.8163021591167486,arm_hist_gradient_boosting_bounded,466,4
0.20724749504079723,-5.848267191542868,0.0,-26.57406089675892,-32.42232808830179,-0.286471054040253,-188.7124191712278,arm_hist_gradient_boosting_bounded,467,1
0.13705195855794972,0.0,-0.0,44.503485385761735,44.503485385761735,0.3932154511607721,200.91083526353862,arm_hist_gradient_boosting_bounded,468,1
0.21743684777488997,0.0,0.0,-35.68320063361598,-35.68320063361598,-0.3152828528908151,-206.22311360515303,arm_hist_gradient_boosting_bounded,469,1
0.08703832199226641,8.701720981807581,-0.0,44.90419330293437,53.60591428474195,0.4736409651434696,252.7645332283627,arm_hist_gradient_boosting_bounded,470,2
0.2455836766181704,-26.039500341175476,-0.0,81.33806119634609,55.298560855170614,0.4885965305127335,239.26460203479778,arm_hist_gradient_boosting_bounded,471,4
0.12604969228260918,19.884449441704135,-107.44460899299791,-0.0,-87.56015955129378,-0.7736474422896902,-449.8485395040317,arm_hist_gradient_boosting_bounded,472,4
0.21239051071791748,-11.925686378134843,0.0,-54.154038656932315,-66.07972503506716,-0.5838546951326373,-355.65898896110474,arm_hist_gradient_boosting_bounded,473,1
0.18228017583284453,46.9834945421977,-0.0,67.48521264595692,114.46870718815461,1.0114008813157165,540.2404644197545,arm_hist_gradient_boosting_bounded,474,4
0.2397017643734741,36.048057435581235,-0.0,115.9804924286388,152.02854986422003,1.3432650118523746,717.8352759232861,arm_hist_gradient_boosting_bounded,475,5
0.23352594668458582,9.4746955210451,0.0,-20.954445022661556,-11.479749501616457,-0.10143059224154519,-88.8980505248049,arm_hist_gradient_boosting_bounded,476,2
0.1942392794928687,0.0,33.08112606139128,-0.0,33.08112606139128,0.29229193615693927,136.6096535186833,arm_hist_gradient_boosting_bounded,477,1
0.24956319548319333,-57.7811948948613,-42.43111615132033,0.0,-100.21231104618164,-0.8854369215876072,-529.3687902047279,arm_hist_gradient_boosting_bounded,478,2
0.19369183101717477,6.717251639866381,0.0,-20.619725290309326,-13.902473650442944,-0.12283683853801375,-95.37184982773273,arm_hist_gradient_boosting_bounded,479,1
0.22476155532651984,42.46396271736763,-0.0,98.29439904147276,140.75836175884038,1.2436860224291897,664.2305635476833,arm_hist_gradient_boosting_bounded,480,5
0.13467350983272794,37.2144019679833,0.0,-120.95831786186973,-83.74391589388642,-0.7399286007544839,-432.1887513660076,arm_hist_gradient_boosting_bounded,481,4
0.24874602532652754,-4.818513684700989,-249.15982114597983,0.0,-253.9783348306808,-2.244053575800587,-1288.7228292166653,arm_hist_gradient_boosting_bounded,482,1
0.2016407565298091,9.231410478089847,-0.0,54.5944195375365,63.82583001562635,0.5639401572204679,287.44050003391493,arm_hist_gradient_boosting_bounded,483,1
0.2322056028684698,-13.030991111321267,-46.70988376079853,0.0,-59.740874872119804,-0.5278470857272551,-327.0828225543514,arm_hist_gradient_boosting_bounded,484,1
0.207090601844564,-8.864921849468356,0.0,-25.183213397226787,-34.04813524669514,-0.30083605241614625,-196.72082096924424,arm_hist_gradient_boosting_bounded,485,2
0.24812156891508444,0.0,0.0,-38.484344508927684,-38.484344508927684,-0.34003266839738483,-224.28904248464406,arm_hist_gradient_boosting_bounded,486,5
0.23047084251300098,-12.41299737766356,0.0,-40.43934348464133,-52.852340862304885,-0.4669826840960899,-292.82043483035585,arm_hist_gradient_boosting_bounded,487,3
0.20491988895185226,-1.7169034652135093,28.043943932841067,-0.0,26.32704046762756,0.23261546832729904,101.77787508592567,arm_hist_gradient_boosting_bounded,488,2
0.2499902098058664,2.6562700987184824,0.0,-10.538018410868366,-7.881748312149884,-0.0696400560907354,-73.39721874632525,arm_hist_gradient_boosting_bounded,489,4
0.2149106435534211,-8.030935063109458,0.0,-98.77172141763924,-106.8026564807487,-0.9436666451900582,-557.1413427131727,arm_hist_gradient_boosting_bounded,490,5
0.07699191769592563,0.0,23.38315923608069,-0.0,23.38315923608069,0.20660448117444152,104.87632796290409,arm_hist_gradient_boosting_bounded,491,4
0.18450823860971427,6.1874359397936685,0.0,-8.6547927464637,-2.4673568066700318,-0.021800603065119956,-37.62636865964717,arm_hist_gradient_boosting_bounded,492,5
0.2361797108684721,15.248325402050803,0.0,-32.641516109871716,-17.393190707820914,-0.1536794539128227,-118.47106284027086,arm_hist_gradient_boosting_bounded,493,3
0.2382492905633353,-45.30625277909371,0.0,-169.2585718215673,-214.564824600661,-1.8958111612438766,-1092.6080390427023,arm_hist_gradient_boosting_bounded,494,5
0.2487028502862936,-16.611712146235494,-0.0,214.90455493118276,198.29284278494725,1.7520382720985954,945.098466695057,arm_hist_gradient_boosting_bounded,495,5
0.2300376674747738,82.70577566202938,0.0,-139.1331902110283,-56.427414548998925,-0.4985706417686402,-310.4183773809912,arm_hist_gradient_boosting_bounded,496,4
0.2466132012894591,19.92526001037117,-0.0,160.86246900956908,180.78772901994026,1.597369909675681,858.9269710424946,arm_hist_gradient_boosting_bounded,497,1
0.11326379476284494,23.605849216155036,-0.0,-17.534094341653248,6.071754874501789,0.05364765953991297,14.372330576754813,arm_hist_gradient_boosting_bounded,498,1
0.10244861830969894,14.377326929776212,-265.0772464260617,0.0,-250.6999194962855,-2.215086775703193,-1252.3590318308943,arm_hist_gradient_boosting_bounded,499,2
0.19614179155045627,54.02656676174865,-0.0,7.988880507756569,62.015447269505216,0.5479443208917147,279.25701991802396,arm_hist_gradient_boosting_bounded,500,3
0.24719324382462324,24.610658516268405,0.0,-67.4822619129493,-42.8716033966809,-0.37879677794865424,-245.83018308745054,arm_hist_gradient_boosting_bounded,501,3
0.20922732027787677,-10.280861486610508,-0.0,100.0284185639379,89.7475570773274,0.7929744342682207,414.4246322535064,arm_hist_gradient_boosting_bounded,502,5
0.24426335075242783,2.1222429092302737,9.35062810974689,-0.0,11.472871018977163,0.10136981664990631,22.98691433946121,arm_hist_gradient_boosting_bounded,503,1
0.20959006042869208,0.0,-0.0,427.20143301845303,427.20143301845303,3.774585355838734,2081.0951231226236,arm_hist_gradient_boosting_bounded,504,3
0.23989291641398092,0.0,0.0,-54.01872110976362,-54.01872110976362,-0.47728836535350067,-299.88041780783044,arm_hist_gradient_boosting_bounded,505,3
0.23990972926890566,-1.8331095746108663,51.41166116434544,-0.0,49.57855158973457,0.4380567580779249,211.79518804887934,arm_hist_gradient_boosting_bounded,506,5
0.14612274193146324,-14.429146831890739,132.21133037195537,-0.0,117.78218354006464,1.040677466898465,561.591430531261,arm_hist_gradient_boosting_bounded,507,5
0.10204144240372272,3.495510689611581,0.0,-13.804601141833086,-10.309090452221504,-0.09108710515793464,-64.98707494496453,arm_hist_gradient_boosting_bounded,508,5
0.1623490542693482,64.02081736577809,-139.29168656322256,0.0,-75.27086919744447,-0.665064062604992,-394.1553539489895,arm_hist_gradient_boosting_bounded,509,2
0.24380667312979276,56.23406763279738,-380.78308193833595,0.0,-324.54901430553855,-2.8675885939658494,-1636.5978708910282,arm_hist_gradient_boosting_bounded,510,2
0.19756279112351086,0.0,0.0,-20.246053168263224,-20.246053168263224,-0.1788862346797366,-127.23718680146703,arm_hist_gradient_boosting_bounded,511,3
0.15658679837223816,0.0,93.79538429070077,-0.0,93.79538429070077,0.828739457841783,441.67530868979304,arm_hist_gradient_boosting_bounded,512,3
0.221148953803775,0.0,35.32131185863856,-0.0,35.32131185863856,0.3120853447251222,143.96388699030774,arm_hist_gradient_boosting_bounded,513,1
0.2391409699159603,49.092343262053774,-7.712417390697194,-0.0,41.379925871356576,0.36561689673210473,171.4073014112003,arm_hist_gradient_boosting_bounded,514,2
0.22297508079264525,-36.00920201703802,0.0,-8.356517844474023,-44.36571986151205,-0.39199820868408347,-249.87060412761994,arm_hist_gradient_boosting_bounded,515,1
0.2465358108395325,-14.73510758739527,-142.16171621794717,0.0,-156.89682380534245,-1.3862791829344698,-808.9222012002972,arm_hist_gradient_boosting_bounded,516,2
0.22589655795858,-5.477672964871202,-0.0,75.19701149681823,69.71933853194703,0.6160129014129107,313.2047957479402,arm_hist_gradient_boosting_bounded,517,1
0.1292283206933015,-39.79402231720424,0.0,-83.17890079028108,-122.97292310748531,-1.0865408185701164,-625.19420329796,arm_hist_gradient_boosting_bounded,518,4
0.19247507642781958,-6.40686999862333,55.87825484859203,-0.0,49.4713848499687,0.4371098745347328,217.80612781860816,arm_hist_gradient_boosting_bounded,519,4
0.06904540591823446,0.0,-0.0,25.827751341739226,25.827751341739226,0.22820394421420878,118.04608576585416,arm_hist_gradient_boosting_bounded,520,4
0.1821042092898148,-64.76007963597978,-0.0,93.0468015106506,28.286721874670818,0.24993044943321546,114.60275510760657,arm_hist_gradient_boosting_bounded,521,1
0.1968624859650427,71.43689376803542,-0.0,-76.87097431289413,-5.434080544858716,-0.048013417703554113,-53.98272466048975,arm_hist_gradient_boosting_bounded,522,3
0.23068856237157345,42.77306585979548,-0.0,156.12089596975522,198.8939618295507,1.7573495256841563,950.5512514166859,arm_hist_gradient_boosting_bounded,523,5
0.24215647905134596,-33.57734077780821,249.08979784787095,-0.0,215.51245707006274,1.904184072393654,1031.0505768931796,arm_hist_gradient_boosting_bounded,524,5
0.23539030151059293,0.0,75.11492354794287,-0.0,75.11492354794287,0.663686187627475,338.5451738396716,arm_hist_gradient_boosting_bounded,525,5
0.22682988676439278,-56.92628088801775,-46.13403687897748,0.0,-103.06031776699524,-0.9106007989317382,-540.300949288886,arm_hist_gradient_boosting_bounded,526,1
0.22977234663106846,0.0,0.0,-29.279110294229802,-29.279110294229802,-0.25869880671447365,-176.29343938417782,arm_hist_gradient_boosting_bounded,527,3
0.19663753894188948,16.60465758977987,104.61630034469091,-0.0,121.22095793447079,1.0710611371484615,571.610966996916,arm_hist_gradient_boosting_bounded,528,4
0.18422756420883096,11.551638156866344,0.0,-25.55984622724054,-14.008208070374197,-0.12377106666140904,-94.58915867365442,arm_hist_gradient_boosting_bounded,529,5
0.2052597629313466,52.087614697844394,0.0,-235.26542412601555,-183.17780942817114,-1.6184877286034929,-933.0356735198585,arm_hist_gradient_boosting_bounded,530,4
0.2300770993145712,-28.30859403879195,277.9671541452274,-0.0,249.6585601064355,2.2058857300154013,1201.3672976193498,arm_hist_gradient_boosting_bounded,531,5
0.06406442643507043,3.483553472170926,33.10164769888009,-0.0,36.58520117105102,0.32325257807526664,171.86504510736805,arm_hist_gradient_boosting_bounded,532,4
0.22233694586367425,-69.98218657217106,335.4578072752595,-0.0,265.47562070308845,2.345639112579456,1280.5566439341392,arm_hist_gradient_boosting_bounded,533,4
0.20251542329807998,0.0,-0.0,44.572772621589,44.572772621589,0.3938276461711031,192.22700808262198,arm_hist_gradient_boosting_bounded,534,5
0.24966708005837437,0.0,67.48261606995337,-0.0,67.48261606995337,0.5962500935251568,298.8799277306403,arm_hist_gradient_boosting_bounded,535,5
0.16453343769758183,0.0,0.0,-17.758343437902454,-17.758343437902454,-0.15690580111365426,-110.39606661617324,arm_hist_gradient_boosting_bounded,536,3
0.20785251011863418,81.35535504638484,-91.15416480868325,-0.0,-9.798809762298404,-0.08657846386911242,-77.05588020543564,arm_hist_gradient_boosting_bounded,537,3
0.15038301937848353,37.10057772250045,-0.0,27.917360195762846,65.0179379182633,0.5744731580114054,300.3958186048241,arm_hist_gradient_boosting_bounded,538,2
0.24823803655032478,-73.80239308535381,992.5979471133093,-0.0,918.7955540279554,8.118119405029836,4503.801908107396,arm_hist_gradient_boosting_bounded,539,1
0.15402739070814192,32.098490687379204,-0.0,18.86529800815184,50.96378869553104,0.45029617323381443,230.47840144228164,arm_hist_gradient_boosting_bounded,540,3
0.2475422062258236,15.931516395067804,-0.0,47.17651897388544,63.108035368953246,0.5575980034905792,277.5663851121222,arm_hist_gradient_boosting_bounded,541,2
0.2278084383118624,-21.890732005296073,0.0,-61.82511185464652,-83.7158438599426,-0.7396805672039306,-444.8914615685364,arm_hist_gradient_boosting_bounded,542,2
0.044836704095139145,3.9048563314777223,0.0,-21.098908140684063,-17.194051809206343,-0.15191994022117283,-91.1052913956396,arm_hist_gradient_boosting_bounded,543,4
0.24879083301511176,16.593117564792426,0.0,-88.39803512473543,-71.80491755994301,-0.6344402648276255,-388.955166426959,arm_hist_gradient_boosting_bounded,544,4
0.06807541672799945,3.6638738666325343,65.83448776170073,-0.0,69.49836162833326,0.614060435620683,333.87360570738133,arm_hist_gradient_boosting_bounded,545,4
0.15194383978197637,1.4025259940549393,0.0,-16.137558323381757,-14.735032329326819,-0.13019300252601182,-93.72776966216502,arm_hist_gradient_boosting_bounded,546,2
0.24565169873239875,-1.9910933773638309,28.395123870795683,-0.0,26.40403049343185,0.2332957221876225,96.54207135255731,arm_hist_gradient_boosting_bounded,547,1
0.24999914919187916,0.0,17.944833402568623,-0.0,17.944833402568623,0.1585535537549929,54.16177660285824,arm_hist_gradient_boosting_bounded,548,5
0.22431744371236595,-3.251279551997349,-0.0,101.16721490330774,97.9159353513104,0.8651470409846305,452.68850663383944,arm_hist_gradient_boosting_bounded,549,5
0.1772220565362425,-19.140246531109657,-0.0,72.40766011539381,53.26741358428416,0.4706501048884808,238.65818937885902,arm_hist_gradient_boosting_bounded,550,1
0.15388629289725891,-4.648595746257454,0.0,-23.873616141683577,-28.522211887941033,-0.25201114740572816,-162.09193635477357,arm_hist_gradient_boosting_bounded,551,3
0.21759318616962928,16.158556360582942,-0.0,5.294417055548704,21.452973416131645,0.1895501115798701,75.95695773538783,arm_hist_gradient_boosting_bounded,552,2
0.12679006360188086,0.0,0.0,-6.240785671885965,-6.240785671885965,-0.05514114978404447,-48.30560373122046,arm_hist_gradient_boosting_bounded,553,2
0.19519610936617204,-0.6907820651190084,0.0,-49.302526400270196,-49.993308465389205,-0.44172138817529577,-273.8357216334503,arm_hist_gradient_boosting_bounded,554,5
0.24975865282148063,-25.30009884497919,-232.4770476305413,0.0,-257.7771464755205,-2.277618394867058,-1307.6251832515954,arm_hist_gradient_boosting_bounded,555,3
0.1607936391456355,0.0,-0.0,51.51943902516053,51.51943902516053,0.4552056829757816,232.2898930820758,arm_hist_gradient_boosting_bounded,556,2
0.13407283053418365,0.0,21.735592551886956,-0.0,21.735592551886956,0.19204722410958325,88.86855585949563,arm_hist_gradient_boosting_bounded,557,2
0.18893102910185003,-32.92527834912527,228.89938005850132,-0.0,195.97410170937604,1.7315507797088994,941.8872438985945,arm_hist_gradient_boosting_bounded,558,2
