matrix,column,dtype,missing_fraction,n_unique
ite_ready,CLIN_ajcc_pathologic_stage.diagnoses_Stage IV,int64,0.0,2
ite_ready,CLIN_ajcc_pathologic_m.diagnoses_M1,int64,0.0,2
ite_ready,CLIN_ajcc_pathologic_n.diagnoses_N1b,int64,0.0,2
ite_ready,CLIN_ajcc_staging_system_edition.diagnoses_5th,int64,0.0,2
ite_ready,CLIN_ajcc_staging_system_edition.diagnoses_6th,int64,0.0,2
ite_ready,CLIN_age_at_index.demographic,float64,0.0,58
ite_ready,CLIN_ajcc_pathologic_n.diagnoses_N0 (i-),int64,0.0,2
ite_ready,CLIN_ajcc_pathologic_n.diagnoses_NX,int64,0.0,2
ite_ready,PROT_4EBP1,float64,0.0,506
ite_ready,PROT_ZAP-70,float64,0.0,491
ite_ready,METH_cg00101629,float64,0.0,451
ite_ready,CLIN_ajcc_pathologic_t.diagnoses_T4b,int64,0.0,2
ite_ready,RNA_ENSG00000264589.4,float64,0.0,351
ite_ready,CLIN_tissue_or_organ_of_origin.diagnoses_Lower-inner quadrant of breast,int64,0.0,2
ite_ready,"CLIN_tissue_or_organ_of_origin.diagnoses_Breast, NOS",int64,0.0,2
ite_ready,METH_cg19851563,float64,0.0,507
ite_ready,CLIN_ajcc_staging_system_edition.diagnoses_4th,int64,0.0,2
ite_ready,CLIN_ajcc_pathologic_stage.diagnoses_Stage III,int64,0.0,2
ite_ready,pathology_details.consistent_pathology_review,int64,0.0,2
ite_ready,pathology_details.lymph_nodes_positive,float64,0.0,58
ite_ready,pathology_details.lymph_nodes_tested,float64,0.0,48
ite_ready,ER_status,float64,0.0,25
ite_ready,HER2_status,float64,0.0,82
ite_ready,PR_status,float64,0.0,26
ite_ready,T,int64,0.0,2
ite_ready,Y,int64,0.0,2
ite_ready,patient_id,object,0.0,1076
ite_ready,propensity_score,float64,0.0,1076
ite_ready,T_hormone,int64,0.0,2
ite_ready,T_chemo,int64,0.0,2
ite_ready,T_targeted,int64,0.0,2
ite_ready,T_radiation,int64,0.0,2
ite_ready,T_hormone_excl,int64,0.0,2
complete_case:01_ultra_conservative,Unnamed: 0,object,0.0,526
complete_case:01_ultra_conservative,CLIN_gender.demographic,float64,0.0,2
complete_case:01_ultra_conservative,CLIN_age_at_index.demographic,float64,0.0,63
complete_case:01_ultra_conservative,CLIN_tumor_descriptor.samples,int64,0.0,1
complete_case:01_ultra_conservative,CLIN_disease_type_Adenomas and Adenocarcinomas,int64,0.0,2
complete_case:01_ultra_conservative,CLIN_disease_type_Adnexal and Skin Appendage Neoplasms,int64,0.0,1
complete_case:01_ultra_conservative,CLIN_disease_type_Basal Cell Neoplasms,int64,0.0,1
complete_case:01_ultra_conservative,CLIN_disease_type_Complex Epithelial Neoplasms,int64,0.0,2
complete_case:01_ultra_conservative,"CLIN_disease_type_Cystic, Mucinous and Serous Neoplasms",int64,0.0,2
complete_case:01_ultra_conservative,CLIN_disease_type_Ductal and Lobular Neoplasms,int64,0.0,2
complete_case:01_ultra_conservative,"CLIN_disease_type_Epithelial Neoplasms, NOS",int64,0.0,2
complete_case:01_ultra_conservative,CLIN_disease_type_Fibroepithelial Neoplasms,int64,0.0,1
complete_case:01_ultra_conservative,CLIN_disease_type_Squamous Cell Neoplasms,int64,0.0,1
complete_case:01_ultra_conservative,CLIN_race.demographic_american indian or alaska native,int64,0.0,2
complete_case:01_ultra_conservative,CLIN_race.demographic_asian,int64,0.0,2
complete_case:01_ultra_conservative,CLIN_race.demographic_black or african american,int64,0.0,2
complete_case:01_ultra_conservative,CLIN_race.demographic_missing,int64,0.0,2
complete_case:01_ultra_conservative,CLIN_race.demographic_white,int64,0.0,2
complete_case:01_ultra_conservative,CLIN_ethnicity.demographic_hispanic or latino,int64,0.0,2
complete_case:01_ultra_conservative,CLIN_ethnicity.demographic_missing,int64,0.0,2
complete_case:01_ultra_conservative,CLIN_ethnicity.demographic_not hispanic or latino,int64,0.0,2
complete_case:01_ultra_conservative,CLIN_ajcc_pathologic_stage.diagnoses_Stage I,int64,0.0,2
complete_case:01_ultra_conservative,CLIN_ajcc_pathologic_stage.diagnoses_Stage IA,int64,0.0,2
complete_case:01_ultra_conservative,CLIN_ajcc_pathologic_stage.diagnoses_Stage IB,int64,0.0,2
complete_case:01_ultra_conservative,CLIN_ajcc_pathologic_stage.diagnoses_Stage II,int64,0.0,2
complete_case:01_ultra_conservative,CLIN_ajcc_pathologic_stage.diagnoses_Stage IIA,int64,0.0,2
complete_case:01_ultra_conservative,CLIN_ajcc_pathologic_stage.diagnoses_Stage IIB,int64,0.0,2
complete_case:01_ultra_conservative,CLIN_ajcc_pathologic_stage.diagnoses_Stage III,int64,0.0,2
complete_case:01_ultra_conservative,CLIN_ajcc_pathologic_stage.diagnoses_Stage IIIA,int64,0.0,2
complete_case:01_ultra_conservative,CLIN_ajcc_pathologic_stage.diagnoses_Stage IIIB,int64,0.0,2
complete_case:01_ultra_conservative,CLIN_ajcc_pathologic_stage.diagnoses_Stage IIIC,int64,0.0,2
complete_case:01_ultra_conservative,CLIN_ajcc_pathologic_stage.diagnoses_Stage IV,int64,0.0,2
complete_case:01_ultra_conservative,CLIN_ajcc_pathologic_stage.diagnoses_Stage X,int64,0.0,2
complete_case:01_ultra_conservative,CLIN_ajcc_pathologic_stage.diagnoses_missing,int64,0.0,2
complete_case:01_ultra_conservative,"CLIN_tissue_or_organ_of_origin.diagnoses_Breast, NOS",int64,0.0,2
complete_case:01_ultra_conservative,CLIN_tissue_or_organ_of_origin.diagnoses_Lower-inner quadrant of breast,int64,0.0,1
complete_case:01_ultra_conservative,CLIN_tissue_or_organ_of_origin.diagnoses_Lower-outer quadrant of breast,int64,0.0,1
complete_case:01_ultra_conservative,CLIN_tissue_or_organ_of_origin.diagnoses_Overlapping lesion of breast,int64,0.0,2
complete_case:01_ultra_conservative,CLIN_tissue_or_organ_of_origin.diagnoses_Upper-inner quadrant of breast,int64,0.0,2
complete_case:01_ultra_conservative,CLIN_tissue_or_organ_of_origin.diagnoses_Upper-outer quadrant of breast,int64,0.0,1
complete_case:01_ultra_conservative,CLIN_tissue_or_organ_of_origin.diagnoses_missing,int64,0.0,1
complete_case:01_ultra_conservative,CLIN_primary_diagnosis.diagnoses_Adenoid cystic carcinoma,int64,0.0,1
complete_case:01_ultra_conservative,CLIN_primary_diagnosis.diagnoses_Apocrine adenocarcinoma,int64,0.0,1
complete_case:01_ultra_conservative,"CLIN_primary_diagnosis.diagnoses_Basal cell carcinoma, NOS",int64,0.0,1
complete_case:01_ultra_conservative,"CLIN_primary_diagnosis.diagnoses_Carcinoma, NOS",int64,0.0,2
complete_case:01_ultra_conservative,"CLIN_primary_diagnosis.diagnoses_Cribriform carcinoma, NOS",int64,0.0,1
complete_case:01_ultra_conservative,CLIN_primary_diagnosis.diagnoses_Infiltrating duct and lobular carcinoma,int64,0.0,2
complete_case:01_ultra_conservative,"CLIN_primary_diagnosis.diagnoses_Infiltrating duct carcinoma, NOS",int64,0.0,2
complete_case:01_ultra_conservative,CLIN_primary_diagnosis.diagnoses_Infiltrating duct mixed with other types of carcinoma,int64,0.0,2
complete_case:01_ultra_conservative,CLIN_primary_diagnosis.diagnoses_Infiltrating lobular mixed with other types of carcinoma,int64,0.0,2
complete_case:01_ultra_conservative,CLIN_primary_diagnosis.diagnoses_Intraductal micropapillary carcinoma,int64,0.0,2
complete_case:01_ultra_conservative,CLIN_primary_diagnosis.diagnoses_Intraductal papillary adenocarcinoma with invasion,int64,0.0,2
complete_case:01_ultra_conservative,CLIN_primary_diagnosis.diagnoses_Large cell neuroendocrine carcinoma,int64,0.0,2
complete_case:01_ultra_conservative,"CLIN_primary_diagnosis.diagnoses_Lobular carcinoma, NOS",int64,0.0,2
complete_case:01_ultra_conservative,"CLIN_primary_diagnosis.diagnoses_Medullary carcinoma, NOS",int64,0.0,2
complete_case:01_ultra_conservative,"CLIN_primary_diagnosis.diagnoses_Metaplastic carcinoma, NOS",int64,0.0,2
complete_case:01_ultra_conservative,CLIN_primary_diagnosis.diagnoses_Mucinous adenocarcinoma,int64,0.0,2
complete_case:01_ultra_conservative,CLIN_primary_diagnosis.diagnoses_Paget disease and infiltrating duct carcinoma of breast,int64,0.0,2
complete_case:01_ultra_conservative,"CLIN_primary_diagnosis.diagnoses_Papillary carcinoma, NOS",int64,0.0,1
complete_case:01_ultra_conservative,"CLIN_primary_diagnosis.diagnoses_Phyllodes tumor, malignant",int64,0.0,1
complete_case:01_ultra_conservative,CLIN_primary_diagnosis.diagnoses_Pleomorphic carcinoma,int64,0.0,2
complete_case:01_ultra_conservative,CLIN_primary_diagnosis.diagnoses_Secretory carcinoma of breast,int64,0.0,1
complete_case:01_ultra_conservative,CLIN_primary_diagnosis.diagnoses_Tubular adenocarcinoma,int64,0.0,2
complete_case:01_ultra_conservative,CLIN_primary_diagnosis.diagnoses_missing,int64,0.0,1
complete_case:01_ultra_conservative,CLIN_prior_malignancy.diagnoses_missing,int64,0.0,2
complete_case:01_ultra_conservative,CLIN_prior_malignancy.diagnoses_no,int64,0.0,2
complete_case:01_ultra_conservative,CLIN_prior_malignancy.diagnoses_yes,int64,0.0,2
complete_case:01_ultra_conservative,CLIN_prior_treatment.diagnoses_No,int64,0.0,2
complete_case:01_ultra_conservative,CLIN_prior_treatment.diagnoses_Yes,int64,0.0,2
complete_case:01_ultra_conservative,CLIN_prior_treatment.diagnoses_missing,int64,0.0,2
complete_case:01_ultra_conservative,CLIN_ajcc_staging_system_edition.diagnoses_3rd,int64,0.0,2
complete_case:01_ultra_conservative,CLIN_ajcc_staging_system_edition.diagnoses_4th,int64,0.0,2
complete_case:01_ultra_conservative,CLIN_ajcc_staging_system_edition.diagnoses_5th,int64,0.0,2
complete_case:01_ultra_conservative,CLIN_ajcc_staging_system_edition.diagnoses_6th,int64,0.0,2
complete_case:01_ultra_conservative,CLIN_ajcc_staging_system_edition.diagnoses_7th,int64,0.0,2
complete_case:01_ultra_conservative,CLIN_ajcc_staging_system_edition.diagnoses_missing,int64,0.0,2
complete_case:01_ultra_conservative,CLIN_ajcc_pathologic_t.diagnoses_T1,int64,0.0,2
complete_case:01_ultra_conservative,CLIN_ajcc_pathologic_t.diagnoses_T1a,int64,0.0,2
complete_case:01_ultra_conservative,CLIN_ajcc_pathologic_t.diagnoses_T1b,int64,0.0,2
complete_case:01_ultra_conservative,CLIN_ajcc_pathologic_t.diagnoses_T1c,int64,0.0,2
complete_case:01_ultra_conservative,CLIN_ajcc_pathologic_t.diagnoses_T2,int64,0.0,2
complete_case:01_ultra_conservative,CLIN_ajcc_pathologic_t.diagnoses_T2a,int64,0.0,2
complete_case:01_ultra_conservative,CLIN_ajcc_pathologic_t.diagnoses_T2b,int64,0.0,1
complete_case:01_ultra_conservative,CLIN_ajcc_pathologic_t.diagnoses_T3,int64,0.0,2
complete_case:01_ultra_conservative,CLIN_ajcc_pathologic_t.diagnoses_T3a,int64,0.0,1
complete_case:01_ultra_conservative,CLIN_ajcc_pathologic_t.diagnoses_T4,int64,0.0,2
complete_case:01_ultra_conservative,CLIN_ajcc_pathologic_t.diagnoses_T4b,int64,0.0,2
complete_case:01_ultra_conservative,CLIN_ajcc_pathologic_t.diagnoses_T4d,int64,0.0,2
complete_case:01_ultra_conservative,CLIN_ajcc_pathologic_t.diagnoses_TX,int64,0.0,2
complete_case:01_ultra_conservative,CLIN_ajcc_pathologic_t.diagnoses_missing,int64,0.0,1
complete_case:01_ultra_conservative,CLIN_morphology.diagnoses_8010/3,int64,0.0,2
complete_case:01_ultra_conservative,CLIN_morphology.diagnoses_8013/3,int64,0.0,2
complete_case:01_ultra_conservative,CLIN_morphology.diagnoses_8022/3,int64,0.0,2
complete_case:01_ultra_conservative,CLIN_morphology.diagnoses_8050/3,int64,0.0,1
complete_case:01_ultra_conservative,CLIN_morphology.diagnoses_8090/3,int64,0.0,1
complete_case:01_ultra_conservative,CLIN_morphology.diagnoses_8200/3,int64,0.0,1
complete_case:01_ultra_conservative,CLIN_morphology.diagnoses_8201/3,int64,0.0,1
complete_case:01_ultra_conservative,CLIN_morphology.diagnoses_8211/3,int64,0.0,2
complete_case:01_ultra_conservative,CLIN_morphology.diagnoses_8401/3,int64,0.0,1
complete_case:01_ultra_conservative,CLIN_morphology.diagnoses_8480/3,int64,0.0,2
complete_case:01_ultra_conservative,CLIN_morphology.diagnoses_8500/3,int64,0.0,2
complete_case:01_ultra_conservative,CLIN_morphology.diagnoses_8502/3,int64,0.0,1
complete_case:01_ultra_conservative,CLIN_morphology.diagnoses_8503/3,int64,0.0,2
complete_case:01_ultra_conservative,CLIN_morphology.diagnoses_8507/3,int64,0.0,2
complete_case:01_ultra_conservative,CLIN_morphology.diagnoses_8510/3,int64,0.0,2
complete_case:01_ultra_conservative,CLIN_morphology.diagnoses_8520/3,int64,0.0,2
complete_case:01_ultra_conservative,CLIN_morphology.diagnoses_8522/3,int64,0.0,2
complete_case:01_ultra_conservative,CLIN_morphology.diagnoses_8523/3,int64,0.0,2
complete_case:01_ultra_conservative,CLIN_morphology.diagnoses_8524/3,int64,0.0,2
complete_case:01_ultra_conservative,CLIN_morphology.diagnoses_8541/3,int64,0.0,2
complete_case:01_ultra_conservative,CLIN_morphology.diagnoses_8575/3,int64,0.0,2
complete_case:01_ultra_conservative,CLIN_morphology.diagnoses_9020/3,int64,0.0,1
complete_case:01_ultra_conservative,CLIN_morphology.diagnoses_missing,int64,0.0,1
complete_case:01_ultra_conservative,CLIN_ajcc_pathologic_n.diagnoses_N0,int64,0.0,2
complete_case:01_ultra_conservative,CLIN_ajcc_pathologic_n.diagnoses_N0 (i+),int64,0.0,2
complete_case:01_ultra_conservative,CLIN_ajcc_pathologic_n.diagnoses_N0 (i-),int64,0.0,2
complete_case:01_ultra_conservative,CLIN_ajcc_pathologic_n.diagnoses_N0 (mol+),int64,0.0,2
complete_case:01_ultra_conservative,CLIN_ajcc_pathologic_n.diagnoses_N1,int64,0.0,2
complete_case:01_ultra_conservative,CLIN_ajcc_pathologic_n.diagnoses_N1a,int64,0.0,2
complete_case:01_ultra_conservative,CLIN_ajcc_pathologic_n.diagnoses_N1b,int64,0.0,2
complete_case:01_ultra_conservative,CLIN_ajcc_pathologic_n.diagnoses_N1c,int64,0.0,2
complete_case:01_ultra_conservative,CLIN_ajcc_pathologic_n.diagnoses_N1mi,int64,0.0,2
complete_case:01_ultra_conservative,CLIN_ajcc_pathologic_n.diagnoses_N2,int64,0.0,2
complete_case:01_ultra_conservative,CLIN_ajcc_pathologic_n.diagnoses_N2a,int64,0.0,2
complete_case:01_ultra_conservative,CLIN_ajcc_pathologic_n.diagnoses_N3,int64,0.0,2
complete_case:01_ultra_conservative,CLIN_ajcc_pathologic_n.diagnoses_N3a,int64,0.0,2
complete_case:01_ultra_conservative,CLIN_ajcc_pathologic_n.diagnoses_N3b,int64,0.0,2
complete_case:01_ultra_conservative,CLIN_ajcc_pathologic_n.diagnoses_N3c,int64,0.0,1
complete_case:01_ultra_conservative,CLIN_ajcc_pathologic_n.diagnoses_NX,int64,0.0,2
complete_case:01_ultra_conservative,CLIN_ajcc_pathologic_n.diagnoses_missing,int64,0.0,1
complete_case:01_ultra_conservative,CLIN_ajcc_pathologic_m.diagnoses_M0,int64,0.0,2
complete_case:01_ultra_conservative,CLIN_ajcc_pathologic_m.diagnoses_M1,int64,0.0,2
complete_case:01_ultra_conservative,CLIN_ajcc_pathologic_m.diagnoses_MX,int64,0.0,2
complete_case:01_ultra_conservative,CLIN_ajcc_pathologic_m.diagnoses_cM0 (i+),int64,0.0,2
complete_case:01_ultra_conservative,CLIN_ajcc_pathologic_m.diagnoses_missing,int64,0.0,1
complete_case:01_ultra_conservative,"CLIN_treatment_or_therapy.treatments.diagnoses_['no', 'no']",int64,0.0,2
complete_case:01_ultra_conservative,"CLIN_treatment_or_therapy.treatments.diagnoses_['no', 'not reported']",int64,0.0,1
complete_case:01_ultra_conservative,"CLIN_treatment_or_therapy.treatments.diagnoses_['no', 'yes']",int64,0.0,2
complete_case:01_ultra_conservative,"CLIN_treatment_or_therapy.treatments.diagnoses_['not reported', 'no']",int64,0.0,1
complete_case:01_ultra_conservative,"CLIN_treatment_or_therapy.treatments.diagnoses_['not reported', 'not reported']",int64,0.0,2
complete_case:01_ultra_conservative,"CLIN_treatment_or_therapy.treatments.diagnoses_['not reported', 'yes']",int64,0.0,2
complete_case:01_ultra_conservative,"CLIN_treatment_or_therapy.treatments.diagnoses_['yes', 'no']",int64,0.0,2
complete_case:01_ultra_conservative,"CLIN_treatment_or_therapy.treatments.diagnoses_['yes', 'not reported']",int64,0.0,2
complete_case:01_ultra_conservative,"CLIN_treatment_or_therapy.treatments.diagnoses_['yes', 'yes']",int64,0.0,2
complete_case:01_ultra_conservative,CLIN_treatment_or_therapy.treatments.diagnoses_missing,int64,0.0,1
complete_case:01_ultra_conservative,RNA_ENSG00000266925.1,float64,0.0,2
complete_case:01_ultra_conservative,RNA_ENSG00000228098.1,float64,0.0,4
complete_case:01_ultra_conservative,RNA_ENSG00000287660.1,float64,0.0,3
complete_case:01_ultra_conservative,RNA_ENSG00000248120.1,float64,0.0,3
complete_case:01_ultra_conservative,RNA_ENSG00000222308.1,float64,0.0,4
complete_case:01_ultra_conservative,RNA_ENSG00000278694.1,float64,0.0,4
complete_case:01_ultra_conservative,RNA_ENSG00000277888.1,float64,0.0,2
complete_case:01_ultra_conservative,RNA_ENSG00000270900.1,float64,0.0,6
complete_case:01_ultra_conservative,RNA_ENSG00000224357.1,float64,0.0,6
complete_case:01_ultra_conservative,RNA_ENSG00000281167.1,float64,0.0,3
complete_case:01_ultra_conservative,RNA_ENSG00000287977.1,float64,0.0,5
complete_case:01_ultra_conservative,RNA_ENSG00000201288.1,float64,0.0,3
complete_case:01_ultra_conservative,RNA_ENSG00000170255.7,float64,0.0,4
complete_case:01_ultra_conservative,RNA_ENSG00000255746.1,float64,0.0,5
complete_case:01_ultra_conservative,RNA_ENSG00000271421.1,float64,0.0,4
complete_case:01_ultra_conservative,RNA_ENSG00000261511.1,float64,0.0,3
complete_case:01_ultra_conservative,RNA_ENSG00000230609.1,float64,0.0,4
complete_case:01_ultra_conservative,RNA_ENSG00000172199.1,float64,0.0,6
complete_case:01_ultra_conservative,RNA_ENSG00000213384.2,float64,0.0,7
complete_case:01_ultra_conservative,RNA_ENSG00000248764.1,float64,0.0,5
complete_case:01_ultra_conservative,RNA_ENSG00000271712.1,float64,0.0,3
complete_case:01_ultra_conservative,RNA_ENSG00000264767.2,float64,0.0,7
complete_case:01_ultra_conservative,RNA_ENSG00000287239.1,float64,0.0,4
complete_case:01_ultra_conservative,RNA_ENSG00000220949.2,float64,0.0,5
complete_case:01_ultra_conservative,RNA_ENSG00000283207.1,float64,0.0,2
complete_case:01_ultra_conservative,RNA_ENSG00000271094.1,float64,0.0,2
complete_case:01_ultra_conservative,RNA_ENSG00000226159.2,float64,0.0,9
complete_case:01_ultra_conservative,RNA_ENSG00000217160.2,float64,0.0,3
complete_case:01_ultra_conservative,RNA_ENSG00000201287.1,float64,0.0,5
complete_case:01_ultra_conservative,RNA_ENSG00000244000.1,float64,0.0,2
complete_case:01_ultra_conservative,RNA_ENSG00000249764.1,float64,0.0,2
complete_case:01_ultra_conservative,RNA_ENSG00000249890.1,float64,0.0,4
complete_case:01_ultra_conservative,RNA_ENSG00000251686.1,float64,0.0,4
complete_case:01_ultra_conservative,RNA_ENSG00000263020.6,float64,0.0,1
complete_case:01_ultra_conservative,RNA_ENSG00000226847.1,float64,0.0,2
complete_case:01_ultra_conservative,RNA_ENSG00000229458.2,float64,0.0,3
complete_case:01_ultra_conservative,RNA_ENSG00000199735.1,float64,0.0,4
complete_case:01_ultra_conservative,RNA_ENSG00000200361.1,float64,0.0,1
complete_case:01_ultra_conservative,RNA_ENSG00000242650.3,float64,0.0,5
complete_case:01_ultra_conservative,RNA_ENSG00000276442.1,float64,0.0,1
complete_case:01_ultra_conservative,RNA_ENSG00000263581.1,float64,0.0,2
complete_case:01_ultra_conservative,RNA_ENSG00000223637.7,float64,0.0,1
complete_case:01_ultra_conservative,RNA_ENSG00000265007.1,float64,0.0,2
complete_case:01_ultra_conservative,RNA_ENSG00000225896.1,float64,0.0,1
complete_case:01_ultra_conservative,RNA_ENSG00000222744.1,float64,0.0,4
complete_case:01_ultra_conservative,RNA_ENSG00000234349.1,float64,0.0,3
complete_case:01_ultra_conservative,RNA_ENSG00000226873.1,float64,0.0,1
complete_case:01_ultra_conservative,RNA_ENSG00000207084.1,float64,0.0,3
complete_case:01_ultra_conservative,RNA_ENSG00000252104.1,float64,0.0,2
complete_case:01_ultra_conservative,RNA_ENSG00000276998.1,float64,0.0,2
complete_case:01_ultra_conservative,CNV_ENSG00000213275.2,float64,0.0,27
complete_case:01_ultra_conservative,CNV_ENSG00000287272.1,float64,0.0,16
complete_case:01_ultra_conservative,CNV_ENSG00000267083.1,float64,0.0,25
complete_case:01_ultra_conservative,CNV_ENSG00000274489.1,float64,0.0,25
complete_case:01_ultra_conservative,CNV_ENSG00000215262.8,float64,0.0,25
complete_case:01_ultra_conservative,CNV_ENSG00000254038.1,float64,0.0,27
complete_case:01_ultra_conservative,CNV_ENSG00000243503.2,float64,0.0,27
complete_case:01_ultra_conservative,CNV_ENSG00000244235.2,float64,0.0,19
complete_case:01_ultra_conservative,CNV_ENSG00000253135.1,float64,0.0,19
complete_case:01_ultra_conservative,CNV_ENSG00000287644.1,float64,0.0,23
complete_case:01_ultra_conservative,CNV_ENSG00000199985.1,float64,0.0,26
complete_case:01_ultra_conservative,CNV_ENSG00000254320.1,float64,0.0,25
complete_case:01_ultra_conservative,CNV_ENSG00000253650.1,float64,0.0,26
complete_case:01_ultra_conservative,CNV_ENSG00000265666.1,float64,0.0,20
complete_case:01_ultra_conservative,CNV_ENSG00000278918.1,float64,0.0,20
complete_case:01_ultra_conservative,CNV_ENSG00000206871.1,float64,0.0,25
complete_case:01_ultra_conservative,CNV_ENSG00000253610.1,float64,0.0,25
complete_case:01_ultra_conservative,CNV_ENSG00000219491.7,float64,0.0,26
complete_case:01_ultra_conservative,CNV_ENSG00000238966.1,float64,0.0,19
complete_case:01_ultra_conservative,CNV_ENSG00000207101.1,float64,0.0,20
complete_case:01_ultra_conservative,CNV_ENSG00000174132.9,float64,0.0,11
complete_case:01_ultra_conservative,CNV_ENSG00000239281.2,float64,0.0,18
complete_case:01_ultra_conservative,CNV_ENSG00000263372.1,float64,0.0,18
complete_case:01_ultra_conservative,CNV_ENSG00000131759.18,float64,0.0,22
complete_case:01_ultra_conservative,CNV_ENSG00000260588.1,float64,0.0,19
complete_case:01_ultra_conservative,CNV_ENSG00000252618.1,float64,0.0,20
complete_case:01_ultra_conservative,CNV_ENSG00000249787.2,float64,0.0,11
complete_case:01_ultra_conservative,CNV_ENSG00000241834.3,float64,0.0,19
complete_case:01_ultra_conservative,CNV_ENSG00000253504.1,float64,0.0,23
complete_case:01_ultra_conservative,CNV_ENSG00000261449.1,float64,0.0,19
complete_case:01_ultra_conservative,CNV_ENSG00000070718.12,float64,0.0,19
complete_case:01_ultra_conservative,CNV_ENSG00000083168.11,float64,0.0,19
complete_case:01_ultra_conservative,CNV_ENSG00000264655.1,float64,0.0,20
complete_case:01_ultra_conservative,CNV_ENSG00000253265.1,float64,0.0,20
complete_case:01_ultra_conservative,CNV_ENSG00000266208.1,float64,0.0,20
complete_case:01_ultra_conservative,CNV_ENSG00000183153.7,float64,0.0,20
complete_case:01_ultra_conservative,CNV_ENSG00000253123.4,float64,0.0,28
complete_case:01_ultra_conservative,CNV_ENSG00000271938.1,float64,0.0,19
complete_case:01_ultra_conservative,CNV_ENSG00000253509.1,float64,0.0,18
complete_case:01_ultra_conservative,CNV_ENSG00000253363.7,float64,0.0,26
complete_case:01_ultra_conservative,CNV_ENSG00000206852.1,float64,0.0,18
complete_case:01_ultra_conservative,CNV_ENSG00000278346.1,float64,0.0,20
complete_case:01_ultra_conservative,CNV_ENSG00000275374.1,float64,0.0,11
complete_case:01_ultra_conservative,CNV_ENSG00000244708.1,float64,0.0,26
complete_case:01_ultra_conservative,CNV_ENSG00000247877.7,float64,0.0,11
complete_case:01_ultra_conservative,CNV_ENSG00000254384.1,float64,0.0,23
complete_case:01_ultra_conservative,CNV_ENSG00000253746.1,float64,0.0,28
complete_case:01_ultra_conservative,CNV_ENSG00000253685.1,float64,0.0,23
complete_case:01_ultra_conservative,CNV_ENSG00000253524.1,float64,0.0,25
complete_case:01_ultra_conservative,CNV_ENSG00000104332.12,float64,0.0,18
complete_case:01_ultra_conservative,MUT_ABR,int64,0.0,2
complete_case:01_ultra_conservative,MUT_CR1,int64,0.0,2
complete_case:01_ultra_conservative,MUT_ADAMTS20,int64,0.0,2
complete_case:01_ultra_conservative,MUT_PTCHD3,int64,0.0,2
complete_case:01_ultra_conservative,MUT_MAML2,int64,0.0,2
complete_case:01_ultra_conservative,MUT_CACNA1S,int64,0.0,2
complete_case:01_ultra_conservative,MUT_DOCK9,int64,0.0,2
complete_case:01_ultra_conservative,MUT_GRIPAP1,int64,0.0,2
complete_case:01_ultra_conservative,MUT_LRP6,int64,0.0,2
complete_case:01_ultra_conservative,MUT_FCRL5,int64,0.0,2
complete_case:01_ultra_conservative,MUT_PIKFYVE,int64,0.0,2
complete_case:01_ultra_conservative,MUT_RBM26,int64,0.0,2
complete_case:01_ultra_conservative,MUT_AP3B1,int64,0.0,2
complete_case:01_ultra_conservative,MUT_NLGN4X,int64,0.0,2
complete_case:01_ultra_conservative,MUT_TDRD5,int64,0.0,2
complete_case:01_ultra_conservative,MUT_CEP95,int64,0.0,2
complete_case:01_ultra_conservative,MUT_GBE1,int64,0.0,2
complete_case:01_ultra_conservative,MUT_SRRM2,int64,0.0,2
complete_case:01_ultra_conservative,MUT_PIK3CB,int64,0.0,2
complete_case:01_ultra_conservative,MUT_SLC26A9,int64,0.0,2
complete_case:01_ultra_conservative,MUT_EPPK1,int64,0.0,2
complete_case:01_ultra_conservative,MUT_TMC2,int64,0.0,2
complete_case:01_ultra_conservative,MUT_GOLGA4,int64,0.0,2
complete_case:01_ultra_conservative,MUT_HMCN1,int64,0.0,2
complete_case:01_ultra_conservative,MUT_DMD,int64,0.0,2
complete_case:01_ultra_conservative,MUT_PTEN,int64,0.0,2
complete_case:01_ultra_conservative,MUT_MACF1,int64,0.0,2
complete_case:01_ultra_conservative,MUT_NCOR1,int64,0.0,2
complete_case:01_ultra_conservative,MUT_FAT3,int64,0.0,2
complete_case:01_ultra_conservative,MUT_MAP3K1,int64,0.0,2
complete_case:01_ultra_conservative,MUT_SPTA1,int64,0.0,2
complete_case:01_ultra_conservative,MUT_SYNE1,int64,0.0,2
complete_case:01_ultra_conservative,MUT_GATA3,int64,0.0,2
complete_case:01_ultra_conservative,MUT_ABCA13,int64,0.0,2
complete_case:01_ultra_conservative,MUT_PIK3CA,int64,0.0,2
complete_case:01_ultra_conservative,MUT_MUC17,int64,0.0,2
complete_case:01_ultra_conservative,MUT_RYR3,int64,0.0,2
complete_case:01_ultra_conservative,MUT_DST,int64,0.0,2
complete_case:01_ultra_conservative,MUT_OBSCN,int64,0.0,2
complete_case:01_ultra_conservative,MUT_RYR2,int64,0.0,2
complete_case:01_ultra_conservative,MUT_KMT2C,int64,0.0,2
complete_case:01_ultra_conservative,MUT_NEB,int64,0.0,2
complete_case:01_ultra_conservative,MUT_FLG,int64,0.0,2
complete_case:01_ultra_conservative,MUT_MUC5B,int64,0.0,2
complete_case:01_ultra_conservative,MUT_TP53,int64,0.0,2
complete_case:01_ultra_conservative,MUT_ZFHX4,int64,0.0,2
complete_case:01_ultra_conservative,MUT_MUC16,int64,0.0,2
complete_case:01_ultra_conservative,MUT_USH2A,int64,0.0,2
complete_case:01_ultra_conservative,MUT_CDH1,int64,0.0,2
complete_case:01_ultra_conservative,MUT_TTN,int64,0.0,2
complete_case:01_ultra_conservative,PROT_ERALPHA,float64,0.0,525
complete_case:01_ultra_conservative,PROT_DNA-Ligase-IV,float64,0.0,509
complete_case:01_ultra_conservative,PROT_TUBERIN_pT1462,float64,0.0,525
complete_case:01_ultra_conservative,PROT_PAXILLIN,float64,0.0,526
complete_case:01_ultra_conservative,PROT_Aurora-ABC_pT288_pT232_pT198,float64,0.0,510
complete_case:01_ultra_conservative,PROT_CYCLINB1,float64,0.0,524
complete_case:01_ultra_conservative,PROT_Gli1,float64,0.0,510
complete_case:01_ultra_conservative,PROT_CLAUDIN7,float64,0.0,525
complete_case:01_ultra_conservative,PROT_PRC1_pT481,float64,0.0,509
complete_case:01_ultra_conservative,PROT_P38_pT180Y182,float64,0.0,526
complete_case:01_ultra_conservative,PROT_Hexokinase-II,float64,0.0,511
complete_case:01_ultra_conservative,PROT_DVL3,float64,0.0,526
complete_case:01_ultra_conservative,PROT_SETD2,float64,0.0,524
complete_case:01_ultra_conservative,PROT_4EBP1_pT37T46,float64,0.0,525
complete_case:01_ultra_conservative,PROT_GSK3_pS9,float64,0.0,525
complete_case:01_ultra_conservative,PROT_Cdc42,float64,0.0,507
complete_case:01_ultra_conservative,PROT_PLC-gamma1,float64,0.0,510
complete_case:01_ultra_conservative,PROT_CD20,float64,0.0,525
complete_case:01_ultra_conservative,PROT_c-IAP2,float64,0.0,509
complete_case:01_ultra_conservative,PROT_b-Actin,float64,0.0,510
complete_case:01_ultra_conservative,PROT_Atg4B,float64,0.0,509
complete_case:01_ultra_conservative,PROT_DM-K9-Histone-H3,float64,0.0,509
complete_case:01_ultra_conservative,PROT_P70S6K1,float64,0.0,524
complete_case:01_ultra_conservative,PROT_RPA32,float64,0.0,508
complete_case:01_ultra_conservative,PROT_Slfn11,float64,0.0,509
complete_case:01_ultra_conservative,PROT_Jagged1,float64,0.0,505
complete_case:01_ultra_conservative,PROT_COG3,float64,0.0,524
complete_case:01_ultra_conservative,PROT_TIGAR,float64,0.0,526
complete_case:01_ultra_conservative,PROT_KU80,float64,0.0,525
complete_case:01_ultra_conservative,PROT_Aurora-A,float64,0.0,510
complete_case:01_ultra_conservative,PROT_BRAF,float64,0.0,525
complete_case:01_ultra_conservative,PROT_FAK_pY397,float64,0.0,508
complete_case:01_ultra_conservative,PROT_IGF1R_pY1135Y1136,float64,0.0,523
complete_case:01_ultra_conservative,PROT_SMAD4,float64,0.0,523
complete_case:01_ultra_conservative,PROT_CD45,float64,0.0,511
complete_case:01_ultra_conservative,PROT_Glucocorticoid-Receptor,float64,0.0,511
complete_case:01_ultra_conservative,PROT_p90RSK_pT573,float64,0.0,507
complete_case:01_ultra_conservative,PROT_4EBP1_pS65,float64,0.0,525
complete_case:01_ultra_conservative,PROT_MR1,float64,0.0,510
complete_case:01_ultra_conservative,PROT_PHLPP,float64,0.0,511
complete_case:01_ultra_conservative,PROT_DDR1,float64,0.0,511
complete_case:01_ultra_conservative,PROT_EIF4G,float64,0.0,525
complete_case:01_ultra_conservative,PROT_ATP5A,float64,0.0,510
complete_case:01_ultra_conservative,PROT_PAR,float64,0.0,510
complete_case:01_ultra_conservative,PROT_MYH11,float64,0.0,526
complete_case:01_ultra_conservative,PROT_EPPK1,float64,0.0,524
complete_case:01_ultra_conservative,PROT_FASN,float64,0.0,525
complete_case:01_ultra_conservative,PROT_ECADHERIN,float64,0.0,525
complete_case:01_ultra_conservative,PROT_EMA,float64,0.0,510
complete_case:01_ultra_conservative,PROT_Connexin-43,float64,0.0,510
complete_case:01_ultra_conservative,METH_cg17573813,float64,0.0,526
complete_case:01_ultra_conservative,METH_cg16719517,float64,0.0,526
complete_case:01_ultra_conservative,METH_cg13849454,float64,0.0,526
complete_case:01_ultra_conservative,METH_cg17033333,float64,0.0,526
complete_case:01_ultra_conservative,METH_cg23091104,float64,0.0,526
complete_case:01_ultra_conservative,METH_cg23097686,float64,0.0,526
complete_case:01_ultra_conservative,METH_cg06912515,float64,0.0,526
complete_case:01_ultra_conservative,METH_cg08857906,float64,0.0,525
complete_case:01_ultra_conservative,METH_cg16602369,float64,0.0,526
complete_case:01_ultra_conservative,METH_cg02525705,float64,0.0,523
complete_case:01_ultra_conservative,METH_cg26323797,float64,0.0,526
complete_case:01_ultra_conservative,METH_cg10342963,float64,0.0,521
complete_case:01_ultra_conservative,METH_cg18141400,float64,0.0,526
complete_case:01_ultra_conservative,METH_cg17882374,float64,0.0,525
complete_case:01_ultra_conservative,METH_cg19789653,float64,0.0,526
complete_case:01_ultra_conservative,METH_cg14168530,float64,0.0,526
complete_case:01_ultra_conservative,METH_cg23782616,float64,0.0,526
complete_case:01_ultra_conservative,METH_cg04571941,float64,0.0,526
complete_case:01_ultra_conservative,METH_cg16578537,float64,0.0,526
complete_case:01_ultra_conservative,METH_cg13371788,float64,0.0,526
complete_case:01_ultra_conservative,METH_cg01163842,float64,0.0,526
complete_case:01_ultra_conservative,METH_cg19544662,float64,0.0,526
complete_case:01_ultra_conservative,METH_cg06168050,float64,0.0,526
complete_case:01_ultra_conservative,METH_cg10327440,float64,0.0,526
complete_case:01_ultra_conservative,METH_cg11837293,float64,0.0,413
complete_case:01_ultra_conservative,METH_cg07813142,float64,0.0,526
complete_case:01_ultra_conservative,METH_cg12934884,float64,0.0,501
complete_case:01_ultra_conservative,METH_cg09568464,float64,0.0,526
complete_case:01_ultra_conservative,METH_cg27307781,float64,0.0,526
complete_case:01_ultra_conservative,METH_cg13643914,float64,0.0,526
complete_case:01_ultra_conservative,METH_cg03323292,float64,0.0,526
complete_case:01_ultra_conservative,METH_cg08162372,float64,0.0,526
complete_case:01_ultra_conservative,METH_cg22240348,float64,0.0,526
complete_case:01_ultra_conservative,METH_cg03135351,float64,0.0,526
complete_case:01_ultra_conservative,METH_cg22621695,float64,0.0,526
complete_case:01_ultra_conservative,METH_cg02823783,float64,0.0,526
complete_case:01_ultra_conservative,METH_cg26483578,float64,0.0,526
complete_case:01_ultra_conservative,METH_cg20100745,float64,0.0,479
complete_case:01_ultra_conservative,METH_cg00620018,float64,0.0,526
complete_case:01_ultra_conservative,METH_cg25208017,float64,0.0,526
complete_case:01_ultra_conservative,METH_cg12074025,float64,0.0,526
complete_case:01_ultra_conservative,METH_cg25566568,float64,0.0,506
complete_case:01_ultra_conservative,METH_cg24634471,float64,0.0,526
complete_case:01_ultra_conservative,METH_cg04407470,float64,0.0,526
complete_case:01_ultra_conservative,METH_cg19753794,float64,0.0,526
complete_case:01_ultra_conservative,METH_cg14921743,float64,0.0,526
complete_case:01_ultra_conservative,METH_cg08539872,float64,0.0,496
complete_case:01_ultra_conservative,METH_cg17733616,float64,0.0,526
complete_case:01_ultra_conservative,METH_cg01641792,float64,0.0,526
complete_case:01_ultra_conservative,METH_cg20545544,float64,0.0,526
complete_case:01_ultra_conservative,MIRNA_hsa-mir-4326,float64,0.0,464
complete_case:01_ultra_conservative,MIRNA_hsa-mir-375,float64,0.0,526
complete_case:01_ultra_conservative,MIRNA_hsa-mir-181a-1,float64,0.0,526
complete_case:01_ultra_conservative,MIRNA_hsa-let-7e,float64,0.0,526
complete_case:01_ultra_conservative,MIRNA_hsa-mir-103a-1,float64,0.0,526
complete_case:01_ultra_conservative,MIRNA_hsa-mir-99a,float64,0.0,526
complete_case:01_ultra_conservative,MIRNA_hsa-mir-202,float64,0.0,368
complete_case:01_ultra_conservative,MIRNA_hsa-mir-326,float64,0.0,523
complete_case:01_ultra_conservative,MIRNA_hsa-mir-101-1,float64,0.0,526
complete_case:01_ultra_conservative,MIRNA_hsa-mir-374c,float64,0.0,215
complete_case:01_ultra_conservative,MIRNA_hsa-mir-379,float64,0.0,526
complete_case:01_ultra_conservative,MIRNA_hsa-mir-101-2,float64,0.0,526
complete_case:01_ultra_conservative,MIRNA_hsa-mir-125b-2,float64,0.0,526
complete_case:01_ultra_conservative,MIRNA_hsa-mir-1258,float64,0.0,419
complete_case:01_ultra_conservative,MIRNA_hsa-mir-134,float64,0.0,526
complete_case:01_ultra_conservative,MIRNA_hsa-mir-195,float64,0.0,526
complete_case:01_ultra_conservative,MIRNA_hsa-let-7c,float64,0.0,526
complete_case:01_ultra_conservative,MIRNA_hsa-mir-411,float64,0.0,519
complete_case:01_ultra_conservative,MIRNA_hsa-mir-215,float64,0.0,522
complete_case:01_ultra_conservative,MIRNA_hsa-mir-424,float64,0.0,526
complete_case:01_ultra_conservative,MIRNA_hsa-mir-592,float64,0.0,501
complete_case:01_ultra_conservative,MIRNA_hsa-mir-3607,float64,0.0,526
complete_case:01_ultra_conservative,MIRNA_hsa-mir-1254-2,float64,0.0,343
complete_case:01_ultra_conservative,MIRNA_hsa-mir-378c,float64,0.0,523
complete_case:01_ultra_conservative,MIRNA_hsa-mir-125b-1,float64,0.0,526
complete_case:01_ultra_conservative,MIRNA_hsa-mir-143,float64,0.0,526
complete_case:01_ultra_conservative,MIRNA_hsa-mir-551b,float64,0.0,445
complete_case:01_ultra_conservative,MIRNA_hsa-mir-127,float64,0.0,526
complete_case:01_ultra_conservative,MIRNA_hsa-mir-30e,float64,0.0,526
complete_case:01_ultra_conservative,MIRNA_hsa-mir-3926-1,float64,0.0,387
complete_case:01_ultra_conservative,MIRNA_hsa-mir-210,float64,0.0,526
complete_case:01_ultra_conservative,MIRNA_hsa-mir-9-2,float64,0.0,526
complete_case:01_ultra_conservative,MIRNA_hsa-mir-150,float64,0.0,526
complete_case:01_ultra_conservative,MIRNA_hsa-mir-205,float64,0.0,526
complete_case:01_ultra_conservative,MIRNA_hsa-mir-105-1,float64,0.0,266
complete_case:01_ultra_conservative,MIRNA_hsa-mir-9-1,float64,0.0,526
complete_case:01_ultra_conservative,MIRNA_hsa-mir-105-2,float64,0.0,247
complete_case:01_ultra_conservative,MIRNA_hsa-mir-1269a,float64,0.0,324
complete_case:01_ultra_conservative,MIRNA_hsa-mir-203a,float64,0.0,526
complete_case:01_ultra_conservative,MIRNA_hsa-mir-9-3,float64,0.0,526
complete_case:01_ultra_conservative,MIRNA_hsa-mir-449a,float64,0.0,340
complete_case:01_ultra_conservative,MIRNA_hsa-mir-767,float64,0.0,238
complete_case:01_ultra_conservative,MIRNA_hsa-mir-577,float64,0.0,398
complete_case:01_ultra_conservative,MIRNA_hsa-mir-196a-2,float64,0.0,526
complete_case:01_ultra_conservative,MIRNA_hsa-mir-187,float64,0.0,511
complete_case:01_ultra_conservative,MIRNA_hsa-mir-203b,float64,0.0,522
complete_case:01_ultra_conservative,MIRNA_hsa-mir-224,float64,0.0,526
complete_case:01_ultra_conservative,MIRNA_hsa-mir-196a-1,float64,0.0,526
complete_case:01_ultra_conservative,MIRNA_hsa-mir-135b,float64,0.0,499
complete_case:01_ultra_conservative,MIRNA_hsa-mir-184,float64,0.0,505
complete_case:01_ultra_conservative,OS,int64,0.0,2
complete_case:01_ultra_conservative,OS.time,float64,0.0,469
complete_case:02_conservative,Unnamed: 0,object,0.0,526
complete_case:02_conservative,CLIN_gender.demographic,float64,0.0,2
complete_case:02_conservative,CLIN_age_at_index.demographic,float64,0.0,63
complete_case:02_conservative,CLIN_tumor_descriptor.samples,int64,0.0,1
complete_case:02_conservative,CLIN_disease_type_Adenomas and Adenocarcinomas,int64,0.0,2
complete_case:02_conservative,CLIN_disease_type_Adnexal and Skin Appendage Neoplasms,int64,0.0,1
complete_case:02_conservative,CLIN_disease_type_Basal Cell Neoplasms,int64,0.0,1
complete_case:02_conservative,CLIN_disease_type_Complex Epithelial Neoplasms,int64,0.0,2
complete_case:02_conservative,"CLIN_disease_type_Cystic, Mucinous and Serous Neoplasms",int64,0.0,2
complete_case:02_conservative,CLIN_disease_type_Ductal and Lobular Neoplasms,int64,0.0,2
complete_case:02_conservative,"CLIN_disease_type_Epithelial Neoplasms, NOS",int64,0.0,2
complete_case:02_conservative,CLIN_disease_type_Fibroepithelial Neoplasms,int64,0.0,1
complete_case:02_conservative,CLIN_disease_type_Squamous Cell Neoplasms,int64,0.0,1
complete_case:02_conservative,CLIN_race.demographic_american indian or alaska native,int64,0.0,2
complete_case:02_conservative,CLIN_race.demographic_asian,int64,0.0,2
complete_case:02_conservative,CLIN_race.demographic_black or african american,int64,0.0,2
complete_case:02_conservative,CLIN_race.demographic_missing,int64,0.0,2
complete_case:02_conservative,CLIN_race.demographic_white,int64,0.0,2
complete_case:02_conservative,CLIN_ethnicity.demographic_hispanic or latino,int64,0.0,2
complete_case:02_conservative,CLIN_ethnicity.demographic_missing,int64,0.0,2
complete_case:02_conservative,CLIN_ethnicity.demographic_not hispanic or latino,int64,0.0,2
complete_case:02_conservative,CLIN_ajcc_pathologic_stage.diagnoses_Stage I,int64,0.0,2
complete_case:02_conservative,CLIN_ajcc_pathologic_stage.diagnoses_Stage IA,int64,0.0,2
complete_case:02_conservative,CLIN_ajcc_pathologic_stage.diagnoses_Stage IB,int64,0.0,2
complete_case:02_conservative,CLIN_ajcc_pathologic_stage.diagnoses_Stage II,int64,0.0,2
complete_case:02_conservative,CLIN_ajcc_pathologic_stage.diagnoses_Stage IIA,int64,0.0,2
complete_case:02_conservative,CLIN_ajcc_pathologic_stage.diagnoses_Stage IIB,int64,0.0,2
complete_case:02_conservative,CLIN_ajcc_pathologic_stage.diagnoses_Stage III,int64,0.0,2
complete_case:02_conservative,CLIN_ajcc_pathologic_stage.diagnoses_Stage IIIA,int64,0.0,2
complete_case:02_conservative,CLIN_ajcc_pathologic_stage.diagnoses_Stage IIIB,int64,0.0,2
complete_case:02_conservative,CLIN_ajcc_pathologic_stage.diagnoses_Stage IIIC,int64,0.0,2
complete_case:02_conservative,CLIN_ajcc_pathologic_stage.diagnoses_Stage IV,int64,0.0,2
complete_case:02_conservative,CLIN_ajcc_pathologic_stage.diagnoses_Stage X,int64,0.0,2
complete_case:02_conservative,CLIN_ajcc_pathologic_stage.diagnoses_missing,int64,0.0,2
complete_case:02_conservative,"CLIN_tissue_or_organ_of_origin.diagnoses_Breast, NOS",int64,0.0,2
complete_case:02_conservative,CLIN_tissue_or_organ_of_origin.diagnoses_Lower-inner quadrant of breast,int64,0.0,1
complete_case:02_conservative,CLIN_tissue_or_organ_of_origin.diagnoses_Lower-outer quadrant of breast,int64,0.0,1
complete_case:02_conservative,CLIN_tissue_or_organ_of_origin.diagnoses_Overlapping lesion of breast,int64,0.0,2
complete_case:02_conservative,CLIN_tissue_or_organ_of_origin.diagnoses_Upper-inner quadrant of breast,int64,0.0,2
complete_case:02_conservative,CLIN_tissue_or_organ_of_origin.diagnoses_Upper-outer quadrant of breast,int64,0.0,1
complete_case:02_conservative,CLIN_tissue_or_organ_of_origin.diagnoses_missing,int64,0.0,1
complete_case:02_conservative,CLIN_primary_diagnosis.diagnoses_Adenoid cystic carcinoma,int64,0.0,1
complete_case:02_conservative,CLIN_primary_diagnosis.diagnoses_Apocrine adenocarcinoma,int64,0.0,1
complete_case:02_conservative,"CLIN_primary_diagnosis.diagnoses_Basal cell carcinoma, NOS",int64,0.0,1
complete_case:02_conservative,"CLIN_primary_diagnosis.diagnoses_Carcinoma, NOS",int64,0.0,2
complete_case:02_conservative,"CLIN_primary_diagnosis.diagnoses_Cribriform carcinoma, NOS",int64,0.0,1
complete_case:02_conservative,CLIN_primary_diagnosis.diagnoses_Infiltrating duct and lobular carcinoma,int64,0.0,2
complete_case:02_conservative,"CLIN_primary_diagnosis.diagnoses_Infiltrating duct carcinoma, NOS",int64,0.0,2
complete_case:02_conservative,CLIN_primary_diagnosis.diagnoses_Infiltrating duct mixed with other types of carcinoma,int64,0.0,2
complete_case:02_conservative,CLIN_primary_diagnosis.diagnoses_Infiltrating lobular mixed with other types of carcinoma,int64,0.0,2
complete_case:02_conservative,CLIN_primary_diagnosis.diagnoses_Intraductal micropapillary carcinoma,int64,0.0,2
complete_case:02_conservative,CLIN_primary_diagnosis.diagnoses_Intraductal papillary adenocarcinoma with invasion,int64,0.0,2
complete_case:02_conservative,CLIN_primary_diagnosis.diagnoses_Large cell neuroendocrine carcinoma,int64,0.0,2
complete_case:02_conservative,"CLIN_primary_diagnosis.diagnoses_Lobular carcinoma, NOS",int64,0.0,2
complete_case:02_conservative,"CLIN_primary_diagnosis.diagnoses_Medullary carcinoma, NOS",int64,0.0,2
complete_case:02_conservative,"CLIN_primary_diagnosis.diagnoses_Metaplastic carcinoma, NOS",int64,0.0,2
complete_case:02_conservative,CLIN_primary_diagnosis.diagnoses_Mucinous adenocarcinoma,int64,0.0,2
complete_case:02_conservative,CLIN_primary_diagnosis.diagnoses_Paget disease and infiltrating duct carcinoma of breast,int64,0.0,2
complete_case:02_conservative,"CLIN_primary_diagnosis.diagnoses_Papillary carcinoma, NOS",int64,0.0,1
complete_case:02_conservative,"CLIN_primary_diagnosis.diagnoses_Phyllodes tumor, malignant",int64,0.0,1
complete_case:02_conservative,CLIN_primary_diagnosis.diagnoses_Pleomorphic carcinoma,int64,0.0,2
complete_case:02_conservative,CLIN_primary_diagnosis.diagnoses_Secretory carcinoma of breast,int64,0.0,1
complete_case:02_conservative,CLIN_primary_diagnosis.diagnoses_Tubular adenocarcinoma,int64,0.0,2
complete_case:02_conservative,CLIN_primary_diagnosis.diagnoses_missing,int64,0.0,1
complete_case:02_conservative,CLIN_prior_malignancy.diagnoses_missing,int64,0.0,2
complete_case:02_conservative,CLIN_prior_malignancy.diagnoses_no,int64,0.0,2
complete_case:02_conservative,CLIN_prior_malignancy.diagnoses_yes,int64,0.0,2
complete_case:02_conservative,CLIN_prior_treatment.diagnoses_No,int64,0.0,2
complete_case:02_conservative,CLIN_prior_treatment.diagnoses_Yes,int64,0.0,2
complete_case:02_conservative,CLIN_prior_treatment.diagnoses_missing,int64,0.0,2
complete_case:02_conservative,CLIN_ajcc_staging_system_edition.diagnoses_3rd,int64,0.0,2
complete_case:02_conservative,CLIN_ajcc_staging_system_edition.diagnoses_4th,int64,0.0,2
complete_case:02_conservative,CLIN_ajcc_staging_system_edition.diagnoses_5th,int64,0.0,2
complete_case:02_conservative,CLIN_ajcc_staging_system_edition.diagnoses_6th,int64,0.0,2
complete_case:02_conservative,CLIN_ajcc_staging_system_edition.diagnoses_7th,int64,0.0,2
complete_case:02_conservative,CLIN_ajcc_staging_system_edition.diagnoses_missing,int64,0.0,2
complete_case:02_conservative,CLIN_ajcc_pathologic_t.diagnoses_T1,int64,0.0,2
complete_case:02_conservative,CLIN_ajcc_pathologic_t.diagnoses_T1a,int64,0.0,2
complete_case:02_conservative,CLIN_ajcc_pathologic_t.diagnoses_T1b,int64,0.0,2
complete_case:02_conservative,CLIN_ajcc_pathologic_t.diagnoses_T1c,int64,0.0,2
complete_case:02_conservative,CLIN_ajcc_pathologic_t.diagnoses_T2,int64,0.0,2
complete_case:02_conservative,CLIN_ajcc_pathologic_t.diagnoses_T2a,int64,0.0,2
complete_case:02_conservative,CLIN_ajcc_pathologic_t.diagnoses_T2b,int64,0.0,1
complete_case:02_conservative,CLIN_ajcc_pathologic_t.diagnoses_T3,int64,0.0,2
complete_case:02_conservative,CLIN_ajcc_pathologic_t.diagnoses_T3a,int64,0.0,1
complete_case:02_conservative,CLIN_ajcc_pathologic_t.diagnoses_T4,int64,0.0,2
complete_case:02_conservative,CLIN_ajcc_pathologic_t.diagnoses_T4b,int64,0.0,2
complete_case:02_conservative,CLIN_ajcc_pathologic_t.diagnoses_T4d,int64,0.0,2
complete_case:02_conservative,CLIN_ajcc_pathologic_t.diagnoses_TX,int64,0.0,2
complete_case:02_conservative,CLIN_ajcc_pathologic_t.diagnoses_missing,int64,0.0,1
complete_case:02_conservative,CLIN_morphology.diagnoses_8010/3,int64,0.0,2
complete_case:02_conservative,CLIN_morphology.diagnoses_8013/3,int64,0.0,2
complete_case:02_conservative,CLIN_morphology.diagnoses_8022/3,int64,0.0,2
complete_case:02_conservative,CLIN_morphology.diagnoses_8050/3,int64,0.0,1
complete_case:02_conservative,CLIN_morphology.diagnoses_8090/3,int64,0.0,1
complete_case:02_conservative,CLIN_morphology.diagnoses_8200/3,int64,0.0,1
complete_case:02_conservative,CLIN_morphology.diagnoses_8201/3,int64,0.0,1
complete_case:02_conservative,CLIN_morphology.diagnoses_8211/3,int64,0.0,2
complete_case:02_conservative,CLIN_morphology.diagnoses_8401/3,int64,0.0,1
complete_case:02_conservative,CLIN_morphology.diagnoses_8480/3,int64,0.0,2
complete_case:02_conservative,CLIN_morphology.diagnoses_8500/3,int64,0.0,2
complete_case:02_conservative,CLIN_morphology.diagnoses_8502/3,int64,0.0,1
complete_case:02_conservative,CLIN_morphology.diagnoses_8503/3,int64,0.0,2
complete_case:02_conservative,CLIN_morphology.diagnoses_8507/3,int64,0.0,2
complete_case:02_conservative,CLIN_morphology.diagnoses_8510/3,int64,0.0,2
complete_case:02_conservative,CLIN_morphology.diagnoses_8520/3,int64,0.0,2
complete_case:02_conservative,CLIN_morphology.diagnoses_8522/3,int64,0.0,2
complete_case:02_conservative,CLIN_morphology.diagnoses_8523/3,int64,0.0,2
complete_case:02_conservative,CLIN_morphology.diagnoses_8524/3,int64,0.0,2
complete_case:02_conservative,CLIN_morphology.diagnoses_8541/3,int64,0.0,2
complete_case:02_conservative,CLIN_morphology.diagnoses_8575/3,int64,0.0,2
complete_case:02_conservative,CLIN_morphology.diagnoses_9020/3,int64,0.0,1
complete_case:02_conservative,CLIN_morphology.diagnoses_missing,int64,0.0,1
complete_case:02_conservative,CLIN_ajcc_pathologic_n.diagnoses_N0,int64,0.0,2
complete_case:02_conservative,CLIN_ajcc_pathologic_n.diagnoses_N0 (i+),int64,0.0,2
complete_case:02_conservative,CLIN_ajcc_pathologic_n.diagnoses_N0 (i-),int64,0.0,2
complete_case:02_conservative,CLIN_ajcc_pathologic_n.diagnoses_N0 (mol+),int64,0.0,2
complete_case:02_conservative,CLIN_ajcc_pathologic_n.diagnoses_N1,int64,0.0,2
complete_case:02_conservative,CLIN_ajcc_pathologic_n.diagnoses_N1a,int64,0.0,2
complete_case:02_conservative,CLIN_ajcc_pathologic_n.diagnoses_N1b,int64,0.0,2
complete_case:02_conservative,CLIN_ajcc_pathologic_n.diagnoses_N1c,int64,0.0,2
complete_case:02_conservative,CLIN_ajcc_pathologic_n.diagnoses_N1mi,int64,0.0,2
complete_case:02_conservative,CLIN_ajcc_pathologic_n.diagnoses_N2,int64,0.0,2
complete_case:02_conservative,CLIN_ajcc_pathologic_n.diagnoses_N2a,int64,0.0,2
complete_case:02_conservative,CLIN_ajcc_pathologic_n.diagnoses_N3,int64,0.0,2
complete_case:02_conservative,CLIN_ajcc_pathologic_n.diagnoses_N3a,int64,0.0,2
complete_case:02_conservative,CLIN_ajcc_pathologic_n.diagnoses_N3b,int64,0.0,2
complete_case:02_conservative,CLIN_ajcc_pathologic_n.diagnoses_N3c,int64,0.0,1
complete_case:02_conservative,CLIN_ajcc_pathologic_n.diagnoses_NX,int64,0.0,2
complete_case:02_conservative,CLIN_ajcc_pathologic_n.diagnoses_missing,int64,0.0,1
complete_case:02_conservative,CLIN_ajcc_pathologic_m.diagnoses_M0,int64,0.0,2
complete_case:02_conservative,CLIN_ajcc_pathologic_m.diagnoses_M1,int64,0.0,2
complete_case:02_conservative,CLIN_ajcc_pathologic_m.diagnoses_MX,int64,0.0,2
complete_case:02_conservative,CLIN_ajcc_pathologic_m.diagnoses_cM0 (i+),int64,0.0,2
complete_case:02_conservative,CLIN_ajcc_pathologic_m.diagnoses_missing,int64,0.0,1
complete_case:02_conservative,"CLIN_treatment_or_therapy.treatments.diagnoses_['no', 'no']",int64,0.0,2
complete_case:02_conservative,"CLIN_treatment_or_therapy.treatments.diagnoses_['no', 'not reported']",int64,0.0,1
complete_case:02_conservative,"CLIN_treatment_or_therapy.treatments.diagnoses_['no', 'yes']",int64,0.0,2
complete_case:02_conservative,"CLIN_treatment_or_therapy.treatments.diagnoses_['not reported', 'no']",int64,0.0,1
complete_case:02_conservative,"CLIN_treatment_or_therapy.treatments.diagnoses_['not reported', 'not reported']",int64,0.0,2
complete_case:02_conservative,"CLIN_treatment_or_therapy.treatments.diagnoses_['not reported', 'yes']",int64,0.0,2
complete_case:02_conservative,"CLIN_treatment_or_therapy.treatments.diagnoses_['yes', 'no']",int64,0.0,2
complete_case:02_conservative,"CLIN_treatment_or_therapy.treatments.diagnoses_['yes', 'not reported']",int64,0.0,2
complete_case:02_conservative,"CLIN_treatment_or_therapy.treatments.diagnoses_['yes', 'yes']",int64,0.0,2
complete_case:02_conservative,CLIN_treatment_or_therapy.treatments.diagnoses_missing,int64,0.0,1
complete_case:02_conservative,RNA_ENSG00000265347.1,float64,0.0,2
complete_case:02_conservative,RNA_ENSG00000228098.1,float64,0.0,4
complete_case:02_conservative,RNA_ENSG00000287660.1,float64,0.0,3
complete_case:02_conservative,RNA_ENSG00000207270.1,float64,0.0,4
complete_case:02_conservative,RNA_ENSG00000248120.1,float64,0.0,3
complete_case:02_conservative,RNA_ENSG00000277014.1,float64,0.0,1
complete_case:02_conservative,RNA_ENSG00000257995.1,float64,0.0,2
complete_case:02_conservative,RNA_ENSG00000278694.1,float64,0.0,4
complete_case:02_conservative,RNA_ENSG00000267182.1,float64,0.0,4
complete_case:02_conservative,RNA_ENSG00000277888.1,float64,0.0,2
complete_case:02_conservative,RNA_ENSG00000266925.1,float64,0.0,2
complete_case:02_conservative,RNA_ENSG00000260414.1,float64,0.0,1
complete_case:02_conservative,RNA_ENSG00000283462.2,float64,0.0,10
complete_case:02_conservative,RNA_ENSG00000225876.1,float64,0.0,1
complete_case:02_conservative,RNA_ENSG00000252182.1,float64,0.0,4
complete_case:02_conservative,RNA_ENSG00000279728.1,float64,0.0,2
complete_case:02_conservative,RNA_ENSG00000215373.4,float64,0.0,2
complete_case:02_conservative,RNA_ENSG00000224485.1,float64,0.0,1
complete_case:02_conservative,RNA_ENSG00000233336.1,float64,0.0,2
complete_case:02_conservative,RNA_ENSG00000276442.1,float64,0.0,1
complete_case:02_conservative,RNA_ENSG00000263581.1,float64,0.0,2
complete_case:02_conservative,RNA_ENSG00000224634.1,float64,0.0,2
complete_case:02_conservative,RNA_ENSG00000283524.2,float64,0.0,1
complete_case:02_conservative,RNA_ENSG00000252989.1,float64,0.0,2
complete_case:02_conservative,RNA_ENSG00000248457.1,float64,0.0,3
complete_case:02_conservative,RNA_ENSG00000237467.1,float64,0.0,1
complete_case:02_conservative,RNA_ENSG00000212952.6,float64,0.0,1
complete_case:02_conservative,RNA_ENSG00000222308.1,float64,0.0,4
complete_case:02_conservative,RNA_ENSG00000284289.1,float64,0.0,1
complete_case:02_conservative,RNA_ENSG00000259546.1,float64,0.0,1
complete_case:02_conservative,RNA_ENSG00000234888.1,float64,0.0,1
complete_case:02_conservative,RNA_ENSG00000284439.1,float64,0.0,1
complete_case:02_conservative,RNA_ENSG00000254445.1,float64,0.0,2
complete_case:02_conservative,RNA_ENSG00000207011.1,float64,0.0,2
complete_case:02_conservative,RNA_ENSG00000275664.1,float64,0.0,2
complete_case:02_conservative,RNA_ENSG00000276003.1,float64,0.0,1
complete_case:02_conservative,RNA_ENSG00000270900.1,float64,0.0,6
complete_case:02_conservative,RNA_ENSG00000224357.1,float64,0.0,6
complete_case:02_conservative,RNA_ENSG00000177684.4,float64,0.0,2
complete_case:02_conservative,RNA_ENSG00000172459.4,float64,0.0,4
complete_case:02_conservative,RNA_ENSG00000223896.2,float64,0.0,9
complete_case:02_conservative,RNA_ENSG00000281167.1,float64,0.0,3
complete_case:02_conservative,RNA_ENSG00000248600.2,float64,0.0,4
complete_case:02_conservative,RNA_ENSG00000162771.8,float64,0.0,4
complete_case:02_conservative,RNA_ENSG00000220139.1,float64,0.0,3
complete_case:02_conservative,RNA_ENSG00000287977.1,float64,0.0,5
complete_case:02_conservative,RNA_ENSG00000250727.1,float64,0.0,6
complete_case:02_conservative,RNA_ENSG00000201288.1,float64,0.0,3
complete_case:02_conservative,RNA_ENSG00000255296.1,float64,0.0,11
complete_case:02_conservative,RNA_ENSG00000286110.1,float64,0.0,6
complete_case:02_conservative,CNV_ENSG00000241550.3,float64,0.0,20
complete_case:02_conservative,CNV_ENSG00000136492.9,float64,0.0,18
complete_case:02_conservative,CNV_ENSG00000267574.1,float64,0.0,17
complete_case:02_conservative,CNV_ENSG00000213275.2,float64,0.0,27
complete_case:02_conservative,CNV_ENSG00000274489.1,float64,0.0,25
complete_case:02_conservative,CNV_ENSG00000215262.8,float64,0.0,25
complete_case:02_conservative,CNV_ENSG00000254038.1,float64,0.0,27
complete_case:02_conservative,CNV_ENSG00000243503.2,float64,0.0,27
complete_case:02_conservative,CNV_ENSG00000244235.2,float64,0.0,19
complete_case:02_conservative,CNV_ENSG00000253135.1,float64,0.0,19
complete_case:02_conservative,CNV_ENSG00000287644.1,float64,0.0,23
complete_case:02_conservative,CNV_ENSG00000199985.1,float64,0.0,26
complete_case:02_conservative,CNV_ENSG00000254320.1,float64,0.0,25
complete_case:02_conservative,CNV_ENSG00000253650.1,float64,0.0,26
complete_case:02_conservative,CNV_ENSG00000265666.1,float64,0.0,20
complete_case:02_conservative,CNV_ENSG00000278918.1,float64,0.0,20
complete_case:02_conservative,CNV_ENSG00000206871.1,float64,0.0,25
complete_case:02_conservative,CNV_ENSG00000253610.1,float64,0.0,25
complete_case:02_conservative,CNV_ENSG00000219491.7,float64,0.0,26
complete_case:02_conservative,CNV_ENSG00000238966.1,float64,0.0,19
complete_case:02_conservative,CNV_ENSG00000207101.1,float64,0.0,20
complete_case:02_conservative,CNV_ENSG00000222881.1,float64,0.0,19
complete_case:02_conservative,CNV_ENSG00000174132.9,float64,0.0,11
complete_case:02_conservative,CNV_ENSG00000239281.2,float64,0.0,18
complete_case:02_conservative,CNV_ENSG00000263372.1,float64,0.0,18
complete_case:02_conservative,CNV_ENSG00000131759.18,float64,0.0,22
complete_case:02_conservative,CNV_ENSG00000260588.1,float64,0.0,19
complete_case:02_conservative,CNV_ENSG00000206867.1,float64,0.0,19
complete_case:02_conservative,CNV_ENSG00000252618.1,float64,0.0,20
complete_case:02_conservative,CNV_ENSG00000249787.2,float64,0.0,11
complete_case:02_conservative,CNV_ENSG00000241834.3,float64,0.0,19
complete_case:02_conservative,CNV_ENSG00000253504.1,float64,0.0,23
complete_case:02_conservative,CNV_ENSG00000261449.1,float64,0.0,19
complete_case:02_conservative,CNV_ENSG00000070718.12,float64,0.0,19
complete_case:02_conservative,CNV_ENSG00000104365.16,float64,0.0,20
complete_case:02_conservative,CNV_ENSG00000083168.11,float64,0.0,19
complete_case:02_conservative,CNV_ENSG00000264655.1,float64,0.0,20
complete_case:02_conservative,CNV_ENSG00000253265.1,float64,0.0,20
complete_case:02_conservative,CNV_ENSG00000266208.1,float64,0.0,20
complete_case:02_conservative,CNV_ENSG00000183153.7,float64,0.0,20
complete_case:02_conservative,CNV_ENSG00000253123.4,float64,0.0,28
complete_case:02_conservative,CNV_ENSG00000271938.1,float64,0.0,19
complete_case:02_conservative,CNV_ENSG00000253509.1,float64,0.0,18
complete_case:02_conservative,CNV_ENSG00000253363.7,float64,0.0,26
complete_case:02_conservative,CNV_ENSG00000206852.1,float64,0.0,18
complete_case:02_conservative,CNV_ENSG00000278346.1,float64,0.0,20
complete_case:02_conservative,CNV_ENSG00000275374.1,float64,0.0,11
complete_case:02_conservative,CNV_ENSG00000244708.1,float64,0.0,26
complete_case:02_conservative,CNV_ENSG00000247877.7,float64,0.0,11
complete_case:02_conservative,CNV_ENSG00000254384.1,float64,0.0,23
complete_case:02_conservative,MUT_DMD,int64,0.0,2
complete_case:02_conservative,MUT_MAML2,int64,0.0,2
complete_case:02_conservative,MUT_CACNA1S,int64,0.0,2
complete_case:02_conservative,MUT_ADAMTS20,int64,0.0,2
complete_case:02_conservative,MUT_PTCHD3,int64,0.0,2
complete_case:02_conservative,MUT_DOCK9,int64,0.0,2
complete_case:02_conservative,MUT_ABR,int64,0.0,2
complete_case:02_conservative,MUT_GRIPAP1,int64,0.0,2
complete_case:02_conservative,MUT_MAP3K1,int64,0.0,2
complete_case:02_conservative,MUT_LRP6,int64,0.0,2
complete_case:02_conservative,MUT_PIKFYVE,int64,0.0,2
complete_case:02_conservative,MUT_FCRL5,int64,0.0,2
complete_case:02_conservative,MUT_RBM26,int64,0.0,2
complete_case:02_conservative,MUT_AP3B1,int64,0.0,2
complete_case:02_conservative,MUT_NLGN4X,int64,0.0,2
complete_case:02_conservative,MUT_HMCN1,int64,0.0,2
complete_case:02_conservative,MUT_RUNX1,int64,0.0,2
complete_case:02_conservative,MUT_PTEN,int64,0.0,2
complete_case:02_conservative,MUT_HUWE1,int64,0.0,2
complete_case:02_conservative,MUT_MACF1,int64,0.0,2
complete_case:02_conservative,MUT_LRP2,int64,0.0,2
complete_case:02_conservative,MUT_PKHD1L1,int64,0.0,2
complete_case:02_conservative,MUT_CACNA1E,int64,0.0,2
complete_case:02_conservative,MUT_NF1,int64,0.0,2
complete_case:02_conservative,MUT_NCOR1,int64,0.0,2
complete_case:02_conservative,MUT_FAT3,int64,0.0,2
complete_case:02_conservative,MUT_RYR1,int64,0.0,2
complete_case:02_conservative,MUT_SPTA1,int64,0.0,2
complete_case:02_conservative,MUT_SYNE1,int64,0.0,2
complete_case:02_conservative,MUT_GATA3,int64,0.0,2
complete_case:02_conservative,MUT_ABCA13,int64,0.0,2
complete_case:02_conservative,MUT_PIK3CA,int64,0.0,2
complete_case:02_conservative,MUT_MUC17,int64,0.0,2
complete_case:02_conservative,MUT_RYR3,int64,0.0,2
complete_case:02_conservative,MUT_DST,int64,0.0,2
complete_case:02_conservative,MUT_OBSCN,int64,0.0,2
complete_case:02_conservative,MUT_CSMD3,int64,0.0,2
complete_case:02_conservative,MUT_RYR2,int64,0.0,2
complete_case:02_conservative,MUT_KMT2C,int64,0.0,2
complete_case:02_conservative,MUT_NEB,int64,0.0,2
complete_case:02_conservative,MUT_FLG,int64,0.0,2
complete_case:02_conservative,MUT_CSMD1,int64,0.0,2
complete_case:02_conservative,MUT_APOB,int64,0.0,2
complete_case:02_conservative,MUT_MUC5B,int64,0.0,2
complete_case:02_conservative,MUT_TP53,int64,0.0,2
complete_case:02_conservative,MUT_ZFHX4,int64,0.0,2
complete_case:02_conservative,MUT_MUC16,int64,0.0,2
complete_case:02_conservative,MUT_USH2A,int64,0.0,2
complete_case:02_conservative,MUT_CDH1,int64,0.0,2
complete_case:02_conservative,MUT_TTN,int64,0.0,2
complete_case:02_conservative,PROT_Gli1,float64,0.0,510
complete_case:02_conservative,PROT_ERALPHA,float64,0.0,525
complete_case:02_conservative,PROT_COG3,float64,0.0,524
complete_case:02_conservative,PROT_KU80,float64,0.0,525
complete_case:02_conservative,PROT_DNA-Ligase-IV,float64,0.0,509
complete_case:02_conservative,PROT_TUBERIN_pT1462,float64,0.0,525
complete_case:02_conservative,PROT_MR1,float64,0.0,510
complete_case:02_conservative,PROT_PHLPP,float64,0.0,511
complete_case:02_conservative,PROT_PAXILLIN,float64,0.0,526
complete_case:02_conservative,PROT_Aurora-ABC_pT288_pT232_pT198,float64,0.0,510
complete_case:02_conservative,PROT_CYCLINB1,float64,0.0,524
complete_case:02_conservative,PROT_CLAUDIN7,float64,0.0,525
complete_case:02_conservative,PROT_PRC1_pT481,float64,0.0,509
complete_case:02_conservative,PROT_P38_pT180Y182,float64,0.0,526
complete_case:02_conservative,PROT_Hexokinase-II,float64,0.0,511
complete_case:02_conservative,PROT_DVL3,float64,0.0,526
complete_case:02_conservative,PROT_SETD2,float64,0.0,524
complete_case:02_conservative,PROT_4EBP1_pT37T46,float64,0.0,525
complete_case:02_conservative,PROT_GSK3_pS9,float64,0.0,525
complete_case:02_conservative,PROT_Cdc42,float64,0.0,507
complete_case:02_conservative,PROT_PLC-gamma1,float64,0.0,510
complete_case:02_conservative,PROT_CD20,float64,0.0,525
complete_case:02_conservative,PROT_c-IAP2,float64,0.0,509
complete_case:02_conservative,PROT_b-Actin,float64,0.0,510
complete_case:02_conservative,PROT_Atg4B,float64,0.0,509
complete_case:02_conservative,PROT_DM-K9-Histone-H3,float64,0.0,509
complete_case:02_conservative,PROT_P70S6K1,float64,0.0,524
complete_case:02_conservative,PROT_RPA32,float64,0.0,508
complete_case:02_conservative,PROT_Slfn11,float64,0.0,509
complete_case:02_conservative,PROT_Jagged1,float64,0.0,505
complete_case:02_conservative,PROT_TIGAR,float64,0.0,526
complete_case:02_conservative,PROT_Aurora-A,float64,0.0,510
complete_case:02_conservative,PROT_BRAF,float64,0.0,525
complete_case:02_conservative,PROT_FAK_pY397,float64,0.0,508
complete_case:02_conservative,PROT_IGF1R_pY1135Y1136,float64,0.0,523
complete_case:02_conservative,PROT_SMAD4,float64,0.0,523
complete_case:02_conservative,PROT_CD45,float64,0.0,511
complete_case:02_conservative,PROT_Glucocorticoid-Receptor,float64,0.0,511
complete_case:02_conservative,PROT_p90RSK_pT573,float64,0.0,507
complete_case:02_conservative,PROT_4EBP1_pS65,float64,0.0,525
complete_case:02_conservative,PROT_PAR,float64,0.0,510
complete_case:02_conservative,PROT_MYH11,float64,0.0,526
complete_case:02_conservative,PROT_EPPK1,float64,0.0,524
complete_case:02_conservative,PROT_FASN,float64,0.0,525
complete_case:02_conservative,PROT_ECADHERIN,float64,0.0,525
complete_case:02_conservative,PROT_INPP4B,float64,0.0,524
complete_case:02_conservative,PROT_GATA3,float64,0.0,525
complete_case:02_conservative,PROT_GAPDH,float64,0.0,524
complete_case:02_conservative,PROT_EMA,float64,0.0,510
complete_case:02_conservative,PROT_Connexin-43,float64,0.0,510
complete_case:02_conservative,METH_cg17573813,float64,0.0,526
complete_case:02_conservative,METH_cg01672943,float64,0.0,526
complete_case:02_conservative,METH_cg27307781,float64,0.0,526
complete_case:02_conservative,METH_cg00542775,float64,0.0,526
complete_case:02_conservative,METH_cg03976326,float64,0.0,526
complete_case:02_conservative,METH_cg24761867,float64,0.0,526
complete_case:02_conservative,METH_cg11617144,float64,0.0,526
complete_case:02_conservative,METH_cg13305186,float64,0.0,526
complete_case:02_conservative,METH_cg23091104,float64,0.0,526
complete_case:02_conservative,METH_cg23097686,float64,0.0,526
complete_case:02_conservative,METH_cg06912515,float64,0.0,526
complete_case:02_conservative,METH_cg08857906,float64,0.0,525
complete_case:02_conservative,METH_cg16602369,float64,0.0,526
complete_case:02_conservative,METH_cg02525705,float64,0.0,523
complete_case:02_conservative,METH_cg26323797,float64,0.0,526
complete_case:02_conservative,METH_cg15313226,float64,0.0,526
complete_case:02_conservative,METH_cg10342963,float64,0.0,521
complete_case:02_conservative,METH_cg00737916,float64,0.0,525
complete_case:02_conservative,METH_cg18141400,float64,0.0,526
complete_case:02_conservative,METH_cg22747076,float64,0.0,520
complete_case:02_conservative,METH_cg17882374,float64,0.0,525
complete_case:02_conservative,METH_cg19789653,float64,0.0,526
complete_case:02_conservative,METH_cg02344911,float64,0.0,526
complete_case:02_conservative,METH_cg16719517,float64,0.0,526
complete_case:02_conservative,METH_cg14168530,float64,0.0,526
complete_case:02_conservative,METH_cg13849454,float64,0.0,526
complete_case:02_conservative,METH_cg23782616,float64,0.0,526
complete_case:02_conservative,METH_cg04571941,float64,0.0,526
complete_case:02_conservative,METH_cg16578537,float64,0.0,526
complete_case:02_conservative,METH_cg13371788,float64,0.0,526
complete_case:02_conservative,METH_cg01163842,float64,0.0,526
complete_case:02_conservative,METH_cg09267051,float64,0.0,526
complete_case:02_conservative,METH_cg03784302,float64,0.0,526
complete_case:02_conservative,METH_cg26001902,float64,0.0,526
complete_case:02_conservative,METH_cg19544662,float64,0.0,526
complete_case:02_conservative,METH_cg06168050,float64,0.0,526
complete_case:02_conservative,METH_cg10327440,float64,0.0,526
complete_case:02_conservative,METH_cg14666113,float64,0.0,526
complete_case:02_conservative,METH_cg11837293,float64,0.0,413
complete_case:02_conservative,METH_cg20318608,float64,0.0,526
complete_case:02_conservative,METH_cg04970117,float64,0.0,526
complete_case:02_conservative,METH_cg10884288,float64,0.0,526
complete_case:02_conservative,METH_cg07813142,float64,0.0,526
complete_case:02_conservative,METH_cg12934884,float64,0.0,501
complete_case:02_conservative,METH_cg09568464,float64,0.0,526
complete_case:02_conservative,METH_cg13643914,float64,0.0,526
complete_case:02_conservative,METH_cg03323292,float64,0.0,526
complete_case:02_conservative,METH_cg22889573,float64,0.0,526
complete_case:02_conservative,METH_cg08162372,float64,0.0,526
complete_case:02_conservative,METH_cg22240348,float64,0.0,526
complete_case:02_conservative,MIRNA_hsa-mir-1254-2,float64,0.0,343
complete_case:02_conservative,MIRNA_hsa-mir-375,float64,0.0,526
complete_case:02_conservative,MIRNA_hsa-mir-4326,float64,0.0,464
complete_case:02_conservative,MIRNA_hsa-mir-99a,float64,0.0,526
complete_case:02_conservative,MIRNA_hsa-mir-202,float64,0.0,368
complete_case:02_conservative,MIRNA_hsa-mir-326,float64,0.0,523
complete_case:02_conservative,MIRNA_hsa-mir-101-1,float64,0.0,526
complete_case:02_conservative,MIRNA_hsa-mir-374c,float64,0.0,215
complete_case:02_conservative,MIRNA_hsa-mir-379,float64,0.0,526
complete_case:02_conservative,MIRNA_hsa-mir-101-2,float64,0.0,526
complete_case:02_conservative,MIRNA_hsa-mir-125b-2,float64,0.0,526
complete_case:02_conservative,MIRNA_hsa-mir-1258,float64,0.0,419
complete_case:02_conservative,MIRNA_hsa-mir-134,float64,0.0,526
complete_case:02_conservative,MIRNA_hsa-mir-195,float64,0.0,526
complete_case:02_conservative,MIRNA_hsa-let-7c,float64,0.0,526
complete_case:02_conservative,MIRNA_hsa-mir-411,float64,0.0,519
complete_case:02_conservative,MIRNA_hsa-mir-215,float64,0.0,522
complete_case:02_conservative,MIRNA_hsa-mir-424,float64,0.0,526
complete_case:02_conservative,MIRNA_hsa-mir-592,float64,0.0,501
complete_case:02_conservative,MIRNA_hsa-mir-3607,float64,0.0,526
complete_case:02_conservative,MIRNA_hsa-mir-378c,float64,0.0,523
complete_case:02_conservative,MIRNA_hsa-mir-6510,float64,0.0,471
complete_case:02_conservative,MIRNA_hsa-mir-210,float64,0.0,526
complete_case:02_conservative,MIRNA_hsa-mir-153-2,float64,0.0,521
complete_case:02_conservative,MIRNA_hsa-mir-1247,float64,0.0,523
complete_case:02_conservative,MIRNA_hsa-mir-452,float64,0.0,526
complete_case:02_conservative,MIRNA_hsa-mir-9-2,float64,0.0,526
complete_case:02_conservative,MIRNA_hsa-mir-150,float64,0.0,526
complete_case:02_conservative,MIRNA_hsa-mir-205,float64,0.0,526
complete_case:02_conservative,MIRNA_hsa-mir-105-1,float64,0.0,266
complete_case:02_conservative,MIRNA_hsa-mir-9-1,float64,0.0,526
complete_case:02_conservative,MIRNA_hsa-mir-105-2,float64,0.0,247
complete_case:02_conservative,MIRNA_hsa-mir-1269a,float64,0.0,324
complete_case:02_conservative,MIRNA_hsa-mir-203a,float64,0.0,526
complete_case:02_conservative,MIRNA_hsa-mir-9-3,float64,0.0,526
complete_case:02_conservative,MIRNA_hsa-mir-449a,float64,0.0,340
complete_case:02_conservative,MIRNA_hsa-mir-767,float64,0.0,238
complete_case:02_conservative,MIRNA_hsa-mir-577,float64,0.0,398
complete_case:02_conservative,MIRNA_hsa-mir-934,float64,0.0,315
complete_case:02_conservative,MIRNA_hsa-mir-196a-2,float64,0.0,526
complete_case:02_conservative,MIRNA_hsa-mir-187,float64,0.0,511
complete_case:02_conservative,MIRNA_hsa-mir-203b,float64,0.0,522
complete_case:02_conservative,MIRNA_hsa-mir-1269b,float64,0.0,151
complete_case:02_conservative,MIRNA_hsa-mir-190b,float64,0.0,503
complete_case:02_conservative,MIRNA_hsa-mir-224,float64,0.0,526
complete_case:02_conservative,MIRNA_hsa-mir-149,float64,0.0,526
complete_case:02_conservative,MIRNA_hsa-mir-196a-1,float64,0.0,526
complete_case:02_conservative,MIRNA_hsa-mir-20b,float64,0.0,526
complete_case:02_conservative,MIRNA_hsa-mir-135b,float64,0.0,499
complete_case:02_conservative,MIRNA_hsa-mir-184,float64,0.0,505
complete_case:02_conservative,OS,int64,0.0,2
complete_case:02_conservative,OS.time,float64,0.0,469
complete_case:03_standard,Unnamed: 0,object,0.0,526
complete_case:03_standard,CLIN_gender.demographic,float64,0.0,2
complete_case:03_standard,CLIN_age_at_index.demographic,float64,0.0,63
complete_case:03_standard,CLIN_tumor_descriptor.samples,int64,0.0,1
complete_case:03_standard,CLIN_disease_type_Adenomas and Adenocarcinomas,int64,0.0,2
complete_case:03_standard,CLIN_disease_type_Adnexal and Skin Appendage Neoplasms,int64,0.0,1
complete_case:03_standard,CLIN_disease_type_Basal Cell Neoplasms,int64,0.0,1
complete_case:03_standard,CLIN_disease_type_Complex Epithelial Neoplasms,int64,0.0,2
complete_case:03_standard,"CLIN_disease_type_Cystic, Mucinous and Serous Neoplasms",int64,0.0,2
complete_case:03_standard,CLIN_disease_type_Ductal and Lobular Neoplasms,int64,0.0,2
complete_case:03_standard,"CLIN_disease_type_Epithelial Neoplasms, NOS",int64,0.0,2
complete_case:03_standard,CLIN_disease_type_Fibroepithelial Neoplasms,int64,0.0,1
complete_case:03_standard,CLIN_disease_type_Squamous Cell Neoplasms,int64,0.0,1
complete_case:03_standard,CLIN_race.demographic_american indian or alaska native,int64,0.0,2
complete_case:03_standard,CLIN_race.demographic_asian,int64,0.0,2
complete_case:03_standard,CLIN_race.demographic_black or african american,int64,0.0,2
complete_case:03_standard,CLIN_race.demographic_missing,int64,0.0,2
complete_case:03_standard,CLIN_race.demographic_white,int64,0.0,2
complete_case:03_standard,CLIN_ethnicity.demographic_hispanic or latino,int64,0.0,2
complete_case:03_standard,CLIN_ethnicity.demographic_missing,int64,0.0,2
complete_case:03_standard,CLIN_ethnicity.demographic_not hispanic or latino,int64,0.0,2
complete_case:03_standard,CLIN_ajcc_pathologic_stage.diagnoses_Stage I,int64,0.0,2
complete_case:03_standard,CLIN_ajcc_pathologic_stage.diagnoses_Stage IA,int64,0.0,2
complete_case:03_standard,CLIN_ajcc_pathologic_stage.diagnoses_Stage IB,int64,0.0,2
complete_case:03_standard,CLIN_ajcc_pathologic_stage.diagnoses_Stage II,int64,0.0,2
complete_case:03_standard,CLIN_ajcc_pathologic_stage.diagnoses_Stage IIA,int64,0.0,2
complete_case:03_standard,CLIN_ajcc_pathologic_stage.diagnoses_Stage IIB,int64,0.0,2
complete_case:03_standard,CLIN_ajcc_pathologic_stage.diagnoses_Stage III,int64,0.0,2
complete_case:03_standard,CLIN_ajcc_pathologic_stage.diagnoses_Stage IIIA,int64,0.0,2
complete_case:03_standard,CLIN_ajcc_pathologic_stage.diagnoses_Stage IIIB,int64,0.0,2
complete_case:03_standard,CLIN_ajcc_pathologic_stage.diagnoses_Stage IIIC,int64,0.0,2
complete_case:03_standard,CLIN_ajcc_pathologic_stage.diagnoses_Stage IV,int64,0.0,2
complete_case:03_standard,CLIN_ajcc_pathologic_stage.diagnoses_Stage X,int64,0.0,2
complete_case:03_standard,CLIN_ajcc_pathologic_stage.diagnoses_missing,int64,0.0,2
complete_case:03_standard,"CLIN_tissue_or_organ_of_origin.diagnoses_Breast, NOS",int64,0.0,2
complete_case:03_standard,CLIN_tissue_or_organ_of_origin.diagnoses_Lower-inner quadrant of breast,int64,0.0,1
complete_case:03_standard,CLIN_tissue_or_organ_of_origin.diagnoses_Lower-outer quadrant of breast,int64,0.0,1
complete_case:03_standard,CLIN_tissue_or_organ_of_origin.diagnoses_Overlapping lesion of breast,int64,0.0,2
complete_case:03_standard,CLIN_tissue_or_organ_of_origin.diagnoses_Upper-inner quadrant of breast,int64,0.0,2
complete_case:03_standard,CLIN_tissue_or_organ_of_origin.diagnoses_Upper-outer quadrant of breast,int64,0.0,1
complete_case:03_standard,CLIN_tissue_or_organ_of_origin.diagnoses_missing,int64,0.0,1
complete_case:03_standard,CLIN_primary_diagnosis.diagnoses_Adenoid cystic carcinoma,int64,0.0,1
complete_case:03_standard,CLIN_primary_diagnosis.diagnoses_Apocrine adenocarcinoma,int64,0.0,1
complete_case:03_standard,"CLIN_primary_diagnosis.diagnoses_Basal cell carcinoma, NOS",int64,0.0,1
complete_case:03_standard,"CLIN_primary_diagnosis.diagnoses_Carcinoma, NOS",int64,0.0,2
complete_case:03_standard,"CLIN_primary_diagnosis.diagnoses_Cribriform carcinoma, NOS",int64,0.0,1
complete_case:03_standard,CLIN_primary_diagnosis.diagnoses_Infiltrating duct and lobular carcinoma,int64,0.0,2
complete_case:03_standard,"CLIN_primary_diagnosis.diagnoses_Infiltrating duct carcinoma, NOS",int64,0.0,2
complete_case:03_standard,CLIN_primary_diagnosis.diagnoses_Infiltrating duct mixed with other types of carcinoma,int64,0.0,2
complete_case:03_standard,CLIN_primary_diagnosis.diagnoses_Infiltrating lobular mixed with other types of carcinoma,int64,0.0,2
complete_case:03_standard,CLIN_primary_diagnosis.diagnoses_Intraductal micropapillary carcinoma,int64,0.0,2
complete_case:03_standard,CLIN_primary_diagnosis.diagnoses_Intraductal papillary adenocarcinoma with invasion,int64,0.0,2
complete_case:03_standard,CLIN_primary_diagnosis.diagnoses_Large cell neuroendocrine carcinoma,int64,0.0,2
complete_case:03_standard,"CLIN_primary_diagnosis.diagnoses_Lobular carcinoma, NOS",int64,0.0,2
complete_case:03_standard,"CLIN_primary_diagnosis.diagnoses_Medullary carcinoma, NOS",int64,0.0,2
complete_case:03_standard,"CLIN_primary_diagnosis.diagnoses_Metaplastic carcinoma, NOS",int64,0.0,2
complete_case:03_standard,CLIN_primary_diagnosis.diagnoses_Mucinous adenocarcinoma,int64,0.0,2
complete_case:03_standard,CLIN_primary_diagnosis.diagnoses_Paget disease and infiltrating duct carcinoma of breast,int64,0.0,2
complete_case:03_standard,"CLIN_primary_diagnosis.diagnoses_Papillary carcinoma, NOS",int64,0.0,1
complete_case:03_standard,"CLIN_primary_diagnosis.diagnoses_Phyllodes tumor, malignant",int64,0.0,1
complete_case:03_standard,CLIN_primary_diagnosis.diagnoses_Pleomorphic carcinoma,int64,0.0,2
complete_case:03_standard,CLIN_primary_diagnosis.diagnoses_Secretory carcinoma of breast,int64,0.0,1
complete_case:03_standard,CLIN_primary_diagnosis.diagnoses_Tubular adenocarcinoma,int64,0.0,2
complete_case:03_standard,CLIN_primary_diagnosis.diagnoses_missing,int64,0.0,1
complete_case:03_standard,CLIN_prior_malignancy.diagnoses_missing,int64,0.0,2
complete_case:03_standard,CLIN_prior_malignancy.diagnoses_no,int64,0.0,2
complete_case:03_standard,CLIN_prior_malignancy.diagnoses_yes,int64,0.0,2
complete_case:03_standard,CLIN_prior_treatment.diagnoses_No,int64,0.0,2
complete_case:03_standard,CLIN_prior_treatment.diagnoses_Yes,int64,0.0,2
complete_case:03_standard,CLIN_prior_treatment.diagnoses_missing,int64,0.0,2
complete_case:03_standard,CLIN_ajcc_staging_system_edition.diagnoses_3rd,int64,0.0,2
complete_case:03_standard,CLIN_ajcc_staging_system_edition.diagnoses_4th,int64,0.0,2
complete_case:03_standard,CLIN_ajcc_staging_system_edition.diagnoses_5th,int64,0.0,2
complete_case:03_standard,CLIN_ajcc_staging_system_edition.diagnoses_6th,int64,0.0,2
complete_case:03_standard,CLIN_ajcc_staging_system_edition.diagnoses_7th,int64,0.0,2
complete_case:03_standard,CLIN_ajcc_staging_system_edition.diagnoses_missing,int64,0.0,2
complete_case:03_standard,CLIN_ajcc_pathologic_t.diagnoses_T1,int64,0.0,2
complete_case:03_standard,CLIN_ajcc_pathologic_t.diagnoses_T1a,int64,0.0,2
complete_case:03_standard,CLIN_ajcc_pathologic_t.diagnoses_T1b,int64,0.0,2
complete_case:03_standard,CLIN_ajcc_pathologic_t.diagnoses_T1c,int64,0.0,2
complete_case:03_standard,CLIN_ajcc_pathologic_t.diagnoses_T2,int64,0.0,2
complete_case:03_standard,CLIN_ajcc_pathologic_t.diagnoses_T2a,int64,0.0,2
complete_case:03_standard,CLIN_ajcc_pathologic_t.diagnoses_T2b,int64,0.0,1
complete_case:03_standard,CLIN_ajcc_pathologic_t.diagnoses_T3,int64,0.0,2
complete_case:03_standard,CLIN_ajcc_pathologic_t.diagnoses_T3a,int64,0.0,1
complete_case:03_standard,CLIN_ajcc_pathologic_t.diagnoses_T4,int64,0.0,2
complete_case:03_standard,CLIN_ajcc_pathologic_t.diagnoses_T4b,int64,0.0,2
complete_case:03_standard,CLIN_ajcc_pathologic_t.diagnoses_T4d,int64,0.0,2
complete_case:03_standard,CLIN_ajcc_pathologic_t.diagnoses_TX,int64,0.0,2
complete_case:03_standard,CLIN_ajcc_pathologic_t.diagnoses_missing,int64,0.0,1
complete_case:03_standard,CLIN_morphology.diagnoses_8010/3,int64,0.0,2
complete_case:03_standard,CLIN_morphology.diagnoses_8013/3,int64,0.0,2
complete_case:03_standard,CLIN_morphology.diagnoses_8022/3,int64,0.0,2
complete_case:03_standard,CLIN_morphology.diagnoses_8050/3,int64,0.0,1
complete_case:03_standard,CLIN_morphology.diagnoses_8090/3,int64,0.0,1
complete_case:03_standard,CLIN_morphology.diagnoses_8200/3,int64,0.0,1
complete_case:03_standard,CLIN_morphology.diagnoses_8201/3,int64,0.0,1
complete_case:03_standard,CLIN_morphology.diagnoses_8211/3,int64,0.0,2
complete_case:03_standard,CLIN_morphology.diagnoses_8401/3,int64,0.0,1
complete_case:03_standard,CLIN_morphology.diagnoses_8480/3,int64,0.0,2
complete_case:03_standard,CLIN_morphology.diagnoses_8500/3,int64,0.0,2
complete_case:03_standard,CLIN_morphology.diagnoses_8502/3,int64,0.0,1
complete_case:03_standard,CLIN_morphology.diagnoses_8503/3,int64,0.0,2
complete_case:03_standard,CLIN_morphology.diagnoses_8507/3,int64,0.0,2
complete_case:03_standard,CLIN_morphology.diagnoses_8510/3,int64,0.0,2
complete_case:03_standard,CLIN_morphology.diagnoses_8520/3,int64,0.0,2
complete_case:03_standard,CLIN_morphology.diagnoses_8522/3,int64,0.0,2
complete_case:03_standard,CLIN_morphology.diagnoses_8523/3,int64,0.0,2
complete_case:03_standard,CLIN_morphology.diagnoses_8524/3,int64,0.0,2
complete_case:03_standard,CLIN_morphology.diagnoses_8541/3,int64,0.0,2
complete_case:03_standard,CLIN_morphology.diagnoses_8575/3,int64,0.0,2
complete_case:03_standard,CLIN_morphology.diagnoses_9020/3,int64,0.0,1
complete_case:03_standard,CLIN_morphology.diagnoses_missing,int64,0.0,1
complete_case:03_standard,CLIN_ajcc_pathologic_n.diagnoses_N0,int64,0.0,2
complete_case:03_standard,CLIN_ajcc_pathologic_n.diagnoses_N0 (i+),int64,0.0,2
complete_case:03_standard,CLIN_ajcc_pathologic_n.diagnoses_N0 (i-),int64,0.0,2
complete_case:03_standard,CLIN_ajcc_pathologic_n.diagnoses_N0 (mol+),int64,0.0,2
complete_case:03_standard,CLIN_ajcc_pathologic_n.diagnoses_N1,int64,0.0,2
complete_case:03_standard,CLIN_ajcc_pathologic_n.diagnoses_N1a,int64,0.0,2
complete_case:03_standard,CLIN_ajcc_pathologic_n.diagnoses_N1b,int64,0.0,2
complete_case:03_standard,CLIN_ajcc_pathologic_n.diagnoses_N1c,int64,0.0,2
complete_case:03_standard,CLIN_ajcc_pathologic_n.diagnoses_N1mi,int64,0.0,2
complete_case:03_standard,CLIN_ajcc_pathologic_n.diagnoses_N2,int64,0.0,2
complete_case:03_standard,CLIN_ajcc_pathologic_n.diagnoses_N2a,int64,0.0,2
complete_case:03_standard,CLIN_ajcc_pathologic_n.diagnoses_N3,int64,0.0,2
complete_case:03_standard,CLIN_ajcc_pathologic_n.diagnoses_N3a,int64,0.0,2
complete_case:03_standard,CLIN_ajcc_pathologic_n.diagnoses_N3b,int64,0.0,2
complete_case:03_standard,CLIN_ajcc_pathologic_n.diagnoses_N3c,int64,0.0,1
complete_case:03_standard,CLIN_ajcc_pathologic_n.diagnoses_NX,int64,0.0,2
complete_case:03_standard,CLIN_ajcc_pathologic_n.diagnoses_missing,int64,0.0,1
complete_case:03_standard,CLIN_ajcc_pathologic_m.diagnoses_M0,int64,0.0,2
complete_case:03_standard,CLIN_ajcc_pathologic_m.diagnoses_M1,int64,0.0,2
complete_case:03_standard,CLIN_ajcc_pathologic_m.diagnoses_MX,int64,0.0,2
complete_case:03_standard,CLIN_ajcc_pathologic_m.diagnoses_cM0 (i+),int64,0.0,2
complete_case:03_standard,CLIN_ajcc_pathologic_m.diagnoses_missing,int64,0.0,1
complete_case:03_standard,"CLIN_treatment_or_therapy.treatments.diagnoses_['no', 'no']",int64,0.0,2
complete_case:03_standard,"CLIN_treatment_or_therapy.treatments.diagnoses_['no', 'not reported']",int64,0.0,1
complete_case:03_standard,"CLIN_treatment_or_therapy.treatments.diagnoses_['no', 'yes']",int64,0.0,2
complete_case:03_standard,"CLIN_treatment_or_therapy.treatments.diagnoses_['not reported', 'no']",int64,0.0,1
complete_case:03_standard,"CLIN_treatment_or_therapy.treatments.diagnoses_['not reported', 'not reported']",int64,0.0,2
complete_case:03_standard,"CLIN_treatment_or_therapy.treatments.diagnoses_['not reported', 'yes']",int64,0.0,2
complete_case:03_standard,"CLIN_treatment_or_therapy.treatments.diagnoses_['yes', 'no']",int64,0.0,2
complete_case:03_standard,"CLIN_treatment_or_therapy.treatments.diagnoses_['yes', 'not reported']",int64,0.0,2
complete_case:03_standard,"CLIN_treatment_or_therapy.treatments.diagnoses_['yes', 'yes']",int64,0.0,2
complete_case:03_standard,CLIN_treatment_or_therapy.treatments.diagnoses_missing,int64,0.0,1
complete_case:03_standard,RNA_ENSG00000280061.1,float64,0.0,11
complete_case:03_standard,RNA_ENSG00000277888.1,float64,0.0,2
complete_case:03_standard,RNA_ENSG00000224634.1,float64,0.0,2
complete_case:03_standard,RNA_ENSG00000287660.1,float64,0.0,3
complete_case:03_standard,RNA_ENSG00000277817.1,float64,0.0,5
complete_case:03_standard,RNA_ENSG00000266925.1,float64,0.0,2
complete_case:03_standard,RNA_ENSG00000255385.1,float64,0.0,5
complete_case:03_standard,RNA_ENSG00000277332.1,float64,0.0,11
complete_case:03_standard,RNA_ENSG00000248120.1,float64,0.0,3
complete_case:03_standard,RNA_ENSG00000262181.2,float64,0.0,4
complete_case:03_standard,RNA_ENSG00000267182.1,float64,0.0,4
complete_case:03_standard,RNA_ENSG00000207011.1,float64,0.0,2
complete_case:03_standard,RNA_ENSG00000232896.1,float64,0.0,5
complete_case:03_standard,RNA_ENSG00000232993.1,float64,0.0,2
complete_case:03_standard,RNA_ENSG00000270900.1,float64,0.0,6
complete_case:03_standard,RNA_ENSG00000224357.1,float64,0.0,6
complete_case:03_standard,RNA_ENSG00000199482.1,float64,0.0,8
complete_case:03_standard,RNA_ENSG00000177684.4,float64,0.0,2
complete_case:03_standard,RNA_ENSG00000228098.1,float64,0.0,4
complete_case:03_standard,RNA_ENSG00000172459.4,float64,0.0,4
complete_case:03_standard,RNA_ENSG00000249089.1,float64,0.0,7
complete_case:03_standard,RNA_ENSG00000280094.2,float64,0.0,7
complete_case:03_standard,RNA_ENSG00000223896.2,float64,0.0,9
complete_case:03_standard,RNA_ENSG00000229315.7,float64,0.0,6
complete_case:03_standard,RNA_ENSG00000212279.2,float64,0.0,3
complete_case:03_standard,RNA_ENSG00000207967.1,float64,0.0,5
complete_case:03_standard,RNA_ENSG00000281167.1,float64,0.0,3
complete_case:03_standard,RNA_ENSG00000248600.2,float64,0.0,4
complete_case:03_standard,RNA_ENSG00000275320.1,float64,0.0,6
complete_case:03_standard,RNA_ENSG00000237272.2,float64,0.0,6
complete_case:03_standard,RNA_ENSG00000227023.1,float64,0.0,3
complete_case:03_standard,RNA_ENSG00000225424.1,float64,0.0,4
complete_case:03_standard,RNA_ENSG00000162771.8,float64,0.0,4
complete_case:03_standard,RNA_ENSG00000220139.1,float64,0.0,3
complete_case:03_standard,RNA_ENSG00000287977.1,float64,0.0,5
complete_case:03_standard,RNA_ENSG00000250727.1,float64,0.0,6
complete_case:03_standard,RNA_ENSG00000201288.1,float64,0.0,3
complete_case:03_standard,RNA_ENSG00000255296.1,float64,0.0,11
complete_case:03_standard,RNA_ENSG00000207002.1,float64,0.0,5
complete_case:03_standard,RNA_ENSG00000286110.1,float64,0.0,6
complete_case:03_standard,RNA_ENSG00000170255.7,float64,0.0,4
complete_case:03_standard,RNA_ENSG00000255746.1,float64,0.0,5
complete_case:03_standard,RNA_ENSG00000223245.1,float64,0.0,4
complete_case:03_standard,RNA_ENSG00000271421.1,float64,0.0,4
complete_case:03_standard,RNA_ENSG00000215297.3,float64,0.0,6
complete_case:03_standard,RNA_ENSG00000256258.1,float64,0.0,6
complete_case:03_standard,RNA_ENSG00000256287.1,float64,0.0,22
complete_case:03_standard,RNA_ENSG00000231750.3,float64,0.0,3
complete_case:03_standard,RNA_ENSG00000261511.1,float64,0.0,3
complete_case:03_standard,RNA_ENSG00000211707.3,float64,0.0,13
complete_case:03_standard,CNV_ENSG00000287272.1,float64,0.0,16
complete_case:03_standard,CNV_ENSG00000241550.3,float64,0.0,20
complete_case:03_standard,CNV_ENSG00000273824.1,float64,0.0,15
complete_case:03_standard,CNV_ENSG00000261070.1,float64,0.0,26
complete_case:03_standard,CNV_ENSG00000202361.1,float64,0.0,18
complete_case:03_standard,CNV_ENSG00000274489.1,float64,0.0,25
complete_case:03_standard,CNV_ENSG00000215262.8,float64,0.0,25
complete_case:03_standard,CNV_ENSG00000254038.1,float64,0.0,27
complete_case:03_standard,CNV_ENSG00000243503.2,float64,0.0,27
complete_case:03_standard,CNV_ENSG00000244235.2,float64,0.0,19
complete_case:03_standard,CNV_ENSG00000253135.1,float64,0.0,19
complete_case:03_standard,CNV_ENSG00000287644.1,float64,0.0,23
complete_case:03_standard,CNV_ENSG00000199985.1,float64,0.0,26
complete_case:03_standard,CNV_ENSG00000254320.1,float64,0.0,25
complete_case:03_standard,CNV_ENSG00000253650.1,float64,0.0,26
complete_case:03_standard,CNV_ENSG00000131931.8,float64,0.0,19
complete_case:03_standard,CNV_ENSG00000265666.1,float64,0.0,20
complete_case:03_standard,CNV_ENSG00000278918.1,float64,0.0,20
complete_case:03_standard,CNV_ENSG00000206871.1,float64,0.0,25
complete_case:03_standard,CNV_ENSG00000253610.1,float64,0.0,25
complete_case:03_standard,CNV_ENSG00000240125.1,float64,0.0,19
complete_case:03_standard,CNV_ENSG00000286837.1,float64,0.0,19
complete_case:03_standard,CNV_ENSG00000219491.7,float64,0.0,26
complete_case:03_standard,CNV_ENSG00000238966.1,float64,0.0,19
complete_case:03_standard,CNV_ENSG00000207101.1,float64,0.0,20
complete_case:03_standard,CNV_ENSG00000131747.15,float64,0.0,19
complete_case:03_standard,CNV_ENSG00000222881.1,float64,0.0,19
complete_case:03_standard,CNV_ENSG00000174132.9,float64,0.0,11
complete_case:03_standard,CNV_ENSG00000239281.2,float64,0.0,18
complete_case:03_standard,CNV_ENSG00000263372.1,float64,0.0,18
complete_case:03_standard,CNV_ENSG00000131759.18,float64,0.0,22
complete_case:03_standard,CNV_ENSG00000260588.1,float64,0.0,19
complete_case:03_standard,CNV_ENSG00000206867.1,float64,0.0,19
complete_case:03_standard,CNV_ENSG00000252618.1,float64,0.0,20
complete_case:03_standard,CNV_ENSG00000249787.2,float64,0.0,11
complete_case:03_standard,CNV_ENSG00000241834.3,float64,0.0,19
complete_case:03_standard,CNV_ENSG00000253504.1,float64,0.0,23
complete_case:03_standard,CNV_ENSG00000261449.1,float64,0.0,19
complete_case:03_standard,CNV_ENSG00000070718.12,float64,0.0,19
complete_case:03_standard,CNV_ENSG00000104365.16,float64,0.0,20
complete_case:03_standard,CNV_ENSG00000083168.11,float64,0.0,19
complete_case:03_standard,CNV_ENSG00000147434.9,float64,0.0,18
complete_case:03_standard,CNV_ENSG00000141753.7,float64,0.0,18
complete_case:03_standard,CNV_ENSG00000264655.1,float64,0.0,20
complete_case:03_standard,CNV_ENSG00000120925.16,float64,0.0,19
complete_case:03_standard,CNV_ENSG00000253265.1,float64,0.0,20
complete_case:03_standard,CNV_ENSG00000242719.3,float64,0.0,19
complete_case:03_standard,CNV_ENSG00000266208.1,float64,0.0,20
complete_case:03_standard,CNV_ENSG00000183153.7,float64,0.0,20
complete_case:03_standard,CNV_ENSG00000253123.4,float64,0.0,28
complete_case:03_standard,MUT_FMN2,int64,0.0,2
complete_case:03_standard,MUT_DMD,int64,0.0,2
complete_case:03_standard,MUT_LRP1,int64,0.0,2
complete_case:03_standard,MUT_HMCN1,int64,0.0,2
complete_case:03_standard,MUT_RUNX1,int64,0.0,2
complete_case:03_standard,MUT_FAT1,int64,0.0,2
complete_case:03_standard,MUT_PTEN,int64,0.0,2
complete_case:03_standard,MUT_MYH9,int64,0.0,2
complete_case:03_standard,MUT_HUWE1,int64,0.0,2
complete_case:03_standard,MUT_MACF1,int64,0.0,2
complete_case:03_standard,MUT_PCLO,int64,0.0,2
complete_case:03_standard,MUT_LRP2,int64,0.0,2
complete_case:03_standard,MUT_MDN1,int64,0.0,2
complete_case:03_standard,MUT_PKHD1L1,int64,0.0,2
complete_case:03_standard,MUT_KMT2D,int64,0.0,2
complete_case:03_standard,MUT_CACNA1E,int64,0.0,2
complete_case:03_standard,MUT_NF1,int64,0.0,2
complete_case:03_standard,MUT_RELN,int64,0.0,2
complete_case:03_standard,MUT_NCOR1,int64,0.0,2
complete_case:03_standard,MUT_FAT3,int64,0.0,2
complete_case:03_standard,MUT_ARID1A,int64,0.0,2
complete_case:03_standard,MUT_SYNE2,int64,0.0,2
complete_case:03_standard,MUT_MAP2K4,int64,0.0,2
complete_case:03_standard,MUT_VPS13B,int64,0.0,2
complete_case:03_standard,MUT_MAP3K1,int64,0.0,2
complete_case:03_standard,MUT_RYR1,int64,0.0,2
complete_case:03_standard,MUT_SPTA1,int64,0.0,2
complete_case:03_standard,MUT_CUBN,int64,0.0,2
complete_case:03_standard,MUT_SYNE1,int64,0.0,2
complete_case:03_standard,MUT_GATA3,int64,0.0,2
complete_case:03_standard,MUT_LRP1B,int64,0.0,2
complete_case:03_standard,MUT_PIK3R1,int64,0.0,2
complete_case:03_standard,MUT_ABCA13,int64,0.0,2
complete_case:03_standard,MUT_PIK3CA,int64,0.0,2
complete_case:03_standard,MUT_MUC17,int64,0.0,2
complete_case:03_standard,MUT_CSMD2,int64,0.0,2
complete_case:03_standard,MUT_DNAH17,int64,0.0,2
complete_case:03_standard,MUT_RYR3,int64,0.0,2
complete_case:03_standard,MUT_ADGRV1,int64,0.0,2
complete_case:03_standard,MUT_DST,int64,0.0,2
complete_case:03_standard,MUT_HYDIN,int64,0.0,2
complete_case:03_standard,MUT_DNAH11,int64,0.0,2
complete_case:03_standard,MUT_OBSCN,int64,0.0,2
complete_case:03_standard,MUT_XIRP2,int64,0.0,2
complete_case:03_standard,MUT_CSMD3,int64,0.0,2
complete_case:03_standard,MUT_RYR2,int64,0.0,2
complete_case:03_standard,MUT_KMT2C,int64,0.0,2
complete_case:03_standard,MUT_PRKDC,int64,0.0,2
complete_case:03_standard,MUT_NEB,int64,0.0,2
complete_case:03_standard,MUT_SPEN,int64,0.0,2
complete_case:03_standard,PROT_CLAUDIN7,float64,0.0,525
complete_case:03_standard,PROT_KU80,float64,0.0,525
complete_case:03_standard,PROT_TUBERIN_pT1462,float64,0.0,525
complete_case:03_standard,PROT_PAXILLIN,float64,0.0,526
complete_case:03_standard,PROT_Aurora-ABC_pT288_pT232_pT198,float64,0.0,510
complete_case:03_standard,PROT_PRC1_pT481,float64,0.0,509
complete_case:03_standard,PROT_DNA-Ligase-IV,float64,0.0,509
complete_case:03_standard,PROT_P38_pT180Y182,float64,0.0,526
complete_case:03_standard,PROT_Hexokinase-II,float64,0.0,511
complete_case:03_standard,PROT_DVL3,float64,0.0,526
complete_case:03_standard,PROT_SETD2,float64,0.0,524
complete_case:03_standard,PROT_4EBP1_pT37T46,float64,0.0,525
complete_case:03_standard,PROT_GSK3_pS9,float64,0.0,525
complete_case:03_standard,PROT_CYCLINB1,float64,0.0,524
complete_case:03_standard,PROT_Cdc42,float64,0.0,507
complete_case:03_standard,PROT_PLC-gamma1,float64,0.0,510
complete_case:03_standard,PROT_CD20,float64,0.0,525
complete_case:03_standard,PROT_c-IAP2,float64,0.0,509
complete_case:03_standard,PROT_Gli1,float64,0.0,510
complete_case:03_standard,PROT_b-Actin,float64,0.0,510
complete_case:03_standard,PROT_Atg4B,float64,0.0,509
complete_case:03_standard,PROT_DM-K9-Histone-H3,float64,0.0,509
complete_case:03_standard,PROT_P70S6K1,float64,0.0,524
complete_case:03_standard,PROT_RPA32,float64,0.0,508
complete_case:03_standard,PROT_Slfn11,float64,0.0,509
complete_case:03_standard,PROT_Jagged1,float64,0.0,505
complete_case:03_standard,PROT_COG3,float64,0.0,524
complete_case:03_standard,PROT_TIGAR,float64,0.0,526
complete_case:03_standard,PROT_Aurora-A,float64,0.0,510
complete_case:03_standard,PROT_BRAF,float64,0.0,525
complete_case:03_standard,PROT_FAK_pY397,float64,0.0,508
complete_case:03_standard,PROT_IGF1R_pY1135Y1136,float64,0.0,523
complete_case:03_standard,PROT_SMAD4,float64,0.0,523
complete_case:03_standard,PROT_IGFBP2,float64,0.0,526
complete_case:03_standard,PROT_IDO,float64,0.0,509
complete_case:03_standard,PROT_HER2,float64,0.0,526
complete_case:03_standard,PROT_PAR,float64,0.0,510
complete_case:03_standard,PROT_MYH11,float64,0.0,526
complete_case:03_standard,PROT_HSP70,float64,0.0,525
complete_case:03_standard,PROT_CAVEOLIN1,float64,0.0,526
complete_case:03_standard,PROT_ERALPHA,float64,0.0,525
complete_case:03_standard,PROT_EPPK1,float64,0.0,524
complete_case:03_standard,PROT_FASN,float64,0.0,525
complete_case:03_standard,PROT_ECADHERIN,float64,0.0,525
complete_case:03_standard,PROT_INPP4B,float64,0.0,524
complete_case:03_standard,PROT_GATA3,float64,0.0,525
complete_case:03_standard,PROT_GAPDH,float64,0.0,524
complete_case:03_standard,PROT_AR,float64,0.0,525
complete_case:03_standard,PROT_EMA,float64,0.0,510
complete_case:03_standard,PROT_Connexin-43,float64,0.0,510
complete_case:03_standard,METH_cg17573813,float64,0.0,526
complete_case:03_standard,METH_cg08269402,float64,0.0,526
complete_case:03_standard,METH_cg02385739,float64,0.0,526
complete_case:03_standard,METH_cg11617144,float64,0.0,526
complete_case:03_standard,METH_cg16719517,float64,0.0,526
complete_case:03_standard,METH_cg22824635,float64,0.0,525
complete_case:03_standard,METH_cg13305186,float64,0.0,526
complete_case:03_standard,METH_cg23091104,float64,0.0,526
complete_case:03_standard,METH_cg23097686,float64,0.0,526
complete_case:03_standard,METH_cg08699341,float64,0.0,526
complete_case:03_standard,METH_cg06912515,float64,0.0,526
complete_case:03_standard,METH_cg08857906,float64,0.0,525
complete_case:03_standard,METH_cg16602369,float64,0.0,526
complete_case:03_standard,METH_cg02525705,float64,0.0,523
complete_case:03_standard,METH_cg26323797,float64,0.0,526
complete_case:03_standard,METH_cg25794823,float64,0.0,525
complete_case:03_standard,METH_cg15237819,float64,0.0,526
complete_case:03_standard,METH_cg15313226,float64,0.0,526
complete_case:03_standard,METH_cg10342963,float64,0.0,521
complete_case:03_standard,METH_cg00737916,float64,0.0,525
complete_case:03_standard,METH_cg01858879,float64,0.0,526
complete_case:03_standard,METH_cg18141400,float64,0.0,526
complete_case:03_standard,METH_cg22747076,float64,0.0,520
complete_case:03_standard,METH_cg17882374,float64,0.0,525
complete_case:03_standard,METH_cg19789653,float64,0.0,526
complete_case:03_standard,METH_cg07927379,float64,0.0,526
complete_case:03_standard,METH_cg02716516,float64,0.0,526
complete_case:03_standard,METH_cg02344911,float64,0.0,526
complete_case:03_standard,METH_cg17035412,float64,0.0,526
complete_case:03_standard,METH_cg07592963,float64,0.0,525
complete_case:03_standard,METH_cg07857251,float64,0.0,526
complete_case:03_standard,METH_cg12731349,float64,0.0,526
complete_case:03_standard,METH_cg14168530,float64,0.0,526
complete_case:03_standard,METH_cg13849454,float64,0.0,526
complete_case:03_standard,METH_cg23782616,float64,0.0,526
complete_case:03_standard,METH_cg04571941,float64,0.0,526
complete_case:03_standard,METH_cg16578537,float64,0.0,526
complete_case:03_standard,METH_cg13371788,float64,0.0,526
complete_case:03_standard,METH_cg07233097,float64,0.0,525
complete_case:03_standard,METH_cg01163842,float64,0.0,526
complete_case:03_standard,METH_cg14054842,float64,0.0,526
complete_case:03_standard,METH_cg00660167,float64,0.0,496
complete_case:03_standard,METH_cg09267051,float64,0.0,526
complete_case:03_standard,METH_cg11575912,float64,0.0,525
complete_case:03_standard,METH_cg06532037,float64,0.0,526
complete_case:03_standard,METH_cg00450784,float64,0.0,526
complete_case:03_standard,METH_cg23861668,float64,0.0,526
complete_case:03_standard,METH_cg03990436,float64,0.0,495
complete_case:03_standard,METH_cg23591302,float64,0.0,524
complete_case:03_standard,METH_cg11935854,float64,0.0,525
complete_case:03_standard,MIRNA_hsa-mir-4326,float64,0.0,464
complete_case:03_standard,MIRNA_hsa-mir-375,float64,0.0,526
complete_case:03_standard,MIRNA_hsa-mir-508,float64,0.0,515
complete_case:03_standard,MIRNA_hsa-mir-3065,float64,0.0,526
complete_case:03_standard,MIRNA_hsa-mir-3607,float64,0.0,526
complete_case:03_standard,MIRNA_hsa-mir-363,float64,0.0,523
complete_case:03_standard,MIRNA_hsa-mir-31,float64,0.0,499
complete_case:03_standard,MIRNA_hsa-mir-486-2,float64,0.0,526
complete_case:03_standard,MIRNA_hsa-mir-6510,float64,0.0,471
complete_case:03_standard,MIRNA_hsa-mir-210,float64,0.0,526
complete_case:03_standard,MIRNA_hsa-mir-153-2,float64,0.0,521
complete_case:03_standard,MIRNA_hsa-mir-5683,float64,0.0,497
complete_case:03_standard,MIRNA_hsa-mir-675,float64,0.0,526
complete_case:03_standard,MIRNA_hsa-mir-301a,float64,0.0,525
complete_case:03_standard,MIRNA_hsa-mir-1247,float64,0.0,523
complete_case:03_standard,MIRNA_hsa-mir-628,float64,0.0,526
complete_case:03_standard,MIRNA_hsa-mir-452,float64,0.0,526
complete_case:03_standard,MIRNA_hsa-mir-9-2,float64,0.0,526
complete_case:03_standard,MIRNA_hsa-mir-150,float64,0.0,526
complete_case:03_standard,MIRNA_hsa-mir-205,float64,0.0,526
complete_case:03_standard,MIRNA_hsa-mir-196b,float64,0.0,526
complete_case:03_standard,MIRNA_hsa-mir-486-1,float64,0.0,526
complete_case:03_standard,MIRNA_hsa-mir-142,float64,0.0,526
complete_case:03_standard,MIRNA_hsa-mir-135a-2,float64,0.0,334
complete_case:03_standard,MIRNA_hsa-mir-105-1,float64,0.0,266
complete_case:03_standard,MIRNA_hsa-mir-9-1,float64,0.0,526
complete_case:03_standard,MIRNA_hsa-mir-105-2,float64,0.0,247
complete_case:03_standard,MIRNA_hsa-mir-1269a,float64,0.0,324
complete_case:03_standard,MIRNA_hsa-mir-203a,float64,0.0,526
complete_case:03_standard,MIRNA_hsa-mir-33b,float64,0.0,516
complete_case:03_standard,MIRNA_hsa-mir-9-3,float64,0.0,526
complete_case:03_standard,MIRNA_hsa-mir-3677,float64,0.0,526
complete_case:03_standard,MIRNA_hsa-mir-455,float64,0.0,526
complete_case:03_standard,MIRNA_hsa-mir-451a,float64,0.0,526
complete_case:03_standard,MIRNA_hsa-mir-449a,float64,0.0,340
complete_case:03_standard,MIRNA_hsa-mir-767,float64,0.0,238
complete_case:03_standard,MIRNA_hsa-mir-577,float64,0.0,398
complete_case:03_standard,MIRNA_hsa-mir-519a-1,float64,0.0,302
complete_case:03_standard,MIRNA_hsa-mir-934,float64,0.0,315
complete_case:03_standard,MIRNA_hsa-mir-196a-2,float64,0.0,526
complete_case:03_standard,MIRNA_hsa-mir-187,float64,0.0,511
complete_case:03_standard,MIRNA_hsa-mir-203b,float64,0.0,522
complete_case:03_standard,MIRNA_hsa-mir-1269b,float64,0.0,151
complete_case:03_standard,MIRNA_hsa-mir-190b,float64,0.0,503
complete_case:03_standard,MIRNA_hsa-mir-224,float64,0.0,526
complete_case:03_standard,MIRNA_hsa-mir-149,float64,0.0,526
complete_case:03_standard,MIRNA_hsa-mir-196a-1,float64,0.0,526
complete_case:03_standard,MIRNA_hsa-mir-20b,float64,0.0,526
complete_case:03_standard,MIRNA_hsa-mir-135b,float64,0.0,499
complete_case:03_standard,MIRNA_hsa-mir-184,float64,0.0,505
complete_case:03_standard,OS,int64,0.0,2
complete_case:03_standard,OS.time,float64,0.0,469
complete_case:04_fdr_significant,Unnamed: 0,object,0.0,526
complete_case:04_fdr_significant,CLIN_gender.demographic,float64,0.0,2
complete_case:04_fdr_significant,CLIN_age_at_index.demographic,float64,0.0,63
complete_case:04_fdr_significant,CLIN_tumor_descriptor.samples,int64,0.0,1
complete_case:04_fdr_significant,CLIN_disease_type_Adenomas and Adenocarcinomas,int64,0.0,2
complete_case:04_fdr_significant,CLIN_disease_type_Adnexal and Skin Appendage Neoplasms,int64,0.0,1
complete_case:04_fdr_significant,CLIN_disease_type_Basal Cell Neoplasms,int64,0.0,1
complete_case:04_fdr_significant,CLIN_disease_type_Complex Epithelial Neoplasms,int64,0.0,2
complete_case:04_fdr_significant,"CLIN_disease_type_Cystic, Mucinous and Serous Neoplasms",int64,0.0,2
complete_case:04_fdr_significant,CLIN_disease_type_Ductal and Lobular Neoplasms,int64,0.0,2
complete_case:04_fdr_significant,"CLIN_disease_type_Epithelial Neoplasms, NOS",int64,0.0,2
complete_case:04_fdr_significant,CLIN_disease_type_Fibroepithelial Neoplasms,int64,0.0,1
complete_case:04_fdr_significant,CLIN_disease_type_Squamous Cell Neoplasms,int64,0.0,1
complete_case:04_fdr_significant,CLIN_race.demographic_american indian or alaska native,int64,0.0,2
complete_case:04_fdr_significant,CLIN_race.demographic_asian,int64,0.0,2
complete_case:04_fdr_significant,CLIN_race.demographic_black or african american,int64,0.0,2
complete_case:04_fdr_significant,CLIN_race.demographic_missing,int64,0.0,2
complete_case:04_fdr_significant,CLIN_race.demographic_white,int64,0.0,2
complete_case:04_fdr_significant,CLIN_ethnicity.demographic_hispanic or latino,int64,0.0,2
complete_case:04_fdr_significant,CLIN_ethnicity.demographic_missing,int64,0.0,2
complete_case:04_fdr_significant,CLIN_ethnicity.demographic_not hispanic or latino,int64,0.0,2
complete_case:04_fdr_significant,CLIN_ajcc_pathologic_stage.diagnoses_Stage I,int64,0.0,2
complete_case:04_fdr_significant,CLIN_ajcc_pathologic_stage.diagnoses_Stage IA,int64,0.0,2
complete_case:04_fdr_significant,CLIN_ajcc_pathologic_stage.diagnoses_Stage IB,int64,0.0,2
complete_case:04_fdr_significant,CLIN_ajcc_pathologic_stage.diagnoses_Stage II,int64,0.0,2
complete_case:04_fdr_significant,CLIN_ajcc_pathologic_stage.diagnoses_Stage IIA,int64,0.0,2
complete_case:04_fdr_significant,CLIN_ajcc_pathologic_stage.diagnoses_Stage IIB,int64,0.0,2
complete_case:04_fdr_significant,CLIN_ajcc_pathologic_stage.diagnoses_Stage III,int64,0.0,2
complete_case:04_fdr_significant,CLIN_ajcc_pathologic_stage.diagnoses_Stage IIIA,int64,0.0,2
complete_case:04_fdr_significant,CLIN_ajcc_pathologic_stage.diagnoses_Stage IIIB,int64,0.0,2
complete_case:04_fdr_significant,CLIN_ajcc_pathologic_stage.diagnoses_Stage IIIC,int64,0.0,2
complete_case:04_fdr_significant,CLIN_ajcc_pathologic_stage.diagnoses_Stage IV,int64,0.0,2
complete_case:04_fdr_significant,CLIN_ajcc_pathologic_stage.diagnoses_Stage X,int64,0.0,2
complete_case:04_fdr_significant,CLIN_ajcc_pathologic_stage.diagnoses_missing,int64,0.0,2
complete_case:04_fdr_significant,"CLIN_tissue_or_organ_of_origin.diagnoses_Breast, NOS",int64,0.0,2
complete_case:04_fdr_significant,CLIN_tissue_or_organ_of_origin.diagnoses_Lower-inner quadrant of breast,int64,0.0,1
complete_case:04_fdr_significant,CLIN_tissue_or_organ_of_origin.diagnoses_Lower-outer quadrant of breast,int64,0.0,1
complete_case:04_fdr_significant,CLIN_tissue_or_organ_of_origin.diagnoses_Overlapping lesion of breast,int64,0.0,2
complete_case:04_fdr_significant,CLIN_tissue_or_organ_of_origin.diagnoses_Upper-inner quadrant of breast,int64,0.0,2
complete_case:04_fdr_significant,CLIN_tissue_or_organ_of_origin.diagnoses_Upper-outer quadrant of breast,int64,0.0,1
complete_case:04_fdr_significant,CLIN_tissue_or_organ_of_origin.diagnoses_missing,int64,0.0,1
complete_case:04_fdr_significant,CLIN_primary_diagnosis.diagnoses_Adenoid cystic carcinoma,int64,0.0,1
complete_case:04_fdr_significant,CLIN_primary_diagnosis.diagnoses_Apocrine adenocarcinoma,int64,0.0,1
complete_case:04_fdr_significant,"CLIN_primary_diagnosis.diagnoses_Basal cell carcinoma, NOS",int64,0.0,1
complete_case:04_fdr_significant,"CLIN_primary_diagnosis.diagnoses_Carcinoma, NOS",int64,0.0,2
complete_case:04_fdr_significant,"CLIN_primary_diagnosis.diagnoses_Cribriform carcinoma, NOS",int64,0.0,1
complete_case:04_fdr_significant,CLIN_primary_diagnosis.diagnoses_Infiltrating duct and lobular carcinoma,int64,0.0,2
complete_case:04_fdr_significant,"CLIN_primary_diagnosis.diagnoses_Infiltrating duct carcinoma, NOS",int64,0.0,2
complete_case:04_fdr_significant,CLIN_primary_diagnosis.diagnoses_Infiltrating duct mixed with other types of carcinoma,int64,0.0,2
complete_case:04_fdr_significant,CLIN_primary_diagnosis.diagnoses_Infiltrating lobular mixed with other types of carcinoma,int64,0.0,2
complete_case:04_fdr_significant,CLIN_primary_diagnosis.diagnoses_Intraductal micropapillary carcinoma,int64,0.0,2
complete_case:04_fdr_significant,CLIN_primary_diagnosis.diagnoses_Intraductal papillary adenocarcinoma with invasion,int64,0.0,2
complete_case:04_fdr_significant,CLIN_primary_diagnosis.diagnoses_Large cell neuroendocrine carcinoma,int64,0.0,2
complete_case:04_fdr_significant,"CLIN_primary_diagnosis.diagnoses_Lobular carcinoma, NOS",int64,0.0,2
complete_case:04_fdr_significant,"CLIN_primary_diagnosis.diagnoses_Medullary carcinoma, NOS",int64,0.0,2
complete_case:04_fdr_significant,"CLIN_primary_diagnosis.diagnoses_Metaplastic carcinoma, NOS",int64,0.0,2
complete_case:04_fdr_significant,CLIN_primary_diagnosis.diagnoses_Mucinous adenocarcinoma,int64,0.0,2
complete_case:04_fdr_significant,CLIN_primary_diagnosis.diagnoses_Paget disease and infiltrating duct carcinoma of breast,int64,0.0,2
complete_case:04_fdr_significant,"CLIN_primary_diagnosis.diagnoses_Papillary carcinoma, NOS",int64,0.0,1
complete_case:04_fdr_significant,"CLIN_primary_diagnosis.diagnoses_Phyllodes tumor, malignant",int64,0.0,1
complete_case:04_fdr_significant,CLIN_primary_diagnosis.diagnoses_Pleomorphic carcinoma,int64,0.0,2
complete_case:04_fdr_significant,CLIN_primary_diagnosis.diagnoses_Secretory carcinoma of breast,int64,0.0,1
complete_case:04_fdr_significant,CLIN_primary_diagnosis.diagnoses_Tubular adenocarcinoma,int64,0.0,2
complete_case:04_fdr_significant,CLIN_primary_diagnosis.diagnoses_missing,int64,0.0,1
complete_case:04_fdr_significant,CLIN_prior_malignancy.diagnoses_missing,int64,0.0,2
complete_case:04_fdr_significant,CLIN_prior_malignancy.diagnoses_no,int64,0.0,2
complete_case:04_fdr_significant,CLIN_prior_malignancy.diagnoses_yes,int64,0.0,2
complete_case:04_fdr_significant,CLIN_prior_treatment.diagnoses_No,int64,0.0,2
complete_case:04_fdr_significant,CLIN_prior_treatment.diagnoses_Yes,int64,0.0,2
complete_case:04_fdr_significant,CLIN_prior_treatment.diagnoses_missing,int64,0.0,2
complete_case:04_fdr_significant,CLIN_ajcc_staging_system_edition.diagnoses_3rd,int64,0.0,2
complete_case:04_fdr_significant,CLIN_ajcc_staging_system_edition.diagnoses_4th,int64,0.0,2
complete_case:04_fdr_significant,CLIN_ajcc_staging_system_edition.diagnoses_5th,int64,0.0,2
complete_case:04_fdr_significant,CLIN_ajcc_staging_system_edition.diagnoses_6th,int64,0.0,2
complete_case:04_fdr_significant,CLIN_ajcc_staging_system_edition.diagnoses_7th,int64,0.0,2
complete_case:04_fdr_significant,CLIN_ajcc_staging_system_edition.diagnoses_missing,int64,0.0,2
complete_case:04_fdr_significant,CLIN_ajcc_pathologic_t.diagnoses_T1,int64,0.0,2
complete_case:04_fdr_significant,CLIN_ajcc_pathologic_t.diagnoses_T1a,int64,0.0,2
complete_case:04_fdr_significant,CLIN_ajcc_pathologic_t.diagnoses_T1b,int64,0.0,2
complete_case:04_fdr_significant,CLIN_ajcc_pathologic_t.diagnoses_T1c,int64,0.0,2
complete_case:04_fdr_significant,CLIN_ajcc_pathologic_t.diagnoses_T2,int64,0.0,2
complete_case:04_fdr_significant,CLIN_ajcc_pathologic_t.diagnoses_T2a,int64,0.0,2
complete_case:04_fdr_significant,CLIN_ajcc_pathologic_t.diagnoses_T2b,int64,0.0,1
complete_case:04_fdr_significant,CLIN_ajcc_pathologic_t.diagnoses_T3,int64,0.0,2
complete_case:04_fdr_significant,CLIN_ajcc_pathologic_t.diagnoses_T3a,int64,0.0,1
complete_case:04_fdr_significant,CLIN_ajcc_pathologic_t.diagnoses_T4,int64,0.0,2
complete_case:04_fdr_significant,CLIN_ajcc_pathologic_t.diagnoses_T4b,int64,0.0,2
complete_case:04_fdr_significant,CLIN_ajcc_pathologic_t.diagnoses_T4d,int64,0.0,2
complete_case:04_fdr_significant,CLIN_ajcc_pathologic_t.diagnoses_TX,int64,0.0,2
complete_case:04_fdr_significant,CLIN_ajcc_pathologic_t.diagnoses_missing,int64,0.0,1
complete_case:04_fdr_significant,CLIN_morphology.diagnoses_8010/3,int64,0.0,2
complete_case:04_fdr_significant,CLIN_morphology.diagnoses_8013/3,int64,0.0,2
complete_case:04_fdr_significant,CLIN_morphology.diagnoses_8022/3,int64,0.0,2
complete_case:04_fdr_significant,CLIN_morphology.diagnoses_8050/3,int64,0.0,1
complete_case:04_fdr_significant,CLIN_morphology.diagnoses_8090/3,int64,0.0,1
complete_case:04_fdr_significant,CLIN_morphology.diagnoses_8200/3,int64,0.0,1
complete_case:04_fdr_significant,CLIN_morphology.diagnoses_8201/3,int64,0.0,1
complete_case:04_fdr_significant,CLIN_morphology.diagnoses_8211/3,int64,0.0,2
complete_case:04_fdr_significant,CLIN_morphology.diagnoses_8401/3,int64,0.0,1
complete_case:04_fdr_significant,CLIN_morphology.diagnoses_8480/3,int64,0.0,2
complete_case:04_fdr_significant,CLIN_morphology.diagnoses_8500/3,int64,0.0,2
complete_case:04_fdr_significant,CLIN_morphology.diagnoses_8502/3,int64,0.0,1
complete_case:04_fdr_significant,CLIN_morphology.diagnoses_8503/3,int64,0.0,2
complete_case:04_fdr_significant,CLIN_morphology.diagnoses_8507/3,int64,0.0,2
complete_case:04_fdr_significant,CLIN_morphology.diagnoses_8510/3,int64,0.0,2
complete_case:04_fdr_significant,CLIN_morphology.diagnoses_8520/3,int64,0.0,2
complete_case:04_fdr_significant,CLIN_morphology.diagnoses_8522/3,int64,0.0,2
complete_case:04_fdr_significant,CLIN_morphology.diagnoses_8523/3,int64,0.0,2
complete_case:04_fdr_significant,CLIN_morphology.diagnoses_8524/3,int64,0.0,2
complete_case:04_fdr_significant,CLIN_morphology.diagnoses_8541/3,int64,0.0,2
complete_case:04_fdr_significant,CLIN_morphology.diagnoses_8575/3,int64,0.0,2
complete_case:04_fdr_significant,CLIN_morphology.diagnoses_9020/3,int64,0.0,1
complete_case:04_fdr_significant,CLIN_morphology.diagnoses_missing,int64,0.0,1
complete_case:04_fdr_significant,CLIN_ajcc_pathologic_n.diagnoses_N0,int64,0.0,2
complete_case:04_fdr_significant,CLIN_ajcc_pathologic_n.diagnoses_N0 (i+),int64,0.0,2
complete_case:04_fdr_significant,CLIN_ajcc_pathologic_n.diagnoses_N0 (i-),int64,0.0,2
complete_case:04_fdr_significant,CLIN_ajcc_pathologic_n.diagnoses_N0 (mol+),int64,0.0,2
complete_case:04_fdr_significant,CLIN_ajcc_pathologic_n.diagnoses_N1,int64,0.0,2
complete_case:04_fdr_significant,CLIN_ajcc_pathologic_n.diagnoses_N1a,int64,0.0,2
complete_case:04_fdr_significant,CLIN_ajcc_pathologic_n.diagnoses_N1b,int64,0.0,2
complete_case:04_fdr_significant,CLIN_ajcc_pathologic_n.diagnoses_N1c,int64,0.0,2
complete_case:04_fdr_significant,CLIN_ajcc_pathologic_n.diagnoses_N1mi,int64,0.0,2
complete_case:04_fdr_significant,CLIN_ajcc_pathologic_n.diagnoses_N2,int64,0.0,2
complete_case:04_fdr_significant,CLIN_ajcc_pathologic_n.diagnoses_N2a,int64,0.0,2
complete_case:04_fdr_significant,CLIN_ajcc_pathologic_n.diagnoses_N3,int64,0.0,2
complete_case:04_fdr_significant,CLIN_ajcc_pathologic_n.diagnoses_N3a,int64,0.0,2
complete_case:04_fdr_significant,CLIN_ajcc_pathologic_n.diagnoses_N3b,int64,0.0,2
complete_case:04_fdr_significant,CLIN_ajcc_pathologic_n.diagnoses_N3c,int64,0.0,1
complete_case:04_fdr_significant,CLIN_ajcc_pathologic_n.diagnoses_NX,int64,0.0,2
complete_case:04_fdr_significant,CLIN_ajcc_pathologic_n.diagnoses_missing,int64,0.0,1
complete_case:04_fdr_significant,CLIN_ajcc_pathologic_m.diagnoses_M0,int64,0.0,2
complete_case:04_fdr_significant,CLIN_ajcc_pathologic_m.diagnoses_M1,int64,0.0,2
complete_case:04_fdr_significant,CLIN_ajcc_pathologic_m.diagnoses_MX,int64,0.0,2
complete_case:04_fdr_significant,CLIN_ajcc_pathologic_m.diagnoses_cM0 (i+),int64,0.0,2
complete_case:04_fdr_significant,CLIN_ajcc_pathologic_m.diagnoses_missing,int64,0.0,1
complete_case:04_fdr_significant,"CLIN_treatment_or_therapy.treatments.diagnoses_['no', 'no']",int64,0.0,2
complete_case:04_fdr_significant,"CLIN_treatment_or_therapy.treatments.diagnoses_['no', 'not reported']",int64,0.0,1
complete_case:04_fdr_significant,"CLIN_treatment_or_therapy.treatments.diagnoses_['no', 'yes']",int64,0.0,2
complete_case:04_fdr_significant,"CLIN_treatment_or_therapy.treatments.diagnoses_['not reported', 'no']",int64,0.0,1
complete_case:04_fdr_significant,"CLIN_treatment_or_therapy.treatments.diagnoses_['not reported', 'not reported']",int64,0.0,2
complete_case:04_fdr_significant,"CLIN_treatment_or_therapy.treatments.diagnoses_['not reported', 'yes']",int64,0.0,2
complete_case:04_fdr_significant,"CLIN_treatment_or_therapy.treatments.diagnoses_['yes', 'no']",int64,0.0,2
complete_case:04_fdr_significant,"CLIN_treatment_or_therapy.treatments.diagnoses_['yes', 'not reported']",int64,0.0,2
complete_case:04_fdr_significant,"CLIN_treatment_or_therapy.treatments.diagnoses_['yes', 'yes']",int64,0.0,2
complete_case:04_fdr_significant,CLIN_treatment_or_therapy.treatments.diagnoses_missing,int64,0.0,1
complete_case:04_fdr_significant,RNA_ENSG00000159450.12,float64,0.0,139
complete_case:04_fdr_significant,RNA_ENSG00000127774.7,float64,0.0,73
complete_case:04_fdr_significant,RNA_ENSG00000226317.3,float64,0.0,18
complete_case:04_fdr_significant,RNA_ENSG00000268442.1,float64,0.0,70
complete_case:04_fdr_significant,RNA_ENSG00000234289.6,float64,0.0,12
complete_case:04_fdr_significant,RNA_ENSG00000212900.3,float64,0.0,8
complete_case:04_fdr_significant,RNA_ENSG00000199038.1,float64,0.0,17
complete_case:04_fdr_significant,RNA_ENSG00000228976.1,float64,0.0,8
complete_case:04_fdr_significant,RNA_ENSG00000280061.1,float64,0.0,11
complete_case:04_fdr_significant,RNA_ENSG00000275882.1,float64,0.0,19
complete_case:04_fdr_significant,RNA_ENSG00000226246.1,float64,0.0,8
complete_case:04_fdr_significant,RNA_ENSG00000160349.10,float64,0.0,25
complete_case:04_fdr_significant,RNA_ENSG00000204429.4,float64,0.0,47
complete_case:04_fdr_significant,RNA_ENSG00000162772.17,float64,0.0,495
complete_case:04_fdr_significant,RNA_ENSG00000272254.1,float64,0.0,19
complete_case:04_fdr_significant,RNA_ENSG00000125740.14,float64,0.0,483
complete_case:04_fdr_significant,RNA_ENSG00000007908.16,float64,0.0,416
complete_case:04_fdr_significant,RNA_ENSG00000058668.15,float64,0.0,518
complete_case:04_fdr_significant,RNA_ENSG00000168497.5,float64,0.0,393
complete_case:04_fdr_significant,RNA_ENSG00000142871.18,float64,0.0,523
complete_case:04_fdr_significant,RNA_ENSG00000234176.1,float64,0.0,96
complete_case:04_fdr_significant,RNA_ENSG00000217130.1,float64,0.0,73
complete_case:04_fdr_significant,RNA_ENSG00000284630.1,float64,0.0,28
complete_case:04_fdr_significant,RNA_ENSG00000016602.9,float64,0.0,96
complete_case:04_fdr_significant,RNA_ENSG00000169508.7,float64,0.0,450
complete_case:04_fdr_significant,RNA_ENSG00000172403.11,float64,0.0,515
complete_case:04_fdr_significant,RNA_ENSG00000258429.2,float64,0.0,83
complete_case:04_fdr_significant,RNA_ENSG00000236385.1,float64,0.0,55
complete_case:04_fdr_significant,RNA_ENSG00000237248.5,float64,0.0,132
complete_case:04_fdr_significant,RNA_ENSG00000100814.18,float64,0.0,483
complete_case:04_fdr_significant,RNA_ENSG00000146540.15,float64,0.0,511
complete_case:04_fdr_significant,RNA_ENSG00000284669.1,float64,0.0,118
complete_case:04_fdr_significant,RNA_ENSG00000266315.1,float64,0.0,24
complete_case:04_fdr_significant,RNA_ENSG00000137193.14,float64,0.0,482
complete_case:04_fdr_significant,RNA_ENSG00000011523.14,float64,0.0,485
complete_case:04_fdr_significant,RNA_ENSG00000158488.16,float64,0.0,265
complete_case:04_fdr_significant,RNA_ENSG00000264589.4,float64,0.0,229
complete_case:04_fdr_significant,RNA_ENSG00000271646.1,float64,0.0,278
complete_case:04_fdr_significant,RNA_ENSG00000122733.12,float64,0.0,124
complete_case:04_fdr_significant,RNA_ENSG00000273014.1,float64,0.0,192
complete_case:04_fdr_significant,RNA_ENSG00000163739.5,float64,0.0,190
complete_case:04_fdr_significant,RNA_ENSG00000134339.9,float64,0.0,249
complete_case:04_fdr_significant,RNA_ENSG00000269404.7,float64,0.0,238
complete_case:04_fdr_significant,RNA_ENSG00000286954.1,float64,0.0,21
complete_case:04_fdr_significant,RNA_ENSG00000287447.1,float64,0.0,21
complete_case:04_fdr_significant,RNA_ENSG00000223485.4,float64,0.0,150
complete_case:04_fdr_significant,RNA_ENSG00000168065.16,float64,0.0,58
complete_case:04_fdr_significant,RNA_ENSG00000159339.13,float64,0.0,51
complete_case:04_fdr_significant,RNA_ENSG00000170989.10,float64,0.0,477
complete_case:04_fdr_significant,RNA_ENSG00000111339.12,float64,0.0,102
complete_case:04_fdr_significant,CNV_ENSG00000229526.2,float64,0.0,10
complete_case:04_fdr_significant,CNV_ENSG00000273173.5,float64,0.0,11
complete_case:04_fdr_significant,CNV_ENSG00000253198.1,float64,0.0,18
complete_case:04_fdr_significant,CNV_ENSG00000253845.1,float64,0.0,18
complete_case:04_fdr_significant,CNV_ENSG00000221043.2,float64,0.0,8
complete_case:04_fdr_significant,CNV_ENSG00000287323.1,float64,0.0,8
complete_case:04_fdr_significant,CNV_ENSG00000242928.3,float64,0.0,8
complete_case:04_fdr_significant,CNV_ENSG00000199047.3,float64,0.0,8
complete_case:04_fdr_significant,CNV_ENSG00000153443.13,float64,0.0,10
complete_case:04_fdr_significant,CNV_ENSG00000269575.1,float64,0.0,13
complete_case:04_fdr_significant,CNV_ENSG00000207397.1,float64,0.0,12
complete_case:04_fdr_significant,CNV_ENSG00000269364.1,float64,0.0,12
complete_case:04_fdr_significant,CNV_ENSG00000263955.2,float64,0.0,10
complete_case:04_fdr_significant,CNV_ENSG00000269345.1,float64,0.0,13
complete_case:04_fdr_significant,CNV_ENSG00000267872.1,float64,0.0,13
complete_case:04_fdr_significant,CNV_ENSG00000102858.13,float64,0.0,10
complete_case:04_fdr_significant,CNV_ENSG00000261442.1,float64,0.0,10
complete_case:04_fdr_significant,CNV_ENSG00000224078.15,float64,0.0,11
complete_case:04_fdr_significant,CNV_ENSG00000103415.12,float64,0.0,10
complete_case:04_fdr_significant,CNV_ENSG00000089486.17,float64,0.0,10
complete_case:04_fdr_significant,CNV_ENSG00000196109.9,float64,0.0,13
complete_case:04_fdr_significant,CNV_ENSG00000086589.12,float64,0.0,8
complete_case:04_fdr_significant,CNV_ENSG00000278700.1,float64,0.0,10
complete_case:04_fdr_significant,CNV_ENSG00000276610.1,float64,0.0,11
complete_case:04_fdr_significant,CNV_ENSG00000282732.1,float64,0.0,13
complete_case:04_fdr_significant,CNV_ENSG00000250309.2,float64,0.0,8
complete_case:04_fdr_significant,CNV_ENSG00000271149.1,float64,0.0,12
complete_case:04_fdr_significant,CNV_ENSG00000261612.1,float64,0.0,10
complete_case:04_fdr_significant,CNV_ENSG00000276641.1,float64,0.0,10
complete_case:04_fdr_significant,CNV_ENSG00000268079.1,float64,0.0,13
complete_case:04_fdr_significant,CNV_ENSG00000278434.1,float64,0.0,10
complete_case:04_fdr_significant,CNV_ENSG00000269471.1,float64,0.0,14
complete_case:04_fdr_significant,CNV_ENSG00000164591.14,float64,0.0,8
complete_case:04_fdr_significant,CNV_ENSG00000260599.1,float64,0.0,12
complete_case:04_fdr_significant,CNV_ENSG00000132912.13,float64,0.0,8
complete_case:04_fdr_significant,CNV_ENSG00000248125.2,float64,0.0,9
complete_case:04_fdr_significant,CNV_ENSG00000205832.7,float64,0.0,10
complete_case:04_fdr_significant,CNV_ENSG00000268140.1,float64,0.0,13
complete_case:04_fdr_significant,CNV_ENSG00000261789.1,float64,0.0,10
complete_case:04_fdr_significant,CNV_ENSG00000275515.1,float64,0.0,10
complete_case:04_fdr_significant,CNV_ENSG00000230551.4,float64,0.0,8
complete_case:04_fdr_significant,CNV_ENSG00000113712.19,float64,0.0,8
complete_case:04_fdr_significant,CNV_ENSG00000127743.6,float64,0.0,8
complete_case:04_fdr_significant,CNV_ENSG00000250721.1,float64,0.0,8
complete_case:04_fdr_significant,CNV_ENSG00000286157.1,float64,0.0,12
complete_case:04_fdr_significant,CNV_ENSG00000253852.1,float64,0.0,8
complete_case:04_fdr_significant,CNV_ENSG00000070808.16,float64,0.0,8
complete_case:04_fdr_significant,CNV_ENSG00000239014.1,float64,0.0,11
complete_case:04_fdr_significant,CNV_ENSG00000183111.12,float64,0.0,8
complete_case:04_fdr_significant,CNV_ENSG00000276365.1,float64,0.0,8
complete_case:04_fdr_significant,MUT_MAML2,int64,0.0,2
complete_case:04_fdr_significant,MUT_BPTF,int64,0.0,2
complete_case:04_fdr_significant,MUT_NOS1,int64,0.0,2
complete_case:04_fdr_significant,MUT_ITSN2,int64,0.0,2
complete_case:04_fdr_significant,MUT_ABR,int64,0.0,2
complete_case:04_fdr_significant,MUT_MROH1,int64,0.0,2
complete_case:04_fdr_significant,MUT_KIF2B,int64,0.0,2
complete_case:04_fdr_significant,MUT_SCN7A,int64,0.0,2
complete_case:04_fdr_significant,MUT_CACNA1S,int64,0.0,2
complete_case:04_fdr_significant,MUT_ADAMTS20,int64,0.0,2
complete_case:04_fdr_significant,MUT_PTCHD3,int64,0.0,2
complete_case:04_fdr_significant,MUT_DOCK9,int64,0.0,2
complete_case:04_fdr_significant,MUT_GRIPAP1,int64,0.0,2
complete_case:04_fdr_significant,MUT_LRP6,int64,0.0,2
complete_case:04_fdr_significant,MUT_FCRL5,int64,0.0,2
complete_case:04_fdr_significant,MUT_PIKFYVE,int64,0.0,2
complete_case:04_fdr_significant,MUT_RBM26,int64,0.0,2
complete_case:04_fdr_significant,MUT_AP3B1,int64,0.0,2
complete_case:04_fdr_significant,MUT_NLGN4X,int64,0.0,2
complete_case:04_fdr_significant,MUT_TDRD5,int64,0.0,2
complete_case:04_fdr_significant,MUT_CEP95,int64,0.0,2
complete_case:04_fdr_significant,MUT_GBE1,int64,0.0,2
complete_case:04_fdr_significant,MUT_SRRM2,int64,0.0,2
complete_case:04_fdr_significant,MUT_CR1,int64,0.0,2
complete_case:04_fdr_significant,MUT_PIK3CB,int64,0.0,2
complete_case:04_fdr_significant,MUT_SLC26A9,int64,0.0,2
complete_case:04_fdr_significant,MUT_EPPK1,int64,0.0,2
complete_case:04_fdr_significant,MUT_TMC2,int64,0.0,2
complete_case:04_fdr_significant,MUT_GOLGA4,int64,0.0,2
complete_case:04_fdr_significant,MUT_GIMAP8,int64,0.0,2
complete_case:04_fdr_significant,MUT_SBF2,int64,0.0,2
complete_case:04_fdr_significant,MUT_MELTF,int64,0.0,2
complete_case:04_fdr_significant,MUT_EFCAB6,int64,0.0,2
complete_case:04_fdr_significant,MUT_ZEB1,int64,0.0,2
complete_case:04_fdr_significant,MUT_GPS2,int64,0.0,2
complete_case:04_fdr_significant,MUT_USP34,int64,0.0,2
complete_case:04_fdr_significant,MUT_IGSF10,int64,0.0,2
complete_case:04_fdr_significant,MUT_NIN,int64,0.0,2
complete_case:04_fdr_significant,MUT_ITGAV,int64,0.0,2
complete_case:04_fdr_significant,MUT_SLC9A8,int64,0.0,2
complete_case:04_fdr_significant,MUT_DSCAM,int64,0.0,2
complete_case:04_fdr_significant,MUT_KDM4C,int64,0.0,2
complete_case:04_fdr_significant,MUT_MYOM1,int64,0.0,2
complete_case:04_fdr_significant,MUT_KIDINS220,int64,0.0,2
complete_case:04_fdr_significant,MUT_WNK3,int64,0.0,2
complete_case:04_fdr_significant,MUT_KIF5C,int64,0.0,2
complete_case:04_fdr_significant,MUT_KCTD3,int64,0.0,2
complete_case:04_fdr_significant,MUT_TNIK,int64,0.0,2
complete_case:04_fdr_significant,MUT_ABCA4,int64,0.0,2
complete_case:04_fdr_significant,MUT_PLA2G4A,int64,0.0,2
complete_case:04_fdr_significant,PROT_TUBERIN,float64,0.0,524
complete_case:04_fdr_significant,PROT_TUBERIN_pT1462,float64,0.0,525
complete_case:04_fdr_significant,PROT_PAX8,float64,0.0,511
complete_case:04_fdr_significant,PROT_PTPN12,float64,0.0,509
complete_case:04_fdr_significant,PROT_4EBP1,float64,0.0,526
complete_case:04_fdr_significant,PROT_YAP,float64,0.0,524
complete_case:04_fdr_significant,PROT_PRC1_pT481,float64,0.0,509
complete_case:04_fdr_significant,PROT_DNA-Ligase-IV,float64,0.0,509
complete_case:04_fdr_significant,PROT_P38_pT180Y182,float64,0.0,526
complete_case:04_fdr_significant,PROT_Hexokinase-II,float64,0.0,511
complete_case:04_fdr_significant,PROT_DVL3,float64,0.0,526
complete_case:04_fdr_significant,PROT_PAXILLIN,float64,0.0,526
complete_case:04_fdr_significant,PROT_SETD2,float64,0.0,524
complete_case:04_fdr_significant,PROT_4EBP1_pT37T46,float64,0.0,525
complete_case:04_fdr_significant,PROT_GSK3_pS9,float64,0.0,525
complete_case:04_fdr_significant,PROT_Aurora-ABC_pT288_pT232_pT198,float64,0.0,510
complete_case:04_fdr_significant,PROT_CYCLINB1,float64,0.0,524
complete_case:04_fdr_significant,PROT_Cdc42,float64,0.0,507
complete_case:04_fdr_significant,PROT_PLC-gamma1,float64,0.0,510
complete_case:04_fdr_significant,PROT_CD20,float64,0.0,525
complete_case:04_fdr_significant,PROT_c-IAP2,float64,0.0,509
complete_case:04_fdr_significant,PROT_Gli1,float64,0.0,510
complete_case:04_fdr_significant,PROT_b-Actin,float64,0.0,510
complete_case:04_fdr_significant,PROT_CLAUDIN7,float64,0.0,525
complete_case:04_fdr_significant,PROT_Atg4B,float64,0.0,509
complete_case:04_fdr_significant,PROT_DM-K9-Histone-H3,float64,0.0,509
complete_case:04_fdr_significant,PROT_P70S6K1,float64,0.0,524
complete_case:04_fdr_significant,PROT_RPA32,float64,0.0,508
complete_case:04_fdr_significant,PROT_Slfn11,float64,0.0,509
complete_case:04_fdr_significant,PROT_Jagged1,float64,0.0,505
complete_case:04_fdr_significant,PROT_COG3,float64,0.0,524
complete_case:04_fdr_significant,PROT_TIGAR,float64,0.0,526
complete_case:04_fdr_significant,PROT_KU80,float64,0.0,525
complete_case:04_fdr_significant,PROT_Aurora-A,float64,0.0,510
complete_case:04_fdr_significant,PROT_BRAF,float64,0.0,525
complete_case:04_fdr_significant,PROT_FAK_pY397,float64,0.0,508
complete_case:04_fdr_significant,PROT_IGF1R_pY1135Y1136,float64,0.0,523
complete_case:04_fdr_significant,PROT_SMAD4,float64,0.0,523
complete_case:04_fdr_significant,PROT_CD45,float64,0.0,511
complete_case:04_fdr_significant,PROT_Glucocorticoid-Receptor,float64,0.0,511
complete_case:04_fdr_significant,PROT_p90RSK_pT573,float64,0.0,507
complete_case:04_fdr_significant,PROT_4EBP1_pS65,float64,0.0,525
complete_case:04_fdr_significant,PROT_MR1,float64,0.0,510
complete_case:04_fdr_significant,PROT_PHLPP,float64,0.0,511
complete_case:04_fdr_significant,PROT_DDR1,float64,0.0,511
complete_case:04_fdr_significant,PROT_EIF4G,float64,0.0,525
complete_case:04_fdr_significant,PROT_ATP5A,float64,0.0,510
complete_case:04_fdr_significant,PROT_STAT3_pY705,float64,0.0,526
complete_case:04_fdr_significant,PROT_ZAP-70,float64,0.0,510
complete_case:04_fdr_significant,PROT_RBM15,float64,0.0,525
complete_case:04_fdr_significant,METH_cg07723251,float64,0.0,526
complete_case:04_fdr_significant,METH_cg05039004,float64,0.0,526
complete_case:04_fdr_significant,METH_cg09225449,float64,0.0,526
complete_case:04_fdr_significant,METH_cg02221115,float64,0.0,526
complete_case:04_fdr_significant,METH_cg08269402,float64,0.0,526
complete_case:04_fdr_significant,METH_cg19274612,float64,0.0,521
complete_case:04_fdr_significant,METH_cg03886449,float64,0.0,525
complete_case:04_fdr_significant,METH_cg05619116,float64,0.0,525
complete_case:04_fdr_significant,METH_cg17178175,float64,0.0,519
complete_case:04_fdr_significant,METH_cg00101629,float64,0.0,470
complete_case:04_fdr_significant,METH_cg23692472,float64,0.0,482
complete_case:04_fdr_significant,METH_cg26625629,float64,0.0,526
complete_case:04_fdr_significant,METH_cg03612333,float64,0.0,431
complete_case:04_fdr_significant,METH_cg19002907,float64,0.0,526
complete_case:04_fdr_significant,METH_cg17573813,float64,0.0,526
complete_case:04_fdr_significant,METH_cg24755053,float64,0.0,526
complete_case:04_fdr_significant,METH_cg13800349,float64,0.0,526
complete_case:04_fdr_significant,METH_cg13307782,float64,0.0,501
complete_case:04_fdr_significant,METH_cg03722396,float64,0.0,524
complete_case:04_fdr_significant,METH_cg09410871,float64,0.0,525
complete_case:04_fdr_significant,METH_cg22824635,float64,0.0,525
complete_case:04_fdr_significant,METH_cg08450091,float64,0.0,515
complete_case:04_fdr_significant,METH_cg12503575,float64,0.0,526
complete_case:04_fdr_significant,METH_cg07646714,float64,0.0,526
complete_case:04_fdr_significant,METH_cg27556136,float64,0.0,526
complete_case:04_fdr_significant,METH_cg10441070,float64,0.0,526
complete_case:04_fdr_significant,METH_cg25122233,float64,0.0,526
complete_case:04_fdr_significant,METH_cg07276379,float64,0.0,526
complete_case:04_fdr_significant,METH_cg24613083,float64,0.0,526
complete_case:04_fdr_significant,METH_cg13119182,float64,0.0,526
complete_case:04_fdr_significant,METH_cg08079376,float64,0.0,526
complete_case:04_fdr_significant,METH_cg10240356,float64,0.0,526
complete_case:04_fdr_significant,METH_cg06870531,float64,0.0,526
complete_case:04_fdr_significant,METH_cg06688733,float64,0.0,526
complete_case:04_fdr_significant,METH_cg06717750,float64,0.0,526
complete_case:04_fdr_significant,METH_cg26983544,float64,0.0,512
complete_case:04_fdr_significant,METH_cg22151179,float64,0.0,526
complete_case:04_fdr_significant,METH_cg27054144,float64,0.0,520
complete_case:04_fdr_significant,METH_cg01435643,float64,0.0,526
complete_case:04_fdr_significant,METH_cg13680188,float64,0.0,526
complete_case:04_fdr_significant,METH_cg14094521,float64,0.0,508
complete_case:04_fdr_significant,METH_cg02776251,float64,0.0,526
complete_case:04_fdr_significant,METH_cg26401825,float64,0.0,526
complete_case:04_fdr_significant,METH_cg11228682,float64,0.0,423
complete_case:04_fdr_significant,METH_cg25207147,float64,0.0,526
complete_case:04_fdr_significant,METH_cg19851563,float64,0.0,526
complete_case:04_fdr_significant,METH_cg23051349,float64,0.0,526
complete_case:04_fdr_significant,METH_cg24239882,float64,0.0,526
complete_case:04_fdr_significant,METH_cg06267617,float64,0.0,526
complete_case:04_fdr_significant,METH_cg09481857,float64,0.0,526
complete_case:04_fdr_significant,MIRNA_hsa-mir-664a,float64,0.0,526
complete_case:04_fdr_significant,MIRNA_hsa-mir-6508,float64,0.0,214
complete_case:04_fdr_significant,MIRNA_hsa-mir-549a,float64,0.0,148
complete_case:04_fdr_significant,MIRNA_hsa-mir-137,float64,0.0,196
complete_case:04_fdr_significant,MIRNA_hsa-mir-4326,float64,0.0,464
complete_case:04_fdr_significant,MIRNA_hsa-mir-21,float64,0.0,526
complete_case:04_fdr_significant,MIRNA_hsa-let-7e,float64,0.0,526
complete_case:04_fdr_significant,MIRNA_hsa-mir-103a-1,float64,0.0,526
complete_case:04_fdr_significant,MIRNA_hsa-mir-4662b,float64,0.0,38
complete_case:04_fdr_significant,MIRNA_hsa-mir-99a,float64,0.0,526
complete_case:04_fdr_significant,MIRNA_hsa-mir-202,float64,0.0,368
complete_case:04_fdr_significant,MIRNA_hsa-mir-326,float64,0.0,523
complete_case:04_fdr_significant,MIRNA_hsa-mir-101-1,float64,0.0,526
complete_case:04_fdr_significant,MIRNA_hsa-mir-374c,float64,0.0,215
complete_case:04_fdr_significant,MIRNA_hsa-mir-379,float64,0.0,526
complete_case:04_fdr_significant,MIRNA_hsa-mir-101-2,float64,0.0,526
complete_case:04_fdr_significant,MIRNA_hsa-mir-125b-2,float64,0.0,526
complete_case:04_fdr_significant,MIRNA_hsa-mir-1258,float64,0.0,419
complete_case:04_fdr_significant,MIRNA_hsa-mir-134,float64,0.0,526
complete_case:04_fdr_significant,MIRNA_hsa-mir-195,float64,0.0,526
complete_case:04_fdr_significant,MIRNA_hsa-let-7c,float64,0.0,526
complete_case:04_fdr_significant,MIRNA_hsa-mir-411,float64,0.0,519
complete_case:04_fdr_significant,MIRNA_hsa-mir-215,float64,0.0,522
complete_case:04_fdr_significant,MIRNA_hsa-mir-424,float64,0.0,526
complete_case:04_fdr_significant,MIRNA_hsa-mir-592,float64,0.0,501
complete_case:04_fdr_significant,MIRNA_hsa-mir-3607,float64,0.0,526
complete_case:04_fdr_significant,MIRNA_hsa-mir-1254-2,float64,0.0,343
complete_case:04_fdr_significant,MIRNA_hsa-mir-378c,float64,0.0,523
complete_case:04_fdr_significant,MIRNA_hsa-mir-125b-1,float64,0.0,526
complete_case:04_fdr_significant,MIRNA_hsa-mir-181a-1,float64,0.0,526
complete_case:04_fdr_significant,MIRNA_hsa-mir-143,float64,0.0,526
complete_case:04_fdr_significant,MIRNA_hsa-mir-551b,float64,0.0,445
complete_case:04_fdr_significant,MIRNA_hsa-mir-127,float64,0.0,526
complete_case:04_fdr_significant,MIRNA_hsa-mir-30e,float64,0.0,526
complete_case:04_fdr_significant,MIRNA_hsa-mir-3926-1,float64,0.0,387
complete_case:04_fdr_significant,MIRNA_hsa-mir-363,float64,0.0,523
complete_case:04_fdr_significant,MIRNA_hsa-mir-31,float64,0.0,499
complete_case:04_fdr_significant,MIRNA_hsa-mir-758,float64,0.0,526
complete_case:04_fdr_significant,MIRNA_hsa-mir-6815,float64,0.0,283
complete_case:04_fdr_significant,MIRNA_hsa-mir-548aw,float64,0.0,312
complete_case:04_fdr_significant,MIRNA_hsa-mir-940,float64,0.0,511
complete_case:04_fdr_significant,MIRNA_hsa-mir-676,float64,0.0,415
complete_case:04_fdr_significant,MIRNA_hsa-mir-4780,float64,0.0,97
complete_case:04_fdr_significant,MIRNA_hsa-mir-103a-2,float64,0.0,526
complete_case:04_fdr_significant,MIRNA_hsa-mir-450a-1,float64,0.0,525
complete_case:04_fdr_significant,MIRNA_hsa-mir-432,float64,0.0,523
complete_case:04_fdr_significant,MIRNA_hsa-mir-660,float64,0.0,526
complete_case:04_fdr_significant,MIRNA_hsa-mir-323b,float64,0.0,498
complete_case:04_fdr_significant,MIRNA_hsa-mir-130a,float64,0.0,526
complete_case:04_fdr_significant,MIRNA_hsa-mir-29a,float64,0.0,526
complete_case:04_fdr_significant,OS,int64,0.0,2
complete_case:04_fdr_significant,OS.time,float64,0.0,469
complete_case:05_balanced,Unnamed: 0,object,0.0,526
complete_case:05_balanced,CLIN_gender.demographic,float64,0.0,2
complete_case:05_balanced,CLIN_age_at_index.demographic,float64,0.0,63
complete_case:05_balanced,CLIN_tumor_descriptor.samples,int64,0.0,1
complete_case:05_balanced,CLIN_disease_type_Adenomas and Adenocarcinomas,int64,0.0,2
complete_case:05_balanced,CLIN_disease_type_Adnexal and Skin Appendage Neoplasms,int64,0.0,1
complete_case:05_balanced,CLIN_disease_type_Basal Cell Neoplasms,int64,0.0,1
complete_case:05_balanced,CLIN_disease_type_Complex Epithelial Neoplasms,int64,0.0,2
complete_case:05_balanced,"CLIN_disease_type_Cystic, Mucinous and Serous Neoplasms",int64,0.0,2
complete_case:05_balanced,CLIN_disease_type_Ductal and Lobular Neoplasms,int64,0.0,2
complete_case:05_balanced,"CLIN_disease_type_Epithelial Neoplasms, NOS",int64,0.0,2
complete_case:05_balanced,CLIN_disease_type_Fibroepithelial Neoplasms,int64,0.0,1
complete_case:05_balanced,CLIN_disease_type_Squamous Cell Neoplasms,int64,0.0,1
complete_case:05_balanced,CLIN_race.demographic_american indian or alaska native,int64,0.0,2
complete_case:05_balanced,CLIN_race.demographic_asian,int64,0.0,2
complete_case:05_balanced,CLIN_race.demographic_black or african american,int64,0.0,2
complete_case:05_balanced,CLIN_race.demographic_missing,int64,0.0,2
complete_case:05_balanced,CLIN_race.demographic_white,int64,0.0,2
complete_case:05_balanced,CLIN_ethnicity.demographic_hispanic or latino,int64,0.0,2
complete_case:05_balanced,CLIN_ethnicity.demographic_missing,int64,0.0,2
complete_case:05_balanced,CLIN_ethnicity.demographic_not hispanic or latino,int64,0.0,2
complete_case:05_balanced,CLIN_ajcc_pathologic_stage.diagnoses_Stage I,int64,0.0,2
complete_case:05_balanced,CLIN_ajcc_pathologic_stage.diagnoses_Stage IA,int64,0.0,2
complete_case:05_balanced,CLIN_ajcc_pathologic_stage.diagnoses_Stage IB,int64,0.0,2
complete_case:05_balanced,CLIN_ajcc_pathologic_stage.diagnoses_Stage II,int64,0.0,2
complete_case:05_balanced,CLIN_ajcc_pathologic_stage.diagnoses_Stage IIA,int64,0.0,2
complete_case:05_balanced,CLIN_ajcc_pathologic_stage.diagnoses_Stage IIB,int64,0.0,2
complete_case:05_balanced,CLIN_ajcc_pathologic_stage.diagnoses_Stage III,int64,0.0,2
complete_case:05_balanced,CLIN_ajcc_pathologic_stage.diagnoses_Stage IIIA,int64,0.0,2
complete_case:05_balanced,CLIN_ajcc_pathologic_stage.diagnoses_Stage IIIB,int64,0.0,2
complete_case:05_balanced,CLIN_ajcc_pathologic_stage.diagnoses_Stage IIIC,int64,0.0,2
complete_case:05_balanced,CLIN_ajcc_pathologic_stage.diagnoses_Stage IV,int64,0.0,2
complete_case:05_balanced,CLIN_ajcc_pathologic_stage.diagnoses_Stage X,int64,0.0,2
complete_case:05_balanced,CLIN_ajcc_pathologic_stage.diagnoses_missing,int64,0.0,2
complete_case:05_balanced,"CLIN_tissue_or_organ_of_origin.diagnoses_Breast, NOS",int64,0.0,2
complete_case:05_balanced,CLIN_tissue_or_organ_of_origin.diagnoses_Lower-inner quadrant of breast,int64,0.0,1
complete_case:05_balanced,CLIN_tissue_or_organ_of_origin.diagnoses_Lower-outer quadrant of breast,int64,0.0,1
complete_case:05_balanced,CLIN_tissue_or_organ_of_origin.diagnoses_Overlapping lesion of breast,int64,0.0,2
complete_case:05_balanced,CLIN_tissue_or_organ_of_origin.diagnoses_Upper-inner quadrant of breast,int64,0.0,2
complete_case:05_balanced,CLIN_tissue_or_organ_of_origin.diagnoses_Upper-outer quadrant of breast,int64,0.0,1
complete_case:05_balanced,CLIN_tissue_or_organ_of_origin.diagnoses_missing,int64,0.0,1
complete_case:05_balanced,CLIN_primary_diagnosis.diagnoses_Adenoid cystic carcinoma,int64,0.0,1
complete_case:05_balanced,CLIN_primary_diagnosis.diagnoses_Apocrine adenocarcinoma,int64,0.0,1
complete_case:05_balanced,"CLIN_primary_diagnosis.diagnoses_Basal cell carcinoma, NOS",int64,0.0,1
complete_case:05_balanced,"CLIN_primary_diagnosis.diagnoses_Carcinoma, NOS",int64,0.0,2
complete_case:05_balanced,"CLIN_primary_diagnosis.diagnoses_Cribriform carcinoma, NOS",int64,0.0,1
complete_case:05_balanced,CLIN_primary_diagnosis.diagnoses_Infiltrating duct and lobular carcinoma,int64,0.0,2
complete_case:05_balanced,"CLIN_primary_diagnosis.diagnoses_Infiltrating duct carcinoma, NOS",int64,0.0,2
complete_case:05_balanced,CLIN_primary_diagnosis.diagnoses_Infiltrating duct mixed with other types of carcinoma,int64,0.0,2
complete_case:05_balanced,CLIN_primary_diagnosis.diagnoses_Infiltrating lobular mixed with other types of carcinoma,int64,0.0,2
complete_case:05_balanced,CLIN_primary_diagnosis.diagnoses_Intraductal micropapillary carcinoma,int64,0.0,2
complete_case:05_balanced,CLIN_primary_diagnosis.diagnoses_Intraductal papillary adenocarcinoma with invasion,int64,0.0,2
complete_case:05_balanced,CLIN_primary_diagnosis.diagnoses_Large cell neuroendocrine carcinoma,int64,0.0,2
complete_case:05_balanced,"CLIN_primary_diagnosis.diagnoses_Lobular carcinoma, NOS",int64,0.0,2
complete_case:05_balanced,"CLIN_primary_diagnosis.diagnoses_Medullary carcinoma, NOS",int64,0.0,2
complete_case:05_balanced,"CLIN_primary_diagnosis.diagnoses_Metaplastic carcinoma, NOS",int64,0.0,2
complete_case:05_balanced,CLIN_primary_diagnosis.diagnoses_Mucinous adenocarcinoma,int64,0.0,2
complete_case:05_balanced,CLIN_primary_diagnosis.diagnoses_Paget disease and infiltrating duct carcinoma of breast,int64,0.0,2
complete_case:05_balanced,"CLIN_primary_diagnosis.diagnoses_Papillary carcinoma, NOS",int64,0.0,1
complete_case:05_balanced,"CLIN_primary_diagnosis.diagnoses_Phyllodes tumor, malignant",int64,0.0,1
complete_case:05_balanced,CLIN_primary_diagnosis.diagnoses_Pleomorphic carcinoma,int64,0.0,2
complete_case:05_balanced,CLIN_primary_diagnosis.diagnoses_Secretory carcinoma of breast,int64,0.0,1
complete_case:05_balanced,CLIN_primary_diagnosis.diagnoses_Tubular adenocarcinoma,int64,0.0,2
complete_case:05_balanced,CLIN_primary_diagnosis.diagnoses_missing,int64,0.0,1
complete_case:05_balanced,CLIN_prior_malignancy.diagnoses_missing,int64,0.0,2
complete_case:05_balanced,CLIN_prior_malignancy.diagnoses_no,int64,0.0,2
complete_case:05_balanced,CLIN_prior_malignancy.diagnoses_yes,int64,0.0,2
complete_case:05_balanced,CLIN_prior_treatment.diagnoses_No,int64,0.0,2
complete_case:05_balanced,CLIN_prior_treatment.diagnoses_Yes,int64,0.0,2
complete_case:05_balanced,CLIN_prior_treatment.diagnoses_missing,int64,0.0,2
complete_case:05_balanced,CLIN_ajcc_staging_system_edition.diagnoses_3rd,int64,0.0,2
complete_case:05_balanced,CLIN_ajcc_staging_system_edition.diagnoses_4th,int64,0.0,2
complete_case:05_balanced,CLIN_ajcc_staging_system_edition.diagnoses_5th,int64,0.0,2
complete_case:05_balanced,CLIN_ajcc_staging_system_edition.diagnoses_6th,int64,0.0,2
complete_case:05_balanced,CLIN_ajcc_staging_system_edition.diagnoses_7th,int64,0.0,2
complete_case:05_balanced,CLIN_ajcc_staging_system_edition.diagnoses_missing,int64,0.0,2
complete_case:05_balanced,CLIN_ajcc_pathologic_t.diagnoses_T1,int64,0.0,2
complete_case:05_balanced,CLIN_ajcc_pathologic_t.diagnoses_T1a,int64,0.0,2
complete_case:05_balanced,CLIN_ajcc_pathologic_t.diagnoses_T1b,int64,0.0,2
complete_case:05_balanced,CLIN_ajcc_pathologic_t.diagnoses_T1c,int64,0.0,2
complete_case:05_balanced,CLIN_ajcc_pathologic_t.diagnoses_T2,int64,0.0,2
complete_case:05_balanced,CLIN_ajcc_pathologic_t.diagnoses_T2a,int64,0.0,2
complete_case:05_balanced,CLIN_ajcc_pathologic_t.diagnoses_T2b,int64,0.0,1
complete_case:05_balanced,CLIN_ajcc_pathologic_t.diagnoses_T3,int64,0.0,2
complete_case:05_balanced,CLIN_ajcc_pathologic_t.diagnoses_T3a,int64,0.0,1
complete_case:05_balanced,CLIN_ajcc_pathologic_t.diagnoses_T4,int64,0.0,2
complete_case:05_balanced,CLIN_ajcc_pathologic_t.diagnoses_T4b,int64,0.0,2
complete_case:05_balanced,CLIN_ajcc_pathologic_t.diagnoses_T4d,int64,0.0,2
complete_case:05_balanced,CLIN_ajcc_pathologic_t.diagnoses_TX,int64,0.0,2
complete_case:05_balanced,CLIN_ajcc_pathologic_t.diagnoses_missing,int64,0.0,1
complete_case:05_balanced,CLIN_morphology.diagnoses_8010/3,int64,0.0,2
complete_case:05_balanced,CLIN_morphology.diagnoses_8013/3,int64,0.0,2
complete_case:05_balanced,CLIN_morphology.diagnoses_8022/3,int64,0.0,2
complete_case:05_balanced,CLIN_morphology.diagnoses_8050/3,int64,0.0,1
complete_case:05_balanced,CLIN_morphology.diagnoses_8090/3,int64,0.0,1
complete_case:05_balanced,CLIN_morphology.diagnoses_8200/3,int64,0.0,1
complete_case:05_balanced,CLIN_morphology.diagnoses_8201/3,int64,0.0,1
complete_case:05_balanced,CLIN_morphology.diagnoses_8211/3,int64,0.0,2
complete_case:05_balanced,CLIN_morphology.diagnoses_8401/3,int64,0.0,1
complete_case:05_balanced,CLIN_morphology.diagnoses_8480/3,int64,0.0,2
complete_case:05_balanced,CLIN_morphology.diagnoses_8500/3,int64,0.0,2
complete_case:05_balanced,CLIN_morphology.diagnoses_8502/3,int64,0.0,1
complete_case:05_balanced,CLIN_morphology.diagnoses_8503/3,int64,0.0,2
complete_case:05_balanced,CLIN_morphology.diagnoses_8507/3,int64,0.0,2
complete_case:05_balanced,CLIN_morphology.diagnoses_8510/3,int64,0.0,2
complete_case:05_balanced,CLIN_morphology.diagnoses_8520/3,int64,0.0,2
complete_case:05_balanced,CLIN_morphology.diagnoses_8522/3,int64,0.0,2
complete_case:05_balanced,CLIN_morphology.diagnoses_8523/3,int64,0.0,2
complete_case:05_balanced,CLIN_morphology.diagnoses_8524/3,int64,0.0,2
complete_case:05_balanced,CLIN_morphology.diagnoses_8541/3,int64,0.0,2
complete_case:05_balanced,CLIN_morphology.diagnoses_8575/3,int64,0.0,2
complete_case:05_balanced,CLIN_morphology.diagnoses_9020/3,int64,0.0,1
complete_case:05_balanced,CLIN_morphology.diagnoses_missing,int64,0.0,1
complete_case:05_balanced,CLIN_ajcc_pathologic_n.diagnoses_N0,int64,0.0,2
complete_case:05_balanced,CLIN_ajcc_pathologic_n.diagnoses_N0 (i+),int64,0.0,2
complete_case:05_balanced,CLIN_ajcc_pathologic_n.diagnoses_N0 (i-),int64,0.0,2
complete_case:05_balanced,CLIN_ajcc_pathologic_n.diagnoses_N0 (mol+),int64,0.0,2
complete_case:05_balanced,CLIN_ajcc_pathologic_n.diagnoses_N1,int64,0.0,2
complete_case:05_balanced,CLIN_ajcc_pathologic_n.diagnoses_N1a,int64,0.0,2
complete_case:05_balanced,CLIN_ajcc_pathologic_n.diagnoses_N1b,int64,0.0,2
complete_case:05_balanced,CLIN_ajcc_pathologic_n.diagnoses_N1c,int64,0.0,2
complete_case:05_balanced,CLIN_ajcc_pathologic_n.diagnoses_N1mi,int64,0.0,2
complete_case:05_balanced,CLIN_ajcc_pathologic_n.diagnoses_N2,int64,0.0,2
complete_case:05_balanced,CLIN_ajcc_pathologic_n.diagnoses_N2a,int64,0.0,2
complete_case:05_balanced,CLIN_ajcc_pathologic_n.diagnoses_N3,int64,0.0,2
complete_case:05_balanced,CLIN_ajcc_pathologic_n.diagnoses_N3a,int64,0.0,2
complete_case:05_balanced,CLIN_ajcc_pathologic_n.diagnoses_N3b,int64,0.0,2
complete_case:05_balanced,CLIN_ajcc_pathologic_n.diagnoses_N3c,int64,0.0,1
complete_case:05_balanced,CLIN_ajcc_pathologic_n.diagnoses_NX,int64,0.0,2
complete_case:05_balanced,CLIN_ajcc_pathologic_n.diagnoses_missing,int64,0.0,1
complete_case:05_balanced,CLIN_ajcc_pathologic_m.diagnoses_M0,int64,0.0,2
complete_case:05_balanced,CLIN_ajcc_pathologic_m.diagnoses_M1,int64,0.0,2
complete_case:05_balanced,CLIN_ajcc_pathologic_m.diagnoses_MX,int64,0.0,2
complete_case:05_balanced,CLIN_ajcc_pathologic_m.diagnoses_cM0 (i+),int64,0.0,2
complete_case:05_balanced,CLIN_ajcc_pathologic_m.diagnoses_missing,int64,0.0,1
complete_case:05_balanced,"CLIN_treatment_or_therapy.treatments.diagnoses_['no', 'no']",int64,0.0,2
complete_case:05_balanced,"CLIN_treatment_or_therapy.treatments.diagnoses_['no', 'not reported']",int64,0.0,1
complete_case:05_balanced,"CLIN_treatment_or_therapy.treatments.diagnoses_['no', 'yes']",int64,0.0,2
complete_case:05_balanced,"CLIN_treatment_or_therapy.treatments.diagnoses_['not reported', 'no']",int64,0.0,1
complete_case:05_balanced,"CLIN_treatment_or_therapy.treatments.diagnoses_['not reported', 'not reported']",int64,0.0,2
complete_case:05_balanced,"CLIN_treatment_or_therapy.treatments.diagnoses_['not reported', 'yes']",int64,0.0,2
complete_case:05_balanced,"CLIN_treatment_or_therapy.treatments.diagnoses_['yes', 'no']",int64,0.0,2
complete_case:05_balanced,"CLIN_treatment_or_therapy.treatments.diagnoses_['yes', 'not reported']",int64,0.0,2
complete_case:05_balanced,"CLIN_treatment_or_therapy.treatments.diagnoses_['yes', 'yes']",int64,0.0,2
complete_case:05_balanced,CLIN_treatment_or_therapy.treatments.diagnoses_missing,int64,0.0,1
complete_case:05_balanced,RNA_ENSG00000236385.1,float64,0.0,55
complete_case:05_balanced,RNA_ENSG00000160349.10,float64,0.0,25
complete_case:05_balanced,RNA_ENSG00000201279.1,float64,0.0,6
complete_case:05_balanced,RNA_ENSG00000183246.7,float64,0.0,26
complete_case:05_balanced,RNA_ENSG00000250386.1,float64,0.0,7
complete_case:05_balanced,RNA_ENSG00000239183.1,float64,0.0,4
complete_case:05_balanced,RNA_ENSG00000223953.6,float64,0.0,7
complete_case:05_balanced,RNA_ENSG00000226317.3,float64,0.0,18
complete_case:05_balanced,RNA_ENSG00000199038.1,float64,0.0,17
complete_case:05_balanced,RNA_ENSG00000215583.3,float64,0.0,4
complete_case:05_balanced,RNA_ENSG00000230941.1,float64,0.0,7
complete_case:05_balanced,RNA_ENSG00000229091.3,float64,0.0,10
complete_case:05_balanced,RNA_ENSG00000258933.1,float64,0.0,8
complete_case:05_balanced,RNA_ENSG00000242841.1,float64,0.0,22
complete_case:05_balanced,RNA_ENSG00000262181.2,float64,0.0,4
complete_case:05_balanced,RNA_ENSG00000197658.9,float64,0.0,33
complete_case:05_balanced,RNA_ENSG00000237023.1,float64,0.0,2
complete_case:05_balanced,RNA_ENSG00000270749.1,float64,0.0,3
complete_case:05_balanced,RNA_ENSG00000185448.10,float64,0.0,16
complete_case:05_balanced,RNA_ENSG00000260265.1,float64,0.0,138
complete_case:05_balanced,RNA_ENSG00000119919.11,float64,0.0,52
complete_case:05_balanced,RNA_ENSG00000243749.1,float64,0.0,7
complete_case:05_balanced,RNA_ENSG00000277817.1,float64,0.0,5
complete_case:05_balanced,RNA_ENSG00000286954.1,float64,0.0,21
complete_case:05_balanced,RNA_ENSG00000223274.6,float64,0.0,17
complete_case:05_balanced,RNA_ENSG00000108342.13,float64,0.0,61
complete_case:05_balanced,RNA_ENSG00000272321.1,float64,0.0,29
complete_case:05_balanced,RNA_ENSG00000273348.1,float64,0.0,19
complete_case:05_balanced,RNA_ENSG00000228976.1,float64,0.0,8
complete_case:05_balanced,RNA_ENSG00000237803.6,float64,0.0,22
complete_case:05_balanced,RNA_ENSG00000229246.2,float64,0.0,19
complete_case:05_balanced,RNA_ENSG00000213478.2,float64,0.0,16
complete_case:05_balanced,RNA_ENSG00000219951.4,float64,0.0,22
complete_case:05_balanced,RNA_ENSG00000263740.2,float64,0.0,38
complete_case:05_balanced,RNA_ENSG00000136929.13,float64,0.0,27
complete_case:05_balanced,RNA_ENSG00000284606.1,float64,0.0,41
complete_case:05_balanced,RNA_ENSG00000203729.8,float64,0.0,19
complete_case:05_balanced,RNA_ENSG00000242353.1,float64,0.0,24
complete_case:05_balanced,RNA_ENSG00000180264.11,float64,0.0,86
complete_case:05_balanced,RNA_ENSG00000259674.1,float64,0.0,33
complete_case:05_balanced,RNA_ENSG00000252577.1,float64,0.0,19
complete_case:05_balanced,RNA_ENSG00000285294.1,float64,0.0,52
complete_case:05_balanced,RNA_ENSG00000269050.1,float64,0.0,14
complete_case:05_balanced,RNA_ENSG00000154611.15,float64,0.0,35
complete_case:05_balanced,RNA_ENSG00000276282.1,float64,0.0,17
complete_case:05_balanced,RNA_ENSG00000214286.2,float64,0.0,7
complete_case:05_balanced,RNA_ENSG00000207839.1,float64,0.0,11
complete_case:05_balanced,RNA_ENSG00000283672.1,float64,0.0,9
complete_case:05_balanced,RNA_ENSG00000236533.1,float64,0.0,16
complete_case:05_balanced,RNA_ENSG00000221510.1,float64,0.0,12
complete_case:05_balanced,CNV_ENSG00000202361.1,float64,0.0,18
complete_case:05_balanced,CNV_ENSG00000241550.3,float64,0.0,20
complete_case:05_balanced,CNV_ENSG00000284615.1,float64,0.0,10
complete_case:05_balanced,CNV_ENSG00000253198.1,float64,0.0,18
complete_case:05_balanced,CNV_ENSG00000253845.1,float64,0.0,18
complete_case:05_balanced,CNV_ENSG00000153443.13,float64,0.0,10
complete_case:05_balanced,CNV_ENSG00000263955.2,float64,0.0,10
complete_case:05_balanced,CNV_ENSG00000102858.13,float64,0.0,10
complete_case:05_balanced,CNV_ENSG00000261442.1,float64,0.0,10
complete_case:05_balanced,CNV_ENSG00000103415.12,float64,0.0,10
complete_case:05_balanced,CNV_ENSG00000089486.17,float64,0.0,10
complete_case:05_balanced,CNV_ENSG00000278700.1,float64,0.0,10
complete_case:05_balanced,CNV_ENSG00000261612.1,float64,0.0,10
complete_case:05_balanced,CNV_ENSG00000276641.1,float64,0.0,10
complete_case:05_balanced,CNV_ENSG00000278434.1,float64,0.0,10
complete_case:05_balanced,CNV_ENSG00000205832.7,float64,0.0,10
complete_case:05_balanced,CNV_ENSG00000261789.1,float64,0.0,10
complete_case:05_balanced,CNV_ENSG00000275515.1,float64,0.0,10
complete_case:05_balanced,CNV_ENSG00000277440.1,float64,0.0,10
complete_case:05_balanced,CNV_ENSG00000153406.14,float64,0.0,10
complete_case:05_balanced,CNV_ENSG00000277170.1,float64,0.0,10
complete_case:05_balanced,CNV_ENSG00000262246.6,float64,0.0,10
complete_case:05_balanced,CNV_ENSG00000262686.1,float64,0.0,10
complete_case:05_balanced,CNV_ENSG00000103423.14,float64,0.0,10
complete_case:05_balanced,CNV_ENSG00000254145.1,float64,0.0,17
complete_case:05_balanced,CNV_ENSG00000253748.2,float64,0.0,17
complete_case:05_balanced,CNV_ENSG00000253195.2,float64,0.0,17
complete_case:05_balanced,CNV_ENSG00000168101.14,float64,0.0,10
complete_case:05_balanced,CNV_ENSG00000168096.15,float64,0.0,10
complete_case:05_balanced,CNV_ENSG00000262712.1,float64,0.0,10
complete_case:05_balanced,CNV_ENSG00000168140.5,float64,0.0,10
complete_case:05_balanced,CNV_ENSG00000253418.1,float64,0.0,17
complete_case:05_balanced,CNV_ENSG00000217930.8,float64,0.0,10
complete_case:05_balanced,CNV_ENSG00000262468.6,float64,0.0,10
complete_case:05_balanced,CNV_ENSG00000280063.1,float64,0.0,10
complete_case:05_balanced,CNV_ENSG00000253319.1,float64,0.0,17
complete_case:05_balanced,CNV_ENSG00000103426.12,float64,0.0,10
complete_case:05_balanced,CNV_ENSG00000266994.1,float64,0.0,11
complete_case:05_balanced,CNV_ENSG00000126603.9,float64,0.0,10
complete_case:05_balanced,CNV_ENSG00000166246.14,float64,0.0,11
complete_case:05_balanced,CNV_ENSG00000090447.12,float64,0.0,10
complete_case:05_balanced,CNV_ENSG00000103199.14,float64,0.0,11
complete_case:05_balanced,CNV_ENSG00000254069.2,float64,0.0,17
complete_case:05_balanced,CNV_ENSG00000285952.1,float64,0.0,11
complete_case:05_balanced,CNV_ENSG00000263105.1,float64,0.0,10
complete_case:05_balanced,CNV_ENSG00000140632.17,float64,0.0,11
complete_case:05_balanced,CNV_ENSG00000268100.1,float64,0.0,17
complete_case:05_balanced,CNV_ENSG00000269416.6,float64,0.0,16
complete_case:05_balanced,CNV_ENSG00000140623.14,float64,0.0,11
complete_case:05_balanced,CNV_ENSG00000267795.6,float64,0.0,11
complete_case:05_balanced,MUT_MAML2,int64,0.0,2
complete_case:05_balanced,MUT_LAMA2,int64,0.0,2
complete_case:05_balanced,MUT_DOCK9,int64,0.0,2
complete_case:05_balanced,MUT_GRIPAP1,int64,0.0,2
complete_case:05_balanced,MUT_ABR,int64,0.0,2
complete_case:05_balanced,MUT_DMD,int64,0.0,2
complete_case:05_balanced,MUT_ERBB2,int64,0.0,2
complete_case:05_balanced,MUT_FAM47C,int64,0.0,2
complete_case:05_balanced,MUT_ZAN,int64,0.0,2
complete_case:05_balanced,MUT_CACNA1S,int64,0.0,2
complete_case:05_balanced,MUT_ADAMTS20,int64,0.0,2
complete_case:05_balanced,MUT_PTCHD3,int64,0.0,2
complete_case:05_balanced,MUT_LRP6,int64,0.0,2
complete_case:05_balanced,MUT_FCRL5,int64,0.0,2
complete_case:05_balanced,MUT_PIKFYVE,int64,0.0,2
complete_case:05_balanced,MUT_RBM26,int64,0.0,2
complete_case:05_balanced,MUT_AP3B1,int64,0.0,2
complete_case:05_balanced,MUT_NLGN4X,int64,0.0,2
complete_case:05_balanced,MUT_TDRD5,int64,0.0,2
complete_case:05_balanced,MUT_CEP95,int64,0.0,2
complete_case:05_balanced,MUT_GBE1,int64,0.0,2
complete_case:05_balanced,MUT_SRRM2,int64,0.0,2
complete_case:05_balanced,MUT_USP34,int64,0.0,2
complete_case:05_balanced,MUT_IGSF10,int64,0.0,2
complete_case:05_balanced,MUT_DSCAM,int64,0.0,2
complete_case:05_balanced,MUT_LYST,int64,0.0,2
complete_case:05_balanced,MUT_RIMBP2,int64,0.0,2
complete_case:05_balanced,MUT_FMN2,int64,0.0,2
complete_case:05_balanced,MUT_KIF26B,int64,0.0,2
complete_case:05_balanced,MUT_DOCK11,int64,0.0,2
complete_case:05_balanced,MUT_MROH2B,int64,0.0,2
complete_case:05_balanced,MUT_FLNC,int64,0.0,2
complete_case:05_balanced,MUT_DYNC1H1,int64,0.0,2
complete_case:05_balanced,MUT_BAZ2B,int64,0.0,2
complete_case:05_balanced,MUT_FN1,int64,0.0,2
complete_case:05_balanced,MUT_MUC4,int64,0.0,2
complete_case:05_balanced,MUT_LRRK2,int64,0.0,2
complete_case:05_balanced,MUT_PREX2,int64,0.0,2
complete_case:05_balanced,MUT_GON4L,int64,0.0,2
complete_case:05_balanced,MUT_MYCBP2,int64,0.0,2
complete_case:05_balanced,MUT_SNRNP200,int64,0.0,2
complete_case:05_balanced,MUT_MYO16,int64,0.0,2
complete_case:05_balanced,MUT_ALMS1,int64,0.0,2
complete_case:05_balanced,MUT_HUWE1,int64,0.0,2
complete_case:05_balanced,MUT_FREM2,int64,0.0,2
complete_case:05_balanced,MUT_BRCA2,int64,0.0,2
complete_case:05_balanced,MUT_FER1L6,int64,0.0,2
complete_case:05_balanced,MUT_VPS13C,int64,0.0,2
complete_case:05_balanced,MUT_CREBBP,int64,0.0,2
complete_case:05_balanced,MUT_ARID1B,int64,0.0,2
complete_case:05_balanced,PROT_COG3,float64,0.0,524
complete_case:05_balanced,PROT_MR1,float64,0.0,510
complete_case:05_balanced,PROT_PHLPP,float64,0.0,511
complete_case:05_balanced,PROT_EIF4G,float64,0.0,525
complete_case:05_balanced,PROT_TUBERIN_pT1462,float64,0.0,525
complete_case:05_balanced,PROT_PAXILLIN,float64,0.0,526
complete_case:05_balanced,PROT_Aurora-ABC_pT288_pT232_pT198,float64,0.0,510
complete_case:05_balanced,PROT_CLAUDIN7,float64,0.0,525
complete_case:05_balanced,PROT_PRC1_pT481,float64,0.0,509
complete_case:05_balanced,PROT_DNA-Ligase-IV,float64,0.0,509
complete_case:05_balanced,PROT_P38_pT180Y182,float64,0.0,526
complete_case:05_balanced,PROT_Hexokinase-II,float64,0.0,511
complete_case:05_balanced,PROT_DVL3,float64,0.0,526
complete_case:05_balanced,PROT_SETD2,float64,0.0,524
complete_case:05_balanced,PROT_4EBP1_pT37T46,float64,0.0,525
complete_case:05_balanced,PROT_GSK3_pS9,float64,0.0,525
complete_case:05_balanced,PROT_CYCLINB1,float64,0.0,524
complete_case:05_balanced,PROT_Cdc42,float64,0.0,507
complete_case:05_balanced,PROT_PLC-gamma1,float64,0.0,510
complete_case:05_balanced,PROT_CD20,float64,0.0,525
complete_case:05_balanced,PROT_c-IAP2,float64,0.0,509
complete_case:05_balanced,PROT_Gli1,float64,0.0,510
complete_case:05_balanced,PROT_b-Actin,float64,0.0,510
complete_case:05_balanced,PROT_Atg4B,float64,0.0,509
complete_case:05_balanced,PROT_DM-K9-Histone-H3,float64,0.0,509
complete_case:05_balanced,PROT_P70S6K1,float64,0.0,524
complete_case:05_balanced,PROT_RPA32,float64,0.0,508
complete_case:05_balanced,PROT_Slfn11,float64,0.0,509
complete_case:05_balanced,PROT_Jagged1,float64,0.0,505
complete_case:05_balanced,PROT_TIGAR,float64,0.0,526
complete_case:05_balanced,PROT_KU80,float64,0.0,525
complete_case:05_balanced,PROT_Aurora-A,float64,0.0,510
complete_case:05_balanced,PROT_BRAF,float64,0.0,525
complete_case:05_balanced,PROT_FAK_pY397,float64,0.0,508
complete_case:05_balanced,PROT_IGF1R_pY1135Y1136,float64,0.0,523
complete_case:05_balanced,PROT_SMAD4,float64,0.0,523
complete_case:05_balanced,PROT_CD45,float64,0.0,511
complete_case:05_balanced,PROT_Glucocorticoid-Receptor,float64,0.0,511
complete_case:05_balanced,PROT_p90RSK_pT573,float64,0.0,507
complete_case:05_balanced,PROT_4EBP1_pS65,float64,0.0,525
complete_case:05_balanced,PROT_DDR1,float64,0.0,511
complete_case:05_balanced,PROT_ATP5A,float64,0.0,510
complete_case:05_balanced,PROT_STAT3_pY705,float64,0.0,526
complete_case:05_balanced,PROT_COLLAGENVI,float64,0.0,526
complete_case:05_balanced,PROT_GSK3ALPHABETA_pS21S9,float64,0.0,524
complete_case:05_balanced,PROT_RB_pS807S811,float64,0.0,525
complete_case:05_balanced,PROT_CKIT,float64,0.0,526
complete_case:05_balanced,PROT_DDR1_pY513,float64,0.0,510
complete_case:05_balanced,PROT_PLK1,float64,0.0,511
complete_case:05_balanced,PROT_Histone-H3,float64,0.0,511
complete_case:05_balanced,METH_cg21241195,float64,0.0,525
complete_case:05_balanced,METH_cg08269402,float64,0.0,526
complete_case:05_balanced,METH_cg11617144,float64,0.0,526
complete_case:05_balanced,METH_cg20410409,float64,0.0,526
complete_case:05_balanced,METH_cg12379948,float64,0.0,526
complete_case:05_balanced,METH_cg21349645,float64,0.0,500
complete_case:05_balanced,METH_cg06610849,float64,0.0,526
complete_case:05_balanced,METH_cg02202923,float64,0.0,508
complete_case:05_balanced,METH_cg17573813,float64,0.0,526
complete_case:05_balanced,METH_cg24755053,float64,0.0,526
complete_case:05_balanced,METH_cg22824635,float64,0.0,525
complete_case:05_balanced,METH_cg07276379,float64,0.0,526
complete_case:05_balanced,METH_cg06717750,float64,0.0,526
complete_case:05_balanced,METH_cg14094521,float64,0.0,508
complete_case:05_balanced,METH_cg02776251,float64,0.0,526
complete_case:05_balanced,METH_cg26401825,float64,0.0,526
complete_case:05_balanced,METH_cg11228682,float64,0.0,423
complete_case:05_balanced,METH_cg09481857,float64,0.0,526
complete_case:05_balanced,METH_cg08140548,float64,0.0,519
complete_case:05_balanced,METH_cg00741789,float64,0.0,446
complete_case:05_balanced,METH_cg23475112,float64,0.0,526
complete_case:05_balanced,METH_cg03885098,float64,0.0,526
complete_case:05_balanced,METH_cg27549186,float64,0.0,525
complete_case:05_balanced,METH_cg22676075,float64,0.0,472
complete_case:05_balanced,METH_cg06220235,float64,0.0,526
complete_case:05_balanced,METH_cg12507502,float64,0.0,525
complete_case:05_balanced,METH_cg13305186,float64,0.0,526
complete_case:05_balanced,METH_cg18232235,float64,0.0,526
complete_case:05_balanced,METH_cg03324961,float64,0.0,522
complete_case:05_balanced,METH_cg15543523,float64,0.0,524
complete_case:05_balanced,METH_cg23091104,float64,0.0,526
complete_case:05_balanced,METH_cg23097686,float64,0.0,526
complete_case:05_balanced,METH_cg02863179,float64,0.0,487
complete_case:05_balanced,METH_cg13038216,float64,0.0,526
complete_case:05_balanced,METH_cg08856347,float64,0.0,526
complete_case:05_balanced,METH_cg08699341,float64,0.0,526
complete_case:05_balanced,METH_cg24011073,float64,0.0,512
complete_case:05_balanced,METH_cg14250130,float64,0.0,525
complete_case:05_balanced,METH_cg06665913,float64,0.0,489
complete_case:05_balanced,METH_cg26149167,float64,0.0,526
complete_case:05_balanced,METH_cg07688779,float64,0.0,526
complete_case:05_balanced,METH_cg27544219,float64,0.0,526
complete_case:05_balanced,METH_cg13980533,float64,0.0,526
complete_case:05_balanced,METH_cg02236651,float64,0.0,526
complete_case:05_balanced,METH_cg06912515,float64,0.0,526
complete_case:05_balanced,METH_cg07682578,float64,0.0,526
complete_case:05_balanced,METH_cg18864926,float64,0.0,526
complete_case:05_balanced,METH_cg08857906,float64,0.0,525
complete_case:05_balanced,METH_cg19720058,float64,0.0,526
complete_case:05_balanced,METH_cg16602369,float64,0.0,526
complete_case:05_balanced,MIRNA_hsa-mir-592,float64,0.0,501
complete_case:05_balanced,MIRNA_hsa-mir-4326,float64,0.0,464
complete_case:05_balanced,MIRNA_hsa-mir-1254-2,float64,0.0,343
complete_case:05_balanced,MIRNA_hsa-mir-181a-1,float64,0.0,526
complete_case:05_balanced,MIRNA_hsa-let-7e,float64,0.0,526
complete_case:05_balanced,MIRNA_hsa-mir-103a-1,float64,0.0,526
complete_case:05_balanced,MIRNA_hsa-mir-99a,float64,0.0,526
complete_case:05_balanced,MIRNA_hsa-mir-202,float64,0.0,368
complete_case:05_balanced,MIRNA_hsa-mir-326,float64,0.0,523
complete_case:05_balanced,MIRNA_hsa-mir-101-1,float64,0.0,526
complete_case:05_balanced,MIRNA_hsa-mir-374c,float64,0.0,215
complete_case:05_balanced,MIRNA_hsa-mir-379,float64,0.0,526
complete_case:05_balanced,MIRNA_hsa-mir-101-2,float64,0.0,526
complete_case:05_balanced,MIRNA_hsa-mir-125b-2,float64,0.0,526
complete_case:05_balanced,MIRNA_hsa-mir-1258,float64,0.0,419
complete_case:05_balanced,MIRNA_hsa-mir-134,float64,0.0,526
complete_case:05_balanced,MIRNA_hsa-mir-195,float64,0.0,526
complete_case:05_balanced,MIRNA_hsa-let-7c,float64,0.0,526
complete_case:05_balanced,MIRNA_hsa-mir-411,float64,0.0,519
complete_case:05_balanced,MIRNA_hsa-mir-215,float64,0.0,522
complete_case:05_balanced,MIRNA_hsa-mir-424,float64,0.0,526
complete_case:05_balanced,MIRNA_hsa-mir-3607,float64,0.0,526
complete_case:05_balanced,MIRNA_hsa-mir-378c,float64,0.0,523
complete_case:05_balanced,MIRNA_hsa-mir-125b-1,float64,0.0,526
complete_case:05_balanced,MIRNA_hsa-mir-143,float64,0.0,526
complete_case:05_balanced,MIRNA_hsa-mir-551b,float64,0.0,445
complete_case:05_balanced,MIRNA_hsa-mir-127,float64,0.0,526
complete_case:05_balanced,MIRNA_hsa-mir-30e,float64,0.0,526
complete_case:05_balanced,MIRNA_hsa-mir-3926-1,float64,0.0,387
complete_case:05_balanced,MIRNA_hsa-mir-363,float64,0.0,523
complete_case:05_balanced,MIRNA_hsa-mir-31,float64,0.0,499
complete_case:05_balanced,MIRNA_hsa-mir-758,float64,0.0,526
complete_case:05_balanced,MIRNA_hsa-mir-6815,float64,0.0,283
complete_case:05_balanced,MIRNA_hsa-mir-548aw,float64,0.0,312
complete_case:05_balanced,MIRNA_hsa-mir-940,float64,0.0,511
complete_case:05_balanced,MIRNA_hsa-mir-450a-1,float64,0.0,525
complete_case:05_balanced,MIRNA_hsa-let-7b,float64,0.0,526
complete_case:05_balanced,MIRNA_hsa-mir-32,float64,0.0,526
complete_case:05_balanced,MIRNA_hsa-mir-1247,float64,0.0,523
complete_case:05_balanced,MIRNA_hsa-mir-3130-1,float64,0.0,486
complete_case:05_balanced,MIRNA_hsa-mir-150,float64,0.0,526
complete_case:05_balanced,MIRNA_hsa-mir-100,float64,0.0,526
complete_case:05_balanced,MIRNA_hsa-mir-497,float64,0.0,526
complete_case:05_balanced,MIRNA_hsa-mir-450b,float64,0.0,526
complete_case:05_balanced,MIRNA_hsa-mir-652,float64,0.0,526
complete_case:05_balanced,MIRNA_hsa-mir-496,float64,0.0,497
complete_case:05_balanced,MIRNA_hsa-mir-205,float64,0.0,526
complete_case:05_balanced,MIRNA_hsa-mir-654,float64,0.0,526
complete_case:05_balanced,MIRNA_hsa-mir-337,float64,0.0,526
complete_case:05_balanced,MIRNA_hsa-mir-542,float64,0.0,526
complete_case:05_balanced,OS,int64,0.0,2
complete_case:05_balanced,OS.time,float64,0.0,469
complete_case:06_correlation,Unnamed: 0,object,0.0,526
complete_case:06_correlation,CLIN_gender.demographic,float64,0.0,2
complete_case:06_correlation,CLIN_age_at_index.demographic,float64,0.0,63
complete_case:06_correlation,CLIN_tumor_descriptor.samples,int64,0.0,1
complete_case:06_correlation,CLIN_disease_type_Adenomas and Adenocarcinomas,int64,0.0,2
complete_case:06_correlation,CLIN_disease_type_Adnexal and Skin Appendage Neoplasms,int64,0.0,1
complete_case:06_correlation,CLIN_disease_type_Basal Cell Neoplasms,int64,0.0,1
complete_case:06_correlation,CLIN_disease_type_Complex Epithelial Neoplasms,int64,0.0,2
complete_case:06_correlation,"CLIN_disease_type_Cystic, Mucinous and Serous Neoplasms",int64,0.0,2
complete_case:06_correlation,CLIN_disease_type_Ductal and Lobular Neoplasms,int64,0.0,2
complete_case:06_correlation,"CLIN_disease_type_Epithelial Neoplasms, NOS",int64,0.0,2
complete_case:06_correlation,CLIN_disease_type_Fibroepithelial Neoplasms,int64,0.0,1
complete_case:06_correlation,CLIN_disease_type_Squamous Cell Neoplasms,int64,0.0,1
complete_case:06_correlation,CLIN_race.demographic_american indian or alaska native,int64,0.0,2
complete_case:06_correlation,CLIN_race.demographic_asian,int64,0.0,2
complete_case:06_correlation,CLIN_race.demographic_black or african american,int64,0.0,2
complete_case:06_correlation,CLIN_race.demographic_missing,int64,0.0,2
complete_case:06_correlation,CLIN_race.demographic_white,int64,0.0,2
complete_case:06_correlation,CLIN_ethnicity.demographic_hispanic or latino,int64,0.0,2
complete_case:06_correlation,CLIN_ethnicity.demographic_missing,int64,0.0,2
complete_case:06_correlation,CLIN_ethnicity.demographic_not hispanic or latino,int64,0.0,2
complete_case:06_correlation,CLIN_ajcc_pathologic_stage.diagnoses_Stage I,int64,0.0,2
complete_case:06_correlation,CLIN_ajcc_pathologic_stage.diagnoses_Stage IA,int64,0.0,2
complete_case:06_correlation,CLIN_ajcc_pathologic_stage.diagnoses_Stage IB,int64,0.0,2
complete_case:06_correlation,CLIN_ajcc_pathologic_stage.diagnoses_Stage II,int64,0.0,2
complete_case:06_correlation,CLIN_ajcc_pathologic_stage.diagnoses_Stage IIA,int64,0.0,2
complete_case:06_correlation,CLIN_ajcc_pathologic_stage.diagnoses_Stage IIB,int64,0.0,2
complete_case:06_correlation,CLIN_ajcc_pathologic_stage.diagnoses_Stage III,int64,0.0,2
complete_case:06_correlation,CLIN_ajcc_pathologic_stage.diagnoses_Stage IIIA,int64,0.0,2
complete_case:06_correlation,CLIN_ajcc_pathologic_stage.diagnoses_Stage IIIB,int64,0.0,2
complete_case:06_correlation,CLIN_ajcc_pathologic_stage.diagnoses_Stage IIIC,int64,0.0,2
complete_case:06_correlation,CLIN_ajcc_pathologic_stage.diagnoses_Stage IV,int64,0.0,2
complete_case:06_correlation,CLIN_ajcc_pathologic_stage.diagnoses_Stage X,int64,0.0,2
complete_case:06_correlation,CLIN_ajcc_pathologic_stage.diagnoses_missing,int64,0.0,2
complete_case:06_correlation,"CLIN_tissue_or_organ_of_origin.diagnoses_Breast, NOS",int64,0.0,2
complete_case:06_correlation,CLIN_tissue_or_organ_of_origin.diagnoses_Lower-inner quadrant of breast,int64,0.0,1
complete_case:06_correlation,CLIN_tissue_or_organ_of_origin.diagnoses_Lower-outer quadrant of breast,int64,0.0,1
complete_case:06_correlation,CLIN_tissue_or_organ_of_origin.diagnoses_Overlapping lesion of breast,int64,0.0,2
complete_case:06_correlation,CLIN_tissue_or_organ_of_origin.diagnoses_Upper-inner quadrant of breast,int64,0.0,2
complete_case:06_correlation,CLIN_tissue_or_organ_of_origin.diagnoses_Upper-outer quadrant of breast,int64,0.0,1
complete_case:06_correlation,CLIN_tissue_or_organ_of_origin.diagnoses_missing,int64,0.0,1
complete_case:06_correlation,CLIN_primary_diagnosis.diagnoses_Adenoid cystic carcinoma,int64,0.0,1
complete_case:06_correlation,CLIN_primary_diagnosis.diagnoses_Apocrine adenocarcinoma,int64,0.0,1
complete_case:06_correlation,"CLIN_primary_diagnosis.diagnoses_Basal cell carcinoma, NOS",int64,0.0,1
complete_case:06_correlation,"CLIN_primary_diagnosis.diagnoses_Carcinoma, NOS",int64,0.0,2
complete_case:06_correlation,"CLIN_primary_diagnosis.diagnoses_Cribriform carcinoma, NOS",int64,0.0,1
complete_case:06_correlation,CLIN_primary_diagnosis.diagnoses_Infiltrating duct and lobular carcinoma,int64,0.0,2
complete_case:06_correlation,"CLIN_primary_diagnosis.diagnoses_Infiltrating duct carcinoma, NOS",int64,0.0,2
complete_case:06_correlation,CLIN_primary_diagnosis.diagnoses_Infiltrating duct mixed with other types of carcinoma,int64,0.0,2
complete_case:06_correlation,CLIN_primary_diagnosis.diagnoses_Infiltrating lobular mixed with other types of carcinoma,int64,0.0,2
complete_case:06_correlation,CLIN_primary_diagnosis.diagnoses_Intraductal micropapillary carcinoma,int64,0.0,2
complete_case:06_correlation,CLIN_primary_diagnosis.diagnoses_Intraductal papillary adenocarcinoma with invasion,int64,0.0,2
complete_case:06_correlation,CLIN_primary_diagnosis.diagnoses_Large cell neuroendocrine carcinoma,int64,0.0,2
complete_case:06_correlation,"CLIN_primary_diagnosis.diagnoses_Lobular carcinoma, NOS",int64,0.0,2
complete_case:06_correlation,"CLIN_primary_diagnosis.diagnoses_Medullary carcinoma, NOS",int64,0.0,2
complete_case:06_correlation,"CLIN_primary_diagnosis.diagnoses_Metaplastic carcinoma, NOS",int64,0.0,2
complete_case:06_correlation,CLIN_primary_diagnosis.diagnoses_Mucinous adenocarcinoma,int64,0.0,2
complete_case:06_correlation,CLIN_primary_diagnosis.diagnoses_Paget disease and infiltrating duct carcinoma of breast,int64,0.0,2
complete_case:06_correlation,"CLIN_primary_diagnosis.diagnoses_Papillary carcinoma, NOS",int64,0.0,1
complete_case:06_correlation,"CLIN_primary_diagnosis.diagnoses_Phyllodes tumor, malignant",int64,0.0,1
complete_case:06_correlation,CLIN_primary_diagnosis.diagnoses_Pleomorphic carcinoma,int64,0.0,2
complete_case:06_correlation,CLIN_primary_diagnosis.diagnoses_Secretory carcinoma of breast,int64,0.0,1
complete_case:06_correlation,CLIN_primary_diagnosis.diagnoses_Tubular adenocarcinoma,int64,0.0,2
complete_case:06_correlation,CLIN_primary_diagnosis.diagnoses_missing,int64,0.0,1
complete_case:06_correlation,CLIN_prior_malignancy.diagnoses_missing,int64,0.0,2
complete_case:06_correlation,CLIN_prior_malignancy.diagnoses_no,int64,0.0,2
complete_case:06_correlation,CLIN_prior_malignancy.diagnoses_yes,int64,0.0,2
complete_case:06_correlation,CLIN_prior_treatment.diagnoses_No,int64,0.0,2
complete_case:06_correlation,CLIN_prior_treatment.diagnoses_Yes,int64,0.0,2
complete_case:06_correlation,CLIN_prior_treatment.diagnoses_missing,int64,0.0,2
complete_case:06_correlation,CLIN_ajcc_staging_system_edition.diagnoses_3rd,int64,0.0,2
complete_case:06_correlation,CLIN_ajcc_staging_system_edition.diagnoses_4th,int64,0.0,2
complete_case:06_correlation,CLIN_ajcc_staging_system_edition.diagnoses_5th,int64,0.0,2
complete_case:06_correlation,CLIN_ajcc_staging_system_edition.diagnoses_6th,int64,0.0,2
complete_case:06_correlation,CLIN_ajcc_staging_system_edition.diagnoses_7th,int64,0.0,2
complete_case:06_correlation,CLIN_ajcc_staging_system_edition.diagnoses_missing,int64,0.0,2
complete_case:06_correlation,CLIN_ajcc_pathologic_t.diagnoses_T1,int64,0.0,2
complete_case:06_correlation,CLIN_ajcc_pathologic_t.diagnoses_T1a,int64,0.0,2
complete_case:06_correlation,CLIN_ajcc_pathologic_t.diagnoses_T1b,int64,0.0,2
complete_case:06_correlation,CLIN_ajcc_pathologic_t.diagnoses_T1c,int64,0.0,2
complete_case:06_correlation,CLIN_ajcc_pathologic_t.diagnoses_T2,int64,0.0,2
complete_case:06_correlation,CLIN_ajcc_pathologic_t.diagnoses_T2a,int64,0.0,2
complete_case:06_correlation,CLIN_ajcc_pathologic_t.diagnoses_T2b,int64,0.0,1
complete_case:06_correlation,CLIN_ajcc_pathologic_t.diagnoses_T3,int64,0.0,2
complete_case:06_correlation,CLIN_ajcc_pathologic_t.diagnoses_T3a,int64,0.0,1
complete_case:06_correlation,CLIN_ajcc_pathologic_t.diagnoses_T4,int64,0.0,2
complete_case:06_correlation,CLIN_ajcc_pathologic_t.diagnoses_T4b,int64,0.0,2
complete_case:06_correlation,CLIN_ajcc_pathologic_t.diagnoses_T4d,int64,0.0,2
complete_case:06_correlation,CLIN_ajcc_pathologic_t.diagnoses_TX,int64,0.0,2
complete_case:06_correlation,CLIN_ajcc_pathologic_t.diagnoses_missing,int64,0.0,1
complete_case:06_correlation,CLIN_morphology.diagnoses_8010/3,int64,0.0,2
complete_case:06_correlation,CLIN_morphology.diagnoses_8013/3,int64,0.0,2
complete_case:06_correlation,CLIN_morphology.diagnoses_8022/3,int64,0.0,2
complete_case:06_correlation,CLIN_morphology.diagnoses_8050/3,int64,0.0,1
complete_case:06_correlation,CLIN_morphology.diagnoses_8090/3,int64,0.0,1
complete_case:06_correlation,CLIN_morphology.diagnoses_8200/3,int64,0.0,1
complete_case:06_correlation,CLIN_morphology.diagnoses_8201/3,int64,0.0,1
complete_case:06_correlation,CLIN_morphology.diagnoses_8211/3,int64,0.0,2
complete_case:06_correlation,CLIN_morphology.diagnoses_8401/3,int64,0.0,1
complete_case:06_correlation,CLIN_morphology.diagnoses_8480/3,int64,0.0,2
complete_case:06_correlation,CLIN_morphology.diagnoses_8500/3,int64,0.0,2
complete_case:06_correlation,CLIN_morphology.diagnoses_8502/3,int64,0.0,1
complete_case:06_correlation,CLIN_morphology.diagnoses_8503/3,int64,0.0,2
complete_case:06_correlation,CLIN_morphology.diagnoses_8507/3,int64,0.0,2
complete_case:06_correlation,CLIN_morphology.diagnoses_8510/3,int64,0.0,2
complete_case:06_correlation,CLIN_morphology.diagnoses_8520/3,int64,0.0,2
complete_case:06_correlation,CLIN_morphology.diagnoses_8522/3,int64,0.0,2
complete_case:06_correlation,CLIN_morphology.diagnoses_8523/3,int64,0.0,2
complete_case:06_correlation,CLIN_morphology.diagnoses_8524/3,int64,0.0,2
complete_case:06_correlation,CLIN_morphology.diagnoses_8541/3,int64,0.0,2
complete_case:06_correlation,CLIN_morphology.diagnoses_8575/3,int64,0.0,2
complete_case:06_correlation,CLIN_morphology.diagnoses_9020/3,int64,0.0,1
complete_case:06_correlation,CLIN_morphology.diagnoses_missing,int64,0.0,1
complete_case:06_correlation,CLIN_ajcc_pathologic_n.diagnoses_N0,int64,0.0,2
complete_case:06_correlation,CLIN_ajcc_pathologic_n.diagnoses_N0 (i+),int64,0.0,2
complete_case:06_correlation,CLIN_ajcc_pathologic_n.diagnoses_N0 (i-),int64,0.0,2
complete_case:06_correlation,CLIN_ajcc_pathologic_n.diagnoses_N0 (mol+),int64,0.0,2
complete_case:06_correlation,CLIN_ajcc_pathologic_n.diagnoses_N1,int64,0.0,2
complete_case:06_correlation,CLIN_ajcc_pathologic_n.diagnoses_N1a,int64,0.0,2
complete_case:06_correlation,CLIN_ajcc_pathologic_n.diagnoses_N1b,int64,0.0,2
complete_case:06_correlation,CLIN_ajcc_pathologic_n.diagnoses_N1c,int64,0.0,2
complete_case:06_correlation,CLIN_ajcc_pathologic_n.diagnoses_N1mi,int64,0.0,2
complete_case:06_correlation,CLIN_ajcc_pathologic_n.diagnoses_N2,int64,0.0,2
complete_case:06_correlation,CLIN_ajcc_pathologic_n.diagnoses_N2a,int64,0.0,2
complete_case:06_correlation,CLIN_ajcc_pathologic_n.diagnoses_N3,int64,0.0,2
complete_case:06_correlation,CLIN_ajcc_pathologic_n.diagnoses_N3a,int64,0.0,2
complete_case:06_correlation,CLIN_ajcc_pathologic_n.diagnoses_N3b,int64,0.0,2
complete_case:06_correlation,CLIN_ajcc_pathologic_n.diagnoses_N3c,int64,0.0,1
complete_case:06_correlation,CLIN_ajcc_pathologic_n.diagnoses_NX,int64,0.0,2
complete_case:06_correlation,CLIN_ajcc_pathologic_n.diagnoses_missing,int64,0.0,1
complete_case:06_correlation,CLIN_ajcc_pathologic_m.diagnoses_M0,int64,0.0,2
complete_case:06_correlation,CLIN_ajcc_pathologic_m.diagnoses_M1,int64,0.0,2
complete_case:06_correlation,CLIN_ajcc_pathologic_m.diagnoses_MX,int64,0.0,2
complete_case:06_correlation,CLIN_ajcc_pathologic_m.diagnoses_cM0 (i+),int64,0.0,2
complete_case:06_correlation,CLIN_ajcc_pathologic_m.diagnoses_missing,int64,0.0,1
complete_case:06_correlation,"CLIN_treatment_or_therapy.treatments.diagnoses_['no', 'no']",int64,0.0,2
complete_case:06_correlation,"CLIN_treatment_or_therapy.treatments.diagnoses_['no', 'not reported']",int64,0.0,1
complete_case:06_correlation,"CLIN_treatment_or_therapy.treatments.diagnoses_['no', 'yes']",int64,0.0,2
complete_case:06_correlation,"CLIN_treatment_or_therapy.treatments.diagnoses_['not reported', 'no']",int64,0.0,1
complete_case:06_correlation,"CLIN_treatment_or_therapy.treatments.diagnoses_['not reported', 'not reported']",int64,0.0,2
complete_case:06_correlation,"CLIN_treatment_or_therapy.treatments.diagnoses_['not reported', 'yes']",int64,0.0,2
complete_case:06_correlation,"CLIN_treatment_or_therapy.treatments.diagnoses_['yes', 'no']",int64,0.0,2
complete_case:06_correlation,"CLIN_treatment_or_therapy.treatments.diagnoses_['yes', 'not reported']",int64,0.0,2
complete_case:06_correlation,"CLIN_treatment_or_therapy.treatments.diagnoses_['yes', 'yes']",int64,0.0,2
complete_case:06_correlation,CLIN_treatment_or_therapy.treatments.diagnoses_missing,int64,0.0,1
complete_case:06_correlation,RNA_ENSG00000226246.1,float64,0.0,8
complete_case:06_correlation,RNA_ENSG00000250746.1,float64,0.0,26
complete_case:06_correlation,RNA_ENSG00000237023.1,float64,0.0,2
complete_case:06_correlation,RNA_ENSG00000239183.1,float64,0.0,4
complete_case:06_correlation,RNA_ENSG00000197658.9,float64,0.0,33
complete_case:06_correlation,RNA_ENSG00000275427.1,float64,0.0,11
complete_case:06_correlation,RNA_ENSG00000226317.3,float64,0.0,18
complete_case:06_correlation,RNA_ENSG00000232899.1,float64,0.0,2
complete_case:06_correlation,RNA_ENSG00000274766.2,float64,0.0,10
complete_case:06_correlation,RNA_ENSG00000185448.10,float64,0.0,16
complete_case:06_correlation,RNA_ENSG00000236385.1,float64,0.0,55
complete_case:06_correlation,RNA_ENSG00000199038.1,float64,0.0,17
complete_case:06_correlation,RNA_ENSG00000244564.2,float64,0.0,21
complete_case:06_correlation,RNA_ENSG00000251493.5,float64,0.0,139
complete_case:06_correlation,RNA_ENSG00000258933.1,float64,0.0,8
complete_case:06_correlation,RNA_ENSG00000273716.2,float64,0.0,27
complete_case:06_correlation,RNA_ENSG00000261608.1,float64,0.0,4
complete_case:06_correlation,RNA_ENSG00000262181.2,float64,0.0,4
complete_case:06_correlation,RNA_ENSG00000204429.4,float64,0.0,47
complete_case:06_correlation,RNA_ENSG00000162772.17,float64,0.0,495
complete_case:06_correlation,RNA_ENSG00000272254.1,float64,0.0,19
complete_case:06_correlation,RNA_ENSG00000125740.14,float64,0.0,483
complete_case:06_correlation,RNA_ENSG00000007908.16,float64,0.0,416
complete_case:06_correlation,RNA_ENSG00000058668.15,float64,0.0,518
complete_case:06_correlation,RNA_ENSG00000168497.5,float64,0.0,393
complete_case:06_correlation,RNA_ENSG00000142871.18,float64,0.0,523
complete_case:06_correlation,RNA_ENSG00000234176.1,float64,0.0,96
complete_case:06_correlation,RNA_ENSG00000217130.1,float64,0.0,73
complete_case:06_correlation,RNA_ENSG00000284630.1,float64,0.0,28
complete_case:06_correlation,RNA_ENSG00000016602.9,float64,0.0,96
complete_case:06_correlation,RNA_ENSG00000169508.7,float64,0.0,450
complete_case:06_correlation,RNA_ENSG00000172403.11,float64,0.0,515
complete_case:06_correlation,RNA_ENSG00000258429.2,float64,0.0,83
complete_case:06_correlation,RNA_ENSG00000237248.5,float64,0.0,132
complete_case:06_correlation,RNA_ENSG00000100814.18,float64,0.0,483
complete_case:06_correlation,RNA_ENSG00000146540.15,float64,0.0,511
complete_case:06_correlation,RNA_ENSG00000284669.1,float64,0.0,118
complete_case:06_correlation,RNA_ENSG00000266315.1,float64,0.0,24
complete_case:06_correlation,RNA_ENSG00000137193.14,float64,0.0,482
complete_case:06_correlation,RNA_ENSG00000011523.14,float64,0.0,485
complete_case:06_correlation,RNA_ENSG00000158488.16,float64,0.0,265
complete_case:06_correlation,RNA_ENSG00000264589.4,float64,0.0,229
complete_case:06_correlation,RNA_ENSG00000271646.1,float64,0.0,278
complete_case:06_correlation,RNA_ENSG00000122733.12,float64,0.0,124
complete_case:06_correlation,RNA_ENSG00000273014.1,float64,0.0,192
complete_case:06_correlation,RNA_ENSG00000163739.5,float64,0.0,190
complete_case:06_correlation,RNA_ENSG00000134339.9,float64,0.0,249
complete_case:06_correlation,RNA_ENSG00000269404.7,float64,0.0,238
complete_case:06_correlation,RNA_ENSG00000286954.1,float64,0.0,21
complete_case:06_correlation,RNA_ENSG00000287447.1,float64,0.0,21
complete_case:06_correlation,CNV_ENSG00000273173.5,float64,0.0,11
complete_case:06_correlation,CNV_ENSG00000091831.24,float64,0.0,10
complete_case:06_correlation,CNV_ENSG00000224078.15,float64,0.0,11
complete_case:06_correlation,CNV_ENSG00000276610.1,float64,0.0,11
complete_case:06_correlation,CNV_ENSG00000239014.1,float64,0.0,11
complete_case:06_correlation,CNV_ENSG00000276314.1,float64,0.0,11
complete_case:06_correlation,CNV_ENSG00000206656.1,float64,0.0,12
complete_case:06_correlation,CNV_ENSG00000280118.3,float64,0.0,11
complete_case:06_correlation,CNV_ENSG00000214265.11,float64,0.0,11
complete_case:06_correlation,CNV_ENSG00000279192.1,float64,0.0,11
complete_case:06_correlation,CNV_ENSG00000241061.3,float64,0.0,11
complete_case:06_correlation,CNV_ENSG00000257647.1,float64,0.0,11
complete_case:06_correlation,CNV_ENSG00000274640.1,float64,0.0,11
complete_case:06_correlation,CNV_ENSG00000128739.23,float64,0.0,11
complete_case:06_correlation,CNV_ENSG00000242088.1,float64,0.0,11
complete_case:06_correlation,CNV_ENSG00000199833.1,float64,0.0,13
complete_case:06_correlation,CNV_ENSG00000199960.1,float64,0.0,13
complete_case:06_correlation,CNV_ENSG00000279735.2,float64,0.0,12
complete_case:06_correlation,CNV_ENSG00000207245.1,float64,0.0,12
complete_case:06_correlation,CNV_ENSG00000275127.1,float64,0.0,12
complete_case:06_correlation,CNV_ENSG00000207063.1,float64,0.0,11
complete_case:06_correlation,CNV_ENSG00000272460.1,float64,0.0,13
complete_case:06_correlation,CNV_ENSG00000200478.1,float64,0.0,13
complete_case:06_correlation,CNV_ENSG00000200726.1,float64,0.0,13
complete_case:06_correlation,CNV_ENSG00000201326.1,float64,0.0,13
complete_case:06_correlation,CNV_ENSG00000207263.1,float64,0.0,12
complete_case:06_correlation,CNV_ENSG00000200503.1,float64,0.0,13
complete_case:06_correlation,CNV_ENSG00000207001.1,float64,0.0,11
complete_case:06_correlation,CNV_ENSG00000278123.1,float64,0.0,12
complete_case:06_correlation,CNV_ENSG00000199712.1,float64,0.0,13
complete_case:06_correlation,CNV_ENSG00000199311.1,float64,0.0,13
complete_case:06_correlation,CNV_ENSG00000145743.17,float64,0.0,10
complete_case:06_correlation,CNV_ENSG00000275524.1,float64,0.0,13
complete_case:06_correlation,CNV_ENSG00000212528.1,float64,0.0,11
complete_case:06_correlation,CNV_ENSG00000199489.1,float64,0.0,13
complete_case:06_correlation,CNV_ENSG00000239169.1,float64,0.0,11
complete_case:06_correlation,CNV_ENSG00000200949.1,float64,0.0,13
complete_case:06_correlation,CNV_ENSG00000200801.1,float64,0.0,13
complete_case:06_correlation,CNV_ENSG00000201300.1,float64,0.0,13
complete_case:06_correlation,CNV_ENSG00000200987.1,float64,0.0,13
complete_case:06_correlation,CNV_ENSG00000277785.1,float64,0.0,12
complete_case:06_correlation,CNV_ENSG00000212428.1,float64,0.0,12
complete_case:06_correlation,CNV_ENSG00000207279.1,float64,0.0,12
complete_case:06_correlation,CNV_ENSG00000280225.1,float64,0.0,9
complete_case:06_correlation,CNV_ENSG00000278715.1,float64,0.0,12
complete_case:06_correlation,CNV_ENSG00000252277.1,float64,0.0,12
complete_case:06_correlation,CNV_ENSG00000235368.1,float64,0.0,9
complete_case:06_correlation,CNV_ENSG00000200564.1,float64,0.0,13
complete_case:06_correlation,CNV_ENSG00000261069.3,float64,0.0,12
complete_case:06_correlation,CNV_ENSG00000278089.1,float64,0.0,13
complete_case:06_correlation,MUT_MAML2,int64,0.0,2
complete_case:06_correlation,MUT_ABR,int64,0.0,2
complete_case:06_correlation,MUT_EPPK1,int64,0.0,2
complete_case:06_correlation,MUT_CR1,int64,0.0,2
complete_case:06_correlation,MUT_SLC26A9,int64,0.0,2
complete_case:06_correlation,MUT_ITGAV,int64,0.0,2
complete_case:06_correlation,MUT_NOS1,int64,0.0,2
complete_case:06_correlation,MUT_ITSN2,int64,0.0,2
complete_case:06_correlation,MUT_KALRN,int64,0.0,2
complete_case:06_correlation,MUT_NBPF11,int64,0.0,2
complete_case:06_correlation,MUT_CACNA1S,int64,0.0,2
complete_case:06_correlation,MUT_ADAMTS20,int64,0.0,2
complete_case:06_correlation,MUT_PTCHD3,int64,0.0,2
complete_case:06_correlation,MUT_DOCK9,int64,0.0,2
complete_case:06_correlation,MUT_GRIPAP1,int64,0.0,2
complete_case:06_correlation,MUT_LRP6,int64,0.0,2
complete_case:06_correlation,MUT_FCRL5,int64,0.0,2
complete_case:06_correlation,MUT_PIKFYVE,int64,0.0,2
complete_case:06_correlation,MUT_RBM26,int64,0.0,2
complete_case:06_correlation,MUT_AP3B1,int64,0.0,2
complete_case:06_correlation,MUT_NLGN4X,int64,0.0,2
complete_case:06_correlation,MUT_TDRD5,int64,0.0,2
complete_case:06_correlation,MUT_CEP95,int64,0.0,2
complete_case:06_correlation,MUT_GBE1,int64,0.0,2
complete_case:06_correlation,MUT_SRRM2,int64,0.0,2
complete_case:06_correlation,MUT_PIK3CB,int64,0.0,2
complete_case:06_correlation,MUT_TMC2,int64,0.0,2
complete_case:06_correlation,MUT_GOLGA4,int64,0.0,2
complete_case:06_correlation,MUT_GIMAP8,int64,0.0,2
complete_case:06_correlation,MUT_SBF2,int64,0.0,2
complete_case:06_correlation,MUT_MELTF,int64,0.0,2
complete_case:06_correlation,MUT_EFCAB6,int64,0.0,2
complete_case:06_correlation,MUT_ZEB1,int64,0.0,2
complete_case:06_correlation,MUT_GPS2,int64,0.0,2
complete_case:06_correlation,MUT_USP34,int64,0.0,2
complete_case:06_correlation,MUT_IGSF10,int64,0.0,2
complete_case:06_correlation,MUT_NIN,int64,0.0,2
complete_case:06_correlation,MUT_SLC9A8,int64,0.0,2
complete_case:06_correlation,MUT_ABCA6,int64,0.0,2
complete_case:06_correlation,MUT_FMN2,int64,0.0,2
complete_case:06_correlation,MUT_DOCK11,int64,0.0,2
complete_case:06_correlation,MUT_SALL4,int64,0.0,2
complete_case:06_correlation,MUT_RUNX1T1,int64,0.0,2
complete_case:06_correlation,MUT_PTPRT,int64,0.0,2
complete_case:06_correlation,MUT_KIT,int64,0.0,2
complete_case:06_correlation,MUT_WRN,int64,0.0,2
complete_case:06_correlation,MUT_ZNF658,int64,0.0,2
complete_case:06_correlation,MUT_AKAP4,int64,0.0,2
complete_case:06_correlation,MUT_MYO16,int64,0.0,2
complete_case:06_correlation,MUT_CNTN4,int64,0.0,2
complete_case:06_correlation,PROT_TUBERIN_pT1462,float64,0.0,525
complete_case:06_correlation,PROT_TUBERIN,float64,0.0,524
complete_case:06_correlation,PROT_PAX8,float64,0.0,511
complete_case:06_correlation,PROT_PAXILLIN,float64,0.0,526
complete_case:06_correlation,PROT_Aurora-ABC_pT288_pT232_pT198,float64,0.0,510
complete_case:06_correlation,PROT_CYCLINB1,float64,0.0,524
complete_case:06_correlation,PROT_Gli1,float64,0.0,510
complete_case:06_correlation,PROT_PRC1_pT481,float64,0.0,509
complete_case:06_correlation,PROT_DNA-Ligase-IV,float64,0.0,509
complete_case:06_correlation,PROT_P38_pT180Y182,float64,0.0,526
complete_case:06_correlation,PROT_Hexokinase-II,float64,0.0,511
complete_case:06_correlation,PROT_DVL3,float64,0.0,526
complete_case:06_correlation,PROT_SETD2,float64,0.0,524
complete_case:06_correlation,PROT_4EBP1_pT37T46,float64,0.0,525
complete_case:06_correlation,PROT_GSK3_pS9,float64,0.0,525
complete_case:06_correlation,PROT_Cdc42,float64,0.0,507
complete_case:06_correlation,PROT_PLC-gamma1,float64,0.0,510
complete_case:06_correlation,PROT_CD20,float64,0.0,525
complete_case:06_correlation,PROT_c-IAP2,float64,0.0,509
complete_case:06_correlation,PROT_b-Actin,float64,0.0,510
complete_case:06_correlation,PROT_CLAUDIN7,float64,0.0,525
complete_case:06_correlation,PROT_Atg4B,float64,0.0,509
complete_case:06_correlation,PROT_DM-K9-Histone-H3,float64,0.0,509
complete_case:06_correlation,PROT_P70S6K1,float64,0.0,524
complete_case:06_correlation,PROT_RPA32,float64,0.0,508
complete_case:06_correlation,PROT_Slfn11,float64,0.0,509
complete_case:06_correlation,PROT_Jagged1,float64,0.0,505
complete_case:06_correlation,PROT_COG3,float64,0.0,524
complete_case:06_correlation,PROT_TIGAR,float64,0.0,526
complete_case:06_correlation,PROT_KU80,float64,0.0,525
complete_case:06_correlation,PROT_Aurora-A,float64,0.0,510
complete_case:06_correlation,PROT_BRAF,float64,0.0,525
complete_case:06_correlation,PROT_FAK_pY397,float64,0.0,508
complete_case:06_correlation,PROT_IGF1R_pY1135Y1136,float64,0.0,523
complete_case:06_correlation,PROT_SMAD4,float64,0.0,523
complete_case:06_correlation,PROT_CD45,float64,0.0,511
complete_case:06_correlation,PROT_Glucocorticoid-Receptor,float64,0.0,511
complete_case:06_correlation,PROT_p90RSK_pT573,float64,0.0,507
complete_case:06_correlation,PROT_4EBP1_pS65,float64,0.0,525
complete_case:06_correlation,PROT_MR1,float64,0.0,510
complete_case:06_correlation,PROT_PHLPP,float64,0.0,511
complete_case:06_correlation,PROT_DDR1,float64,0.0,511
complete_case:06_correlation,PROT_EIF4G,float64,0.0,525
complete_case:06_correlation,PROT_ATP5A,float64,0.0,510
complete_case:06_correlation,PROT_STAT3_pY705,float64,0.0,526
complete_case:06_correlation,PROT_ZAP-70,float64,0.0,510
complete_case:06_correlation,PROT_RBM15,float64,0.0,525
complete_case:06_correlation,PROT_COLLAGENVI,float64,0.0,526
complete_case:06_correlation,PROT_GSK3ALPHABETA_pS21S9,float64,0.0,524
complete_case:06_correlation,PROT_RB_pS807S811,float64,0.0,525
complete_case:06_correlation,METH_cg12379948,float64,0.0,526
complete_case:06_correlation,METH_cg07723251,float64,0.0,526
complete_case:06_correlation,METH_cg17573813,float64,0.0,526
complete_case:06_correlation,METH_cg03752203,float64,0.0,505
complete_case:06_correlation,METH_cg21634064,float64,0.0,526
complete_case:06_correlation,METH_cg01962969,float64,0.0,526
complete_case:06_correlation,METH_cg13590966,float64,0.0,510
complete_case:06_correlation,METH_cg02221115,float64,0.0,526
complete_case:06_correlation,METH_cg06688733,float64,0.0,526
complete_case:06_correlation,METH_cg04933208,float64,0.0,526
complete_case:06_correlation,METH_cg05619116,float64,0.0,525
complete_case:06_correlation,METH_cg17178175,float64,0.0,519
complete_case:06_correlation,METH_cg00101629,float64,0.0,470
complete_case:06_correlation,METH_cg23692472,float64,0.0,482
complete_case:06_correlation,METH_cg26625629,float64,0.0,526
complete_case:06_correlation,METH_cg03612333,float64,0.0,431
complete_case:06_correlation,METH_cg19002907,float64,0.0,526
complete_case:06_correlation,METH_cg24755053,float64,0.0,526
complete_case:06_correlation,METH_cg13800349,float64,0.0,526
complete_case:06_correlation,METH_cg13307782,float64,0.0,501
complete_case:06_correlation,METH_cg03722396,float64,0.0,524
complete_case:06_correlation,METH_cg09410871,float64,0.0,525
complete_case:06_correlation,METH_cg22824635,float64,0.0,525
complete_case:06_correlation,METH_cg08450091,float64,0.0,515
complete_case:06_correlation,METH_cg12503575,float64,0.0,526
complete_case:06_correlation,METH_cg07646714,float64,0.0,526
complete_case:06_correlation,METH_cg27556136,float64,0.0,526
complete_case:06_correlation,METH_cg10441070,float64,0.0,526
complete_case:06_correlation,METH_cg25122233,float64,0.0,526
complete_case:06_correlation,METH_cg07276379,float64,0.0,526
complete_case:06_correlation,METH_cg24613083,float64,0.0,526
complete_case:06_correlation,METH_cg13119182,float64,0.0,526
complete_case:06_correlation,METH_cg08079376,float64,0.0,526
complete_case:06_correlation,METH_cg10240356,float64,0.0,526
complete_case:06_correlation,METH_cg06870531,float64,0.0,526
complete_case:06_correlation,METH_cg06717750,float64,0.0,526
complete_case:06_correlation,METH_cg26983544,float64,0.0,512
complete_case:06_correlation,METH_cg22151179,float64,0.0,526
complete_case:06_correlation,METH_cg27054144,float64,0.0,520
complete_case:06_correlation,METH_cg01435643,float64,0.0,526
complete_case:06_correlation,METH_cg13680188,float64,0.0,526
complete_case:06_correlation,METH_cg14094521,float64,0.0,508
complete_case:06_correlation,METH_cg02776251,float64,0.0,526
complete_case:06_correlation,METH_cg26401825,float64,0.0,526
complete_case:06_correlation,METH_cg11228682,float64,0.0,423
complete_case:06_correlation,METH_cg25207147,float64,0.0,526
complete_case:06_correlation,METH_cg19851563,float64,0.0,526
complete_case:06_correlation,METH_cg23051349,float64,0.0,526
complete_case:06_correlation,METH_cg24239882,float64,0.0,526
complete_case:06_correlation,METH_cg06267617,float64,0.0,526
complete_case:06_correlation,MIRNA_hsa-mir-592,float64,0.0,501
complete_case:06_correlation,MIRNA_hsa-mir-4326,float64,0.0,464
complete_case:06_correlation,MIRNA_hsa-mir-181a-1,float64,0.0,526
complete_case:06_correlation,MIRNA_hsa-let-7e,float64,0.0,526
complete_case:06_correlation,MIRNA_hsa-mir-664a,float64,0.0,526
complete_case:06_correlation,MIRNA_hsa-mir-103a-1,float64,0.0,526
complete_case:06_correlation,MIRNA_hsa-mir-99a,float64,0.0,526
complete_case:06_correlation,MIRNA_hsa-mir-202,float64,0.0,368
complete_case:06_correlation,MIRNA_hsa-mir-326,float64,0.0,523
complete_case:06_correlation,MIRNA_hsa-mir-101-1,float64,0.0,526
complete_case:06_correlation,MIRNA_hsa-mir-374c,float64,0.0,215
complete_case:06_correlation,MIRNA_hsa-mir-379,float64,0.0,526
complete_case:06_correlation,MIRNA_hsa-mir-101-2,float64,0.0,526
complete_case:06_correlation,MIRNA_hsa-mir-125b-2,float64,0.0,526
complete_case:06_correlation,MIRNA_hsa-mir-1258,float64,0.0,419
complete_case:06_correlation,MIRNA_hsa-mir-134,float64,0.0,526
complete_case:06_correlation,MIRNA_hsa-mir-195,float64,0.0,526
complete_case:06_correlation,MIRNA_hsa-let-7c,float64,0.0,526
complete_case:06_correlation,MIRNA_hsa-mir-411,float64,0.0,519
complete_case:06_correlation,MIRNA_hsa-mir-215,float64,0.0,522
complete_case:06_correlation,MIRNA_hsa-mir-424,float64,0.0,526
complete_case:06_correlation,MIRNA_hsa-mir-3607,float64,0.0,526
complete_case:06_correlation,MIRNA_hsa-mir-1254-2,float64,0.0,343
complete_case:06_correlation,MIRNA_hsa-mir-378c,float64,0.0,523
complete_case:06_correlation,MIRNA_hsa-mir-125b-1,float64,0.0,526
complete_case:06_correlation,MIRNA_hsa-mir-143,float64,0.0,526
complete_case:06_correlation,MIRNA_hsa-mir-551b,float64,0.0,445
complete_case:06_correlation,MIRNA_hsa-mir-127,float64,0.0,526
complete_case:06_correlation,MIRNA_hsa-mir-30e,float64,0.0,526
complete_case:06_correlation,MIRNA_hsa-mir-3926-1,float64,0.0,387
complete_case:06_correlation,MIRNA_hsa-mir-363,float64,0.0,523
complete_case:06_correlation,MIRNA_hsa-mir-31,float64,0.0,499
complete_case:06_correlation,MIRNA_hsa-mir-758,float64,0.0,526
complete_case:06_correlation,MIRNA_hsa-mir-6815,float64,0.0,283
complete_case:06_correlation,MIRNA_hsa-mir-548aw,float64,0.0,312
complete_case:06_correlation,MIRNA_hsa-mir-940,float64,0.0,511
complete_case:06_correlation,MIRNA_hsa-mir-676,float64,0.0,415
complete_case:06_correlation,MIRNA_hsa-mir-4780,float64,0.0,97
complete_case:06_correlation,MIRNA_hsa-mir-103a-2,float64,0.0,526
complete_case:06_correlation,MIRNA_hsa-mir-1247,float64,0.0,523
complete_case:06_correlation,MIRNA_hsa-mir-3130-1,float64,0.0,486
complete_case:06_correlation,MIRNA_hsa-mir-150,float64,0.0,526
complete_case:06_correlation,MIRNA_hsa-mir-100,float64,0.0,526
complete_case:06_correlation,MIRNA_hsa-mir-497,float64,0.0,526
complete_case:06_correlation,MIRNA_hsa-mir-15a,float64,0.0,526
complete_case:06_correlation,MIRNA_hsa-mir-450b,float64,0.0,526
complete_case:06_correlation,MIRNA_hsa-mir-652,float64,0.0,526
complete_case:06_correlation,MIRNA_hsa-mir-26a-1,float64,0.0,526
complete_case:06_correlation,MIRNA_hsa-mir-26a-2,float64,0.0,526
complete_case:06_correlation,MIRNA_hsa-mir-496,float64,0.0,497
complete_case:06_correlation,OS,int64,0.0,2
complete_case:06_correlation,OS.time,float64,0.0,469
complete_case:07_top_correlated,Unnamed: 0,object,0.0,526
complete_case:07_top_correlated,CLIN_gender.demographic,float64,0.0,2
complete_case:07_top_correlated,CLIN_age_at_index.demographic,float64,0.0,63
complete_case:07_top_correlated,CLIN_tumor_descriptor.samples,int64,0.0,1
complete_case:07_top_correlated,CLIN_disease_type_Adenomas and Adenocarcinomas,int64,0.0,2
complete_case:07_top_correlated,CLIN_disease_type_Adnexal and Skin Appendage Neoplasms,int64,0.0,1
complete_case:07_top_correlated,CLIN_disease_type_Basal Cell Neoplasms,int64,0.0,1
complete_case:07_top_correlated,CLIN_disease_type_Complex Epithelial Neoplasms,int64,0.0,2
complete_case:07_top_correlated,"CLIN_disease_type_Cystic, Mucinous and Serous Neoplasms",int64,0.0,2
complete_case:07_top_correlated,CLIN_disease_type_Ductal and Lobular Neoplasms,int64,0.0,2
complete_case:07_top_correlated,"CLIN_disease_type_Epithelial Neoplasms, NOS",int64,0.0,2
complete_case:07_top_correlated,CLIN_disease_type_Fibroepithelial Neoplasms,int64,0.0,1
complete_case:07_top_correlated,CLIN_disease_type_Squamous Cell Neoplasms,int64,0.0,1
complete_case:07_top_correlated,CLIN_race.demographic_american indian or alaska native,int64,0.0,2
complete_case:07_top_correlated,CLIN_race.demographic_asian,int64,0.0,2
complete_case:07_top_correlated,CLIN_race.demographic_black or african american,int64,0.0,2
complete_case:07_top_correlated,CLIN_race.demographic_missing,int64,0.0,2
complete_case:07_top_correlated,CLIN_race.demographic_white,int64,0.0,2
complete_case:07_top_correlated,CLIN_ethnicity.demographic_hispanic or latino,int64,0.0,2
complete_case:07_top_correlated,CLIN_ethnicity.demographic_missing,int64,0.0,2
complete_case:07_top_correlated,CLIN_ethnicity.demographic_not hispanic or latino,int64,0.0,2
complete_case:07_top_correlated,CLIN_ajcc_pathologic_stage.diagnoses_Stage I,int64,0.0,2
complete_case:07_top_correlated,CLIN_ajcc_pathologic_stage.diagnoses_Stage IA,int64,0.0,2
complete_case:07_top_correlated,CLIN_ajcc_pathologic_stage.diagnoses_Stage IB,int64,0.0,2
complete_case:07_top_correlated,CLIN_ajcc_pathologic_stage.diagnoses_Stage II,int64,0.0,2
complete_case:07_top_correlated,CLIN_ajcc_pathologic_stage.diagnoses_Stage IIA,int64,0.0,2
complete_case:07_top_correlated,CLIN_ajcc_pathologic_stage.diagnoses_Stage IIB,int64,0.0,2
complete_case:07_top_correlated,CLIN_ajcc_pathologic_stage.diagnoses_Stage III,int64,0.0,2
complete_case:07_top_correlated,CLIN_ajcc_pathologic_stage.diagnoses_Stage IIIA,int64,0.0,2
complete_case:07_top_correlated,CLIN_ajcc_pathologic_stage.diagnoses_Stage IIIB,int64,0.0,2
complete_case:07_top_correlated,CLIN_ajcc_pathologic_stage.diagnoses_Stage IIIC,int64,0.0,2
complete_case:07_top_correlated,CLIN_ajcc_pathologic_stage.diagnoses_Stage IV,int64,0.0,2
complete_case:07_top_correlated,CLIN_ajcc_pathologic_stage.diagnoses_Stage X,int64,0.0,2
complete_case:07_top_correlated,CLIN_ajcc_pathologic_stage.diagnoses_missing,int64,0.0,2
complete_case:07_top_correlated,"CLIN_tissue_or_organ_of_origin.diagnoses_Breast, NOS",int64,0.0,2
complete_case:07_top_correlated,CLIN_tissue_or_organ_of_origin.diagnoses_Lower-inner quadrant of breast,int64,0.0,1
complete_case:07_top_correlated,CLIN_tissue_or_organ_of_origin.diagnoses_Lower-outer quadrant of breast,int64,0.0,1
complete_case:07_top_correlated,CLIN_tissue_or_organ_of_origin.diagnoses_Overlapping lesion of breast,int64,0.0,2
complete_case:07_top_correlated,CLIN_tissue_or_organ_of_origin.diagnoses_Upper-inner quadrant of breast,int64,0.0,2
complete_case:07_top_correlated,CLIN_tissue_or_organ_of_origin.diagnoses_Upper-outer quadrant of breast,int64,0.0,1
complete_case:07_top_correlated,CLIN_tissue_or_organ_of_origin.diagnoses_missing,int64,0.0,1
complete_case:07_top_correlated,CLIN_primary_diagnosis.diagnoses_Adenoid cystic carcinoma,int64,0.0,1
complete_case:07_top_correlated,CLIN_primary_diagnosis.diagnoses_Apocrine adenocarcinoma,int64,0.0,1
complete_case:07_top_correlated,"CLIN_primary_diagnosis.diagnoses_Basal cell carcinoma, NOS",int64,0.0,1
complete_case:07_top_correlated,"CLIN_primary_diagnosis.diagnoses_Carcinoma, NOS",int64,0.0,2
complete_case:07_top_correlated,"CLIN_primary_diagnosis.diagnoses_Cribriform carcinoma, NOS",int64,0.0,1
complete_case:07_top_correlated,CLIN_primary_diagnosis.diagnoses_Infiltrating duct and lobular carcinoma,int64,0.0,2
complete_case:07_top_correlated,"CLIN_primary_diagnosis.diagnoses_Infiltrating duct carcinoma, NOS",int64,0.0,2
complete_case:07_top_correlated,CLIN_primary_diagnosis.diagnoses_Infiltrating duct mixed with other types of carcinoma,int64,0.0,2
complete_case:07_top_correlated,CLIN_primary_diagnosis.diagnoses_Infiltrating lobular mixed with other types of carcinoma,int64,0.0,2
complete_case:07_top_correlated,CLIN_primary_diagnosis.diagnoses_Intraductal micropapillary carcinoma,int64,0.0,2
complete_case:07_top_correlated,CLIN_primary_diagnosis.diagnoses_Intraductal papillary adenocarcinoma with invasion,int64,0.0,2
complete_case:07_top_correlated,CLIN_primary_diagnosis.diagnoses_Large cell neuroendocrine carcinoma,int64,0.0,2
complete_case:07_top_correlated,"CLIN_primary_diagnosis.diagnoses_Lobular carcinoma, NOS",int64,0.0,2
complete_case:07_top_correlated,"CLIN_primary_diagnosis.diagnoses_Medullary carcinoma, NOS",int64,0.0,2
complete_case:07_top_correlated,"CLIN_primary_diagnosis.diagnoses_Metaplastic carcinoma, NOS",int64,0.0,2
complete_case:07_top_correlated,CLIN_primary_diagnosis.diagnoses_Mucinous adenocarcinoma,int64,0.0,2
complete_case:07_top_correlated,CLIN_primary_diagnosis.diagnoses_Paget disease and infiltrating duct carcinoma of breast,int64,0.0,2
complete_case:07_top_correlated,"CLIN_primary_diagnosis.diagnoses_Papillary carcinoma, NOS",int64,0.0,1
complete_case:07_top_correlated,"CLIN_primary_diagnosis.diagnoses_Phyllodes tumor, malignant",int64,0.0,1
complete_case:07_top_correlated,CLIN_primary_diagnosis.diagnoses_Pleomorphic carcinoma,int64,0.0,2
complete_case:07_top_correlated,CLIN_primary_diagnosis.diagnoses_Secretory carcinoma of breast,int64,0.0,1
complete_case:07_top_correlated,CLIN_primary_diagnosis.diagnoses_Tubular adenocarcinoma,int64,0.0,2
complete_case:07_top_correlated,CLIN_primary_diagnosis.diagnoses_missing,int64,0.0,1
complete_case:07_top_correlated,CLIN_prior_malignancy.diagnoses_missing,int64,0.0,2
complete_case:07_top_correlated,CLIN_prior_malignancy.diagnoses_no,int64,0.0,2
complete_case:07_top_correlated,CLIN_prior_malignancy.diagnoses_yes,int64,0.0,2
complete_case:07_top_correlated,CLIN_prior_treatment.diagnoses_No,int64,0.0,2
complete_case:07_top_correlated,CLIN_prior_treatment.diagnoses_Yes,int64,0.0,2
complete_case:07_top_correlated,CLIN_prior_treatment.diagnoses_missing,int64,0.0,2
complete_case:07_top_correlated,CLIN_ajcc_staging_system_edition.diagnoses_3rd,int64,0.0,2
complete_case:07_top_correlated,CLIN_ajcc_staging_system_edition.diagnoses_4th,int64,0.0,2
complete_case:07_top_correlated,CLIN_ajcc_staging_system_edition.diagnoses_5th,int64,0.0,2
complete_case:07_top_correlated,CLIN_ajcc_staging_system_edition.diagnoses_6th,int64,0.0,2
complete_case:07_top_correlated,CLIN_ajcc_staging_system_edition.diagnoses_7th,int64,0.0,2
complete_case:07_top_correlated,CLIN_ajcc_staging_system_edition.diagnoses_missing,int64,0.0,2
complete_case:07_top_correlated,CLIN_ajcc_pathologic_t.diagnoses_T1,int64,0.0,2
complete_case:07_top_correlated,CLIN_ajcc_pathologic_t.diagnoses_T1a,int64,0.0,2
complete_case:07_top_correlated,CLIN_ajcc_pathologic_t.diagnoses_T1b,int64,0.0,2
complete_case:07_top_correlated,CLIN_ajcc_pathologic_t.diagnoses_T1c,int64,0.0,2
complete_case:07_top_correlated,CLIN_ajcc_pathologic_t.diagnoses_T2,int64,0.0,2
complete_case:07_top_correlated,CLIN_ajcc_pathologic_t.diagnoses_T2a,int64,0.0,2
complete_case:07_top_correlated,CLIN_ajcc_pathologic_t.diagnoses_T2b,int64,0.0,1
complete_case:07_top_correlated,CLIN_ajcc_pathologic_t.diagnoses_T3,int64,0.0,2
complete_case:07_top_correlated,CLIN_ajcc_pathologic_t.diagnoses_T3a,int64,0.0,1
complete_case:07_top_correlated,CLIN_ajcc_pathologic_t.diagnoses_T4,int64,0.0,2
complete_case:07_top_correlated,CLIN_ajcc_pathologic_t.diagnoses_T4b,int64,0.0,2
complete_case:07_top_correlated,CLIN_ajcc_pathologic_t.diagnoses_T4d,int64,0.0,2
complete_case:07_top_correlated,CLIN_ajcc_pathologic_t.diagnoses_TX,int64,0.0,2
complete_case:07_top_correlated,CLIN_ajcc_pathologic_t.diagnoses_missing,int64,0.0,1
complete_case:07_top_correlated,CLIN_morphology.diagnoses_8010/3,int64,0.0,2
complete_case:07_top_correlated,CLIN_morphology.diagnoses_8013/3,int64,0.0,2
complete_case:07_top_correlated,CLIN_morphology.diagnoses_8022/3,int64,0.0,2
complete_case:07_top_correlated,CLIN_morphology.diagnoses_8050/3,int64,0.0,1
complete_case:07_top_correlated,CLIN_morphology.diagnoses_8090/3,int64,0.0,1
complete_case:07_top_correlated,CLIN_morphology.diagnoses_8200/3,int64,0.0,1
complete_case:07_top_correlated,CLIN_morphology.diagnoses_8201/3,int64,0.0,1
complete_case:07_top_correlated,CLIN_morphology.diagnoses_8211/3,int64,0.0,2
complete_case:07_top_correlated,CLIN_morphology.diagnoses_8401/3,int64,0.0,1
complete_case:07_top_correlated,CLIN_morphology.diagnoses_8480/3,int64,0.0,2
complete_case:07_top_correlated,CLIN_morphology.diagnoses_8500/3,int64,0.0,2
complete_case:07_top_correlated,CLIN_morphology.diagnoses_8502/3,int64,0.0,1
complete_case:07_top_correlated,CLIN_morphology.diagnoses_8503/3,int64,0.0,2
complete_case:07_top_correlated,CLIN_morphology.diagnoses_8507/3,int64,0.0,2
complete_case:07_top_correlated,CLIN_morphology.diagnoses_8510/3,int64,0.0,2
complete_case:07_top_correlated,CLIN_morphology.diagnoses_8520/3,int64,0.0,2
complete_case:07_top_correlated,CLIN_morphology.diagnoses_8522/3,int64,0.0,2
complete_case:07_top_correlated,CLIN_morphology.diagnoses_8523/3,int64,0.0,2
complete_case:07_top_correlated,CLIN_morphology.diagnoses_8524/3,int64,0.0,2
complete_case:07_top_correlated,CLIN_morphology.diagnoses_8541/3,int64,0.0,2
complete_case:07_top_correlated,CLIN_morphology.diagnoses_8575/3,int64,0.0,2
complete_case:07_top_correlated,CLIN_morphology.diagnoses_9020/3,int64,0.0,1
complete_case:07_top_correlated,CLIN_morphology.diagnoses_missing,int64,0.0,1
complete_case:07_top_correlated,CLIN_ajcc_pathologic_n.diagnoses_N0,int64,0.0,2
complete_case:07_top_correlated,CLIN_ajcc_pathologic_n.diagnoses_N0 (i+),int64,0.0,2
complete_case:07_top_correlated,CLIN_ajcc_pathologic_n.diagnoses_N0 (i-),int64,0.0,2
complete_case:07_top_correlated,CLIN_ajcc_pathologic_n.diagnoses_N0 (mol+),int64,0.0,2
complete_case:07_top_correlated,CLIN_ajcc_pathologic_n.diagnoses_N1,int64,0.0,2
complete_case:07_top_correlated,CLIN_ajcc_pathologic_n.diagnoses_N1a,int64,0.0,2
complete_case:07_top_correlated,CLIN_ajcc_pathologic_n.diagnoses_N1b,int64,0.0,2
complete_case:07_top_correlated,CLIN_ajcc_pathologic_n.diagnoses_N1c,int64,0.0,2
complete_case:07_top_correlated,CLIN_ajcc_pathologic_n.diagnoses_N1mi,int64,0.0,2
complete_case:07_top_correlated,CLIN_ajcc_pathologic_n.diagnoses_N2,int64,0.0,2
complete_case:07_top_correlated,CLIN_ajcc_pathologic_n.diagnoses_N2a,int64,0.0,2
complete_case:07_top_correlated,CLIN_ajcc_pathologic_n.diagnoses_N3,int64,0.0,2
complete_case:07_top_correlated,CLIN_ajcc_pathologic_n.diagnoses_N3a,int64,0.0,2
complete_case:07_top_correlated,CLIN_ajcc_pathologic_n.diagnoses_N3b,int64,0.0,2
complete_case:07_top_correlated,CLIN_ajcc_pathologic_n.diagnoses_N3c,int64,0.0,1
complete_case:07_top_correlated,CLIN_ajcc_pathologic_n.diagnoses_NX,int64,0.0,2
complete_case:07_top_correlated,CLIN_ajcc_pathologic_n.diagnoses_missing,int64,0.0,1
complete_case:07_top_correlated,CLIN_ajcc_pathologic_m.diagnoses_M0,int64,0.0,2
complete_case:07_top_correlated,CLIN_ajcc_pathologic_m.diagnoses_M1,int64,0.0,2
complete_case:07_top_correlated,CLIN_ajcc_pathologic_m.diagnoses_MX,int64,0.0,2
complete_case:07_top_correlated,CLIN_ajcc_pathologic_m.diagnoses_cM0 (i+),int64,0.0,2
complete_case:07_top_correlated,CLIN_ajcc_pathologic_m.diagnoses_missing,int64,0.0,1
complete_case:07_top_correlated,"CLIN_treatment_or_therapy.treatments.diagnoses_['no', 'no']",int64,0.0,2
complete_case:07_top_correlated,"CLIN_treatment_or_therapy.treatments.diagnoses_['no', 'not reported']",int64,0.0,1
complete_case:07_top_correlated,"CLIN_treatment_or_therapy.treatments.diagnoses_['no', 'yes']",int64,0.0,2
complete_case:07_top_correlated,"CLIN_treatment_or_therapy.treatments.diagnoses_['not reported', 'no']",int64,0.0,1
complete_case:07_top_correlated,"CLIN_treatment_or_therapy.treatments.diagnoses_['not reported', 'not reported']",int64,0.0,2
complete_case:07_top_correlated,"CLIN_treatment_or_therapy.treatments.diagnoses_['not reported', 'yes']",int64,0.0,2
complete_case:07_top_correlated,"CLIN_treatment_or_therapy.treatments.diagnoses_['yes', 'no']",int64,0.0,2
complete_case:07_top_correlated,"CLIN_treatment_or_therapy.treatments.diagnoses_['yes', 'not reported']",int64,0.0,2
complete_case:07_top_correlated,"CLIN_treatment_or_therapy.treatments.diagnoses_['yes', 'yes']",int64,0.0,2
complete_case:07_top_correlated,CLIN_treatment_or_therapy.treatments.diagnoses_missing,int64,0.0,1
complete_case:07_top_correlated,RNA_ENSG00000132718.9,float64,0.0,466
complete_case:07_top_correlated,RNA_ENSG00000204429.4,float64,0.0,47
complete_case:07_top_correlated,RNA_ENSG00000162772.17,float64,0.0,495
complete_case:07_top_correlated,RNA_ENSG00000272254.1,float64,0.0,19
complete_case:07_top_correlated,RNA_ENSG00000125740.14,float64,0.0,483
complete_case:07_top_correlated,RNA_ENSG00000007908.16,float64,0.0,416
complete_case:07_top_correlated,RNA_ENSG00000058668.15,float64,0.0,518
complete_case:07_top_correlated,RNA_ENSG00000168497.5,float64,0.0,393
complete_case:07_top_correlated,RNA_ENSG00000142871.18,float64,0.0,523
complete_case:07_top_correlated,RNA_ENSG00000016602.9,float64,0.0,96
complete_case:07_top_correlated,RNA_ENSG00000169508.7,float64,0.0,450
complete_case:07_top_correlated,RNA_ENSG00000172403.11,float64,0.0,515
complete_case:07_top_correlated,RNA_ENSG00000237248.5,float64,0.0,132
complete_case:07_top_correlated,RNA_ENSG00000100814.18,float64,0.0,483
complete_case:07_top_correlated,RNA_ENSG00000284669.1,float64,0.0,118
complete_case:07_top_correlated,RNA_ENSG00000266315.1,float64,0.0,24
complete_case:07_top_correlated,RNA_ENSG00000137193.14,float64,0.0,482
complete_case:07_top_correlated,RNA_ENSG00000011523.14,float64,0.0,485
complete_case:07_top_correlated,RNA_ENSG00000158488.16,float64,0.0,265
complete_case:07_top_correlated,RNA_ENSG00000264589.4,float64,0.0,229
complete_case:07_top_correlated,RNA_ENSG00000271646.1,float64,0.0,278
complete_case:07_top_correlated,RNA_ENSG00000122733.12,float64,0.0,124
complete_case:07_top_correlated,RNA_ENSG00000273014.1,float64,0.0,192
complete_case:07_top_correlated,RNA_ENSG00000163739.5,float64,0.0,190
complete_case:07_top_correlated,RNA_ENSG00000134339.9,float64,0.0,249
complete_case:07_top_correlated,RNA_ENSG00000269404.7,float64,0.0,238
complete_case:07_top_correlated,RNA_ENSG00000287447.1,float64,0.0,21
complete_case:07_top_correlated,RNA_ENSG00000168065.16,float64,0.0,58
complete_case:07_top_correlated,RNA_ENSG00000159339.13,float64,0.0,51
complete_case:07_top_correlated,RNA_ENSG00000170989.10,float64,0.0,477
complete_case:07_top_correlated,RNA_ENSG00000111339.12,float64,0.0,102
complete_case:07_top_correlated,RNA_ENSG00000185950.9,float64,0.0,494
complete_case:07_top_correlated,RNA_ENSG00000287401.1,float64,0.0,102
complete_case:07_top_correlated,RNA_ENSG00000126861.5,float64,0.0,76
complete_case:07_top_correlated,RNA_ENSG00000145779.8,float64,0.0,472
complete_case:07_top_correlated,RNA_ENSG00000114446.5,float64,0.0,482
complete_case:07_top_correlated,RNA_ENSG00000279077.1,float64,0.0,23
complete_case:07_top_correlated,RNA_ENSG00000164946.20,float64,0.0,314
complete_case:07_top_correlated,RNA_ENSG00000225938.1,float64,0.0,49
complete_case:07_top_correlated,RNA_ENSG00000198918.8,float64,0.0,513
complete_case:07_top_correlated,RNA_ENSG00000200834.1,float64,0.0,12
complete_case:07_top_correlated,RNA_ENSG00000118507.17,float64,0.0,374
complete_case:07_top_correlated,RNA_ENSG00000163827.13,float64,0.0,145
complete_case:07_top_correlated,RNA_ENSG00000223274.6,float64,0.0,17
complete_case:07_top_correlated,RNA_ENSG00000124203.6,float64,0.0,263
complete_case:07_top_correlated,RNA_ENSG00000081059.20,float64,0.0,460
complete_case:07_top_correlated,RNA_ENSG00000197329.12,float64,0.0,491
complete_case:07_top_correlated,RNA_ENSG00000259831.1,float64,0.0,28
complete_case:07_top_correlated,RNA_ENSG00000148965.10,float64,0.0,39
complete_case:07_top_correlated,RNA_ENSG00000096968.14,float64,0.0,488
complete_case:07_top_correlated,CNV_ENSG00000257838.5,float64,0.0,11
complete_case:07_top_correlated,CNV_ENSG00000253198.1,float64,0.0,18
complete_case:07_top_correlated,CNV_ENSG00000253845.1,float64,0.0,18
complete_case:07_top_correlated,CNV_ENSG00000153443.13,float64,0.0,10
complete_case:07_top_correlated,CNV_ENSG00000269575.1,float64,0.0,13
complete_case:07_top_correlated,CNV_ENSG00000207397.1,float64,0.0,12
complete_case:07_top_correlated,CNV_ENSG00000269364.1,float64,0.0,12
complete_case:07_top_correlated,CNV_ENSG00000263955.2,float64,0.0,10
complete_case:07_top_correlated,CNV_ENSG00000269345.1,float64,0.0,13
complete_case:07_top_correlated,CNV_ENSG00000267872.1,float64,0.0,13
complete_case:07_top_correlated,CNV_ENSG00000102858.13,float64,0.0,10
complete_case:07_top_correlated,CNV_ENSG00000261442.1,float64,0.0,10
complete_case:07_top_correlated,CNV_ENSG00000103415.12,float64,0.0,10
complete_case:07_top_correlated,CNV_ENSG00000089486.17,float64,0.0,10
complete_case:07_top_correlated,CNV_ENSG00000196109.9,float64,0.0,13
complete_case:07_top_correlated,CNV_ENSG00000278700.1,float64,0.0,10
complete_case:07_top_correlated,CNV_ENSG00000282732.1,float64,0.0,13
complete_case:07_top_correlated,CNV_ENSG00000271149.1,float64,0.0,12
complete_case:07_top_correlated,CNV_ENSG00000261612.1,float64,0.0,10
complete_case:07_top_correlated,CNV_ENSG00000276641.1,float64,0.0,10
complete_case:07_top_correlated,CNV_ENSG00000268079.1,float64,0.0,13
complete_case:07_top_correlated,CNV_ENSG00000278434.1,float64,0.0,10
complete_case:07_top_correlated,CNV_ENSG00000269471.1,float64,0.0,14
complete_case:07_top_correlated,CNV_ENSG00000260599.1,float64,0.0,12
complete_case:07_top_correlated,CNV_ENSG00000205832.7,float64,0.0,10
complete_case:07_top_correlated,CNV_ENSG00000268140.1,float64,0.0,13
complete_case:07_top_correlated,CNV_ENSG00000261789.1,float64,0.0,10
complete_case:07_top_correlated,CNV_ENSG00000275515.1,float64,0.0,10
complete_case:07_top_correlated,CNV_ENSG00000286157.1,float64,0.0,12
complete_case:07_top_correlated,CNV_ENSG00000277440.1,float64,0.0,10
complete_case:07_top_correlated,CNV_ENSG00000283201.1,float64,0.0,14
complete_case:07_top_correlated,CNV_ENSG00000268116.1,float64,0.0,13
complete_case:07_top_correlated,CNV_ENSG00000153406.14,float64,0.0,10
complete_case:07_top_correlated,CNV_ENSG00000277170.1,float64,0.0,10
complete_case:07_top_correlated,CNV_ENSG00000268597.1,float64,0.0,13
complete_case:07_top_correlated,CNV_ENSG00000262246.6,float64,0.0,10
complete_case:07_top_correlated,CNV_ENSG00000269316.1,float64,0.0,12
complete_case:07_top_correlated,CNV_ENSG00000269025.2,float64,0.0,12
complete_case:07_top_correlated,CNV_ENSG00000262686.1,float64,0.0,10
complete_case:07_top_correlated,CNV_ENSG00000268823.2,float64,0.0,12
complete_case:07_top_correlated,CNV_ENSG00000268469.1,float64,0.0,14
complete_case:07_top_correlated,CNV_ENSG00000103423.14,float64,0.0,10
complete_case:07_top_correlated,CNV_ENSG00000254145.1,float64,0.0,17
complete_case:07_top_correlated,CNV_ENSG00000253748.2,float64,0.0,17
complete_case:07_top_correlated,CNV_ENSG00000269332.5,float64,0.0,12
complete_case:07_top_correlated,CNV_ENSG00000253195.2,float64,0.0,17
complete_case:07_top_correlated,CNV_ENSG00000269107.1,float64,0.0,15
complete_case:07_top_correlated,CNV_ENSG00000269505.2,float64,0.0,13
complete_case:07_top_correlated,CNV_ENSG00000168101.14,float64,0.0,10
complete_case:07_top_correlated,CNV_ENSG00000168096.15,float64,0.0,10
complete_case:07_top_correlated,MUT_GPS2,int64,0.0,2
complete_case:07_top_correlated,MUT_LYST,int64,0.0,2
complete_case:07_top_correlated,MUT_NRK,int64,0.0,2
complete_case:07_top_correlated,MUT_EPHB2,int64,0.0,2
complete_case:07_top_correlated,MUT_MUC4,int64,0.0,2
complete_case:07_top_correlated,MUT_PDXDC1,int64,0.0,2
complete_case:07_top_correlated,MUT_RUNX1,int64,0.0,2
complete_case:07_top_correlated,MUT_KCNH1,int64,0.0,2
complete_case:07_top_correlated,MUT_TBC1D31,int64,0.0,2
complete_case:07_top_correlated,MUT_ACACA,int64,0.0,2
complete_case:07_top_correlated,MUT_TARS2,int64,0.0,2
complete_case:07_top_correlated,MUT_ARHGEF40,int64,0.0,2
complete_case:07_top_correlated,MUT_UBR2,int64,0.0,2
complete_case:07_top_correlated,MUT_RPGR,int64,0.0,2
complete_case:07_top_correlated,MUT_POLR1A,int64,0.0,2
complete_case:07_top_correlated,MUT_SLCO1B3,int64,0.0,2
complete_case:07_top_correlated,MUT_LRP4,int64,0.0,2
complete_case:07_top_correlated,MUT_NID1,int64,0.0,2
complete_case:07_top_correlated,MUT_SDK1,int64,0.0,2
complete_case:07_top_correlated,MUT_FGD6,int64,0.0,2
complete_case:07_top_correlated,MUT_RTTN,int64,0.0,2
complete_case:07_top_correlated,MUT_BACH2,int64,0.0,2
complete_case:07_top_correlated,MUT_ANKRD30A,int64,0.0,2
complete_case:07_top_correlated,MUT_TRIM67,int64,0.0,2
complete_case:07_top_correlated,MUT_SPAG9,int64,0.0,2
complete_case:07_top_correlated,MUT_DAB1,int64,0.0,2
complete_case:07_top_correlated,MUT_UNC13B,int64,0.0,2
complete_case:07_top_correlated,MUT_SMARCA2,int64,0.0,2
complete_case:07_top_correlated,MUT_LRP2,int64,0.0,2
complete_case:07_top_correlated,MUT_PI4KA,int64,0.0,2
complete_case:07_top_correlated,MUT_CDKN1B,int64,0.0,2
complete_case:07_top_correlated,MUT_PCSK5,int64,0.0,2
complete_case:07_top_correlated,MUT_GPR179,int64,0.0,2
complete_case:07_top_correlated,MUT_ABCB1,int64,0.0,2
complete_case:07_top_correlated,MUT_ATG2A,int64,0.0,2
complete_case:07_top_correlated,MUT_SCN5A,int64,0.0,2
complete_case:07_top_correlated,MUT_UNC13A,int64,0.0,2
complete_case:07_top_correlated,MUT_LAMB3,int64,0.0,2
complete_case:07_top_correlated,MUT_GLI3,int64,0.0,2
complete_case:07_top_correlated,MUT_HECW2,int64,0.0,2
complete_case:07_top_correlated,MUT_LAMB2,int64,0.0,2
complete_case:07_top_correlated,MUT_SPG11,int64,0.0,2
complete_case:07_top_correlated,MUT_CPS1,int64,0.0,2
complete_case:07_top_correlated,MUT_SI,int64,0.0,2
complete_case:07_top_correlated,MUT_ATG2B,int64,0.0,2
complete_case:07_top_correlated,MUT_CHD3,int64,0.0,2
complete_case:07_top_correlated,MUT_HIVEP2,int64,0.0,2
complete_case:07_top_correlated,MUT_BAZ1A,int64,0.0,2
complete_case:07_top_correlated,MUT_ATP2B3,int64,0.0,2
complete_case:07_top_correlated,MUT_SHANK1,int64,0.0,2
complete_case:07_top_correlated,PROT_VEGFR2,float64,0.0,524
complete_case:07_top_correlated,PROT_SGK3,float64,0.0,509
complete_case:07_top_correlated,PROT_P38_pT180Y182,float64,0.0,526
complete_case:07_top_correlated,PROT_SETD2,float64,0.0,524
complete_case:07_top_correlated,PROT_Cdc42,float64,0.0,507
complete_case:07_top_correlated,PROT_CD20,float64,0.0,525
complete_case:07_top_correlated,PROT_c-IAP2,float64,0.0,509
complete_case:07_top_correlated,PROT_b-Actin,float64,0.0,510
complete_case:07_top_correlated,PROT_Atg4B,float64,0.0,509
complete_case:07_top_correlated,PROT_DM-K9-Histone-H3,float64,0.0,509
complete_case:07_top_correlated,PROT_RPA32,float64,0.0,508
complete_case:07_top_correlated,PROT_Slfn11,float64,0.0,509
complete_case:07_top_correlated,PROT_Jagged1,float64,0.0,505
complete_case:07_top_correlated,PROT_TIGAR,float64,0.0,526
complete_case:07_top_correlated,PROT_IGF1R_pY1135Y1136,float64,0.0,523
complete_case:07_top_correlated,PROT_SMAD4,float64,0.0,523
complete_case:07_top_correlated,PROT_CD45,float64,0.0,511
complete_case:07_top_correlated,PROT_Glucocorticoid-Receptor,float64,0.0,511
complete_case:07_top_correlated,PROT_MR1,float64,0.0,510
complete_case:07_top_correlated,PROT_ATP5A,float64,0.0,510
complete_case:07_top_correlated,PROT_STAT3_pY705,float64,0.0,526
complete_case:07_top_correlated,PROT_ZAP-70,float64,0.0,510
complete_case:07_top_correlated,PROT_COLLAGENVI,float64,0.0,526
complete_case:07_top_correlated,PROT_CASPASE7CLEAVEDD198,float64,0.0,526
complete_case:07_top_correlated,PROT_Coup-TFII,float64,0.0,510
complete_case:07_top_correlated,PROT_RAB11,float64,0.0,525
complete_case:07_top_correlated,PROT_DAPK2,float64,0.0,510
complete_case:07_top_correlated,PROT_CD26,float64,0.0,526
complete_case:07_top_correlated,PROT_MSI2,float64,0.0,510
complete_case:07_top_correlated,PROT_DIRAS3,float64,0.0,526
complete_case:07_top_correlated,PROT_Wee1_pS642,float64,0.0,510
complete_case:07_top_correlated,PROT_IDO,float64,0.0,509
complete_case:07_top_correlated,PROT_IL-6,float64,0.0,510
complete_case:07_top_correlated,PROT_RB,float64,0.0,525
complete_case:07_top_correlated,PROT_CD29,float64,0.0,509
complete_case:07_top_correlated,PROT_EGFR_pY1173,float64,0.0,524
complete_case:07_top_correlated,PROT_PEA15,float64,0.0,526
complete_case:07_top_correlated,PROT_ANNEXIN1,float64,0.0,525
complete_case:07_top_correlated,PROT_NCADHERIN,float64,0.0,525
complete_case:07_top_correlated,PROT_JNK_pT183Y185,float64,0.0,526
complete_case:07_top_correlated,PROT_UBQLN4,float64,0.0,505
complete_case:07_top_correlated,PROT_GCLM,float64,0.0,509
complete_case:07_top_correlated,PROT_PGM1,float64,0.0,510
complete_case:07_top_correlated,PROT_CKIT,float64,0.0,526
complete_case:07_top_correlated,PROT_PCADHERIN,float64,0.0,525
complete_case:07_top_correlated,PROT_BCL2A1,float64,0.0,525
complete_case:07_top_correlated,PROT_LCK,float64,0.0,524
complete_case:07_top_correlated,PROT_ETS1,float64,0.0,524
complete_case:07_top_correlated,PROT_PAR,float64,0.0,510
complete_case:07_top_correlated,PROT_Atg7,float64,0.0,507
complete_case:07_top_correlated,METH_cg05619116,float64,0.0,525
complete_case:07_top_correlated,METH_cg17178175,float64,0.0,519
complete_case:07_top_correlated,METH_cg00101629,float64,0.0,470
complete_case:07_top_correlated,METH_cg23692472,float64,0.0,482
complete_case:07_top_correlated,METH_cg03612333,float64,0.0,431
complete_case:07_top_correlated,METH_cg19002907,float64,0.0,526
complete_case:07_top_correlated,METH_cg24755053,float64,0.0,526
complete_case:07_top_correlated,METH_cg13800349,float64,0.0,526
complete_case:07_top_correlated,METH_cg13307782,float64,0.0,501
complete_case:07_top_correlated,METH_cg09410871,float64,0.0,525
complete_case:07_top_correlated,METH_cg22824635,float64,0.0,525
complete_case:07_top_correlated,METH_cg08450091,float64,0.0,515
complete_case:07_top_correlated,METH_cg27556136,float64,0.0,526
complete_case:07_top_correlated,METH_cg10441070,float64,0.0,526
complete_case:07_top_correlated,METH_cg25122233,float64,0.0,526
complete_case:07_top_correlated,METH_cg13119182,float64,0.0,526
complete_case:07_top_correlated,METH_cg08079376,float64,0.0,526
complete_case:07_top_correlated,METH_cg10240356,float64,0.0,526
complete_case:07_top_correlated,METH_cg06870531,float64,0.0,526
complete_case:07_top_correlated,METH_cg06717750,float64,0.0,526
complete_case:07_top_correlated,METH_cg26983544,float64,0.0,512
complete_case:07_top_correlated,METH_cg22151179,float64,0.0,526
complete_case:07_top_correlated,METH_cg27054144,float64,0.0,520
complete_case:07_top_correlated,METH_cg01435643,float64,0.0,526
complete_case:07_top_correlated,METH_cg14094521,float64,0.0,508
complete_case:07_top_correlated,METH_cg02776251,float64,0.0,526
complete_case:07_top_correlated,METH_cg26401825,float64,0.0,526
complete_case:07_top_correlated,METH_cg11228682,float64,0.0,423
complete_case:07_top_correlated,METH_cg25207147,float64,0.0,526
complete_case:07_top_correlated,METH_cg19851563,float64,0.0,526
complete_case:07_top_correlated,METH_cg23051349,float64,0.0,526
complete_case:07_top_correlated,METH_cg24239882,float64,0.0,526
complete_case:07_top_correlated,METH_cg06267617,float64,0.0,526
complete_case:07_top_correlated,METH_cg01168833,float64,0.0,526
complete_case:07_top_correlated,METH_cg12676289,float64,0.0,526
complete_case:07_top_correlated,METH_cg24671734,float64,0.0,526
complete_case:07_top_correlated,METH_cg08140548,float64,0.0,519
complete_case:07_top_correlated,METH_cg05232215,float64,0.0,526
complete_case:07_top_correlated,METH_cg16316472,float64,0.0,526
complete_case:07_top_correlated,METH_cg00741789,float64,0.0,446
complete_case:07_top_correlated,METH_cg11048797,float64,0.0,526
complete_case:07_top_correlated,METH_cg20767356,float64,0.0,526
complete_case:07_top_correlated,METH_cg11020894,float64,0.0,526
complete_case:07_top_correlated,METH_cg09941208,float64,0.0,489
complete_case:07_top_correlated,METH_cg06392574,float64,0.0,525
complete_case:07_top_correlated,METH_cg26567249,float64,0.0,526
complete_case:07_top_correlated,METH_cg23475112,float64,0.0,526
complete_case:07_top_correlated,METH_cg03885098,float64,0.0,526
complete_case:07_top_correlated,METH_cg03644984,float64,0.0,526
complete_case:07_top_correlated,METH_cg26014185,float64,0.0,447
complete_case:07_top_correlated,MIRNA_hsa-mir-99a,float64,0.0,526
complete_case:07_top_correlated,MIRNA_hsa-mir-202,float64,0.0,368
complete_case:07_top_correlated,MIRNA_hsa-mir-326,float64,0.0,523
complete_case:07_top_correlated,MIRNA_hsa-mir-101-1,float64,0.0,526
complete_case:07_top_correlated,MIRNA_hsa-mir-374c,float64,0.0,215
complete_case:07_top_correlated,MIRNA_hsa-mir-379,float64,0.0,526
complete_case:07_top_correlated,MIRNA_hsa-mir-101-2,float64,0.0,526
complete_case:07_top_correlated,MIRNA_hsa-mir-125b-2,float64,0.0,526
complete_case:07_top_correlated,MIRNA_hsa-mir-1258,float64,0.0,419
complete_case:07_top_correlated,MIRNA_hsa-mir-134,float64,0.0,526
complete_case:07_top_correlated,MIRNA_hsa-mir-195,float64,0.0,526
complete_case:07_top_correlated,MIRNA_hsa-let-7c,float64,0.0,526
complete_case:07_top_correlated,MIRNA_hsa-mir-411,float64,0.0,519
complete_case:07_top_correlated,MIRNA_hsa-mir-215,float64,0.0,522
complete_case:07_top_correlated,MIRNA_hsa-mir-424,float64,0.0,526
complete_case:07_top_correlated,MIRNA_hsa-mir-3607,float64,0.0,526
complete_case:07_top_correlated,MIRNA_hsa-mir-378c,float64,0.0,523
complete_case:07_top_correlated,MIRNA_hsa-mir-125b-1,float64,0.0,526
complete_case:07_top_correlated,MIRNA_hsa-mir-143,float64,0.0,526
complete_case:07_top_correlated,MIRNA_hsa-mir-551b,float64,0.0,445
complete_case:07_top_correlated,MIRNA_hsa-mir-127,float64,0.0,526
complete_case:07_top_correlated,MIRNA_hsa-mir-30e,float64,0.0,526
complete_case:07_top_correlated,MIRNA_hsa-mir-3926-1,float64,0.0,387
complete_case:07_top_correlated,MIRNA_hsa-mir-363,float64,0.0,523
complete_case:07_top_correlated,MIRNA_hsa-mir-31,float64,0.0,499
complete_case:07_top_correlated,MIRNA_hsa-mir-758,float64,0.0,526
complete_case:07_top_correlated,MIRNA_hsa-mir-6815,float64,0.0,283
complete_case:07_top_correlated,MIRNA_hsa-mir-548aw,float64,0.0,312
complete_case:07_top_correlated,MIRNA_hsa-mir-940,float64,0.0,511
complete_case:07_top_correlated,MIRNA_hsa-mir-676,float64,0.0,415
complete_case:07_top_correlated,MIRNA_hsa-mir-4780,float64,0.0,97
complete_case:07_top_correlated,MIRNA_hsa-mir-450a-1,float64,0.0,525
complete_case:07_top_correlated,MIRNA_hsa-mir-432,float64,0.0,523
complete_case:07_top_correlated,MIRNA_hsa-mir-323b,float64,0.0,498
complete_case:07_top_correlated,MIRNA_hsa-mir-130a,float64,0.0,526
complete_case:07_top_correlated,MIRNA_hsa-mir-29a,float64,0.0,526
complete_case:07_top_correlated,MIRNA_hsa-mir-760,float64,0.0,504
complete_case:07_top_correlated,MIRNA_hsa-mir-4444-1,float64,0.0,349
complete_case:07_top_correlated,MIRNA_hsa-let-7b,float64,0.0,526
complete_case:07_top_correlated,MIRNA_hsa-mir-212,float64,0.0,525
complete_case:07_top_correlated,MIRNA_hsa-mir-4791,float64,0.0,318
complete_case:07_top_correlated,MIRNA_hsa-mir-218-1,float64,0.0,526
complete_case:07_top_correlated,MIRNA_hsa-mir-1181,float64,0.0,240
complete_case:07_top_correlated,MIRNA_hsa-mir-3130-2,float64,0.0,487
complete_case:07_top_correlated,MIRNA_hsa-mir-486-2,float64,0.0,526
complete_case:07_top_correlated,MIRNA_hsa-mir-6510,float64,0.0,471
complete_case:07_top_correlated,MIRNA_hsa-mir-3610,float64,0.0,470
complete_case:07_top_correlated,MIRNA_hsa-mir-376a-1,float64,0.0,448
complete_case:07_top_correlated,MIRNA_hsa-mir-483,float64,0.0,503
complete_case:07_top_correlated,MIRNA_hsa-mir-487b,float64,0.0,520
complete_case:07_top_correlated,OS,int64,0.0,2
complete_case:07_top_correlated,OS.time,float64,0.0,469
complete_case:08_composite,Unnamed: 0,object,0.0,526
complete_case:08_composite,CLIN_gender.demographic,float64,0.0,2
complete_case:08_composite,CLIN_age_at_index.demographic,float64,0.0,63
complete_case:08_composite,CLIN_tumor_descriptor.samples,int64,0.0,1
complete_case:08_composite,CLIN_disease_type_Adenomas and Adenocarcinomas,int64,0.0,2
complete_case:08_composite,CLIN_disease_type_Adnexal and Skin Appendage Neoplasms,int64,0.0,1
complete_case:08_composite,CLIN_disease_type_Basal Cell Neoplasms,int64,0.0,1
complete_case:08_composite,CLIN_disease_type_Complex Epithelial Neoplasms,int64,0.0,2
complete_case:08_composite,"CLIN_disease_type_Cystic, Mucinous and Serous Neoplasms",int64,0.0,2
complete_case:08_composite,CLIN_disease_type_Ductal and Lobular Neoplasms,int64,0.0,2
complete_case:08_composite,"CLIN_disease_type_Epithelial Neoplasms, NOS",int64,0.0,2
complete_case:08_composite,CLIN_disease_type_Fibroepithelial Neoplasms,int64,0.0,1
complete_case:08_composite,CLIN_disease_type_Squamous Cell Neoplasms,int64,0.0,1
complete_case:08_composite,CLIN_race.demographic_american indian or alaska native,int64,0.0,2
complete_case:08_composite,CLIN_race.demographic_asian,int64,0.0,2
complete_case:08_composite,CLIN_race.demographic_black or african american,int64,0.0,2
complete_case:08_composite,CLIN_race.demographic_missing,int64,0.0,2
complete_case:08_composite,CLIN_race.demographic_white,int64,0.0,2
complete_case:08_composite,CLIN_ethnicity.demographic_hispanic or latino,int64,0.0,2
complete_case:08_composite,CLIN_ethnicity.demographic_missing,int64,0.0,2
complete_case:08_composite,CLIN_ethnicity.demographic_not hispanic or latino,int64,0.0,2
complete_case:08_composite,CLIN_ajcc_pathologic_stage.diagnoses_Stage I,int64,0.0,2
complete_case:08_composite,CLIN_ajcc_pathologic_stage.diagnoses_Stage IA,int64,0.0,2
complete_case:08_composite,CLIN_ajcc_pathologic_stage.diagnoses_Stage IB,int64,0.0,2
complete_case:08_composite,CLIN_ajcc_pathologic_stage.diagnoses_Stage II,int64,0.0,2
complete_case:08_composite,CLIN_ajcc_pathologic_stage.diagnoses_Stage IIA,int64,0.0,2
complete_case:08_composite,CLIN_ajcc_pathologic_stage.diagnoses_Stage IIB,int64,0.0,2
complete_case:08_composite,CLIN_ajcc_pathologic_stage.diagnoses_Stage III,int64,0.0,2
complete_case:08_composite,CLIN_ajcc_pathologic_stage.diagnoses_Stage IIIA,int64,0.0,2
complete_case:08_composite,CLIN_ajcc_pathologic_stage.diagnoses_Stage IIIB,int64,0.0,2
complete_case:08_composite,CLIN_ajcc_pathologic_stage.diagnoses_Stage IIIC,int64,0.0,2
complete_case:08_composite,CLIN_ajcc_pathologic_stage.diagnoses_Stage IV,int64,0.0,2
complete_case:08_composite,CLIN_ajcc_pathologic_stage.diagnoses_Stage X,int64,0.0,2
complete_case:08_composite,CLIN_ajcc_pathologic_stage.diagnoses_missing,int64,0.0,2
complete_case:08_composite,"CLIN_tissue_or_organ_of_origin.diagnoses_Breast, NOS",int64,0.0,2
complete_case:08_composite,CLIN_tissue_or_organ_of_origin.diagnoses_Lower-inner quadrant of breast,int64,0.0,1
complete_case:08_composite,CLIN_tissue_or_organ_of_origin.diagnoses_Lower-outer quadrant of breast,int64,0.0,1
complete_case:08_composite,CLIN_tissue_or_organ_of_origin.diagnoses_Overlapping lesion of breast,int64,0.0,2
complete_case:08_composite,CLIN_tissue_or_organ_of_origin.diagnoses_Upper-inner quadrant of breast,int64,0.0,2
complete_case:08_composite,CLIN_tissue_or_organ_of_origin.diagnoses_Upper-outer quadrant of breast,int64,0.0,1
complete_case:08_composite,CLIN_tissue_or_organ_of_origin.diagnoses_missing,int64,0.0,1
complete_case:08_composite,CLIN_primary_diagnosis.diagnoses_Adenoid cystic carcinoma,int64,0.0,1
complete_case:08_composite,CLIN_primary_diagnosis.diagnoses_Apocrine adenocarcinoma,int64,0.0,1
complete_case:08_composite,"CLIN_primary_diagnosis.diagnoses_Basal cell carcinoma, NOS",int64,0.0,1
complete_case:08_composite,"CLIN_primary_diagnosis.diagnoses_Carcinoma, NOS",int64,0.0,2
complete_case:08_composite,"CLIN_primary_diagnosis.diagnoses_Cribriform carcinoma, NOS",int64,0.0,1
complete_case:08_composite,CLIN_primary_diagnosis.diagnoses_Infiltrating duct and lobular carcinoma,int64,0.0,2
complete_case:08_composite,"CLIN_primary_diagnosis.diagnoses_Infiltrating duct carcinoma, NOS",int64,0.0,2
complete_case:08_composite,CLIN_primary_diagnosis.diagnoses_Infiltrating duct mixed with other types of carcinoma,int64,0.0,2
complete_case:08_composite,CLIN_primary_diagnosis.diagnoses_Infiltrating lobular mixed with other types of carcinoma,int64,0.0,2
complete_case:08_composite,CLIN_primary_diagnosis.diagnoses_Intraductal micropapillary carcinoma,int64,0.0,2
complete_case:08_composite,CLIN_primary_diagnosis.diagnoses_Intraductal papillary adenocarcinoma with invasion,int64,0.0,2
complete_case:08_composite,CLIN_primary_diagnosis.diagnoses_Large cell neuroendocrine carcinoma,int64,0.0,2
complete_case:08_composite,"CLIN_primary_diagnosis.diagnoses_Lobular carcinoma, NOS",int64,0.0,2
complete_case:08_composite,"CLIN_primary_diagnosis.diagnoses_Medullary carcinoma, NOS",int64,0.0,2
complete_case:08_composite,"CLIN_primary_diagnosis.diagnoses_Metaplastic carcinoma, NOS",int64,0.0,2
complete_case:08_composite,CLIN_primary_diagnosis.diagnoses_Mucinous adenocarcinoma,int64,0.0,2
complete_case:08_composite,CLIN_primary_diagnosis.diagnoses_Paget disease and infiltrating duct carcinoma of breast,int64,0.0,2
complete_case:08_composite,"CLIN_primary_diagnosis.diagnoses_Papillary carcinoma, NOS",int64,0.0,1
complete_case:08_composite,"CLIN_primary_diagnosis.diagnoses_Phyllodes tumor, malignant",int64,0.0,1
complete_case:08_composite,CLIN_primary_diagnosis.diagnoses_Pleomorphic carcinoma,int64,0.0,2
complete_case:08_composite,CLIN_primary_diagnosis.diagnoses_Secretory carcinoma of breast,int64,0.0,1
complete_case:08_composite,CLIN_primary_diagnosis.diagnoses_Tubular adenocarcinoma,int64,0.0,2
complete_case:08_composite,CLIN_primary_diagnosis.diagnoses_missing,int64,0.0,1
complete_case:08_composite,CLIN_prior_malignancy.diagnoses_missing,int64,0.0,2
complete_case:08_composite,CLIN_prior_malignancy.diagnoses_no,int64,0.0,2
complete_case:08_composite,CLIN_prior_malignancy.diagnoses_yes,int64,0.0,2
complete_case:08_composite,CLIN_prior_treatment.diagnoses_No,int64,0.0,2
complete_case:08_composite,CLIN_prior_treatment.diagnoses_Yes,int64,0.0,2
complete_case:08_composite,CLIN_prior_treatment.diagnoses_missing,int64,0.0,2
complete_case:08_composite,CLIN_ajcc_staging_system_edition.diagnoses_3rd,int64,0.0,2
complete_case:08_composite,CLIN_ajcc_staging_system_edition.diagnoses_4th,int64,0.0,2
complete_case:08_composite,CLIN_ajcc_staging_system_edition.diagnoses_5th,int64,0.0,2
complete_case:08_composite,CLIN_ajcc_staging_system_edition.diagnoses_6th,int64,0.0,2
complete_case:08_composite,CLIN_ajcc_staging_system_edition.diagnoses_7th,int64,0.0,2
complete_case:08_composite,CLIN_ajcc_staging_system_edition.diagnoses_missing,int64,0.0,2
complete_case:08_composite,CLIN_ajcc_pathologic_t.diagnoses_T1,int64,0.0,2
complete_case:08_composite,CLIN_ajcc_pathologic_t.diagnoses_T1a,int64,0.0,2
complete_case:08_composite,CLIN_ajcc_pathologic_t.diagnoses_T1b,int64,0.0,2
complete_case:08_composite,CLIN_ajcc_pathologic_t.diagnoses_T1c,int64,0.0,2
complete_case:08_composite,CLIN_ajcc_pathologic_t.diagnoses_T2,int64,0.0,2
complete_case:08_composite,CLIN_ajcc_pathologic_t.diagnoses_T2a,int64,0.0,2
complete_case:08_composite,CLIN_ajcc_pathologic_t.diagnoses_T2b,int64,0.0,1
complete_case:08_composite,CLIN_ajcc_pathologic_t.diagnoses_T3,int64,0.0,2
complete_case:08_composite,CLIN_ajcc_pathologic_t.diagnoses_T3a,int64,0.0,1
complete_case:08_composite,CLIN_ajcc_pathologic_t.diagnoses_T4,int64,0.0,2
complete_case:08_composite,CLIN_ajcc_pathologic_t.diagnoses_T4b,int64,0.0,2
complete_case:08_composite,CLIN_ajcc_pathologic_t.diagnoses_T4d,int64,0.0,2
complete_case:08_composite,CLIN_ajcc_pathologic_t.diagnoses_TX,int64,0.0,2
complete_case:08_composite,CLIN_ajcc_pathologic_t.diagnoses_missing,int64,0.0,1
complete_case:08_composite,CLIN_morphology.diagnoses_8010/3,int64,0.0,2
complete_case:08_composite,CLIN_morphology.diagnoses_8013/3,int64,0.0,2
complete_case:08_composite,CLIN_morphology.diagnoses_8022/3,int64,0.0,2
complete_case:08_composite,CLIN_morphology.diagnoses_8050/3,int64,0.0,1
complete_case:08_composite,CLIN_morphology.diagnoses_8090/3,int64,0.0,1
complete_case:08_composite,CLIN_morphology.diagnoses_8200/3,int64,0.0,1
complete_case:08_composite,CLIN_morphology.diagnoses_8201/3,int64,0.0,1
complete_case:08_composite,CLIN_morphology.diagnoses_8211/3,int64,0.0,2
complete_case:08_composite,CLIN_morphology.diagnoses_8401/3,int64,0.0,1
complete_case:08_composite,CLIN_morphology.diagnoses_8480/3,int64,0.0,2
complete_case:08_composite,CLIN_morphology.diagnoses_8500/3,int64,0.0,2
complete_case:08_composite,CLIN_morphology.diagnoses_8502/3,int64,0.0,1
complete_case:08_composite,CLIN_morphology.diagnoses_8503/3,int64,0.0,2
complete_case:08_composite,CLIN_morphology.diagnoses_8507/3,int64,0.0,2
complete_case:08_composite,CLIN_morphology.diagnoses_8510/3,int64,0.0,2
complete_case:08_composite,CLIN_morphology.diagnoses_8520/3,int64,0.0,2
complete_case:08_composite,CLIN_morphology.diagnoses_8522/3,int64,0.0,2
complete_case:08_composite,CLIN_morphology.diagnoses_8523/3,int64,0.0,2
complete_case:08_composite,CLIN_morphology.diagnoses_8524/3,int64,0.0,2
complete_case:08_composite,CLIN_morphology.diagnoses_8541/3,int64,0.0,2
complete_case:08_composite,CLIN_morphology.diagnoses_8575/3,int64,0.0,2
complete_case:08_composite,CLIN_morphology.diagnoses_9020/3,int64,0.0,1
complete_case:08_composite,CLIN_morphology.diagnoses_missing,int64,0.0,1
complete_case:08_composite,CLIN_ajcc_pathologic_n.diagnoses_N0,int64,0.0,2
complete_case:08_composite,CLIN_ajcc_pathologic_n.diagnoses_N0 (i+),int64,0.0,2
complete_case:08_composite,CLIN_ajcc_pathologic_n.diagnoses_N0 (i-),int64,0.0,2
complete_case:08_composite,CLIN_ajcc_pathologic_n.diagnoses_N0 (mol+),int64,0.0,2
complete_case:08_composite,CLIN_ajcc_pathologic_n.diagnoses_N1,int64,0.0,2
complete_case:08_composite,CLIN_ajcc_pathologic_n.diagnoses_N1a,int64,0.0,2
complete_case:08_composite,CLIN_ajcc_pathologic_n.diagnoses_N1b,int64,0.0,2
complete_case:08_composite,CLIN_ajcc_pathologic_n.diagnoses_N1c,int64,0.0,2
complete_case:08_composite,CLIN_ajcc_pathologic_n.diagnoses_N1mi,int64,0.0,2
complete_case:08_composite,CLIN_ajcc_pathologic_n.diagnoses_N2,int64,0.0,2
complete_case:08_composite,CLIN_ajcc_pathologic_n.diagnoses_N2a,int64,0.0,2
complete_case:08_composite,CLIN_ajcc_pathologic_n.diagnoses_N3,int64,0.0,2
complete_case:08_composite,CLIN_ajcc_pathologic_n.diagnoses_N3a,int64,0.0,2
complete_case:08_composite,CLIN_ajcc_pathologic_n.diagnoses_N3b,int64,0.0,2
complete_case:08_composite,CLIN_ajcc_pathologic_n.diagnoses_N3c,int64,0.0,1
complete_case:08_composite,CLIN_ajcc_pathologic_n.diagnoses_NX,int64,0.0,2
complete_case:08_composite,CLIN_ajcc_pathologic_n.diagnoses_missing,int64,0.0,1
complete_case:08_composite,CLIN_ajcc_pathologic_m.diagnoses_M0,int64,0.0,2
complete_case:08_composite,CLIN_ajcc_pathologic_m.diagnoses_M1,int64,0.0,2
complete_case:08_composite,CLIN_ajcc_pathologic_m.diagnoses_MX,int64,0.0,2
complete_case:08_composite,CLIN_ajcc_pathologic_m.diagnoses_cM0 (i+),int64,0.0,2
complete_case:08_composite,CLIN_ajcc_pathologic_m.diagnoses_missing,int64,0.0,1
complete_case:08_composite,"CLIN_treatment_or_therapy.treatments.diagnoses_['no', 'no']",int64,0.0,2
complete_case:08_composite,"CLIN_treatment_or_therapy.treatments.diagnoses_['no', 'not reported']",int64,0.0,1
complete_case:08_composite,"CLIN_treatment_or_therapy.treatments.diagnoses_['no', 'yes']",int64,0.0,2
complete_case:08_composite,"CLIN_treatment_or_therapy.treatments.diagnoses_['not reported', 'no']",int64,0.0,1
complete_case:08_composite,"CLIN_treatment_or_therapy.treatments.diagnoses_['not reported', 'not reported']",int64,0.0,2
complete_case:08_composite,"CLIN_treatment_or_therapy.treatments.diagnoses_['not reported', 'yes']",int64,0.0,2
complete_case:08_composite,"CLIN_treatment_or_therapy.treatments.diagnoses_['yes', 'no']",int64,0.0,2
complete_case:08_composite,"CLIN_treatment_or_therapy.treatments.diagnoses_['yes', 'not reported']",int64,0.0,2
complete_case:08_composite,"CLIN_treatment_or_therapy.treatments.diagnoses_['yes', 'yes']",int64,0.0,2
complete_case:08_composite,CLIN_treatment_or_therapy.treatments.diagnoses_missing,int64,0.0,1
complete_case:08_composite,RNA_ENSG00000228976.1,float64,0.0,8
complete_case:08_composite,RNA_ENSG00000244564.2,float64,0.0,21
complete_case:08_composite,RNA_ENSG00000225912.1,float64,0.0,16
complete_case:08_composite,RNA_ENSG00000236385.1,float64,0.0,55
complete_case:08_composite,RNA_ENSG00000251493.5,float64,0.0,139
complete_case:08_composite,RNA_ENSG00000127774.7,float64,0.0,73
complete_case:08_composite,RNA_ENSG00000212900.3,float64,0.0,8
complete_case:08_composite,RNA_ENSG00000268442.1,float64,0.0,70
complete_case:08_composite,RNA_ENSG00000254851.1,float64,0.0,136
complete_case:08_composite,RNA_ENSG00000226317.3,float64,0.0,18
complete_case:08_composite,RNA_ENSG00000275882.1,float64,0.0,19
complete_case:08_composite,RNA_ENSG00000250746.1,float64,0.0,26
complete_case:08_composite,RNA_ENSG00000235836.1,float64,0.0,20
complete_case:08_composite,RNA_ENSG00000250885.1,float64,0.0,5
complete_case:08_composite,RNA_ENSG00000204429.4,float64,0.0,47
complete_case:08_composite,RNA_ENSG00000162772.17,float64,0.0,495
complete_case:08_composite,RNA_ENSG00000272254.1,float64,0.0,19
complete_case:08_composite,RNA_ENSG00000125740.14,float64,0.0,483
complete_case:08_composite,RNA_ENSG00000007908.16,float64,0.0,416
complete_case:08_composite,RNA_ENSG00000058668.15,float64,0.0,518
complete_case:08_composite,RNA_ENSG00000168497.5,float64,0.0,393
complete_case:08_composite,RNA_ENSG00000142871.18,float64,0.0,523
complete_case:08_composite,RNA_ENSG00000234176.1,float64,0.0,96
complete_case:08_composite,RNA_ENSG00000217130.1,float64,0.0,73
complete_case:08_composite,RNA_ENSG00000284630.1,float64,0.0,28
complete_case:08_composite,RNA_ENSG00000016602.9,float64,0.0,96
complete_case:08_composite,RNA_ENSG00000169508.7,float64,0.0,450
complete_case:08_composite,RNA_ENSG00000172403.11,float64,0.0,515
complete_case:08_composite,RNA_ENSG00000258429.2,float64,0.0,83
complete_case:08_composite,RNA_ENSG00000237248.5,float64,0.0,132
complete_case:08_composite,RNA_ENSG00000100814.18,float64,0.0,483
complete_case:08_composite,RNA_ENSG00000146540.15,float64,0.0,511
complete_case:08_composite,RNA_ENSG00000284669.1,float64,0.0,118
complete_case:08_composite,RNA_ENSG00000266315.1,float64,0.0,24
complete_case:08_composite,RNA_ENSG00000137193.14,float64,0.0,482
complete_case:08_composite,RNA_ENSG00000011523.14,float64,0.0,485
complete_case:08_composite,RNA_ENSG00000158488.16,float64,0.0,265
complete_case:08_composite,RNA_ENSG00000264589.4,float64,0.0,229
complete_case:08_composite,RNA_ENSG00000271646.1,float64,0.0,278
complete_case:08_composite,RNA_ENSG00000122733.12,float64,0.0,124
complete_case:08_composite,RNA_ENSG00000273014.1,float64,0.0,192
complete_case:08_composite,RNA_ENSG00000163739.5,float64,0.0,190
complete_case:08_composite,RNA_ENSG00000134339.9,float64,0.0,249
complete_case:08_composite,RNA_ENSG00000269404.7,float64,0.0,238
complete_case:08_composite,RNA_ENSG00000286954.1,float64,0.0,21
complete_case:08_composite,RNA_ENSG00000287447.1,float64,0.0,21
complete_case:08_composite,RNA_ENSG00000223485.4,float64,0.0,150
complete_case:08_composite,RNA_ENSG00000168065.16,float64,0.0,58
complete_case:08_composite,RNA_ENSG00000159339.13,float64,0.0,51
complete_case:08_composite,RNA_ENSG00000170989.10,float64,0.0,477
complete_case:08_composite,CNV_ENSG00000229526.2,float64,0.0,10
complete_case:08_composite,CNV_ENSG00000273173.5,float64,0.0,11
complete_case:08_composite,CNV_ENSG00000253198.1,float64,0.0,18
complete_case:08_composite,CNV_ENSG00000253845.1,float64,0.0,18
complete_case:08_composite,CNV_ENSG00000221043.2,float64,0.0,8
complete_case:08_composite,CNV_ENSG00000287323.1,float64,0.0,8
complete_case:08_composite,CNV_ENSG00000242928.3,float64,0.0,8
complete_case:08_composite,CNV_ENSG00000199047.3,float64,0.0,8
complete_case:08_composite,CNV_ENSG00000153443.13,float64,0.0,10
complete_case:08_composite,CNV_ENSG00000269575.1,float64,0.0,13
complete_case:08_composite,CNV_ENSG00000207397.1,float64,0.0,12
complete_case:08_composite,CNV_ENSG00000269364.1,float64,0.0,12
complete_case:08_composite,CNV_ENSG00000263955.2,float64,0.0,10
complete_case:08_composite,CNV_ENSG00000269345.1,float64,0.0,13
complete_case:08_composite,CNV_ENSG00000267872.1,float64,0.0,13
complete_case:08_composite,CNV_ENSG00000102858.13,float64,0.0,10
complete_case:08_composite,CNV_ENSG00000261442.1,float64,0.0,10
complete_case:08_composite,CNV_ENSG00000224078.15,float64,0.0,11
complete_case:08_composite,CNV_ENSG00000103415.12,float64,0.0,10
complete_case:08_composite,CNV_ENSG00000089486.17,float64,0.0,10
complete_case:08_composite,CNV_ENSG00000196109.9,float64,0.0,13
complete_case:08_composite,CNV_ENSG00000086589.12,float64,0.0,8
complete_case:08_composite,CNV_ENSG00000278700.1,float64,0.0,10
complete_case:08_composite,CNV_ENSG00000276610.1,float64,0.0,11
complete_case:08_composite,CNV_ENSG00000282732.1,float64,0.0,13
complete_case:08_composite,CNV_ENSG00000250309.2,float64,0.0,8
complete_case:08_composite,CNV_ENSG00000271149.1,float64,0.0,12
complete_case:08_composite,CNV_ENSG00000261612.1,float64,0.0,10
complete_case:08_composite,CNV_ENSG00000276641.1,float64,0.0,10
complete_case:08_composite,CNV_ENSG00000268079.1,float64,0.0,13
complete_case:08_composite,CNV_ENSG00000278434.1,float64,0.0,10
complete_case:08_composite,CNV_ENSG00000269471.1,float64,0.0,14
complete_case:08_composite,CNV_ENSG00000164591.14,float64,0.0,8
complete_case:08_composite,CNV_ENSG00000260599.1,float64,0.0,12
complete_case:08_composite,CNV_ENSG00000132912.13,float64,0.0,8
complete_case:08_composite,CNV_ENSG00000248125.2,float64,0.0,9
complete_case:08_composite,CNV_ENSG00000205832.7,float64,0.0,10
complete_case:08_composite,CNV_ENSG00000268140.1,float64,0.0,13
complete_case:08_composite,CNV_ENSG00000261789.1,float64,0.0,10
complete_case:08_composite,CNV_ENSG00000275515.1,float64,0.0,10
complete_case:08_composite,CNV_ENSG00000230551.4,float64,0.0,8
complete_case:08_composite,CNV_ENSG00000113712.19,float64,0.0,8
complete_case:08_composite,CNV_ENSG00000127743.6,float64,0.0,8
complete_case:08_composite,CNV_ENSG00000250721.1,float64,0.0,8
complete_case:08_composite,CNV_ENSG00000286157.1,float64,0.0,12
complete_case:08_composite,CNV_ENSG00000253852.1,float64,0.0,8
complete_case:08_composite,CNV_ENSG00000070808.16,float64,0.0,8
complete_case:08_composite,CNV_ENSG00000239014.1,float64,0.0,11
complete_case:08_composite,CNV_ENSG00000183111.12,float64,0.0,8
complete_case:08_composite,CNV_ENSG00000276365.1,float64,0.0,8
complete_case:08_composite,MUT_MAML2,int64,0.0,2
complete_case:08_composite,MUT_BPTF,int64,0.0,2
complete_case:08_composite,MUT_NOS1,int64,0.0,2
complete_case:08_composite,MUT_ITSN2,int64,0.0,2
complete_case:08_composite,MUT_ABR,int64,0.0,2
complete_case:08_composite,MUT_MROH1,int64,0.0,2
complete_case:08_composite,MUT_KIF2B,int64,0.0,2
complete_case:08_composite,MUT_SCN7A,int64,0.0,2
complete_case:08_composite,MUT_CACNA1S,int64,0.0,2
complete_case:08_composite,MUT_ADAMTS20,int64,0.0,2
complete_case:08_composite,MUT_PTCHD3,int64,0.0,2
complete_case:08_composite,MUT_DOCK9,int64,0.0,2
complete_case:08_composite,MUT_GRIPAP1,int64,0.0,2
complete_case:08_composite,MUT_LRP6,int64,0.0,2
complete_case:08_composite,MUT_FCRL5,int64,0.0,2
complete_case:08_composite,MUT_PIKFYVE,int64,0.0,2
complete_case:08_composite,MUT_RBM26,int64,0.0,2
complete_case:08_composite,MUT_AP3B1,int64,0.0,2
complete_case:08_composite,MUT_NLGN4X,int64,0.0,2
complete_case:08_composite,MUT_TDRD5,int64,0.0,2
complete_case:08_composite,MUT_CEP95,int64,0.0,2
complete_case:08_composite,MUT_GBE1,int64,0.0,2
complete_case:08_composite,MUT_SRRM2,int64,0.0,2
complete_case:08_composite,MUT_CR1,int64,0.0,2
complete_case:08_composite,MUT_PIK3CB,int64,0.0,2
complete_case:08_composite,MUT_SLC26A9,int64,0.0,2
complete_case:08_composite,MUT_EPPK1,int64,0.0,2
complete_case:08_composite,MUT_TMC2,int64,0.0,2
complete_case:08_composite,MUT_GOLGA4,int64,0.0,2
complete_case:08_composite,MUT_GIMAP8,int64,0.0,2
complete_case:08_composite,MUT_SBF2,int64,0.0,2
complete_case:08_composite,MUT_MELTF,int64,0.0,2
complete_case:08_composite,MUT_EFCAB6,int64,0.0,2
complete_case:08_composite,MUT_ZEB1,int64,0.0,2
complete_case:08_composite,MUT_GPS2,int64,0.0,2
complete_case:08_composite,MUT_USP34,int64,0.0,2
complete_case:08_composite,MUT_IGSF10,int64,0.0,2
complete_case:08_composite,MUT_NIN,int64,0.0,2
complete_case:08_composite,MUT_ITGAV,int64,0.0,2
complete_case:08_composite,MUT_SLC9A8,int64,0.0,2
complete_case:08_composite,MUT_DSCAM,int64,0.0,2
complete_case:08_composite,MUT_KDM4C,int64,0.0,2
complete_case:08_composite,MUT_MYOM1,int64,0.0,2
complete_case:08_composite,MUT_KIDINS220,int64,0.0,2
complete_case:08_composite,MUT_WNK3,int64,0.0,2
complete_case:08_composite,MUT_KIF5C,int64,0.0,2
complete_case:08_composite,MUT_KCTD3,int64,0.0,2
complete_case:08_composite,MUT_TNIK,int64,0.0,2
complete_case:08_composite,MUT_ABCA4,int64,0.0,2
complete_case:08_composite,MUT_PLA2G4A,int64,0.0,2
complete_case:08_composite,PROT_TUBERIN_pT1462,float64,0.0,525
complete_case:08_composite,PROT_TUBERIN,float64,0.0,524
complete_case:08_composite,PROT_PAX8,float64,0.0,511
complete_case:08_composite,PROT_4EBP1,float64,0.0,526
complete_case:08_composite,PROT_YAP,float64,0.0,524
complete_case:08_composite,PROT_PTPN12,float64,0.0,509
complete_case:08_composite,PROT_PRC1_pT481,float64,0.0,509
complete_case:08_composite,PROT_DNA-Ligase-IV,float64,0.0,509
complete_case:08_composite,PROT_P38_pT180Y182,float64,0.0,526
complete_case:08_composite,PROT_Hexokinase-II,float64,0.0,511
complete_case:08_composite,PROT_DVL3,float64,0.0,526
complete_case:08_composite,PROT_PAXILLIN,float64,0.0,526
complete_case:08_composite,PROT_SETD2,float64,0.0,524
complete_case:08_composite,PROT_4EBP1_pT37T46,float64,0.0,525
complete_case:08_composite,PROT_GSK3_pS9,float64,0.0,525
complete_case:08_composite,PROT_Aurora-ABC_pT288_pT232_pT198,float64,0.0,510
complete_case:08_composite,PROT_CYCLINB1,float64,0.0,524
complete_case:08_composite,PROT_Cdc42,float64,0.0,507
complete_case:08_composite,PROT_PLC-gamma1,float64,0.0,510
complete_case:08_composite,PROT_CD20,float64,0.0,525
complete_case:08_composite,PROT_c-IAP2,float64,0.0,509
complete_case:08_composite,PROT_Gli1,float64,0.0,510
complete_case:08_composite,PROT_b-Actin,float64,0.0,510
complete_case:08_composite,PROT_CLAUDIN7,float64,0.0,525
complete_case:08_composite,PROT_Atg4B,float64,0.0,509
complete_case:08_composite,PROT_DM-K9-Histone-H3,float64,0.0,509
complete_case:08_composite,PROT_P70S6K1,float64,0.0,524
complete_case:08_composite,PROT_RPA32,float64,0.0,508
complete_case:08_composite,PROT_Slfn11,float64,0.0,509
complete_case:08_composite,PROT_Jagged1,float64,0.0,505
complete_case:08_composite,PROT_COG3,float64,0.0,524
complete_case:08_composite,PROT_TIGAR,float64,0.0,526
complete_case:08_composite,PROT_KU80,float64,0.0,525
complete_case:08_composite,PROT_Aurora-A,float64,0.0,510
complete_case:08_composite,PROT_BRAF,float64,0.0,525
complete_case:08_composite,PROT_FAK_pY397,float64,0.0,508
complete_case:08_composite,PROT_IGF1R_pY1135Y1136,float64,0.0,523
complete_case:08_composite,PROT_SMAD4,float64,0.0,523
complete_case:08_composite,PROT_CD45,float64,0.0,511
complete_case:08_composite,PROT_Glucocorticoid-Receptor,float64,0.0,511
complete_case:08_composite,PROT_p90RSK_pT573,float64,0.0,507
complete_case:08_composite,PROT_4EBP1_pS65,float64,0.0,525
complete_case:08_composite,PROT_MR1,float64,0.0,510
complete_case:08_composite,PROT_PHLPP,float64,0.0,511
complete_case:08_composite,PROT_DDR1,float64,0.0,511
complete_case:08_composite,PROT_EIF4G,float64,0.0,525
complete_case:08_composite,PROT_ATP5A,float64,0.0,510
complete_case:08_composite,PROT_STAT3_pY705,float64,0.0,526
complete_case:08_composite,PROT_ZAP-70,float64,0.0,510
complete_case:08_composite,PROT_RBM15,float64,0.0,525
complete_case:08_composite,METH_cg08269402,float64,0.0,526
complete_case:08_composite,METH_cg09225449,float64,0.0,526
complete_case:08_composite,METH_cg01890712,float64,0.0,526
complete_case:08_composite,METH_cg03304610,float64,0.0,526
complete_case:08_composite,METH_cg06305488,float64,0.0,525
complete_case:08_composite,METH_cg05039004,float64,0.0,526
complete_case:08_composite,METH_cg07723251,float64,0.0,526
complete_case:08_composite,METH_cg06688733,float64,0.0,526
complete_case:08_composite,METH_cg19129747,float64,0.0,518
complete_case:08_composite,METH_cg05619116,float64,0.0,525
complete_case:08_composite,METH_cg17178175,float64,0.0,519
complete_case:08_composite,METH_cg00101629,float64,0.0,470
complete_case:08_composite,METH_cg23692472,float64,0.0,482
complete_case:08_composite,METH_cg26625629,float64,0.0,526
complete_case:08_composite,METH_cg03612333,float64,0.0,431
complete_case:08_composite,METH_cg19002907,float64,0.0,526
complete_case:08_composite,METH_cg17573813,float64,0.0,526
complete_case:08_composite,METH_cg24755053,float64,0.0,526
complete_case:08_composite,METH_cg13800349,float64,0.0,526
complete_case:08_composite,METH_cg13307782,float64,0.0,501
complete_case:08_composite,METH_cg03722396,float64,0.0,524
complete_case:08_composite,METH_cg09410871,float64,0.0,525
complete_case:08_composite,METH_cg22824635,float64,0.0,525
complete_case:08_composite,METH_cg08450091,float64,0.0,515
complete_case:08_composite,METH_cg12503575,float64,0.0,526
complete_case:08_composite,METH_cg07646714,float64,0.0,526
complete_case:08_composite,METH_cg27556136,float64,0.0,526
complete_case:08_composite,METH_cg10441070,float64,0.0,526
complete_case:08_composite,METH_cg25122233,float64,0.0,526
complete_case:08_composite,METH_cg07276379,float64,0.0,526
complete_case:08_composite,METH_cg24613083,float64,0.0,526
complete_case:08_composite,METH_cg13119182,float64,0.0,526
complete_case:08_composite,METH_cg08079376,float64,0.0,526
complete_case:08_composite,METH_cg10240356,float64,0.0,526
complete_case:08_composite,METH_cg06870531,float64,0.0,526
complete_case:08_composite,METH_cg06717750,float64,0.0,526
complete_case:08_composite,METH_cg26983544,float64,0.0,512
complete_case:08_composite,METH_cg22151179,float64,0.0,526
complete_case:08_composite,METH_cg27054144,float64,0.0,520
complete_case:08_composite,METH_cg01435643,float64,0.0,526
complete_case:08_composite,METH_cg13680188,float64,0.0,526
complete_case:08_composite,METH_cg14094521,float64,0.0,508
complete_case:08_composite,METH_cg02776251,float64,0.0,526
complete_case:08_composite,METH_cg26401825,float64,0.0,526
complete_case:08_composite,METH_cg11228682,float64,0.0,423
complete_case:08_composite,METH_cg25207147,float64,0.0,526
complete_case:08_composite,METH_cg19851563,float64,0.0,526
complete_case:08_composite,METH_cg23051349,float64,0.0,526
complete_case:08_composite,METH_cg24239882,float64,0.0,526
complete_case:08_composite,METH_cg06267617,float64,0.0,526
complete_case:08_composite,MIRNA_hsa-mir-6508,float64,0.0,214
complete_case:08_composite,MIRNA_hsa-mir-4662b,float64,0.0,38
complete_case:08_composite,MIRNA_hsa-mir-664a,float64,0.0,526
complete_case:08_composite,MIRNA_hsa-mir-549a,float64,0.0,148
complete_case:08_composite,MIRNA_hsa-mir-3189,float64,0.0,83
complete_case:08_composite,MIRNA_hsa-let-7e,float64,0.0,526
complete_case:08_composite,MIRNA_hsa-mir-103a-1,float64,0.0,526
complete_case:08_composite,MIRNA_hsa-mir-21,float64,0.0,526
complete_case:08_composite,MIRNA_hsa-mir-99a,float64,0.0,526
complete_case:08_composite,MIRNA_hsa-mir-202,float64,0.0,368
complete_case:08_composite,MIRNA_hsa-mir-326,float64,0.0,523
complete_case:08_composite,MIRNA_hsa-mir-101-1,float64,0.0,526
complete_case:08_composite,MIRNA_hsa-mir-374c,float64,0.0,215
complete_case:08_composite,MIRNA_hsa-mir-379,float64,0.0,526
complete_case:08_composite,MIRNA_hsa-mir-101-2,float64,0.0,526
complete_case:08_composite,MIRNA_hsa-mir-125b-2,float64,0.0,526
complete_case:08_composite,MIRNA_hsa-mir-1258,float64,0.0,419
complete_case:08_composite,MIRNA_hsa-mir-134,float64,0.0,526
complete_case:08_composite,MIRNA_hsa-mir-195,float64,0.0,526
complete_case:08_composite,MIRNA_hsa-let-7c,float64,0.0,526
complete_case:08_composite,MIRNA_hsa-mir-411,float64,0.0,519
complete_case:08_composite,MIRNA_hsa-mir-215,float64,0.0,522
complete_case:08_composite,MIRNA_hsa-mir-424,float64,0.0,526
complete_case:08_composite,MIRNA_hsa-mir-592,float64,0.0,501
complete_case:08_composite,MIRNA_hsa-mir-4326,float64,0.0,464
complete_case:08_composite,MIRNA_hsa-mir-3607,float64,0.0,526
complete_case:08_composite,MIRNA_hsa-mir-1254-2,float64,0.0,343
complete_case:08_composite,MIRNA_hsa-mir-378c,float64,0.0,523
complete_case:08_composite,MIRNA_hsa-mir-125b-1,float64,0.0,526
complete_case:08_composite,MIRNA_hsa-mir-181a-1,float64,0.0,526
complete_case:08_composite,MIRNA_hsa-mir-143,float64,0.0,526
complete_case:08_composite,MIRNA_hsa-mir-551b,float64,0.0,445
complete_case:08_composite,MIRNA_hsa-mir-127,float64,0.0,526
complete_case:08_composite,MIRNA_hsa-mir-30e,float64,0.0,526
complete_case:08_composite,MIRNA_hsa-mir-3926-1,float64,0.0,387
complete_case:08_composite,MIRNA_hsa-mir-363,float64,0.0,523
complete_case:08_composite,MIRNA_hsa-mir-31,float64,0.0,499
complete_case:08_composite,MIRNA_hsa-mir-758,float64,0.0,526
complete_case:08_composite,MIRNA_hsa-mir-6815,float64,0.0,283
complete_case:08_composite,MIRNA_hsa-mir-548aw,float64,0.0,312
complete_case:08_composite,MIRNA_hsa-mir-940,float64,0.0,511
complete_case:08_composite,MIRNA_hsa-mir-676,float64,0.0,415
complete_case:08_composite,MIRNA_hsa-mir-4780,float64,0.0,97
complete_case:08_composite,MIRNA_hsa-mir-103a-2,float64,0.0,526
complete_case:08_composite,MIRNA_hsa-mir-450a-1,float64,0.0,525
complete_case:08_composite,MIRNA_hsa-mir-432,float64,0.0,523
complete_case:08_composite,MIRNA_hsa-mir-660,float64,0.0,526
complete_case:08_composite,MIRNA_hsa-mir-323b,float64,0.0,498
complete_case:08_composite,MIRNA_hsa-mir-130a,float64,0.0,526
complete_case:08_composite,MIRNA_hsa-mir-29a,float64,0.0,526
complete_case:08_composite,OS,int64,0.0,2
complete_case:08_composite,OS.time,float64,0.0,469
complete_case:4modalities_01_ultra_conservative,Unnamed: 0,object,0.0,923
complete_case:4modalities_01_ultra_conservative,CLIN_gender.demographic,float64,0.0,2
complete_case:4modalities_01_ultra_conservative,CLIN_age_at_index.demographic,float64,0.0,64
complete_case:4modalities_01_ultra_conservative,CLIN_tumor_descriptor.samples,int64,0.0,1
complete_case:4modalities_01_ultra_conservative,CLIN_disease_type_Adenomas and Adenocarcinomas,int64,0.0,2
complete_case:4modalities_01_ultra_conservative,CLIN_disease_type_Adnexal and Skin Appendage Neoplasms,int64,0.0,2
complete_case:4modalities_01_ultra_conservative,CLIN_disease_type_Basal Cell Neoplasms,int64,0.0,1
complete_case:4modalities_01_ultra_conservative,CLIN_disease_type_Complex Epithelial Neoplasms,int64,0.0,2
complete_case:4modalities_01_ultra_conservative,"CLIN_disease_type_Cystic, Mucinous and Serous Neoplasms",int64,0.0,2
complete_case:4modalities_01_ultra_conservative,CLIN_disease_type_Ductal and Lobular Neoplasms,int64,0.0,2
complete_case:4modalities_01_ultra_conservative,"CLIN_disease_type_Epithelial Neoplasms, NOS",int64,0.0,2
complete_case:4modalities_01_ultra_conservative,CLIN_disease_type_Fibroepithelial Neoplasms,int64,0.0,2
complete_case:4modalities_01_ultra_conservative,CLIN_disease_type_Squamous Cell Neoplasms,int64,0.0,1
complete_case:4modalities_01_ultra_conservative,CLIN_race.demographic_american indian or alaska native,int64,0.0,2
complete_case:4modalities_01_ultra_conservative,CLIN_race.demographic_asian,int64,0.0,2
complete_case:4modalities_01_ultra_conservative,CLIN_race.demographic_black or african american,int64,0.0,2
complete_case:4modalities_01_ultra_conservative,CLIN_race.demographic_missing,int64,0.0,2
complete_case:4modalities_01_ultra_conservative,CLIN_race.demographic_white,int64,0.0,2
complete_case:4modalities_01_ultra_conservative,CLIN_ethnicity.demographic_hispanic or latino,int64,0.0,2
complete_case:4modalities_01_ultra_conservative,CLIN_ethnicity.demographic_missing,int64,0.0,2
complete_case:4modalities_01_ultra_conservative,CLIN_ethnicity.demographic_not hispanic or latino,int64,0.0,2
complete_case:4modalities_01_ultra_conservative,CLIN_ajcc_pathologic_stage.diagnoses_Stage I,int64,0.0,2
complete_case:4modalities_01_ultra_conservative,CLIN_ajcc_pathologic_stage.diagnoses_Stage IA,int64,0.0,2
complete_case:4modalities_01_ultra_conservative,CLIN_ajcc_pathologic_stage.diagnoses_Stage IB,int64,0.0,2
complete_case:4modalities_01_ultra_conservative,CLIN_ajcc_pathologic_stage.diagnoses_Stage II,int64,0.0,2
complete_case:4modalities_01_ultra_conservative,CLIN_ajcc_pathologic_stage.diagnoses_Stage IIA,int64,0.0,2
complete_case:4modalities_01_ultra_conservative,CLIN_ajcc_pathologic_stage.diagnoses_Stage IIB,int64,0.0,2
complete_case:4modalities_01_ultra_conservative,CLIN_ajcc_pathologic_stage.diagnoses_Stage III,int64,0.0,2
complete_case:4modalities_01_ultra_conservative,CLIN_ajcc_pathologic_stage.diagnoses_Stage IIIA,int64,0.0,2
complete_case:4modalities_01_ultra_conservative,CLIN_ajcc_pathologic_stage.diagnoses_Stage IIIB,int64,0.0,2
complete_case:4modalities_01_ultra_conservative,CLIN_ajcc_pathologic_stage.diagnoses_Stage IIIC,int64,0.0,2
complete_case:4modalities_01_ultra_conservative,CLIN_ajcc_pathologic_stage.diagnoses_Stage IV,int64,0.0,2
complete_case:4modalities_01_ultra_conservative,CLIN_ajcc_pathologic_stage.diagnoses_Stage X,int64,0.0,2
complete_case:4modalities_01_ultra_conservative,CLIN_ajcc_pathologic_stage.diagnoses_missing,int64,0.0,2
complete_case:4modalities_01_ultra_conservative,"CLIN_tissue_or_organ_of_origin.diagnoses_Breast, NOS",int64,0.0,2
complete_case:4modalities_01_ultra_conservative,CLIN_tissue_or_organ_of_origin.diagnoses_Lower-inner quadrant of breast,int64,0.0,2
complete_case:4modalities_01_ultra_conservative,CLIN_tissue_or_organ_of_origin.diagnoses_Lower-outer quadrant of breast,int64,0.0,2
complete_case:4modalities_01_ultra_conservative,CLIN_tissue_or_organ_of_origin.diagnoses_Overlapping lesion of breast,int64,0.0,2
complete_case:4modalities_01_ultra_conservative,CLIN_tissue_or_organ_of_origin.diagnoses_Upper-inner quadrant of breast,int64,0.0,2
complete_case:4modalities_01_ultra_conservative,CLIN_tissue_or_organ_of_origin.diagnoses_Upper-outer quadrant of breast,int64,0.0,2
complete_case:4modalities_01_ultra_conservative,CLIN_tissue_or_organ_of_origin.diagnoses_missing,int64,0.0,1
complete_case:4modalities_01_ultra_conservative,CLIN_primary_diagnosis.diagnoses_Adenoid cystic carcinoma,int64,0.0,2
complete_case:4modalities_01_ultra_conservative,CLIN_primary_diagnosis.diagnoses_Apocrine adenocarcinoma,int64,0.0,2
complete_case:4modalities_01_ultra_conservative,"CLIN_primary_diagnosis.diagnoses_Basal cell carcinoma, NOS",int64,0.0,1
complete_case:4modalities_01_ultra_conservative,"CLIN_primary_diagnosis.diagnoses_Carcinoma, NOS",int64,0.0,2
complete_case:4modalities_01_ultra_conservative,"CLIN_primary_diagnosis.diagnoses_Cribriform carcinoma, NOS",int64,0.0,2
complete_case:4modalities_01_ultra_conservative,CLIN_primary_diagnosis.diagnoses_Infiltrating duct and lobular carcinoma,int64,0.0,2
complete_case:4modalities_01_ultra_conservative,"CLIN_primary_diagnosis.diagnoses_Infiltrating duct carcinoma, NOS",int64,0.0,2
complete_case:4modalities_01_ultra_conservative,CLIN_primary_diagnosis.diagnoses_Infiltrating duct mixed with other types of carcinoma,int64,0.0,2
complete_case:4modalities_01_ultra_conservative,CLIN_primary_diagnosis.diagnoses_Infiltrating lobular mixed with other types of carcinoma,int64,0.0,2
complete_case:4modalities_01_ultra_conservative,CLIN_primary_diagnosis.diagnoses_Intraductal micropapillary carcinoma,int64,0.0,2
complete_case:4modalities_01_ultra_conservative,CLIN_primary_diagnosis.diagnoses_Intraductal papillary adenocarcinoma with invasion,int64,0.0,2
complete_case:4modalities_01_ultra_conservative,CLIN_primary_diagnosis.diagnoses_Large cell neuroendocrine carcinoma,int64,0.0,2
complete_case:4modalities_01_ultra_conservative,"CLIN_primary_diagnosis.diagnoses_Lobular carcinoma, NOS",int64,0.0,2
complete_case:4modalities_01_ultra_conservative,"CLIN_primary_diagnosis.diagnoses_Medullary carcinoma, NOS",int64,0.0,2
complete_case:4modalities_01_ultra_conservative,"CLIN_primary_diagnosis.diagnoses_Metaplastic carcinoma, NOS",int64,0.0,2
complete_case:4modalities_01_ultra_conservative,CLIN_primary_diagnosis.diagnoses_Mucinous adenocarcinoma,int64,0.0,2
complete_case:4modalities_01_ultra_conservative,CLIN_primary_diagnosis.diagnoses_Paget disease and infiltrating duct carcinoma of breast,int64,0.0,2
complete_case:4modalities_01_ultra_conservative,"CLIN_primary_diagnosis.diagnoses_Papillary carcinoma, NOS",int64,0.0,1
complete_case:4modalities_01_ultra_conservative,"CLIN_primary_diagnosis.diagnoses_Phyllodes tumor, malignant",int64,0.0,2
complete_case:4modalities_01_ultra_conservative,CLIN_primary_diagnosis.diagnoses_Pleomorphic carcinoma,int64,0.0,2
complete_case:4modalities_01_ultra_conservative,CLIN_primary_diagnosis.diagnoses_Secretory carcinoma of breast,int64,0.0,1
complete_case:4modalities_01_ultra_conservative,CLIN_primary_diagnosis.diagnoses_Tubular adenocarcinoma,int64,0.0,2
complete_case:4modalities_01_ultra_conservative,CLIN_primary_diagnosis.diagnoses_missing,int64,0.0,1
complete_case:4modalities_01_ultra_conservative,CLIN_prior_malignancy.diagnoses_missing,int64,0.0,2
complete_case:4modalities_01_ultra_conservative,CLIN_prior_malignancy.diagnoses_no,int64,0.0,2
complete_case:4modalities_01_ultra_conservative,CLIN_prior_malignancy.diagnoses_yes,int64,0.0,2
complete_case:4modalities_01_ultra_conservative,CLIN_prior_treatment.diagnoses_No,int64,0.0,2
complete_case:4modalities_01_ultra_conservative,CLIN_prior_treatment.diagnoses_Yes,int64,0.0,2
complete_case:4modalities_01_ultra_conservative,CLIN_prior_treatment.diagnoses_missing,int64,0.0,2
complete_case:4modalities_01_ultra_conservative,CLIN_ajcc_staging_system_edition.diagnoses_3rd,int64,0.0,2
complete_case:4modalities_01_ultra_conservative,CLIN_ajcc_staging_system_edition.diagnoses_4th,int64,0.0,2
complete_case:4modalities_01_ultra_conservative,CLIN_ajcc_staging_system_edition.diagnoses_5th,int64,0.0,2
complete_case:4modalities_01_ultra_conservative,CLIN_ajcc_staging_system_edition.diagnoses_6th,int64,0.0,2
complete_case:4modalities_01_ultra_conservative,CLIN_ajcc_staging_system_edition.diagnoses_7th,int64,0.0,2
complete_case:4modalities_01_ultra_conservative,CLIN_ajcc_staging_system_edition.diagnoses_missing,int64,0.0,2
complete_case:4modalities_01_ultra_conservative,CLIN_ajcc_pathologic_t.diagnoses_T1,int64,0.0,2
complete_case:4modalities_01_ultra_conservative,CLIN_ajcc_pathologic_t.diagnoses_T1a,int64,0.0,2
complete_case:4modalities_01_ultra_conservative,CLIN_ajcc_pathologic_t.diagnoses_T1b,int64,0.0,2
complete_case:4modalities_01_ultra_conservative,CLIN_ajcc_pathologic_t.diagnoses_T1c,int64,0.0,2
complete_case:4modalities_01_ultra_conservative,CLIN_ajcc_pathologic_t.diagnoses_T2,int64,0.0,2
complete_case:4modalities_01_ultra_conservative,CLIN_ajcc_pathologic_t.diagnoses_T2a,int64,0.0,2
complete_case:4modalities_01_ultra_conservative,CLIN_ajcc_pathologic_t.diagnoses_T2b,int64,0.0,2
complete_case:4modalities_01_ultra_conservative,CLIN_ajcc_pathologic_t.diagnoses_T3,int64,0.0,2
complete_case:4modalities_01_ultra_conservative,CLIN_ajcc_pathologic_t.diagnoses_T3a,int64,0.0,1
complete_case:4modalities_01_ultra_conservative,CLIN_ajcc_pathologic_t.diagnoses_T4,int64,0.0,2
complete_case:4modalities_01_ultra_conservative,CLIN_ajcc_pathologic_t.diagnoses_T4b,int64,0.0,2
complete_case:4modalities_01_ultra_conservative,CLIN_ajcc_pathologic_t.diagnoses_T4d,int64,0.0,2
complete_case:4modalities_01_ultra_conservative,CLIN_ajcc_pathologic_t.diagnoses_TX,int64,0.0,2
complete_case:4modalities_01_ultra_conservative,CLIN_ajcc_pathologic_t.diagnoses_missing,int64,0.0,1
complete_case:4modalities_01_ultra_conservative,CLIN_morphology.diagnoses_8010/3,int64,0.0,2
complete_case:4modalities_01_ultra_conservative,CLIN_morphology.diagnoses_8013/3,int64,0.0,2
complete_case:4modalities_01_ultra_conservative,CLIN_morphology.diagnoses_8022/3,int64,0.0,2
complete_case:4modalities_01_ultra_conservative,CLIN_morphology.diagnoses_8050/3,int64,0.0,1
complete_case:4modalities_01_ultra_conservative,CLIN_morphology.diagnoses_8090/3,int64,0.0,1
complete_case:4modalities_01_ultra_conservative,CLIN_morphology.diagnoses_8200/3,int64,0.0,2
complete_case:4modalities_01_ultra_conservative,CLIN_morphology.diagnoses_8201/3,int64,0.0,2
complete_case:4modalities_01_ultra_conservative,CLIN_morphology.diagnoses_8211/3,int64,0.0,2
complete_case:4modalities_01_ultra_conservative,CLIN_morphology.diagnoses_8401/3,int64,0.0,2
complete_case:4modalities_01_ultra_conservative,CLIN_morphology.diagnoses_8480/3,int64,0.0,2
complete_case:4modalities_01_ultra_conservative,CLIN_morphology.diagnoses_8500/3,int64,0.0,2
complete_case:4modalities_01_ultra_conservative,CLIN_morphology.diagnoses_8502/3,int64,0.0,1
complete_case:4modalities_01_ultra_conservative,CLIN_morphology.diagnoses_8503/3,int64,0.0,2
complete_case:4modalities_01_ultra_conservative,CLIN_morphology.diagnoses_8507/3,int64,0.0,2
complete_case:4modalities_01_ultra_conservative,CLIN_morphology.diagnoses_8510/3,int64,0.0,2
complete_case:4modalities_01_ultra_conservative,CLIN_morphology.diagnoses_8520/3,int64,0.0,2
complete_case:4modalities_01_ultra_conservative,CLIN_morphology.diagnoses_8522/3,int64,0.0,2
complete_case:4modalities_01_ultra_conservative,CLIN_morphology.diagnoses_8523/3,int64,0.0,2
complete_case:4modalities_01_ultra_conservative,CLIN_morphology.diagnoses_8524/3,int64,0.0,2
complete_case:4modalities_01_ultra_conservative,CLIN_morphology.diagnoses_8541/3,int64,0.0,2
complete_case:4modalities_01_ultra_conservative,CLIN_morphology.diagnoses_8575/3,int64,0.0,2
complete_case:4modalities_01_ultra_conservative,CLIN_morphology.diagnoses_9020/3,int64,0.0,2
complete_case:4modalities_01_ultra_conservative,CLIN_morphology.diagnoses_missing,int64,0.0,1
complete_case:4modalities_01_ultra_conservative,CLIN_ajcc_pathologic_n.diagnoses_N0,int64,0.0,2
complete_case:4modalities_01_ultra_conservative,CLIN_ajcc_pathologic_n.diagnoses_N0 (i+),int64,0.0,2
complete_case:4modalities_01_ultra_conservative,CLIN_ajcc_pathologic_n.diagnoses_N0 (i-),int64,0.0,2
complete_case:4modalities_01_ultra_conservative,CLIN_ajcc_pathologic_n.diagnoses_N0 (mol+),int64,0.0,2
complete_case:4modalities_01_ultra_conservative,CLIN_ajcc_pathologic_n.diagnoses_N1,int64,0.0,2
complete_case:4modalities_01_ultra_conservative,CLIN_ajcc_pathologic_n.diagnoses_N1a,int64,0.0,2
complete_case:4modalities_01_ultra_conservative,CLIN_ajcc_pathologic_n.diagnoses_N1b,int64,0.0,2
complete_case:4modalities_01_ultra_conservative,CLIN_ajcc_pathologic_n.diagnoses_N1c,int64,0.0,2
complete_case:4modalities_01_ultra_conservative,CLIN_ajcc_pathologic_n.diagnoses_N1mi,int64,0.0,2
complete_case:4modalities_01_ultra_conservative,CLIN_ajcc_pathologic_n.diagnoses_N2,int64,0.0,2
complete_case:4modalities_01_ultra_conservative,CLIN_ajcc_pathologic_n.diagnoses_N2a,int64,0.0,2
complete_case:4modalities_01_ultra_conservative,CLIN_ajcc_pathologic_n.diagnoses_N3,int64,0.0,2
complete_case:4modalities_01_ultra_conservative,CLIN_ajcc_pathologic_n.diagnoses_N3a,int64,0.0,2
complete_case:4modalities_01_ultra_conservative,CLIN_ajcc_pathologic_n.diagnoses_N3b,int64,0.0,2
complete_case:4modalities_01_ultra_conservative,CLIN_ajcc_pathologic_n.diagnoses_N3c,int64,0.0,2
complete_case:4modalities_01_ultra_conservative,CLIN_ajcc_pathologic_n.diagnoses_NX,int64,0.0,2
complete_case:4modalities_01_ultra_conservative,CLIN_ajcc_pathologic_n.diagnoses_missing,int64,0.0,1
complete_case:4modalities_01_ultra_conservative,CLIN_ajcc_pathologic_m.diagnoses_M0,int64,0.0,2
complete_case:4modalities_01_ultra_conservative,CLIN_ajcc_pathologic_m.diagnoses_M1,int64,0.0,2
complete_case:4modalities_01_ultra_conservative,CLIN_ajcc_pathologic_m.diagnoses_MX,int64,0.0,2
complete_case:4modalities_01_ultra_conservative,CLIN_ajcc_pathologic_m.diagnoses_cM0 (i+),int64,0.0,2
complete_case:4modalities_01_ultra_conservative,CLIN_ajcc_pathologic_m.diagnoses_missing,int64,0.0,1
complete_case:4modalities_01_ultra_conservative,"CLIN_treatment_or_therapy.treatments.diagnoses_['no', 'no']",int64,0.0,2
complete_case:4modalities_01_ultra_conservative,"CLIN_treatment_or_therapy.treatments.diagnoses_['no', 'not reported']",int64,0.0,2
complete_case:4modalities_01_ultra_conservative,"CLIN_treatment_or_therapy.treatments.diagnoses_['no', 'yes']",int64,0.0,2
complete_case:4modalities_01_ultra_conservative,"CLIN_treatment_or_therapy.treatments.diagnoses_['not reported', 'no']",int64,0.0,2
complete_case:4modalities_01_ultra_conservative,"CLIN_treatment_or_therapy.treatments.diagnoses_['not reported', 'not reported']",int64,0.0,2
complete_case:4modalities_01_ultra_conservative,"CLIN_treatment_or_therapy.treatments.diagnoses_['not reported', 'yes']",int64,0.0,2
complete_case:4modalities_01_ultra_conservative,"CLIN_treatment_or_therapy.treatments.diagnoses_['yes', 'no']",int64,0.0,2
complete_case:4modalities_01_ultra_conservative,"CLIN_treatment_or_therapy.treatments.diagnoses_['yes', 'not reported']",int64,0.0,2
complete_case:4modalities_01_ultra_conservative,"CLIN_treatment_or_therapy.treatments.diagnoses_['yes', 'yes']",int64,0.0,2
complete_case:4modalities_01_ultra_conservative,CLIN_treatment_or_therapy.treatments.diagnoses_missing,int64,0.0,1
complete_case:4modalities_01_ultra_conservative,RNA_ENSG00000266925.1,float64,0.0,2
complete_case:4modalities_01_ultra_conservative,RNA_ENSG00000228098.1,float64,0.0,5
complete_case:4modalities_01_ultra_conservative,RNA_ENSG00000287660.1,float64,0.0,3
complete_case:4modalities_01_ultra_conservative,RNA_ENSG00000248120.1,float64,0.0,5
complete_case:4modalities_01_ultra_conservative,RNA_ENSG00000222308.1,float64,0.0,5
complete_case:4modalities_01_ultra_conservative,RNA_ENSG00000278694.1,float64,0.0,4
complete_case:4modalities_01_ultra_conservative,RNA_ENSG00000277888.1,float64,0.0,3
complete_case:4modalities_01_ultra_conservative,RNA_ENSG00000270900.1,float64,0.0,9
complete_case:4modalities_01_ultra_conservative,RNA_ENSG00000224357.1,float64,0.0,7
complete_case:4modalities_01_ultra_conservative,RNA_ENSG00000281167.1,float64,0.0,3
complete_case:4modalities_01_ultra_conservative,RNA_ENSG00000287977.1,float64,0.0,5
complete_case:4modalities_01_ultra_conservative,RNA_ENSG00000201288.1,float64,0.0,5
complete_case:4modalities_01_ultra_conservative,RNA_ENSG00000170255.7,float64,0.0,4
complete_case:4modalities_01_ultra_conservative,RNA_ENSG00000255746.1,float64,0.0,5
complete_case:4modalities_01_ultra_conservative,RNA_ENSG00000271421.1,float64,0.0,4
complete_case:4modalities_01_ultra_conservative,RNA_ENSG00000261511.1,float64,0.0,4
complete_case:4modalities_01_ultra_conservative,RNA_ENSG00000230609.1,float64,0.0,8
complete_case:4modalities_01_ultra_conservative,RNA_ENSG00000172199.1,float64,0.0,7
complete_case:4modalities_01_ultra_conservative,RNA_ENSG00000213384.2,float64,0.0,11
complete_case:4modalities_01_ultra_conservative,RNA_ENSG00000248764.1,float64,0.0,5
complete_case:4modalities_01_ultra_conservative,RNA_ENSG00000271712.1,float64,0.0,3
complete_case:4modalities_01_ultra_conservative,RNA_ENSG00000264767.2,float64,0.0,10
complete_case:4modalities_01_ultra_conservative,RNA_ENSG00000287239.1,float64,0.0,4
complete_case:4modalities_01_ultra_conservative,RNA_ENSG00000220949.2,float64,0.0,6
complete_case:4modalities_01_ultra_conservative,RNA_ENSG00000283207.1,float64,0.0,2
complete_case:4modalities_01_ultra_conservative,RNA_ENSG00000271094.1,float64,0.0,2
complete_case:4modalities_01_ultra_conservative,RNA_ENSG00000226159.2,float64,0.0,12
complete_case:4modalities_01_ultra_conservative,RNA_ENSG00000217160.2,float64,0.0,5
complete_case:4modalities_01_ultra_conservative,RNA_ENSG00000201287.1,float64,0.0,8
complete_case:4modalities_01_ultra_conservative,RNA_ENSG00000244000.1,float64,0.0,2
complete_case:4modalities_01_ultra_conservative,RNA_ENSG00000249764.1,float64,0.0,3
complete_case:4modalities_01_ultra_conservative,RNA_ENSG00000249890.1,float64,0.0,4
complete_case:4modalities_01_ultra_conservative,RNA_ENSG00000251686.1,float64,0.0,5
complete_case:4modalities_01_ultra_conservative,RNA_ENSG00000263020.6,float64,0.0,1
complete_case:4modalities_01_ultra_conservative,RNA_ENSG00000226847.1,float64,0.0,3
complete_case:4modalities_01_ultra_conservative,RNA_ENSG00000229458.2,float64,0.0,6
complete_case:4modalities_01_ultra_conservative,RNA_ENSG00000199735.1,float64,0.0,4
complete_case:4modalities_01_ultra_conservative,RNA_ENSG00000200361.1,float64,0.0,1
complete_case:4modalities_01_ultra_conservative,RNA_ENSG00000242650.3,float64,0.0,8
complete_case:4modalities_01_ultra_conservative,RNA_ENSG00000276442.1,float64,0.0,2
complete_case:4modalities_01_ultra_conservative,RNA_ENSG00000263581.1,float64,0.0,2
complete_case:4modalities_01_ultra_conservative,RNA_ENSG00000223637.7,float64,0.0,1
complete_case:4modalities_01_ultra_conservative,RNA_ENSG00000265007.1,float64,0.0,2
complete_case:4modalities_01_ultra_conservative,RNA_ENSG00000225896.1,float64,0.0,2
complete_case:4modalities_01_ultra_conservative,RNA_ENSG00000222744.1,float64,0.0,6
complete_case:4modalities_01_ultra_conservative,RNA_ENSG00000234349.1,float64,0.0,4
complete_case:4modalities_01_ultra_conservative,RNA_ENSG00000226873.1,float64,0.0,1
complete_case:4modalities_01_ultra_conservative,RNA_ENSG00000207084.1,float64,0.0,3
complete_case:4modalities_01_ultra_conservative,RNA_ENSG00000252104.1,float64,0.0,2
complete_case:4modalities_01_ultra_conservative,RNA_ENSG00000276998.1,float64,0.0,2
complete_case:4modalities_01_ultra_conservative,CNV_ENSG00000213275.2,float64,0.0,30
complete_case:4modalities_01_ultra_conservative,CNV_ENSG00000287272.1,float64,0.0,20
complete_case:4modalities_01_ultra_conservative,CNV_ENSG00000267083.1,float64,0.0,32
complete_case:4modalities_01_ultra_conservative,CNV_ENSG00000274489.1,float64,0.0,29
complete_case:4modalities_01_ultra_conservative,CNV_ENSG00000215262.8,float64,0.0,29
complete_case:4modalities_01_ultra_conservative,CNV_ENSG00000254038.1,float64,0.0,32
complete_case:4modalities_01_ultra_conservative,CNV_ENSG00000243503.2,float64,0.0,33
complete_case:4modalities_01_ultra_conservative,CNV_ENSG00000244235.2,float64,0.0,25
complete_case:4modalities_01_ultra_conservative,CNV_ENSG00000253135.1,float64,0.0,25
complete_case:4modalities_01_ultra_conservative,CNV_ENSG00000287644.1,float64,0.0,32
complete_case:4modalities_01_ultra_conservative,CNV_ENSG00000199985.1,float64,0.0,29
complete_case:4modalities_01_ultra_conservative,CNV_ENSG00000254320.1,float64,0.0,27
complete_case:4modalities_01_ultra_conservative,CNV_ENSG00000253650.1,float64,0.0,33
complete_case:4modalities_01_ultra_conservative,CNV_ENSG00000265666.1,float64,0.0,28
complete_case:4modalities_01_ultra_conservative,CNV_ENSG00000278918.1,float64,0.0,28
complete_case:4modalities_01_ultra_conservative,CNV_ENSG00000206871.1,float64,0.0,27
complete_case:4modalities_01_ultra_conservative,CNV_ENSG00000253610.1,float64,0.0,27
complete_case:4modalities_01_ultra_conservative,CNV_ENSG00000219491.7,float64,0.0,30
complete_case:4modalities_01_ultra_conservative,CNV_ENSG00000238966.1,float64,0.0,25
complete_case:4modalities_01_ultra_conservative,CNV_ENSG00000207101.1,float64,0.0,24
complete_case:4modalities_01_ultra_conservative,CNV_ENSG00000174132.9,float64,0.0,11
complete_case:4modalities_01_ultra_conservative,CNV_ENSG00000239281.2,float64,0.0,23
complete_case:4modalities_01_ultra_conservative,CNV_ENSG00000263372.1,float64,0.0,23
complete_case:4modalities_01_ultra_conservative,CNV_ENSG00000131759.18,float64,0.0,31
complete_case:4modalities_01_ultra_conservative,CNV_ENSG00000260588.1,float64,0.0,24
complete_case:4modalities_01_ultra_conservative,CNV_ENSG00000252618.1,float64,0.0,28
complete_case:4modalities_01_ultra_conservative,CNV_ENSG00000249787.2,float64,0.0,11
complete_case:4modalities_01_ultra_conservative,CNV_ENSG00000241834.3,float64,0.0,24
complete_case:4modalities_01_ultra_conservative,CNV_ENSG00000253504.1,float64,0.0,25
complete_case:4modalities_01_ultra_conservative,CNV_ENSG00000261449.1,float64,0.0,25
complete_case:4modalities_01_ultra_conservative,CNV_ENSG00000070718.12,float64,0.0,25
complete_case:4modalities_01_ultra_conservative,CNV_ENSG00000083168.11,float64,0.0,24
complete_case:4modalities_01_ultra_conservative,CNV_ENSG00000264655.1,float64,0.0,28
complete_case:4modalities_01_ultra_conservative,CNV_ENSG00000253265.1,float64,0.0,22
complete_case:4modalities_01_ultra_conservative,CNV_ENSG00000266208.1,float64,0.0,28
complete_case:4modalities_01_ultra_conservative,CNV_ENSG00000183153.7,float64,0.0,28
complete_case:4modalities_01_ultra_conservative,CNV_ENSG00000253123.4,float64,0.0,33
complete_case:4modalities_01_ultra_conservative,CNV_ENSG00000271938.1,float64,0.0,25
complete_case:4modalities_01_ultra_conservative,CNV_ENSG00000253509.1,float64,0.0,23
complete_case:4modalities_01_ultra_conservative,CNV_ENSG00000253363.7,float64,0.0,29
complete_case:4modalities_01_ultra_conservative,CNV_ENSG00000206852.1,float64,0.0,23
complete_case:4modalities_01_ultra_conservative,CNV_ENSG00000278346.1,float64,0.0,28
complete_case:4modalities_01_ultra_conservative,CNV_ENSG00000275374.1,float64,0.0,11
complete_case:4modalities_01_ultra_conservative,CNV_ENSG00000244708.1,float64,0.0,29
complete_case:4modalities_01_ultra_conservative,CNV_ENSG00000247877.7,float64,0.0,11
complete_case:4modalities_01_ultra_conservative,CNV_ENSG00000254384.1,float64,0.0,25
complete_case:4modalities_01_ultra_conservative,CNV_ENSG00000253746.1,float64,0.0,33
complete_case:4modalities_01_ultra_conservative,CNV_ENSG00000253685.1,float64,0.0,25
complete_case:4modalities_01_ultra_conservative,CNV_ENSG00000253524.1,float64,0.0,26
complete_case:4modalities_01_ultra_conservative,CNV_ENSG00000104332.12,float64,0.0,23
complete_case:4modalities_01_ultra_conservative,MUT_ABR,int64,0.0,2
complete_case:4modalities_01_ultra_conservative,MUT_CR1,int64,0.0,2
complete_case:4modalities_01_ultra_conservative,MUT_ADAMTS20,int64,0.0,2
complete_case:4modalities_01_ultra_conservative,MUT_PTCHD3,int64,0.0,2
complete_case:4modalities_01_ultra_conservative,MUT_MAML2,int64,0.0,2
complete_case:4modalities_01_ultra_conservative,MUT_CACNA1S,int64,0.0,2
complete_case:4modalities_01_ultra_conservative,MUT_DOCK9,int64,0.0,2
complete_case:4modalities_01_ultra_conservative,MUT_GRIPAP1,int64,0.0,2
complete_case:4modalities_01_ultra_conservative,MUT_LRP6,int64,0.0,2
complete_case:4modalities_01_ultra_conservative,MUT_FCRL5,int64,0.0,2
complete_case:4modalities_01_ultra_conservative,MUT_PIKFYVE,int64,0.0,2
complete_case:4modalities_01_ultra_conservative,MUT_RBM26,int64,0.0,2
complete_case:4modalities_01_ultra_conservative,MUT_AP3B1,int64,0.0,2
complete_case:4modalities_01_ultra_conservative,MUT_NLGN4X,int64,0.0,2
complete_case:4modalities_01_ultra_conservative,MUT_TDRD5,int64,0.0,2
complete_case:4modalities_01_ultra_conservative,MUT_CEP95,int64,0.0,2
complete_case:4modalities_01_ultra_conservative,MUT_GBE1,int64,0.0,2
complete_case:4modalities_01_ultra_conservative,MUT_SRRM2,int64,0.0,2
complete_case:4modalities_01_ultra_conservative,MUT_PIK3CB,int64,0.0,2
complete_case:4modalities_01_ultra_conservative,MUT_SLC26A9,int64,0.0,2
complete_case:4modalities_01_ultra_conservative,MUT_EPPK1,int64,0.0,2
complete_case:4modalities_01_ultra_conservative,MUT_TMC2,int64,0.0,2
complete_case:4modalities_01_ultra_conservative,MUT_GOLGA4,int64,0.0,2
complete_case:4modalities_01_ultra_conservative,MUT_HMCN1,int64,0.0,2
complete_case:4modalities_01_ultra_conservative,MUT_DMD,int64,0.0,2
complete_case:4modalities_01_ultra_conservative,MUT_PTEN,int64,0.0,2
complete_case:4modalities_01_ultra_conservative,MUT_MACF1,int64,0.0,2
complete_case:4modalities_01_ultra_conservative,MUT_NCOR1,int64,0.0,2
complete_case:4modalities_01_ultra_conservative,MUT_FAT3,int64,0.0,2
complete_case:4modalities_01_ultra_conservative,MUT_MAP3K1,int64,0.0,2
complete_case:4modalities_01_ultra_conservative,MUT_SPTA1,int64,0.0,2
complete_case:4modalities_01_ultra_conservative,MUT_SYNE1,int64,0.0,2
complete_case:4modalities_01_ultra_conservative,MUT_GATA3,int64,0.0,2
complete_case:4modalities_01_ultra_conservative,MUT_ABCA13,int64,0.0,2
complete_case:4modalities_01_ultra_conservative,MUT_PIK3CA,int64,0.0,2
complete_case:4modalities_01_ultra_conservative,MUT_MUC17,int64,0.0,2
complete_case:4modalities_01_ultra_conservative,MUT_RYR3,int64,0.0,2
complete_case:4modalities_01_ultra_conservative,MUT_DST,int64,0.0,2
complete_case:4modalities_01_ultra_conservative,MUT_OBSCN,int64,0.0,2
complete_case:4modalities_01_ultra_conservative,MUT_RYR2,int64,0.0,2
complete_case:4modalities_01_ultra_conservative,MUT_KMT2C,int64,0.0,2
complete_case:4modalities_01_ultra_conservative,MUT_NEB,int64,0.0,2
complete_case:4modalities_01_ultra_conservative,MUT_FLG,int64,0.0,2
complete_case:4modalities_01_ultra_conservative,MUT_MUC5B,int64,0.0,2
complete_case:4modalities_01_ultra_conservative,MUT_TP53,int64,0.0,2
complete_case:4modalities_01_ultra_conservative,MUT_ZFHX4,int64,0.0,2
complete_case:4modalities_01_ultra_conservative,MUT_MUC16,int64,0.0,2
complete_case:4modalities_01_ultra_conservative,MUT_USH2A,int64,0.0,2
complete_case:4modalities_01_ultra_conservative,MUT_CDH1,int64,0.0,2
complete_case:4modalities_01_ultra_conservative,MUT_TTN,int64,0.0,2
complete_case:4modalities_02_conservative,Unnamed: 0,object,0.0,923
complete_case:4modalities_02_conservative,CLIN_gender.demographic,float64,0.0,2
complete_case:4modalities_02_conservative,CLIN_age_at_index.demographic,float64,0.0,64
complete_case:4modalities_02_conservative,CLIN_tumor_descriptor.samples,int64,0.0,1
complete_case:4modalities_02_conservative,CLIN_disease_type_Adenomas and Adenocarcinomas,int64,0.0,2
complete_case:4modalities_02_conservative,CLIN_disease_type_Adnexal and Skin Appendage Neoplasms,int64,0.0,2
complete_case:4modalities_02_conservative,CLIN_disease_type_Basal Cell Neoplasms,int64,0.0,1
complete_case:4modalities_02_conservative,CLIN_disease_type_Complex Epithelial Neoplasms,int64,0.0,2
complete_case:4modalities_02_conservative,"CLIN_disease_type_Cystic, Mucinous and Serous Neoplasms",int64,0.0,2
complete_case:4modalities_02_conservative,CLIN_disease_type_Ductal and Lobular Neoplasms,int64,0.0,2
complete_case:4modalities_02_conservative,"CLIN_disease_type_Epithelial Neoplasms, NOS",int64,0.0,2
complete_case:4modalities_02_conservative,CLIN_disease_type_Fibroepithelial Neoplasms,int64,0.0,2
complete_case:4modalities_02_conservative,CLIN_disease_type_Squamous Cell Neoplasms,int64,0.0,1
complete_case:4modalities_02_conservative,CLIN_race.demographic_american indian or alaska native,int64,0.0,2
complete_case:4modalities_02_conservative,CLIN_race.demographic_asian,int64,0.0,2
complete_case:4modalities_02_conservative,CLIN_race.demographic_black or african american,int64,0.0,2
complete_case:4modalities_02_conservative,CLIN_race.demographic_missing,int64,0.0,2
complete_case:4modalities_02_conservative,CLIN_race.demographic_white,int64,0.0,2
complete_case:4modalities_02_conservative,CLIN_ethnicity.demographic_hispanic or latino,int64,0.0,2
complete_case:4modalities_02_conservative,CLIN_ethnicity.demographic_missing,int64,0.0,2
complete_case:4modalities_02_conservative,CLIN_ethnicity.demographic_not hispanic or latino,int64,0.0,2
complete_case:4modalities_02_conservative,CLIN_ajcc_pathologic_stage.diagnoses_Stage I,int64,0.0,2
complete_case:4modalities_02_conservative,CLIN_ajcc_pathologic_stage.diagnoses_Stage IA,int64,0.0,2
complete_case:4modalities_02_conservative,CLIN_ajcc_pathologic_stage.diagnoses_Stage IB,int64,0.0,2
complete_case:4modalities_02_conservative,CLIN_ajcc_pathologic_stage.diagnoses_Stage II,int64,0.0,2
complete_case:4modalities_02_conservative,CLIN_ajcc_pathologic_stage.diagnoses_Stage IIA,int64,0.0,2
complete_case:4modalities_02_conservative,CLIN_ajcc_pathologic_stage.diagnoses_Stage IIB,int64,0.0,2
complete_case:4modalities_02_conservative,CLIN_ajcc_pathologic_stage.diagnoses_Stage III,int64,0.0,2
complete_case:4modalities_02_conservative,CLIN_ajcc_pathologic_stage.diagnoses_Stage IIIA,int64,0.0,2
complete_case:4modalities_02_conservative,CLIN_ajcc_pathologic_stage.diagnoses_Stage IIIB,int64,0.0,2
complete_case:4modalities_02_conservative,CLIN_ajcc_pathologic_stage.diagnoses_Stage IIIC,int64,0.0,2
complete_case:4modalities_02_conservative,CLIN_ajcc_pathologic_stage.diagnoses_Stage IV,int64,0.0,2
complete_case:4modalities_02_conservative,CLIN_ajcc_pathologic_stage.diagnoses_Stage X,int64,0.0,2
complete_case:4modalities_02_conservative,CLIN_ajcc_pathologic_stage.diagnoses_missing,int64,0.0,2
complete_case:4modalities_02_conservative,"CLIN_tissue_or_organ_of_origin.diagnoses_Breast, NOS",int64,0.0,2
complete_case:4modalities_02_conservative,CLIN_tissue_or_organ_of_origin.diagnoses_Lower-inner quadrant of breast,int64,0.0,2
complete_case:4modalities_02_conservative,CLIN_tissue_or_organ_of_origin.diagnoses_Lower-outer quadrant of breast,int64,0.0,2
complete_case:4modalities_02_conservative,CLIN_tissue_or_organ_of_origin.diagnoses_Overlapping lesion of breast,int64,0.0,2
complete_case:4modalities_02_conservative,CLIN_tissue_or_organ_of_origin.diagnoses_Upper-inner quadrant of breast,int64,0.0,2
complete_case:4modalities_02_conservative,CLIN_tissue_or_organ_of_origin.diagnoses_Upper-outer quadrant of breast,int64,0.0,2
complete_case:4modalities_02_conservative,CLIN_tissue_or_organ_of_origin.diagnoses_missing,int64,0.0,1
complete_case:4modalities_02_conservative,CLIN_primary_diagnosis.diagnoses_Adenoid cystic carcinoma,int64,0.0,2
complete_case:4modalities_02_conservative,CLIN_primary_diagnosis.diagnoses_Apocrine adenocarcinoma,int64,0.0,2
complete_case:4modalities_02_conservative,"CLIN_primary_diagnosis.diagnoses_Basal cell carcinoma, NOS",int64,0.0,1
complete_case:4modalities_02_conservative,"CLIN_primary_diagnosis.diagnoses_Carcinoma, NOS",int64,0.0,2
complete_case:4modalities_02_conservative,"CLIN_primary_diagnosis.diagnoses_Cribriform carcinoma, NOS",int64,0.0,2
complete_case:4modalities_02_conservative,CLIN_primary_diagnosis.diagnoses_Infiltrating duct and lobular carcinoma,int64,0.0,2
complete_case:4modalities_02_conservative,"CLIN_primary_diagnosis.diagnoses_Infiltrating duct carcinoma, NOS",int64,0.0,2
complete_case:4modalities_02_conservative,CLIN_primary_diagnosis.diagnoses_Infiltrating duct mixed with other types of carcinoma,int64,0.0,2
complete_case:4modalities_02_conservative,CLIN_primary_diagnosis.diagnoses_Infiltrating lobular mixed with other types of carcinoma,int64,0.0,2
complete_case:4modalities_02_conservative,CLIN_primary_diagnosis.diagnoses_Intraductal micropapillary carcinoma,int64,0.0,2
complete_case:4modalities_02_conservative,CLIN_primary_diagnosis.diagnoses_Intraductal papillary adenocarcinoma with invasion,int64,0.0,2
complete_case:4modalities_02_conservative,CLIN_primary_diagnosis.diagnoses_Large cell neuroendocrine carcinoma,int64,0.0,2
complete_case:4modalities_02_conservative,"CLIN_primary_diagnosis.diagnoses_Lobular carcinoma, NOS",int64,0.0,2
complete_case:4modalities_02_conservative,"CLIN_primary_diagnosis.diagnoses_Medullary carcinoma, NOS",int64,0.0,2
complete_case:4modalities_02_conservative,"CLIN_primary_diagnosis.diagnoses_Metaplastic carcinoma, NOS",int64,0.0,2
complete_case:4modalities_02_conservative,CLIN_primary_diagnosis.diagnoses_Mucinous adenocarcinoma,int64,0.0,2
complete_case:4modalities_02_conservative,CLIN_primary_diagnosis.diagnoses_Paget disease and infiltrating duct carcinoma of breast,int64,0.0,2
complete_case:4modalities_02_conservative,"CLIN_primary_diagnosis.diagnoses_Papillary carcinoma, NOS",int64,0.0,1
complete_case:4modalities_02_conservative,"CLIN_primary_diagnosis.diagnoses_Phyllodes tumor, malignant",int64,0.0,2
complete_case:4modalities_02_conservative,CLIN_primary_diagnosis.diagnoses_Pleomorphic carcinoma,int64,0.0,2
complete_case:4modalities_02_conservative,CLIN_primary_diagnosis.diagnoses_Secretory carcinoma of breast,int64,0.0,1
complete_case:4modalities_02_conservative,CLIN_primary_diagnosis.diagnoses_Tubular adenocarcinoma,int64,0.0,2
complete_case:4modalities_02_conservative,CLIN_primary_diagnosis.diagnoses_missing,int64,0.0,1
complete_case:4modalities_02_conservative,CLIN_prior_malignancy.diagnoses_missing,int64,0.0,2
complete_case:4modalities_02_conservative,CLIN_prior_malignancy.diagnoses_no,int64,0.0,2
complete_case:4modalities_02_conservative,CLIN_prior_malignancy.diagnoses_yes,int64,0.0,2
complete_case:4modalities_02_conservative,CLIN_prior_treatment.diagnoses_No,int64,0.0,2
complete_case:4modalities_02_conservative,CLIN_prior_treatment.diagnoses_Yes,int64,0.0,2
complete_case:4modalities_02_conservative,CLIN_prior_treatment.diagnoses_missing,int64,0.0,2
complete_case:4modalities_02_conservative,CLIN_ajcc_staging_system_edition.diagnoses_3rd,int64,0.0,2
complete_case:4modalities_02_conservative,CLIN_ajcc_staging_system_edition.diagnoses_4th,int64,0.0,2
complete_case:4modalities_02_conservative,CLIN_ajcc_staging_system_edition.diagnoses_5th,int64,0.0,2
complete_case:4modalities_02_conservative,CLIN_ajcc_staging_system_edition.diagnoses_6th,int64,0.0,2
complete_case:4modalities_02_conservative,CLIN_ajcc_staging_system_edition.diagnoses_7th,int64,0.0,2
complete_case:4modalities_02_conservative,CLIN_ajcc_staging_system_edition.diagnoses_missing,int64,0.0,2
complete_case:4modalities_02_conservative,CLIN_ajcc_pathologic_t.diagnoses_T1,int64,0.0,2
complete_case:4modalities_02_conservative,CLIN_ajcc_pathologic_t.diagnoses_T1a,int64,0.0,2
complete_case:4modalities_02_conservative,CLIN_ajcc_pathologic_t.diagnoses_T1b,int64,0.0,2
complete_case:4modalities_02_conservative,CLIN_ajcc_pathologic_t.diagnoses_T1c,int64,0.0,2
complete_case:4modalities_02_conservative,CLIN_ajcc_pathologic_t.diagnoses_T2,int64,0.0,2
complete_case:4modalities_02_conservative,CLIN_ajcc_pathologic_t.diagnoses_T2a,int64,0.0,2
complete_case:4modalities_02_conservative,CLIN_ajcc_pathologic_t.diagnoses_T2b,int64,0.0,2
complete_case:4modalities_02_conservative,CLIN_ajcc_pathologic_t.diagnoses_T3,int64,0.0,2
complete_case:4modalities_02_conservative,CLIN_ajcc_pathologic_t.diagnoses_T3a,int64,0.0,1
complete_case:4modalities_02_conservative,CLIN_ajcc_pathologic_t.diagnoses_T4,int64,0.0,2
complete_case:4modalities_02_conservative,CLIN_ajcc_pathologic_t.diagnoses_T4b,int64,0.0,2
complete_case:4modalities_02_conservative,CLIN_ajcc_pathologic_t.diagnoses_T4d,int64,0.0,2
complete_case:4modalities_02_conservative,CLIN_ajcc_pathologic_t.diagnoses_TX,int64,0.0,2
complete_case:4modalities_02_conservative,CLIN_ajcc_pathologic_t.diagnoses_missing,int64,0.0,1
complete_case:4modalities_02_conservative,CLIN_morphology.diagnoses_8010/3,int64,0.0,2
complete_case:4modalities_02_conservative,CLIN_morphology.diagnoses_8013/3,int64,0.0,2
complete_case:4modalities_02_conservative,CLIN_morphology.diagnoses_8022/3,int64,0.0,2
complete_case:4modalities_02_conservative,CLIN_morphology.diagnoses_8050/3,int64,0.0,1
complete_case:4modalities_02_conservative,CLIN_morphology.diagnoses_8090/3,int64,0.0,1
complete_case:4modalities_02_conservative,CLIN_morphology.diagnoses_8200/3,int64,0.0,2
complete_case:4modalities_02_conservative,CLIN_morphology.diagnoses_8201/3,int64,0.0,2
complete_case:4modalities_02_conservative,CLIN_morphology.diagnoses_8211/3,int64,0.0,2
complete_case:4modalities_02_conservative,CLIN_morphology.diagnoses_8401/3,int64,0.0,2
complete_case:4modalities_02_conservative,CLIN_morphology.diagnoses_8480/3,int64,0.0,2
complete_case:4modalities_02_conservative,CLIN_morphology.diagnoses_8500/3,int64,0.0,2
complete_case:4modalities_02_conservative,CLIN_morphology.diagnoses_8502/3,int64,0.0,1
complete_case:4modalities_02_conservative,CLIN_morphology.diagnoses_8503/3,int64,0.0,2
complete_case:4modalities_02_conservative,CLIN_morphology.diagnoses_8507/3,int64,0.0,2
complete_case:4modalities_02_conservative,CLIN_morphology.diagnoses_8510/3,int64,0.0,2
complete_case:4modalities_02_conservative,CLIN_morphology.diagnoses_8520/3,int64,0.0,2
complete_case:4modalities_02_conservative,CLIN_morphology.diagnoses_8522/3,int64,0.0,2
complete_case:4modalities_02_conservative,CLIN_morphology.diagnoses_8523/3,int64,0.0,2
complete_case:4modalities_02_conservative,CLIN_morphology.diagnoses_8524/3,int64,0.0,2
complete_case:4modalities_02_conservative,CLIN_morphology.diagnoses_8541/3,int64,0.0,2
complete_case:4modalities_02_conservative,CLIN_morphology.diagnoses_8575/3,int64,0.0,2
complete_case:4modalities_02_conservative,CLIN_morphology.diagnoses_9020/3,int64,0.0,2
complete_case:4modalities_02_conservative,CLIN_morphology.diagnoses_missing,int64,0.0,1
complete_case:4modalities_02_conservative,CLIN_ajcc_pathologic_n.diagnoses_N0,int64,0.0,2
complete_case:4modalities_02_conservative,CLIN_ajcc_pathologic_n.diagnoses_N0 (i+),int64,0.0,2
complete_case:4modalities_02_conservative,CLIN_ajcc_pathologic_n.diagnoses_N0 (i-),int64,0.0,2
complete_case:4modalities_02_conservative,CLIN_ajcc_pathologic_n.diagnoses_N0 (mol+),int64,0.0,2
complete_case:4modalities_02_conservative,CLIN_ajcc_pathologic_n.diagnoses_N1,int64,0.0,2
complete_case:4modalities_02_conservative,CLIN_ajcc_pathologic_n.diagnoses_N1a,int64,0.0,2
complete_case:4modalities_02_conservative,CLIN_ajcc_pathologic_n.diagnoses_N1b,int64,0.0,2
complete_case:4modalities_02_conservative,CLIN_ajcc_pathologic_n.diagnoses_N1c,int64,0.0,2
complete_case:4modalities_02_conservative,CLIN_ajcc_pathologic_n.diagnoses_N1mi,int64,0.0,2
complete_case:4modalities_02_conservative,CLIN_ajcc_pathologic_n.diagnoses_N2,int64,0.0,2
complete_case:4modalities_02_conservative,CLIN_ajcc_pathologic_n.diagnoses_N2a,int64,0.0,2
complete_case:4modalities_02_conservative,CLIN_ajcc_pathologic_n.diagnoses_N3,int64,0.0,2
complete_case:4modalities_02_conservative,CLIN_ajcc_pathologic_n.diagnoses_N3a,int64,0.0,2
complete_case:4modalities_02_conservative,CLIN_ajcc_pathologic_n.diagnoses_N3b,int64,0.0,2
complete_case:4modalities_02_conservative,CLIN_ajcc_pathologic_n.diagnoses_N3c,int64,0.0,2
complete_case:4modalities_02_conservative,CLIN_ajcc_pathologic_n.diagnoses_NX,int64,0.0,2
complete_case:4modalities_02_conservative,CLIN_ajcc_pathologic_n.diagnoses_missing,int64,0.0,1
complete_case:4modalities_02_conservative,CLIN_ajcc_pathologic_m.diagnoses_M0,int64,0.0,2
complete_case:4modalities_02_conservative,CLIN_ajcc_pathologic_m.diagnoses_M1,int64,0.0,2
complete_case:4modalities_02_conservative,CLIN_ajcc_pathologic_m.diagnoses_MX,int64,0.0,2
complete_case:4modalities_02_conservative,CLIN_ajcc_pathologic_m.diagnoses_cM0 (i+),int64,0.0,2
complete_case:4modalities_02_conservative,CLIN_ajcc_pathologic_m.diagnoses_missing,int64,0.0,1
complete_case:4modalities_02_conservative,"CLIN_treatment_or_therapy.treatments.diagnoses_['no', 'no']",int64,0.0,2
complete_case:4modalities_02_conservative,"CLIN_treatment_or_therapy.treatments.diagnoses_['no', 'not reported']",int64,0.0,2
complete_case:4modalities_02_conservative,"CLIN_treatment_or_therapy.treatments.diagnoses_['no', 'yes']",int64,0.0,2
complete_case:4modalities_02_conservative,"CLIN_treatment_or_therapy.treatments.diagnoses_['not reported', 'no']",int64,0.0,2
complete_case:4modalities_02_conservative,"CLIN_treatment_or_therapy.treatments.diagnoses_['not reported', 'not reported']",int64,0.0,2
complete_case:4modalities_02_conservative,"CLIN_treatment_or_therapy.treatments.diagnoses_['not reported', 'yes']",int64,0.0,2
complete_case:4modalities_02_conservative,"CLIN_treatment_or_therapy.treatments.diagnoses_['yes', 'no']",int64,0.0,2
complete_case:4modalities_02_conservative,"CLIN_treatment_or_therapy.treatments.diagnoses_['yes', 'not reported']",int64,0.0,2
complete_case:4modalities_02_conservative,"CLIN_treatment_or_therapy.treatments.diagnoses_['yes', 'yes']",int64,0.0,2
complete_case:4modalities_02_conservative,CLIN_treatment_or_therapy.treatments.diagnoses_missing,int64,0.0,1
complete_case:4modalities_02_conservative,RNA_ENSG00000265347.1,float64,0.0,2
complete_case:4modalities_02_conservative,RNA_ENSG00000228098.1,float64,0.0,5
complete_case:4modalities_02_conservative,RNA_ENSG00000287660.1,float64,0.0,3
complete_case:4modalities_02_conservative,RNA_ENSG00000207270.1,float64,0.0,5
complete_case:4modalities_02_conservative,RNA_ENSG00000248120.1,float64,0.0,5
complete_case:4modalities_02_conservative,RNA_ENSG00000277014.1,float64,0.0,2
complete_case:4modalities_02_conservative,RNA_ENSG00000257995.1,float64,0.0,2
complete_case:4modalities_02_conservative,RNA_ENSG00000278694.1,float64,0.0,4
complete_case:4modalities_02_conservative,RNA_ENSG00000267182.1,float64,0.0,4
complete_case:4modalities_02_conservative,RNA_ENSG00000277888.1,float64,0.0,3
complete_case:4modalities_02_conservative,RNA_ENSG00000266925.1,float64,0.0,2
complete_case:4modalities_02_conservative,RNA_ENSG00000260414.1,float64,0.0,1
complete_case:4modalities_02_conservative,RNA_ENSG00000283462.2,float64,0.0,16
complete_case:4modalities_02_conservative,RNA_ENSG00000225876.1,float64,0.0,1
complete_case:4modalities_02_conservative,RNA_ENSG00000252182.1,float64,0.0,5
complete_case:4modalities_02_conservative,RNA_ENSG00000279728.1,float64,0.0,2
complete_case:4modalities_02_conservative,RNA_ENSG00000215373.4,float64,0.0,2
complete_case:4modalities_02_conservative,RNA_ENSG00000224485.1,float64,0.0,2
complete_case:4modalities_02_conservative,RNA_ENSG00000233336.1,float64,0.0,2
complete_case:4modalities_02_conservative,RNA_ENSG00000276442.1,float64,0.0,2
complete_case:4modalities_02_conservative,RNA_ENSG00000263581.1,float64,0.0,2
complete_case:4modalities_02_conservative,RNA_ENSG00000224634.1,float64,0.0,2
complete_case:4modalities_02_conservative,RNA_ENSG00000283524.2,float64,0.0,2
complete_case:4modalities_02_conservative,RNA_ENSG00000252989.1,float64,0.0,2
complete_case:4modalities_02_conservative,RNA_ENSG00000248457.1,float64,0.0,6
complete_case:4modalities_02_conservative,RNA_ENSG00000237467.1,float64,0.0,2
complete_case:4modalities_02_conservative,RNA_ENSG00000212952.6,float64,0.0,2
complete_case:4modalities_02_conservative,RNA_ENSG00000222308.1,float64,0.0,5
complete_case:4modalities_02_conservative,RNA_ENSG00000284289.1,float64,0.0,2
complete_case:4modalities_02_conservative,RNA_ENSG00000259546.1,float64,0.0,2
complete_case:4modalities_02_conservative,RNA_ENSG00000234888.1,float64,0.0,2
complete_case:4modalities_02_conservative,RNA_ENSG00000284439.1,float64,0.0,1
complete_case:4modalities_02_conservative,RNA_ENSG00000254445.1,float64,0.0,2
complete_case:4modalities_02_conservative,RNA_ENSG00000207011.1,float64,0.0,2
complete_case:4modalities_02_conservative,RNA_ENSG00000275664.1,float64,0.0,2
complete_case:4modalities_02_conservative,RNA_ENSG00000276003.1,float64,0.0,2
complete_case:4modalities_02_conservative,RNA_ENSG00000270900.1,float64,0.0,9
complete_case:4modalities_02_conservative,RNA_ENSG00000224357.1,float64,0.0,7
complete_case:4modalities_02_conservative,RNA_ENSG00000177684.4,float64,0.0,2
complete_case:4modalities_02_conservative,RNA_ENSG00000172459.4,float64,0.0,5
complete_case:4modalities_02_conservative,RNA_ENSG00000223896.2,float64,0.0,15
complete_case:4modalities_02_conservative,RNA_ENSG00000281167.1,float64,0.0,3
complete_case:4modalities_02_conservative,RNA_ENSG00000248600.2,float64,0.0,6
complete_case:4modalities_02_conservative,RNA_ENSG00000162771.8,float64,0.0,4
complete_case:4modalities_02_conservative,RNA_ENSG00000220139.1,float64,0.0,4
complete_case:4modalities_02_conservative,RNA_ENSG00000287977.1,float64,0.0,5
complete_case:4modalities_02_conservative,RNA_ENSG00000250727.1,float64,0.0,8
complete_case:4modalities_02_conservative,RNA_ENSG00000201288.1,float64,0.0,5
complete_case:4modalities_02_conservative,RNA_ENSG00000255296.1,float64,0.0,17
complete_case:4modalities_02_conservative,RNA_ENSG00000286110.1,float64,0.0,8
complete_case:4modalities_02_conservative,CNV_ENSG00000241550.3,float64,0.0,22
complete_case:4modalities_02_conservative,CNV_ENSG00000136492.9,float64,0.0,24
complete_case:4modalities_02_conservative,CNV_ENSG00000267574.1,float64,0.0,21
complete_case:4modalities_02_conservative,CNV_ENSG00000213275.2,float64,0.0,30
complete_case:4modalities_02_conservative,CNV_ENSG00000274489.1,float64,0.0,29
complete_case:4modalities_02_conservative,CNV_ENSG00000215262.8,float64,0.0,29
complete_case:4modalities_02_conservative,CNV_ENSG00000254038.1,float64,0.0,32
complete_case:4modalities_02_conservative,CNV_ENSG00000243503.2,float64,0.0,33
complete_case:4modalities_02_conservative,CNV_ENSG00000244235.2,float64,0.0,25
complete_case:4modalities_02_conservative,CNV_ENSG00000253135.1,float64,0.0,25
complete_case:4modalities_02_conservative,CNV_ENSG00000287644.1,float64,0.0,32
complete_case:4modalities_02_conservative,CNV_ENSG00000199985.1,float64,0.0,29
complete_case:4modalities_02_conservative,CNV_ENSG00000254320.1,float64,0.0,27
complete_case:4modalities_02_conservative,CNV_ENSG00000253650.1,float64,0.0,33
complete_case:4modalities_02_conservative,CNV_ENSG00000265666.1,float64,0.0,28
complete_case:4modalities_02_conservative,CNV_ENSG00000278918.1,float64,0.0,28
complete_case:4modalities_02_conservative,CNV_ENSG00000206871.1,float64,0.0,27
complete_case:4modalities_02_conservative,CNV_ENSG00000253610.1,float64,0.0,27
complete_case:4modalities_02_conservative,CNV_ENSG00000219491.7,float64,0.0,30
complete_case:4modalities_02_conservative,CNV_ENSG00000238966.1,float64,0.0,25
complete_case:4modalities_02_conservative,CNV_ENSG00000207101.1,float64,0.0,24
complete_case:4modalities_02_conservative,CNV_ENSG00000222881.1,float64,0.0,26
complete_case:4modalities_02_conservative,CNV_ENSG00000174132.9,float64,0.0,11
complete_case:4modalities_02_conservative,CNV_ENSG00000239281.2,float64,0.0,23
complete_case:4modalities_02_conservative,CNV_ENSG00000263372.1,float64,0.0,23
complete_case:4modalities_02_conservative,CNV_ENSG00000131759.18,float64,0.0,31
complete_case:4modalities_02_conservative,CNV_ENSG00000260588.1,float64,0.0,24
complete_case:4modalities_02_conservative,CNV_ENSG00000206867.1,float64,0.0,24
complete_case:4modalities_02_conservative,CNV_ENSG00000252618.1,float64,0.0,28
complete_case:4modalities_02_conservative,CNV_ENSG00000249787.2,float64,0.0,11
complete_case:4modalities_02_conservative,CNV_ENSG00000241834.3,float64,0.0,24
complete_case:4modalities_02_conservative,CNV_ENSG00000253504.1,float64,0.0,25
complete_case:4modalities_02_conservative,CNV_ENSG00000261449.1,float64,0.0,25
complete_case:4modalities_02_conservative,CNV_ENSG00000070718.12,float64,0.0,25
complete_case:4modalities_02_conservative,CNV_ENSG00000104365.16,float64,0.0,24
complete_case:4modalities_02_conservative,CNV_ENSG00000083168.11,float64,0.0,24
complete_case:4modalities_02_conservative,CNV_ENSG00000264655.1,float64,0.0,28
complete_case:4modalities_02_conservative,CNV_ENSG00000253265.1,float64,0.0,22
complete_case:4modalities_02_conservative,CNV_ENSG00000266208.1,float64,0.0,28
complete_case:4modalities_02_conservative,CNV_ENSG00000183153.7,float64,0.0,28
complete_case:4modalities_02_conservative,CNV_ENSG00000253123.4,float64,0.0,33
complete_case:4modalities_02_conservative,CNV_ENSG00000271938.1,float64,0.0,25
complete_case:4modalities_02_conservative,CNV_ENSG00000253509.1,float64,0.0,23
complete_case:4modalities_02_conservative,CNV_ENSG00000253363.7,float64,0.0,29
complete_case:4modalities_02_conservative,CNV_ENSG00000206852.1,float64,0.0,23
complete_case:4modalities_02_conservative,CNV_ENSG00000278346.1,float64,0.0,28
complete_case:4modalities_02_conservative,CNV_ENSG00000275374.1,float64,0.0,11
complete_case:4modalities_02_conservative,CNV_ENSG00000244708.1,float64,0.0,29
complete_case:4modalities_02_conservative,CNV_ENSG00000247877.7,float64,0.0,11
complete_case:4modalities_02_conservative,CNV_ENSG00000254384.1,float64,0.0,25
complete_case:4modalities_02_conservative,MUT_DMD,int64,0.0,2
complete_case:4modalities_02_conservative,MUT_MAML2,int64,0.0,2
complete_case:4modalities_02_conservative,MUT_CACNA1S,int64,0.0,2
complete_case:4modalities_02_conservative,MUT_ADAMTS20,int64,0.0,2
complete_case:4modalities_02_conservative,MUT_PTCHD3,int64,0.0,2
complete_case:4modalities_02_conservative,MUT_DOCK9,int64,0.0,2
complete_case:4modalities_02_conservative,MUT_ABR,int64,0.0,2
complete_case:4modalities_02_conservative,MUT_GRIPAP1,int64,0.0,2
complete_case:4modalities_02_conservative,MUT_MAP3K1,int64,0.0,2
complete_case:4modalities_02_conservative,MUT_LRP6,int64,0.0,2
complete_case:4modalities_02_conservative,MUT_PIKFYVE,int64,0.0,2
complete_case:4modalities_02_conservative,MUT_FCRL5,int64,0.0,2
complete_case:4modalities_02_conservative,MUT_RBM26,int64,0.0,2
complete_case:4modalities_02_conservative,MUT_AP3B1,int64,0.0,2
complete_case:4modalities_02_conservative,MUT_NLGN4X,int64,0.0,2
complete_case:4modalities_02_conservative,MUT_HMCN1,int64,0.0,2
complete_case:4modalities_02_conservative,MUT_RUNX1,int64,0.0,2
complete_case:4modalities_02_conservative,MUT_PTEN,int64,0.0,2
complete_case:4modalities_02_conservative,MUT_HUWE1,int64,0.0,2
complete_case:4modalities_02_conservative,MUT_MACF1,int64,0.0,2
complete_case:4modalities_02_conservative,MUT_LRP2,int64,0.0,2
complete_case:4modalities_02_conservative,MUT_PKHD1L1,int64,0.0,2
complete_case:4modalities_02_conservative,MUT_CACNA1E,int64,0.0,2
complete_case:4modalities_02_conservative,MUT_NF1,int64,0.0,2
complete_case:4modalities_02_conservative,MUT_NCOR1,int64,0.0,2
complete_case:4modalities_02_conservative,MUT_FAT3,int64,0.0,2
complete_case:4modalities_02_conservative,MUT_RYR1,int64,0.0,2
complete_case:4modalities_02_conservative,MUT_SPTA1,int64,0.0,2
complete_case:4modalities_02_conservative,MUT_SYNE1,int64,0.0,2
complete_case:4modalities_02_conservative,MUT_GATA3,int64,0.0,2
complete_case:4modalities_02_conservative,MUT_ABCA13,int64,0.0,2
complete_case:4modalities_02_conservative,MUT_PIK3CA,int64,0.0,2
complete_case:4modalities_02_conservative,MUT_MUC17,int64,0.0,2
complete_case:4modalities_02_conservative,MUT_RYR3,int64,0.0,2
complete_case:4modalities_02_conservative,MUT_DST,int64,0.0,2
complete_case:4modalities_02_conservative,MUT_OBSCN,int64,0.0,2
complete_case:4modalities_02_conservative,MUT_CSMD3,int64,0.0,2
complete_case:4modalities_02_conservative,MUT_RYR2,int64,0.0,2
complete_case:4modalities_02_conservative,MUT_KMT2C,int64,0.0,2
complete_case:4modalities_02_conservative,MUT_NEB,int64,0.0,2
complete_case:4modalities_02_conservative,MUT_FLG,int64,0.0,2
complete_case:4modalities_02_conservative,MUT_CSMD1,int64,0.0,2
complete_case:4modalities_02_conservative,MUT_APOB,int64,0.0,2
complete_case:4modalities_02_conservative,MUT_MUC5B,int64,0.0,2
complete_case:4modalities_02_conservative,MUT_TP53,int64,0.0,2
complete_case:4modalities_02_conservative,MUT_ZFHX4,int64,0.0,2
complete_case:4modalities_02_conservative,MUT_MUC16,int64,0.0,2
complete_case:4modalities_02_conservative,MUT_USH2A,int64,0.0,2
complete_case:4modalities_02_conservative,MUT_CDH1,int64,0.0,2
complete_case:4modalities_02_conservative,MUT_TTN,int64,0.0,2
complete_case:4modalities_03_standard,Unnamed: 0,object,0.0,923
complete_case:4modalities_03_standard,CLIN_gender.demographic,float64,0.0,2
complete_case:4modalities_03_standard,CLIN_age_at_index.demographic,float64,0.0,64
complete_case:4modalities_03_standard,CLIN_tumor_descriptor.samples,int64,0.0,1
complete_case:4modalities_03_standard,CLIN_disease_type_Adenomas and Adenocarcinomas,int64,0.0,2
complete_case:4modalities_03_standard,CLIN_disease_type_Adnexal and Skin Appendage Neoplasms,int64,0.0,2
complete_case:4modalities_03_standard,CLIN_disease_type_Basal Cell Neoplasms,int64,0.0,1
complete_case:4modalities_03_standard,CLIN_disease_type_Complex Epithelial Neoplasms,int64,0.0,2
complete_case:4modalities_03_standard,"CLIN_disease_type_Cystic, Mucinous and Serous Neoplasms",int64,0.0,2
complete_case:4modalities_03_standard,CLIN_disease_type_Ductal and Lobular Neoplasms,int64,0.0,2
complete_case:4modalities_03_standard,"CLIN_disease_type_Epithelial Neoplasms, NOS",int64,0.0,2
complete_case:4modalities_03_standard,CLIN_disease_type_Fibroepithelial Neoplasms,int64,0.0,2
complete_case:4modalities_03_standard,CLIN_disease_type_Squamous Cell Neoplasms,int64,0.0,1
complete_case:4modalities_03_standard,CLIN_race.demographic_american indian or alaska native,int64,0.0,2
complete_case:4modalities_03_standard,CLIN_race.demographic_asian,int64,0.0,2
complete_case:4modalities_03_standard,CLIN_race.demographic_black or african american,int64,0.0,2
complete_case:4modalities_03_standard,CLIN_race.demographic_missing,int64,0.0,2
complete_case:4modalities_03_standard,CLIN_race.demographic_white,int64,0.0,2
complete_case:4modalities_03_standard,CLIN_ethnicity.demographic_hispanic or latino,int64,0.0,2
complete_case:4modalities_03_standard,CLIN_ethnicity.demographic_missing,int64,0.0,2
complete_case:4modalities_03_standard,CLIN_ethnicity.demographic_not hispanic or latino,int64,0.0,2
complete_case:4modalities_03_standard,CLIN_ajcc_pathologic_stage.diagnoses_Stage I,int64,0.0,2
complete_case:4modalities_03_standard,CLIN_ajcc_pathologic_stage.diagnoses_Stage IA,int64,0.0,2
complete_case:4modalities_03_standard,CLIN_ajcc_pathologic_stage.diagnoses_Stage IB,int64,0.0,2
complete_case:4modalities_03_standard,CLIN_ajcc_pathologic_stage.diagnoses_Stage II,int64,0.0,2
complete_case:4modalities_03_standard,CLIN_ajcc_pathologic_stage.diagnoses_Stage IIA,int64,0.0,2
complete_case:4modalities_03_standard,CLIN_ajcc_pathologic_stage.diagnoses_Stage IIB,int64,0.0,2
complete_case:4modalities_03_standard,CLIN_ajcc_pathologic_stage.diagnoses_Stage III,int64,0.0,2
complete_case:4modalities_03_standard,CLIN_ajcc_pathologic_stage.diagnoses_Stage IIIA,int64,0.0,2
complete_case:4modalities_03_standard,CLIN_ajcc_pathologic_stage.diagnoses_Stage IIIB,int64,0.0,2
complete_case:4modalities_03_standard,CLIN_ajcc_pathologic_stage.diagnoses_Stage IIIC,int64,0.0,2
complete_case:4modalities_03_standard,CLIN_ajcc_pathologic_stage.diagnoses_Stage IV,int64,0.0,2
complete_case:4modalities_03_standard,CLIN_ajcc_pathologic_stage.diagnoses_Stage X,int64,0.0,2
complete_case:4modalities_03_standard,CLIN_ajcc_pathologic_stage.diagnoses_missing,int64,0.0,2
complete_case:4modalities_03_standard,"CLIN_tissue_or_organ_of_origin.diagnoses_Breast, NOS",int64,0.0,2
complete_case:4modalities_03_standard,CLIN_tissue_or_organ_of_origin.diagnoses_Lower-inner quadrant of breast,int64,0.0,2
complete_case:4modalities_03_standard,CLIN_tissue_or_organ_of_origin.diagnoses_Lower-outer quadrant of breast,int64,0.0,2
complete_case:4modalities_03_standard,CLIN_tissue_or_organ_of_origin.diagnoses_Overlapping lesion of breast,int64,0.0,2
complete_case:4modalities_03_standard,CLIN_tissue_or_organ_of_origin.diagnoses_Upper-inner quadrant of breast,int64,0.0,2
complete_case:4modalities_03_standard,CLIN_tissue_or_organ_of_origin.diagnoses_Upper-outer quadrant of breast,int64,0.0,2
complete_case:4modalities_03_standard,CLIN_tissue_or_organ_of_origin.diagnoses_missing,int64,0.0,1
complete_case:4modalities_03_standard,CLIN_primary_diagnosis.diagnoses_Adenoid cystic carcinoma,int64,0.0,2
complete_case:4modalities_03_standard,CLIN_primary_diagnosis.diagnoses_Apocrine adenocarcinoma,int64,0.0,2
complete_case:4modalities_03_standard,"CLIN_primary_diagnosis.diagnoses_Basal cell carcinoma, NOS",int64,0.0,1
complete_case:4modalities_03_standard,"CLIN_primary_diagnosis.diagnoses_Carcinoma, NOS",int64,0.0,2
complete_case:4modalities_03_standard,"CLIN_primary_diagnosis.diagnoses_Cribriform carcinoma, NOS",int64,0.0,2
complete_case:4modalities_03_standard,CLIN_primary_diagnosis.diagnoses_Infiltrating duct and lobular carcinoma,int64,0.0,2
complete_case:4modalities_03_standard,"CLIN_primary_diagnosis.diagnoses_Infiltrating duct carcinoma, NOS",int64,0.0,2
complete_case:4modalities_03_standard,CLIN_primary_diagnosis.diagnoses_Infiltrating duct mixed with other types of carcinoma,int64,0.0,2
complete_case:4modalities_03_standard,CLIN_primary_diagnosis.diagnoses_Infiltrating lobular mixed with other types of carcinoma,int64,0.0,2
complete_case:4modalities_03_standard,CLIN_primary_diagnosis.diagnoses_Intraductal micropapillary carcinoma,int64,0.0,2
complete_case:4modalities_03_standard,CLIN_primary_diagnosis.diagnoses_Intraductal papillary adenocarcinoma with invasion,int64,0.0,2
complete_case:4modalities_03_standard,CLIN_primary_diagnosis.diagnoses_Large cell neuroendocrine carcinoma,int64,0.0,2
complete_case:4modalities_03_standard,"CLIN_primary_diagnosis.diagnoses_Lobular carcinoma, NOS",int64,0.0,2
complete_case:4modalities_03_standard,"CLIN_primary_diagnosis.diagnoses_Medullary carcinoma, NOS",int64,0.0,2
complete_case:4modalities_03_standard,"CLIN_primary_diagnosis.diagnoses_Metaplastic carcinoma, NOS",int64,0.0,2
complete_case:4modalities_03_standard,CLIN_primary_diagnosis.diagnoses_Mucinous adenocarcinoma,int64,0.0,2
complete_case:4modalities_03_standard,CLIN_primary_diagnosis.diagnoses_Paget disease and infiltrating duct carcinoma of breast,int64,0.0,2
complete_case:4modalities_03_standard,"CLIN_primary_diagnosis.diagnoses_Papillary carcinoma, NOS",int64,0.0,1
complete_case:4modalities_03_standard,"CLIN_primary_diagnosis.diagnoses_Phyllodes tumor, malignant",int64,0.0,2
complete_case:4modalities_03_standard,CLIN_primary_diagnosis.diagnoses_Pleomorphic carcinoma,int64,0.0,2
complete_case:4modalities_03_standard,CLIN_primary_diagnosis.diagnoses_Secretory carcinoma of breast,int64,0.0,1
complete_case:4modalities_03_standard,CLIN_primary_diagnosis.diagnoses_Tubular adenocarcinoma,int64,0.0,2
complete_case:4modalities_03_standard,CLIN_primary_diagnosis.diagnoses_missing,int64,0.0,1
complete_case:4modalities_03_standard,CLIN_prior_malignancy.diagnoses_missing,int64,0.0,2
complete_case:4modalities_03_standard,CLIN_prior_malignancy.diagnoses_no,int64,0.0,2
complete_case:4modalities_03_standard,CLIN_prior_malignancy.diagnoses_yes,int64,0.0,2
complete_case:4modalities_03_standard,CLIN_prior_treatment.diagnoses_No,int64,0.0,2
complete_case:4modalities_03_standard,CLIN_prior_treatment.diagnoses_Yes,int64,0.0,2
complete_case:4modalities_03_standard,CLIN_prior_treatment.diagnoses_missing,int64,0.0,2
complete_case:4modalities_03_standard,CLIN_ajcc_staging_system_edition.diagnoses_3rd,int64,0.0,2
complete_case:4modalities_03_standard,CLIN_ajcc_staging_system_edition.diagnoses_4th,int64,0.0,2
complete_case:4modalities_03_standard,CLIN_ajcc_staging_system_edition.diagnoses_5th,int64,0.0,2
complete_case:4modalities_03_standard,CLIN_ajcc_staging_system_edition.diagnoses_6th,int64,0.0,2
complete_case:4modalities_03_standard,CLIN_ajcc_staging_system_edition.diagnoses_7th,int64,0.0,2
complete_case:4modalities_03_standard,CLIN_ajcc_staging_system_edition.diagnoses_missing,int64,0.0,2
complete_case:4modalities_03_standard,CLIN_ajcc_pathologic_t.diagnoses_T1,int64,0.0,2
complete_case:4modalities_03_standard,CLIN_ajcc_pathologic_t.diagnoses_T1a,int64,0.0,2
complete_case:4modalities_03_standard,CLIN_ajcc_pathologic_t.diagnoses_T1b,int64,0.0,2
complete_case:4modalities_03_standard,CLIN_ajcc_pathologic_t.diagnoses_T1c,int64,0.0,2
complete_case:4modalities_03_standard,CLIN_ajcc_pathologic_t.diagnoses_T2,int64,0.0,2
complete_case:4modalities_03_standard,CLIN_ajcc_pathologic_t.diagnoses_T2a,int64,0.0,2
complete_case:4modalities_03_standard,CLIN_ajcc_pathologic_t.diagnoses_T2b,int64,0.0,2
complete_case:4modalities_03_standard,CLIN_ajcc_pathologic_t.diagnoses_T3,int64,0.0,2
complete_case:4modalities_03_standard,CLIN_ajcc_pathologic_t.diagnoses_T3a,int64,0.0,1
complete_case:4modalities_03_standard,CLIN_ajcc_pathologic_t.diagnoses_T4,int64,0.0,2
complete_case:4modalities_03_standard,CLIN_ajcc_pathologic_t.diagnoses_T4b,int64,0.0,2
complete_case:4modalities_03_standard,CLIN_ajcc_pathologic_t.diagnoses_T4d,int64,0.0,2
complete_case:4modalities_03_standard,CLIN_ajcc_pathologic_t.diagnoses_TX,int64,0.0,2
complete_case:4modalities_03_standard,CLIN_ajcc_pathologic_t.diagnoses_missing,int64,0.0,1
complete_case:4modalities_03_standard,CLIN_morphology.diagnoses_8010/3,int64,0.0,2
complete_case:4modalities_03_standard,CLIN_morphology.diagnoses_8013/3,int64,0.0,2
complete_case:4modalities_03_standard,CLIN_morphology.diagnoses_8022/3,int64,0.0,2
complete_case:4modalities_03_standard,CLIN_morphology.diagnoses_8050/3,int64,0.0,1
complete_case:4modalities_03_standard,CLIN_morphology.diagnoses_8090/3,int64,0.0,1
complete_case:4modalities_03_standard,CLIN_morphology.diagnoses_8200/3,int64,0.0,2
complete_case:4modalities_03_standard,CLIN_morphology.diagnoses_8201/3,int64,0.0,2
complete_case:4modalities_03_standard,CLIN_morphology.diagnoses_8211/3,int64,0.0,2
complete_case:4modalities_03_standard,CLIN_morphology.diagnoses_8401/3,int64,0.0,2
complete_case:4modalities_03_standard,CLIN_morphology.diagnoses_8480/3,int64,0.0,2
complete_case:4modalities_03_standard,CLIN_morphology.diagnoses_8500/3,int64,0.0,2
complete_case:4modalities_03_standard,CLIN_morphology.diagnoses_8502/3,int64,0.0,1
complete_case:4modalities_03_standard,CLIN_morphology.diagnoses_8503/3,int64,0.0,2
complete_case:4modalities_03_standard,CLIN_morphology.diagnoses_8507/3,int64,0.0,2
complete_case:4modalities_03_standard,CLIN_morphology.diagnoses_8510/3,int64,0.0,2
complete_case:4modalities_03_standard,CLIN_morphology.diagnoses_8520/3,int64,0.0,2
complete_case:4modalities_03_standard,CLIN_morphology.diagnoses_8522/3,int64,0.0,2
complete_case:4modalities_03_standard,CLIN_morphology.diagnoses_8523/3,int64,0.0,2
complete_case:4modalities_03_standard,CLIN_morphology.diagnoses_8524/3,int64,0.0,2
complete_case:4modalities_03_standard,CLIN_morphology.diagnoses_8541/3,int64,0.0,2
complete_case:4modalities_03_standard,CLIN_morphology.diagnoses_8575/3,int64,0.0,2
complete_case:4modalities_03_standard,CLIN_morphology.diagnoses_9020/3,int64,0.0,2
complete_case:4modalities_03_standard,CLIN_morphology.diagnoses_missing,int64,0.0,1
complete_case:4modalities_03_standard,CLIN_ajcc_pathologic_n.diagnoses_N0,int64,0.0,2
complete_case:4modalities_03_standard,CLIN_ajcc_pathologic_n.diagnoses_N0 (i+),int64,0.0,2
complete_case:4modalities_03_standard,CLIN_ajcc_pathologic_n.diagnoses_N0 (i-),int64,0.0,2
complete_case:4modalities_03_standard,CLIN_ajcc_pathologic_n.diagnoses_N0 (mol+),int64,0.0,2
complete_case:4modalities_03_standard,CLIN_ajcc_pathologic_n.diagnoses_N1,int64,0.0,2
complete_case:4modalities_03_standard,CLIN_ajcc_pathologic_n.diagnoses_N1a,int64,0.0,2
complete_case:4modalities_03_standard,CLIN_ajcc_pathologic_n.diagnoses_N1b,int64,0.0,2
complete_case:4modalities_03_standard,CLIN_ajcc_pathologic_n.diagnoses_N1c,int64,0.0,2
complete_case:4modalities_03_standard,CLIN_ajcc_pathologic_n.diagnoses_N1mi,int64,0.0,2
complete_case:4modalities_03_standard,CLIN_ajcc_pathologic_n.diagnoses_N2,int64,0.0,2
complete_case:4modalities_03_standard,CLIN_ajcc_pathologic_n.diagnoses_N2a,int64,0.0,2
complete_case:4modalities_03_standard,CLIN_ajcc_pathologic_n.diagnoses_N3,int64,0.0,2
complete_case:4modalities_03_standard,CLIN_ajcc_pathologic_n.diagnoses_N3a,int64,0.0,2
complete_case:4modalities_03_standard,CLIN_ajcc_pathologic_n.diagnoses_N3b,int64,0.0,2
complete_case:4modalities_03_standard,CLIN_ajcc_pathologic_n.diagnoses_N3c,int64,0.0,2
complete_case:4modalities_03_standard,CLIN_ajcc_pathologic_n.diagnoses_NX,int64,0.0,2
complete_case:4modalities_03_standard,CLIN_ajcc_pathologic_n.diagnoses_missing,int64,0.0,1
complete_case:4modalities_03_standard,CLIN_ajcc_pathologic_m.diagnoses_M0,int64,0.0,2
complete_case:4modalities_03_standard,CLIN_ajcc_pathologic_m.diagnoses_M1,int64,0.0,2
complete_case:4modalities_03_standard,CLIN_ajcc_pathologic_m.diagnoses_MX,int64,0.0,2
complete_case:4modalities_03_standard,CLIN_ajcc_pathologic_m.diagnoses_cM0 (i+),int64,0.0,2
complete_case:4modalities_03_standard,CLIN_ajcc_pathologic_m.diagnoses_missing,int64,0.0,1
complete_case:4modalities_03_standard,"CLIN_treatment_or_therapy.treatments.diagnoses_['no', 'no']",int64,0.0,2
complete_case:4modalities_03_standard,"CLIN_treatment_or_therapy.treatments.diagnoses_['no', 'not reported']",int64,0.0,2
complete_case:4modalities_03_standard,"CLIN_treatment_or_therapy.treatments.diagnoses_['no', 'yes']",int64,0.0,2
complete_case:4modalities_03_standard,"CLIN_treatment_or_therapy.treatments.diagnoses_['not reported', 'no']",int64,0.0,2
complete_case:4modalities_03_standard,"CLIN_treatment_or_therapy.treatments.diagnoses_['not reported', 'not reported']",int64,0.0,2
complete_case:4modalities_03_standard,"CLIN_treatment_or_therapy.treatments.diagnoses_['not reported', 'yes']",int64,0.0,2
complete_case:4modalities_03_standard,"CLIN_treatment_or_therapy.treatments.diagnoses_['yes', 'no']",int64,0.0,2
complete_case:4modalities_03_standard,"CLIN_treatment_or_therapy.treatments.diagnoses_['yes', 'not reported']",int64,0.0,2
complete_case:4modalities_03_standard,"CLIN_treatment_or_therapy.treatments.diagnoses_['yes', 'yes']",int64,0.0,2
complete_case:4modalities_03_standard,CLIN_treatment_or_therapy.treatments.diagnoses_missing,int64,0.0,1
complete_case:4modalities_03_standard,RNA_ENSG00000280061.1,float64,0.0,15
complete_case:4modalities_03_standard,RNA_ENSG00000277888.1,float64,0.0,3
complete_case:4modalities_03_standard,RNA_ENSG00000224634.1,float64,0.0,2
complete_case:4modalities_03_standard,RNA_ENSG00000287660.1,float64,0.0,3
complete_case:4modalities_03_standard,RNA_ENSG00000277817.1,float64,0.0,6
complete_case:4modalities_03_standard,RNA_ENSG00000266925.1,float64,0.0,2
complete_case:4modalities_03_standard,RNA_ENSG00000255385.1,float64,0.0,5
complete_case:4modalities_03_standard,RNA_ENSG00000277332.1,float64,0.0,13
complete_case:4modalities_03_standard,RNA_ENSG00000248120.1,float64,0.0,5
complete_case:4modalities_03_standard,RNA_ENSG00000262181.2,float64,0.0,4
complete_case:4modalities_03_standard,RNA_ENSG00000267182.1,float64,0.0,4
complete_case:4modalities_03_standard,RNA_ENSG00000207011.1,float64,0.0,2
complete_case:4modalities_03_standard,RNA_ENSG00000232896.1,float64,0.0,6
complete_case:4modalities_03_standard,RNA_ENSG00000232993.1,float64,0.0,2
complete_case:4modalities_03_standard,RNA_ENSG00000270900.1,float64,0.0,9
complete_case:4modalities_03_standard,RNA_ENSG00000224357.1,float64,0.0,7
complete_case:4modalities_03_standard,RNA_ENSG00000199482.1,float64,0.0,11
complete_case:4modalities_03_standard,RNA_ENSG00000177684.4,float64,0.0,2
complete_case:4modalities_03_standard,RNA_ENSG00000228098.1,float64,0.0,5
complete_case:4modalities_03_standard,RNA_ENSG00000172459.4,float64,0.0,5
complete_case:4modalities_03_standard,RNA_ENSG00000249089.1,float64,0.0,13
complete_case:4modalities_03_standard,RNA_ENSG00000280094.2,float64,0.0,7
complete_case:4modalities_03_standard,RNA_ENSG00000223896.2,float64,0.0,15
complete_case:4modalities_03_standard,RNA_ENSG00000229315.7,float64,0.0,9
complete_case:4modalities_03_standard,RNA_ENSG00000212279.2,float64,0.0,3
complete_case:4modalities_03_standard,RNA_ENSG00000207967.1,float64,0.0,8
complete_case:4modalities_03_standard,RNA_ENSG00000281167.1,float64,0.0,3
complete_case:4modalities_03_standard,RNA_ENSG00000248600.2,float64,0.0,6
complete_case:4modalities_03_standard,RNA_ENSG00000275320.1,float64,0.0,7
complete_case:4modalities_03_standard,RNA_ENSG00000237272.2,float64,0.0,10
complete_case:4modalities_03_standard,RNA_ENSG00000227023.1,float64,0.0,4
complete_case:4modalities_03_standard,RNA_ENSG00000225424.1,float64,0.0,4
complete_case:4modalities_03_standard,RNA_ENSG00000162771.8,float64,0.0,4
complete_case:4modalities_03_standard,RNA_ENSG00000220139.1,float64,0.0,4
complete_case:4modalities_03_standard,RNA_ENSG00000287977.1,float64,0.0,5
complete_case:4modalities_03_standard,RNA_ENSG00000250727.1,float64,0.0,8
complete_case:4modalities_03_standard,RNA_ENSG00000201288.1,float64,0.0,5
complete_case:4modalities_03_standard,RNA_ENSG00000255296.1,float64,0.0,17
complete_case:4modalities_03_standard,RNA_ENSG00000207002.1,float64,0.0,5
complete_case:4modalities_03_standard,RNA_ENSG00000286110.1,float64,0.0,8
complete_case:4modalities_03_standard,RNA_ENSG00000170255.7,float64,0.0,4
complete_case:4modalities_03_standard,RNA_ENSG00000255746.1,float64,0.0,5
complete_case:4modalities_03_standard,RNA_ENSG00000223245.1,float64,0.0,4
complete_case:4modalities_03_standard,RNA_ENSG00000271421.1,float64,0.0,4
complete_case:4modalities_03_standard,RNA_ENSG00000215297.3,float64,0.0,10
complete_case:4modalities_03_standard,RNA_ENSG00000256258.1,float64,0.0,6
complete_case:4modalities_03_standard,RNA_ENSG00000256287.1,float64,0.0,30
complete_case:4modalities_03_standard,RNA_ENSG00000231750.3,float64,0.0,4
complete_case:4modalities_03_standard,RNA_ENSG00000261511.1,float64,0.0,4
complete_case:4modalities_03_standard,RNA_ENSG00000211707.3,float64,0.0,14
complete_case:4modalities_03_standard,CNV_ENSG00000287272.1,float64,0.0,20
complete_case:4modalities_03_standard,CNV_ENSG00000241550.3,float64,0.0,22
complete_case:4modalities_03_standard,CNV_ENSG00000273824.1,float64,0.0,22
complete_case:4modalities_03_standard,CNV_ENSG00000261070.1,float64,0.0,29
complete_case:4modalities_03_standard,CNV_ENSG00000202361.1,float64,0.0,23
complete_case:4modalities_03_standard,CNV_ENSG00000274489.1,float64,0.0,29
complete_case:4modalities_03_standard,CNV_ENSG00000215262.8,float64,0.0,29
complete_case:4modalities_03_standard,CNV_ENSG00000254038.1,float64,0.0,32
complete_case:4modalities_03_standard,CNV_ENSG00000243503.2,float64,0.0,33
complete_case:4modalities_03_standard,CNV_ENSG00000244235.2,float64,0.0,25
complete_case:4modalities_03_standard,CNV_ENSG00000253135.1,float64,0.0,25
complete_case:4modalities_03_standard,CNV_ENSG00000287644.1,float64,0.0,32
complete_case:4modalities_03_standard,CNV_ENSG00000199985.1,float64,0.0,29
complete_case:4modalities_03_standard,CNV_ENSG00000254320.1,float64,0.0,27
complete_case:4modalities_03_standard,CNV_ENSG00000253650.1,float64,0.0,33
complete_case:4modalities_03_standard,CNV_ENSG00000131931.8,float64,0.0,23
complete_case:4modalities_03_standard,CNV_ENSG00000265666.1,float64,0.0,28
complete_case:4modalities_03_standard,CNV_ENSG00000278918.1,float64,0.0,28
complete_case:4modalities_03_standard,CNV_ENSG00000206871.1,float64,0.0,27
complete_case:4modalities_03_standard,CNV_ENSG00000253610.1,float64,0.0,27
complete_case:4modalities_03_standard,CNV_ENSG00000240125.1,float64,0.0,25
complete_case:4modalities_03_standard,CNV_ENSG00000286837.1,float64,0.0,23
complete_case:4modalities_03_standard,CNV_ENSG00000219491.7,float64,0.0,30
complete_case:4modalities_03_standard,CNV_ENSG00000238966.1,float64,0.0,25
complete_case:4modalities_03_standard,CNV_ENSG00000207101.1,float64,0.0,24
complete_case:4modalities_03_standard,CNV_ENSG00000131747.15,float64,0.0,25
complete_case:4modalities_03_standard,CNV_ENSG00000222881.1,float64,0.0,26
complete_case:4modalities_03_standard,CNV_ENSG00000174132.9,float64,0.0,11
complete_case:4modalities_03_standard,CNV_ENSG00000239281.2,float64,0.0,23
complete_case:4modalities_03_standard,CNV_ENSG00000263372.1,float64,0.0,23
complete_case:4modalities_03_standard,CNV_ENSG00000131759.18,float64,0.0,31
complete_case:4modalities_03_standard,CNV_ENSG00000260588.1,float64,0.0,24
complete_case:4modalities_03_standard,CNV_ENSG00000206867.1,float64,0.0,24
complete_case:4modalities_03_standard,CNV_ENSG00000252618.1,float64,0.0,28
complete_case:4modalities_03_standard,CNV_ENSG00000249787.2,float64,0.0,11
complete_case:4modalities_03_standard,CNV_ENSG00000241834.3,float64,0.0,24
complete_case:4modalities_03_standard,CNV_ENSG00000253504.1,float64,0.0,25
complete_case:4modalities_03_standard,CNV_ENSG00000261449.1,float64,0.0,25
complete_case:4modalities_03_standard,CNV_ENSG00000070718.12,float64,0.0,25
complete_case:4modalities_03_standard,CNV_ENSG00000104365.16,float64,0.0,24
complete_case:4modalities_03_standard,CNV_ENSG00000083168.11,float64,0.0,24
complete_case:4modalities_03_standard,CNV_ENSG00000147434.9,float64,0.0,23
complete_case:4modalities_03_standard,CNV_ENSG00000141753.7,float64,0.0,24
complete_case:4modalities_03_standard,CNV_ENSG00000264655.1,float64,0.0,28
complete_case:4modalities_03_standard,CNV_ENSG00000120925.16,float64,0.0,23
complete_case:4modalities_03_standard,CNV_ENSG00000253265.1,float64,0.0,22
complete_case:4modalities_03_standard,CNV_ENSG00000242719.3,float64,0.0,23
complete_case:4modalities_03_standard,CNV_ENSG00000266208.1,float64,0.0,28
complete_case:4modalities_03_standard,CNV_ENSG00000183153.7,float64,0.0,28
complete_case:4modalities_03_standard,CNV_ENSG00000253123.4,float64,0.0,33
complete_case:4modalities_03_standard,MUT_FMN2,int64,0.0,2
complete_case:4modalities_03_standard,MUT_DMD,int64,0.0,2
complete_case:4modalities_03_standard,MUT_LRP1,int64,0.0,2
complete_case:4modalities_03_standard,MUT_HMCN1,int64,0.0,2
complete_case:4modalities_03_standard,MUT_RUNX1,int64,0.0,2
complete_case:4modalities_03_standard,MUT_FAT1,int64,0.0,2
complete_case:4modalities_03_standard,MUT_PTEN,int64,0.0,2
complete_case:4modalities_03_standard,MUT_MYH9,int64,0.0,2
complete_case:4modalities_03_standard,MUT_HUWE1,int64,0.0,2
complete_case:4modalities_03_standard,MUT_MACF1,int64,0.0,2
complete_case:4modalities_03_standard,MUT_PCLO,int64,0.0,2
complete_case:4modalities_03_standard,MUT_LRP2,int64,0.0,2
complete_case:4modalities_03_standard,MUT_MDN1,int64,0.0,2
complete_case:4modalities_03_standard,MUT_PKHD1L1,int64,0.0,2
complete_case:4modalities_03_standard,MUT_KMT2D,int64,0.0,2
complete_case:4modalities_03_standard,MUT_CACNA1E,int64,0.0,2
complete_case:4modalities_03_standard,MUT_NF1,int64,0.0,2
complete_case:4modalities_03_standard,MUT_RELN,int64,0.0,2
complete_case:4modalities_03_standard,MUT_NCOR1,int64,0.0,2
complete_case:4modalities_03_standard,MUT_FAT3,int64,0.0,2
complete_case:4modalities_03_standard,MUT_ARID1A,int64,0.0,2
complete_case:4modalities_03_standard,MUT_SYNE2,int64,0.0,2
complete_case:4modalities_03_standard,MUT_MAP2K4,int64,0.0,2
complete_case:4modalities_03_standard,MUT_VPS13B,int64,0.0,2
complete_case:4modalities_03_standard,MUT_MAP3K1,int64,0.0,2
complete_case:4modalities_03_standard,MUT_RYR1,int64,0.0,2
complete_case:4modalities_03_standard,MUT_SPTA1,int64,0.0,2
complete_case:4modalities_03_standard,MUT_CUBN,int64,0.0,2
complete_case:4modalities_03_standard,MUT_SYNE1,int64,0.0,2
complete_case:4modalities_03_standard,MUT_GATA3,int64,0.0,2
complete_case:4modalities_03_standard,MUT_LRP1B,int64,0.0,2
complete_case:4modalities_03_standard,MUT_PIK3R1,int64,0.0,2
complete_case:4modalities_03_standard,MUT_ABCA13,int64,0.0,2
complete_case:4modalities_03_standard,MUT_PIK3CA,int64,0.0,2
complete_case:4modalities_03_standard,MUT_MUC17,int64,0.0,2
complete_case:4modalities_03_standard,MUT_CSMD2,int64,0.0,2
complete_case:4modalities_03_standard,MUT_DNAH17,int64,0.0,2
complete_case:4modalities_03_standard,MUT_RYR3,int64,0.0,2
complete_case:4modalities_03_standard,MUT_ADGRV1,int64,0.0,2
complete_case:4modalities_03_standard,MUT_DST,int64,0.0,2
complete_case:4modalities_03_standard,MUT_HYDIN,int64,0.0,2
complete_case:4modalities_03_standard,MUT_DNAH11,int64,0.0,2
complete_case:4modalities_03_standard,MUT_OBSCN,int64,0.0,2
complete_case:4modalities_03_standard,MUT_XIRP2,int64,0.0,2
complete_case:4modalities_03_standard,MUT_CSMD3,int64,0.0,2
complete_case:4modalities_03_standard,MUT_RYR2,int64,0.0,2
complete_case:4modalities_03_standard,MUT_KMT2C,int64,0.0,2
complete_case:4modalities_03_standard,MUT_PRKDC,int64,0.0,2
complete_case:4modalities_03_standard,MUT_NEB,int64,0.0,2
complete_case:4modalities_03_standard,MUT_SPEN,int64,0.0,2
complete_case:4modalities_04_fdr_significant,Unnamed: 0,object,0.0,923
complete_case:4modalities_04_fdr_significant,CLIN_gender.demographic,float64,0.0,2
complete_case:4modalities_04_fdr_significant,CLIN_age_at_index.demographic,float64,0.0,64
complete_case:4modalities_04_fdr_significant,CLIN_tumor_descriptor.samples,int64,0.0,1
complete_case:4modalities_04_fdr_significant,CLIN_disease_type_Adenomas and Adenocarcinomas,int64,0.0,2
complete_case:4modalities_04_fdr_significant,CLIN_disease_type_Adnexal and Skin Appendage Neoplasms,int64,0.0,2
complete_case:4modalities_04_fdr_significant,CLIN_disease_type_Basal Cell Neoplasms,int64,0.0,1
complete_case:4modalities_04_fdr_significant,CLIN_disease_type_Complex Epithelial Neoplasms,int64,0.0,2
complete_case:4modalities_04_fdr_significant,"CLIN_disease_type_Cystic, Mucinous and Serous Neoplasms",int64,0.0,2
complete_case:4modalities_04_fdr_significant,CLIN_disease_type_Ductal and Lobular Neoplasms,int64,0.0,2
complete_case:4modalities_04_fdr_significant,"CLIN_disease_type_Epithelial Neoplasms, NOS",int64,0.0,2
complete_case:4modalities_04_fdr_significant,CLIN_disease_type_Fibroepithelial Neoplasms,int64,0.0,2
complete_case:4modalities_04_fdr_significant,CLIN_disease_type_Squamous Cell Neoplasms,int64,0.0,1
complete_case:4modalities_04_fdr_significant,CLIN_race.demographic_american indian or alaska native,int64,0.0,2
complete_case:4modalities_04_fdr_significant,CLIN_race.demographic_asian,int64,0.0,2
complete_case:4modalities_04_fdr_significant,CLIN_race.demographic_black or african american,int64,0.0,2
complete_case:4modalities_04_fdr_significant,CLIN_race.demographic_missing,int64,0.0,2
complete_case:4modalities_04_fdr_significant,CLIN_race.demographic_white,int64,0.0,2
complete_case:4modalities_04_fdr_significant,CLIN_ethnicity.demographic_hispanic or latino,int64,0.0,2
complete_case:4modalities_04_fdr_significant,CLIN_ethnicity.demographic_missing,int64,0.0,2
complete_case:4modalities_04_fdr_significant,CLIN_ethnicity.demographic_not hispanic or latino,int64,0.0,2
complete_case:4modalities_04_fdr_significant,CLIN_ajcc_pathologic_stage.diagnoses_Stage I,int64,0.0,2
complete_case:4modalities_04_fdr_significant,CLIN_ajcc_pathologic_stage.diagnoses_Stage IA,int64,0.0,2
complete_case:4modalities_04_fdr_significant,CLIN_ajcc_pathologic_stage.diagnoses_Stage IB,int64,0.0,2
complete_case:4modalities_04_fdr_significant,CLIN_ajcc_pathologic_stage.diagnoses_Stage II,int64,0.0,2
complete_case:4modalities_04_fdr_significant,CLIN_ajcc_pathologic_stage.diagnoses_Stage IIA,int64,0.0,2
complete_case:4modalities_04_fdr_significant,CLIN_ajcc_pathologic_stage.diagnoses_Stage IIB,int64,0.0,2
complete_case:4modalities_04_fdr_significant,CLIN_ajcc_pathologic_stage.diagnoses_Stage III,int64,0.0,2
complete_case:4modalities_04_fdr_significant,CLIN_ajcc_pathologic_stage.diagnoses_Stage IIIA,int64,0.0,2
complete_case:4modalities_04_fdr_significant,CLIN_ajcc_pathologic_stage.diagnoses_Stage IIIB,int64,0.0,2
complete_case:4modalities_04_fdr_significant,CLIN_ajcc_pathologic_stage.diagnoses_Stage IIIC,int64,0.0,2
complete_case:4modalities_04_fdr_significant,CLIN_ajcc_pathologic_stage.diagnoses_Stage IV,int64,0.0,2
complete_case:4modalities_04_fdr_significant,CLIN_ajcc_pathologic_stage.diagnoses_Stage X,int64,0.0,2
complete_case:4modalities_04_fdr_significant,CLIN_ajcc_pathologic_stage.diagnoses_missing,int64,0.0,2
complete_case:4modalities_04_fdr_significant,"CLIN_tissue_or_organ_of_origin.diagnoses_Breast, NOS",int64,0.0,2
complete_case:4modalities_04_fdr_significant,CLIN_tissue_or_organ_of_origin.diagnoses_Lower-inner quadrant of breast,int64,0.0,2
complete_case:4modalities_04_fdr_significant,CLIN_tissue_or_organ_of_origin.diagnoses_Lower-outer quadrant of breast,int64,0.0,2
complete_case:4modalities_04_fdr_significant,CLIN_tissue_or_organ_of_origin.diagnoses_Overlapping lesion of breast,int64,0.0,2
complete_case:4modalities_04_fdr_significant,CLIN_tissue_or_organ_of_origin.diagnoses_Upper-inner quadrant of breast,int64,0.0,2
complete_case:4modalities_04_fdr_significant,CLIN_tissue_or_organ_of_origin.diagnoses_Upper-outer quadrant of breast,int64,0.0,2
complete_case:4modalities_04_fdr_significant,CLIN_tissue_or_organ_of_origin.diagnoses_missing,int64,0.0,1
complete_case:4modalities_04_fdr_significant,CLIN_primary_diagnosis.diagnoses_Adenoid cystic carcinoma,int64,0.0,2
complete_case:4modalities_04_fdr_significant,CLIN_primary_diagnosis.diagnoses_Apocrine adenocarcinoma,int64,0.0,2
complete_case:4modalities_04_fdr_significant,"CLIN_primary_diagnosis.diagnoses_Basal cell carcinoma, NOS",int64,0.0,1
complete_case:4modalities_04_fdr_significant,"CLIN_primary_diagnosis.diagnoses_Carcinoma, NOS",int64,0.0,2
complete_case:4modalities_04_fdr_significant,"CLIN_primary_diagnosis.diagnoses_Cribriform carcinoma, NOS",int64,0.0,2
complete_case:4modalities_04_fdr_significant,CLIN_primary_diagnosis.diagnoses_Infiltrating duct and lobular carcinoma,int64,0.0,2
complete_case:4modalities_04_fdr_significant,"CLIN_primary_diagnosis.diagnoses_Infiltrating duct carcinoma, NOS",int64,0.0,2
complete_case:4modalities_04_fdr_significant,CLIN_primary_diagnosis.diagnoses_Infiltrating duct mixed with other types of carcinoma,int64,0.0,2
complete_case:4modalities_04_fdr_significant,CLIN_primary_diagnosis.diagnoses_Infiltrating lobular mixed with other types of carcinoma,int64,0.0,2
complete_case:4modalities_04_fdr_significant,CLIN_primary_diagnosis.diagnoses_Intraductal micropapillary carcinoma,int64,0.0,2
complete_case:4modalities_04_fdr_significant,CLIN_primary_diagnosis.diagnoses_Intraductal papillary adenocarcinoma with invasion,int64,0.0,2
complete_case:4modalities_04_fdr_significant,CLIN_primary_diagnosis.diagnoses_Large cell neuroendocrine carcinoma,int64,0.0,2
complete_case:4modalities_04_fdr_significant,"CLIN_primary_diagnosis.diagnoses_Lobular carcinoma, NOS",int64,0.0,2
complete_case:4modalities_04_fdr_significant,"CLIN_primary_diagnosis.diagnoses_Medullary carcinoma, NOS",int64,0.0,2
complete_case:4modalities_04_fdr_significant,"CLIN_primary_diagnosis.diagnoses_Metaplastic carcinoma, NOS",int64,0.0,2
complete_case:4modalities_04_fdr_significant,CLIN_primary_diagnosis.diagnoses_Mucinous adenocarcinoma,int64,0.0,2
complete_case:4modalities_04_fdr_significant,CLIN_primary_diagnosis.diagnoses_Paget disease and infiltrating duct carcinoma of breast,int64,0.0,2
complete_case:4modalities_04_fdr_significant,"CLIN_primary_diagnosis.diagnoses_Papillary carcinoma, NOS",int64,0.0,1
complete_case:4modalities_04_fdr_significant,"CLIN_primary_diagnosis.diagnoses_Phyllodes tumor, malignant",int64,0.0,2
complete_case:4modalities_04_fdr_significant,CLIN_primary_diagnosis.diagnoses_Pleomorphic carcinoma,int64,0.0,2
complete_case:4modalities_04_fdr_significant,CLIN_primary_diagnosis.diagnoses_Secretory carcinoma of breast,int64,0.0,1
complete_case:4modalities_04_fdr_significant,CLIN_primary_diagnosis.diagnoses_Tubular adenocarcinoma,int64,0.0,2
complete_case:4modalities_04_fdr_significant,CLIN_primary_diagnosis.diagnoses_missing,int64,0.0,1
complete_case:4modalities_04_fdr_significant,CLIN_prior_malignancy.diagnoses_missing,int64,0.0,2
complete_case:4modalities_04_fdr_significant,CLIN_prior_malignancy.diagnoses_no,int64,0.0,2
complete_case:4modalities_04_fdr_significant,CLIN_prior_malignancy.diagnoses_yes,int64,0.0,2
complete_case:4modalities_04_fdr_significant,CLIN_prior_treatment.diagnoses_No,int64,0.0,2
complete_case:4modalities_04_fdr_significant,CLIN_prior_treatment.diagnoses_Yes,int64,0.0,2
complete_case:4modalities_04_fdr_significant,CLIN_prior_treatment.diagnoses_missing,int64,0.0,2
complete_case:4modalities_04_fdr_significant,CLIN_ajcc_staging_system_edition.diagnoses_3rd,int64,0.0,2
complete_case:4modalities_04_fdr_significant,CLIN_ajcc_staging_system_edition.diagnoses_4th,int64,0.0,2
complete_case:4modalities_04_fdr_significant,CLIN_ajcc_staging_system_edition.diagnoses_5th,int64,0.0,2
complete_case:4modalities_04_fdr_significant,CLIN_ajcc_staging_system_edition.diagnoses_6th,int64,0.0,2
complete_case:4modalities_04_fdr_significant,CLIN_ajcc_staging_system_edition.diagnoses_7th,int64,0.0,2
complete_case:4modalities_04_fdr_significant,CLIN_ajcc_staging_system_edition.diagnoses_missing,int64,0.0,2
complete_case:4modalities_04_fdr_significant,CLIN_ajcc_pathologic_t.diagnoses_T1,int64,0.0,2
complete_case:4modalities_04_fdr_significant,CLIN_ajcc_pathologic_t.diagnoses_T1a,int64,0.0,2
complete_case:4modalities_04_fdr_significant,CLIN_ajcc_pathologic_t.diagnoses_T1b,int64,0.0,2
complete_case:4modalities_04_fdr_significant,CLIN_ajcc_pathologic_t.diagnoses_T1c,int64,0.0,2
complete_case:4modalities_04_fdr_significant,CLIN_ajcc_pathologic_t.diagnoses_T2,int64,0.0,2
complete_case:4modalities_04_fdr_significant,CLIN_ajcc_pathologic_t.diagnoses_T2a,int64,0.0,2
complete_case:4modalities_04_fdr_significant,CLIN_ajcc_pathologic_t.diagnoses_T2b,int64,0.0,2
complete_case:4modalities_04_fdr_significant,CLIN_ajcc_pathologic_t.diagnoses_T3,int64,0.0,2
complete_case:4modalities_04_fdr_significant,CLIN_ajcc_pathologic_t.diagnoses_T3a,int64,0.0,1
complete_case:4modalities_04_fdr_significant,CLIN_ajcc_pathologic_t.diagnoses_T4,int64,0.0,2
complete_case:4modalities_04_fdr_significant,CLIN_ajcc_pathologic_t.diagnoses_T4b,int64,0.0,2
complete_case:4modalities_04_fdr_significant,CLIN_ajcc_pathologic_t.diagnoses_T4d,int64,0.0,2
complete_case:4modalities_04_fdr_significant,CLIN_ajcc_pathologic_t.diagnoses_TX,int64,0.0,2
complete_case:4modalities_04_fdr_significant,CLIN_ajcc_pathologic_t.diagnoses_missing,int64,0.0,1
complete_case:4modalities_04_fdr_significant,CLIN_morphology.diagnoses_8010/3,int64,0.0,2
complete_case:4modalities_04_fdr_significant,CLIN_morphology.diagnoses_8013/3,int64,0.0,2
complete_case:4modalities_04_fdr_significant,CLIN_morphology.diagnoses_8022/3,int64,0.0,2
complete_case:4modalities_04_fdr_significant,CLIN_morphology.diagnoses_8050/3,int64,0.0,1
complete_case:4modalities_04_fdr_significant,CLIN_morphology.diagnoses_8090/3,int64,0.0,1
complete_case:4modalities_04_fdr_significant,CLIN_morphology.diagnoses_8200/3,int64,0.0,2
complete_case:4modalities_04_fdr_significant,CLIN_morphology.diagnoses_8201/3,int64,0.0,2
complete_case:4modalities_04_fdr_significant,CLIN_morphology.diagnoses_8211/3,int64,0.0,2
complete_case:4modalities_04_fdr_significant,CLIN_morphology.diagnoses_8401/3,int64,0.0,2
complete_case:4modalities_04_fdr_significant,CLIN_morphology.diagnoses_8480/3,int64,0.0,2
complete_case:4modalities_04_fdr_significant,CLIN_morphology.diagnoses_8500/3,int64,0.0,2
complete_case:4modalities_04_fdr_significant,CLIN_morphology.diagnoses_8502/3,int64,0.0,1
complete_case:4modalities_04_fdr_significant,CLIN_morphology.diagnoses_8503/3,int64,0.0,2
complete_case:4modalities_04_fdr_significant,CLIN_morphology.diagnoses_8507/3,int64,0.0,2
complete_case:4modalities_04_fdr_significant,CLIN_morphology.diagnoses_8510/3,int64,0.0,2
complete_case:4modalities_04_fdr_significant,CLIN_morphology.diagnoses_8520/3,int64,0.0,2
complete_case:4modalities_04_fdr_significant,CLIN_morphology.diagnoses_8522/3,int64,0.0,2
complete_case:4modalities_04_fdr_significant,CLIN_morphology.diagnoses_8523/3,int64,0.0,2
complete_case:4modalities_04_fdr_significant,CLIN_morphology.diagnoses_8524/3,int64,0.0,2
complete_case:4modalities_04_fdr_significant,CLIN_morphology.diagnoses_8541/3,int64,0.0,2
complete_case:4modalities_04_fdr_significant,CLIN_morphology.diagnoses_8575/3,int64,0.0,2
complete_case:4modalities_04_fdr_significant,CLIN_morphology.diagnoses_9020/3,int64,0.0,2
complete_case:4modalities_04_fdr_significant,CLIN_morphology.diagnoses_missing,int64,0.0,1
complete_case:4modalities_04_fdr_significant,CLIN_ajcc_pathologic_n.diagnoses_N0,int64,0.0,2
complete_case:4modalities_04_fdr_significant,CLIN_ajcc_pathologic_n.diagnoses_N0 (i+),int64,0.0,2
complete_case:4modalities_04_fdr_significant,CLIN_ajcc_pathologic_n.diagnoses_N0 (i-),int64,0.0,2
complete_case:4modalities_04_fdr_significant,CLIN_ajcc_pathologic_n.diagnoses_N0 (mol+),int64,0.0,2
complete_case:4modalities_04_fdr_significant,CLIN_ajcc_pathologic_n.diagnoses_N1,int64,0.0,2
complete_case:4modalities_04_fdr_significant,CLIN_ajcc_pathologic_n.diagnoses_N1a,int64,0.0,2
complete_case:4modalities_04_fdr_significant,CLIN_ajcc_pathologic_n.diagnoses_N1b,int64,0.0,2
complete_case:4modalities_04_fdr_significant,CLIN_ajcc_pathologic_n.diagnoses_N1c,int64,0.0,2
complete_case:4modalities_04_fdr_significant,CLIN_ajcc_pathologic_n.diagnoses_N1mi,int64,0.0,2
complete_case:4modalities_04_fdr_significant,CLIN_ajcc_pathologic_n.diagnoses_N2,int64,0.0,2
complete_case:4modalities_04_fdr_significant,CLIN_ajcc_pathologic_n.diagnoses_N2a,int64,0.0,2
complete_case:4modalities_04_fdr_significant,CLIN_ajcc_pathologic_n.diagnoses_N3,int64,0.0,2
complete_case:4modalities_04_fdr_significant,CLIN_ajcc_pathologic_n.diagnoses_N3a,int64,0.0,2
complete_case:4modalities_04_fdr_significant,CLIN_ajcc_pathologic_n.diagnoses_N3b,int64,0.0,2
complete_case:4modalities_04_fdr_significant,CLIN_ajcc_pathologic_n.diagnoses_N3c,int64,0.0,2
complete_case:4modalities_04_fdr_significant,CLIN_ajcc_pathologic_n.diagnoses_NX,int64,0.0,2
complete_case:4modalities_04_fdr_significant,CLIN_ajcc_pathologic_n.diagnoses_missing,int64,0.0,1
complete_case:4modalities_04_fdr_significant,CLIN_ajcc_pathologic_m.diagnoses_M0,int64,0.0,2
complete_case:4modalities_04_fdr_significant,CLIN_ajcc_pathologic_m.diagnoses_M1,int64,0.0,2
complete_case:4modalities_04_fdr_significant,CLIN_ajcc_pathologic_m.diagnoses_MX,int64,0.0,2
complete_case:4modalities_04_fdr_significant,CLIN_ajcc_pathologic_m.diagnoses_cM0 (i+),int64,0.0,2
complete_case:4modalities_04_fdr_significant,CLIN_ajcc_pathologic_m.diagnoses_missing,int64,0.0,1
complete_case:4modalities_04_fdr_significant,"CLIN_treatment_or_therapy.treatments.diagnoses_['no', 'no']",int64,0.0,2
complete_case:4modalities_04_fdr_significant,"CLIN_treatment_or_therapy.treatments.diagnoses_['no', 'not reported']",int64,0.0,2
complete_case:4modalities_04_fdr_significant,"CLIN_treatment_or_therapy.treatments.diagnoses_['no', 'yes']",int64,0.0,2
complete_case:4modalities_04_fdr_significant,"CLIN_treatment_or_therapy.treatments.diagnoses_['not reported', 'no']",int64,0.0,2
complete_case:4modalities_04_fdr_significant,"CLIN_treatment_or_therapy.treatments.diagnoses_['not reported', 'not reported']",int64,0.0,2
complete_case:4modalities_04_fdr_significant,"CLIN_treatment_or_therapy.treatments.diagnoses_['not reported', 'yes']",int64,0.0,2
complete_case:4modalities_04_fdr_significant,"CLIN_treatment_or_therapy.treatments.diagnoses_['yes', 'no']",int64,0.0,2
complete_case:4modalities_04_fdr_significant,"CLIN_treatment_or_therapy.treatments.diagnoses_['yes', 'not reported']",int64,0.0,2
complete_case:4modalities_04_fdr_significant,"CLIN_treatment_or_therapy.treatments.diagnoses_['yes', 'yes']",int64,0.0,2
complete_case:4modalities_04_fdr_significant,CLIN_treatment_or_therapy.treatments.diagnoses_missing,int64,0.0,1
complete_case:4modalities_04_fdr_significant,RNA_ENSG00000159450.12,float64,0.0,167
complete_case:4modalities_04_fdr_significant,RNA_ENSG00000127774.7,float64,0.0,84
complete_case:4modalities_04_fdr_significant,RNA_ENSG00000226317.3,float64,0.0,23
complete_case:4modalities_04_fdr_significant,RNA_ENSG00000268442.1,float64,0.0,82
complete_case:4modalities_04_fdr_significant,RNA_ENSG00000234289.6,float64,0.0,14
complete_case:4modalities_04_fdr_significant,RNA_ENSG00000212900.3,float64,0.0,13
complete_case:4modalities_04_fdr_significant,RNA_ENSG00000199038.1,float64,0.0,20
complete_case:4modalities_04_fdr_significant,RNA_ENSG00000228976.1,float64,0.0,14
complete_case:4modalities_04_fdr_significant,RNA_ENSG00000280061.1,float64,0.0,15
complete_case:4modalities_04_fdr_significant,RNA_ENSG00000275882.1,float64,0.0,23
complete_case:4modalities_04_fdr_significant,RNA_ENSG00000226246.1,float64,0.0,12
complete_case:4modalities_04_fdr_significant,RNA_ENSG00000160349.10,float64,0.0,31
complete_case:4modalities_04_fdr_significant,RNA_ENSG00000204429.4,float64,0.0,54
complete_case:4modalities_04_fdr_significant,RNA_ENSG00000162772.17,float64,0.0,823
complete_case:4modalities_04_fdr_significant,RNA_ENSG00000272254.1,float64,0.0,21
complete_case:4modalities_04_fdr_significant,RNA_ENSG00000125740.14,float64,0.0,795
complete_case:4modalities_04_fdr_significant,RNA_ENSG00000007908.16,float64,0.0,606
complete_case:4modalities_04_fdr_significant,RNA_ENSG00000058668.15,float64,0.0,906
complete_case:4modalities_04_fdr_significant,RNA_ENSG00000168497.5,float64,0.0,575
complete_case:4modalities_04_fdr_significant,RNA_ENSG00000142871.18,float64,0.0,903
complete_case:4modalities_04_fdr_significant,RNA_ENSG00000234176.1,float64,0.0,108
complete_case:4modalities_04_fdr_significant,RNA_ENSG00000217130.1,float64,0.0,82
complete_case:4modalities_04_fdr_significant,RNA_ENSG00000284630.1,float64,0.0,33
complete_case:4modalities_04_fdr_significant,RNA_ENSG00000016602.9,float64,0.0,115
complete_case:4modalities_04_fdr_significant,RNA_ENSG00000169508.7,float64,0.0,679
complete_case:4modalities_04_fdr_significant,RNA_ENSG00000172403.11,float64,0.0,869
complete_case:4modalities_04_fdr_significant,RNA_ENSG00000258429.2,float64,0.0,91
complete_case:4modalities_04_fdr_significant,RNA_ENSG00000236385.1,float64,0.0,75
complete_case:4modalities_04_fdr_significant,RNA_ENSG00000237248.5,float64,0.0,160
complete_case:4modalities_04_fdr_significant,RNA_ENSG00000100814.18,float64,0.0,775
complete_case:4modalities_04_fdr_significant,RNA_ENSG00000146540.15,float64,0.0,858
complete_case:4modalities_04_fdr_significant,RNA_ENSG00000284669.1,float64,0.0,138
complete_case:4modalities_04_fdr_significant,RNA_ENSG00000266315.1,float64,0.0,28
complete_case:4modalities_04_fdr_significant,RNA_ENSG00000137193.14,float64,0.0,790
complete_case:4modalities_04_fdr_significant,RNA_ENSG00000011523.14,float64,0.0,805
complete_case:4modalities_04_fdr_significant,RNA_ENSG00000158488.16,float64,0.0,331
complete_case:4modalities_04_fdr_significant,RNA_ENSG00000264589.4,float64,0.0,322
complete_case:4modalities_04_fdr_significant,RNA_ENSG00000271646.1,float64,0.0,360
complete_case:4modalities_04_fdr_significant,RNA_ENSG00000122733.12,float64,0.0,158
complete_case:4modalities_04_fdr_significant,RNA_ENSG00000273014.1,float64,0.0,222
complete_case:4modalities_04_fdr_significant,RNA_ENSG00000163739.5,float64,0.0,252
complete_case:4modalities_04_fdr_significant,RNA_ENSG00000134339.9,float64,0.0,348
complete_case:4modalities_04_fdr_significant,RNA_ENSG00000269404.7,float64,0.0,308
complete_case:4modalities_04_fdr_significant,RNA_ENSG00000286954.1,float64,0.0,31
complete_case:4modalities_04_fdr_significant,RNA_ENSG00000287447.1,float64,0.0,27
complete_case:4modalities_04_fdr_significant,RNA_ENSG00000223485.4,float64,0.0,183
complete_case:4modalities_04_fdr_significant,RNA_ENSG00000168065.16,float64,0.0,66
complete_case:4modalities_04_fdr_significant,RNA_ENSG00000159339.13,float64,0.0,57
complete_case:4modalities_04_fdr_significant,RNA_ENSG00000170989.10,float64,0.0,775
complete_case:4modalities_04_fdr_significant,RNA_ENSG00000111339.12,float64,0.0,128
complete_case:4modalities_04_fdr_significant,CNV_ENSG00000229526.2,float64,0.0,13
complete_case:4modalities_04_fdr_significant,CNV_ENSG00000273173.5,float64,0.0,14
complete_case:4modalities_04_fdr_significant,CNV_ENSG00000253198.1,float64,0.0,23
complete_case:4modalities_04_fdr_significant,CNV_ENSG00000253845.1,float64,0.0,23
complete_case:4modalities_04_fdr_significant,CNV_ENSG00000221043.2,float64,0.0,9
complete_case:4modalities_04_fdr_significant,CNV_ENSG00000287323.1,float64,0.0,9
complete_case:4modalities_04_fdr_significant,CNV_ENSG00000242928.3,float64,0.0,9
complete_case:4modalities_04_fdr_significant,CNV_ENSG00000199047.3,float64,0.0,9
complete_case:4modalities_04_fdr_significant,CNV_ENSG00000153443.13,float64,0.0,11
complete_case:4modalities_04_fdr_significant,CNV_ENSG00000269575.1,float64,0.0,14
complete_case:4modalities_04_fdr_significant,CNV_ENSG00000207397.1,float64,0.0,13
complete_case:4modalities_04_fdr_significant,CNV_ENSG00000269364.1,float64,0.0,13
complete_case:4modalities_04_fdr_significant,CNV_ENSG00000263955.2,float64,0.0,11
complete_case:4modalities_04_fdr_significant,CNV_ENSG00000269345.1,float64,0.0,14
complete_case:4modalities_04_fdr_significant,CNV_ENSG00000267872.1,float64,0.0,14
complete_case:4modalities_04_fdr_significant,CNV_ENSG00000102858.13,float64,0.0,11
complete_case:4modalities_04_fdr_significant,CNV_ENSG00000261442.1,float64,0.0,11
complete_case:4modalities_04_fdr_significant,CNV_ENSG00000224078.15,float64,0.0,14
complete_case:4modalities_04_fdr_significant,CNV_ENSG00000103415.12,float64,0.0,11
complete_case:4modalities_04_fdr_significant,CNV_ENSG00000089486.17,float64,0.0,11
complete_case:4modalities_04_fdr_significant,CNV_ENSG00000196109.9,float64,0.0,14
complete_case:4modalities_04_fdr_significant,CNV_ENSG00000086589.12,float64,0.0,9
complete_case:4modalities_04_fdr_significant,CNV_ENSG00000278700.1,float64,0.0,11
complete_case:4modalities_04_fdr_significant,CNV_ENSG00000276610.1,float64,0.0,14
complete_case:4modalities_04_fdr_significant,CNV_ENSG00000282732.1,float64,0.0,14
complete_case:4modalities_04_fdr_significant,CNV_ENSG00000250309.2,float64,0.0,9
complete_case:4modalities_04_fdr_significant,CNV_ENSG00000271149.1,float64,0.0,13
complete_case:4modalities_04_fdr_significant,CNV_ENSG00000261612.1,float64,0.0,11
complete_case:4modalities_04_fdr_significant,CNV_ENSG00000276641.1,float64,0.0,11
complete_case:4modalities_04_fdr_significant,CNV_ENSG00000268079.1,float64,0.0,14
complete_case:4modalities_04_fdr_significant,CNV_ENSG00000278434.1,float64,0.0,11
complete_case:4modalities_04_fdr_significant,CNV_ENSG00000269471.1,float64,0.0,15
complete_case:4modalities_04_fdr_significant,CNV_ENSG00000164591.14,float64,0.0,9
complete_case:4modalities_04_fdr_significant,CNV_ENSG00000260599.1,float64,0.0,13
complete_case:4modalities_04_fdr_significant,CNV_ENSG00000132912.13,float64,0.0,9
complete_case:4modalities_04_fdr_significant,CNV_ENSG00000248125.2,float64,0.0,10
complete_case:4modalities_04_fdr_significant,CNV_ENSG00000205832.7,float64,0.0,11
complete_case:4modalities_04_fdr_significant,CNV_ENSG00000268140.1,float64,0.0,14
complete_case:4modalities_04_fdr_significant,CNV_ENSG00000261789.1,float64,0.0,11
complete_case:4modalities_04_fdr_significant,CNV_ENSG00000275515.1,float64,0.0,11
complete_case:4modalities_04_fdr_significant,CNV_ENSG00000230551.4,float64,0.0,9
complete_case:4modalities_04_fdr_significant,CNV_ENSG00000113712.19,float64,0.0,9
complete_case:4modalities_04_fdr_significant,CNV_ENSG00000127743.6,float64,0.0,9
complete_case:4modalities_04_fdr_significant,CNV_ENSG00000250721.1,float64,0.0,10
complete_case:4modalities_04_fdr_significant,CNV_ENSG00000286157.1,float64,0.0,13
complete_case:4modalities_04_fdr_significant,CNV_ENSG00000253852.1,float64,0.0,9
complete_case:4modalities_04_fdr_significant,CNV_ENSG00000070808.16,float64,0.0,9
complete_case:4modalities_04_fdr_significant,CNV_ENSG00000239014.1,float64,0.0,14
complete_case:4modalities_04_fdr_significant,CNV_ENSG00000183111.12,float64,0.0,9
complete_case:4modalities_04_fdr_significant,CNV_ENSG00000276365.1,float64,0.0,9
complete_case:4modalities_04_fdr_significant,MUT_MAML2,int64,0.0,2
complete_case:4modalities_04_fdr_significant,MUT_BPTF,int64,0.0,2
complete_case:4modalities_04_fdr_significant,MUT_NOS1,int64,0.0,2
complete_case:4modalities_04_fdr_significant,MUT_ITSN2,int64,0.0,2
complete_case:4modalities_04_fdr_significant,MUT_ABR,int64,0.0,2
complete_case:4modalities_04_fdr_significant,MUT_MROH1,int64,0.0,2
complete_case:4modalities_04_fdr_significant,MUT_KIF2B,int64,0.0,2
complete_case:4modalities_04_fdr_significant,MUT_SCN7A,int64,0.0,2
complete_case:4modalities_04_fdr_significant,MUT_CACNA1S,int64,0.0,2
complete_case:4modalities_04_fdr_significant,MUT_ADAMTS20,int64,0.0,2
complete_case:4modalities_04_fdr_significant,MUT_PTCHD3,int64,0.0,2
complete_case:4modalities_04_fdr_significant,MUT_DOCK9,int64,0.0,2
complete_case:4modalities_04_fdr_significant,MUT_GRIPAP1,int64,0.0,2
complete_case:4modalities_04_fdr_significant,MUT_LRP6,int64,0.0,2
complete_case:4modalities_04_fdr_significant,MUT_FCRL5,int64,0.0,2
complete_case:4modalities_04_fdr_significant,MUT_PIKFYVE,int64,0.0,2
complete_case:4modalities_04_fdr_significant,MUT_RBM26,int64,0.0,2
complete_case:4modalities_04_fdr_significant,MUT_AP3B1,int64,0.0,2
complete_case:4modalities_04_fdr_significant,MUT_NLGN4X,int64,0.0,2
complete_case:4modalities_04_fdr_significant,MUT_TDRD5,int64,0.0,2
complete_case:4modalities_04_fdr_significant,MUT_CEP95,int64,0.0,2
complete_case:4modalities_04_fdr_significant,MUT_GBE1,int64,0.0,2
complete_case:4modalities_04_fdr_significant,MUT_SRRM2,int64,0.0,2
complete_case:4modalities_04_fdr_significant,MUT_CR1,int64,0.0,2
complete_case:4modalities_04_fdr_significant,MUT_PIK3CB,int64,0.0,2
complete_case:4modalities_04_fdr_significant,MUT_SLC26A9,int64,0.0,2
complete_case:4modalities_04_fdr_significant,MUT_EPPK1,int64,0.0,2
complete_case:4modalities_04_fdr_significant,MUT_TMC2,int64,0.0,2
complete_case:4modalities_04_fdr_significant,MUT_GOLGA4,int64,0.0,2
complete_case:4modalities_04_fdr_significant,MUT_GIMAP8,int64,0.0,2
complete_case:4modalities_04_fdr_significant,MUT_SBF2,int64,0.0,2
complete_case:4modalities_04_fdr_significant,MUT_MELTF,int64,0.0,2
complete_case:4modalities_04_fdr_significant,MUT_EFCAB6,int64,0.0,2
complete_case:4modalities_04_fdr_significant,MUT_ZEB1,int64,0.0,2
complete_case:4modalities_04_fdr_significant,MUT_GPS2,int64,0.0,2
complete_case:4modalities_04_fdr_significant,MUT_USP34,int64,0.0,2
complete_case:4modalities_04_fdr_significant,MUT_IGSF10,int64,0.0,2
complete_case:4modalities_04_fdr_significant,MUT_NIN,int64,0.0,2
complete_case:4modalities_04_fdr_significant,MUT_ITGAV,int64,0.0,2
complete_case:4modalities_04_fdr_significant,MUT_SLC9A8,int64,0.0,2
complete_case:4modalities_04_fdr_significant,MUT_DSCAM,int64,0.0,2
complete_case:4modalities_04_fdr_significant,MUT_KDM4C,int64,0.0,2
complete_case:4modalities_04_fdr_significant,MUT_MYOM1,int64,0.0,2
complete_case:4modalities_04_fdr_significant,MUT_KIDINS220,int64,0.0,2
complete_case:4modalities_04_fdr_significant,MUT_WNK3,int64,0.0,2
complete_case:4modalities_04_fdr_significant,MUT_KIF5C,int64,0.0,2
complete_case:4modalities_04_fdr_significant,MUT_KCTD3,int64,0.0,2
complete_case:4modalities_04_fdr_significant,MUT_TNIK,int64,0.0,2
complete_case:4modalities_04_fdr_significant,MUT_ABCA4,int64,0.0,2
complete_case:4modalities_04_fdr_significant,MUT_PLA2G4A,int64,0.0,2
complete_case:4modalities_05_balanced,Unnamed: 0,object,0.0,923
complete_case:4modalities_05_balanced,CLIN_gender.demographic,float64,0.0,2
complete_case:4modalities_05_balanced,CLIN_age_at_index.demographic,float64,0.0,64
complete_case:4modalities_05_balanced,CLIN_tumor_descriptor.samples,int64,0.0,1
complete_case:4modalities_05_balanced,CLIN_disease_type_Adenomas and Adenocarcinomas,int64,0.0,2
complete_case:4modalities_05_balanced,CLIN_disease_type_Adnexal and Skin Appendage Neoplasms,int64,0.0,2
complete_case:4modalities_05_balanced,CLIN_disease_type_Basal Cell Neoplasms,int64,0.0,1
complete_case:4modalities_05_balanced,CLIN_disease_type_Complex Epithelial Neoplasms,int64,0.0,2
complete_case:4modalities_05_balanced,"CLIN_disease_type_Cystic, Mucinous and Serous Neoplasms",int64,0.0,2
complete_case:4modalities_05_balanced,CLIN_disease_type_Ductal and Lobular Neoplasms,int64,0.0,2
complete_case:4modalities_05_balanced,"CLIN_disease_type_Epithelial Neoplasms, NOS",int64,0.0,2
complete_case:4modalities_05_balanced,CLIN_disease_type_Fibroepithelial Neoplasms,int64,0.0,2
complete_case:4modalities_05_balanced,CLIN_disease_type_Squamous Cell Neoplasms,int64,0.0,1
complete_case:4modalities_05_balanced,CLIN_race.demographic_american indian or alaska native,int64,0.0,2
complete_case:4modalities_05_balanced,CLIN_race.demographic_asian,int64,0.0,2
complete_case:4modalities_05_balanced,CLIN_race.demographic_black or african american,int64,0.0,2
complete_case:4modalities_05_balanced,CLIN_race.demographic_missing,int64,0.0,2
complete_case:4modalities_05_balanced,CLIN_race.demographic_white,int64,0.0,2
complete_case:4modalities_05_balanced,CLIN_ethnicity.demographic_hispanic or latino,int64,0.0,2
complete_case:4modalities_05_balanced,CLIN_ethnicity.demographic_missing,int64,0.0,2
complete_case:4modalities_05_balanced,CLIN_ethnicity.demographic_not hispanic or latino,int64,0.0,2
complete_case:4modalities_05_balanced,CLIN_ajcc_pathologic_stage.diagnoses_Stage I,int64,0.0,2
complete_case:4modalities_05_balanced,CLIN_ajcc_pathologic_stage.diagnoses_Stage IA,int64,0.0,2
complete_case:4modalities_05_balanced,CLIN_ajcc_pathologic_stage.diagnoses_Stage IB,int64,0.0,2
complete_case:4modalities_05_balanced,CLIN_ajcc_pathologic_stage.diagnoses_Stage II,int64,0.0,2
complete_case:4modalities_05_balanced,CLIN_ajcc_pathologic_stage.diagnoses_Stage IIA,int64,0.0,2
complete_case:4modalities_05_balanced,CLIN_ajcc_pathologic_stage.diagnoses_Stage IIB,int64,0.0,2
complete_case:4modalities_05_balanced,CLIN_ajcc_pathologic_stage.diagnoses_Stage III,int64,0.0,2
complete_case:4modalities_05_balanced,CLIN_ajcc_pathologic_stage.diagnoses_Stage IIIA,int64,0.0,2
complete_case:4modalities_05_balanced,CLIN_ajcc_pathologic_stage.diagnoses_Stage IIIB,int64,0.0,2
complete_case:4modalities_05_balanced,CLIN_ajcc_pathologic_stage.diagnoses_Stage IIIC,int64,0.0,2
complete_case:4modalities_05_balanced,CLIN_ajcc_pathologic_stage.diagnoses_Stage IV,int64,0.0,2
complete_case:4modalities_05_balanced,CLIN_ajcc_pathologic_stage.diagnoses_Stage X,int64,0.0,2
complete_case:4modalities_05_balanced,CLIN_ajcc_pathologic_stage.diagnoses_missing,int64,0.0,2
complete_case:4modalities_05_balanced,"CLIN_tissue_or_organ_of_origin.diagnoses_Breast, NOS",int64,0.0,2
complete_case:4modalities_05_balanced,CLIN_tissue_or_organ_of_origin.diagnoses_Lower-inner quadrant of breast,int64,0.0,2
complete_case:4modalities_05_balanced,CLIN_tissue_or_organ_of_origin.diagnoses_Lower-outer quadrant of breast,int64,0.0,2
complete_case:4modalities_05_balanced,CLIN_tissue_or_organ_of_origin.diagnoses_Overlapping lesion of breast,int64,0.0,2
complete_case:4modalities_05_balanced,CLIN_tissue_or_organ_of_origin.diagnoses_Upper-inner quadrant of breast,int64,0.0,2
complete_case:4modalities_05_balanced,CLIN_tissue_or_organ_of_origin.diagnoses_Upper-outer quadrant of breast,int64,0.0,2
complete_case:4modalities_05_balanced,CLIN_tissue_or_organ_of_origin.diagnoses_missing,int64,0.0,1
complete_case:4modalities_05_balanced,CLIN_primary_diagnosis.diagnoses_Adenoid cystic carcinoma,int64,0.0,2
complete_case:4modalities_05_balanced,CLIN_primary_diagnosis.diagnoses_Apocrine adenocarcinoma,int64,0.0,2
complete_case:4modalities_05_balanced,"CLIN_primary_diagnosis.diagnoses_Basal cell carcinoma, NOS",int64,0.0,1
complete_case:4modalities_05_balanced,"CLIN_primary_diagnosis.diagnoses_Carcinoma, NOS",int64,0.0,2
complete_case:4modalities_05_balanced,"CLIN_primary_diagnosis.diagnoses_Cribriform carcinoma, NOS",int64,0.0,2
complete_case:4modalities_05_balanced,CLIN_primary_diagnosis.diagnoses_Infiltrating duct and lobular carcinoma,int64,0.0,2
complete_case:4modalities_05_balanced,"CLIN_primary_diagnosis.diagnoses_Infiltrating duct carcinoma, NOS",int64,0.0,2
complete_case:4modalities_05_balanced,CLIN_primary_diagnosis.diagnoses_Infiltrating duct mixed with other types of carcinoma,int64,0.0,2
complete_case:4modalities_05_balanced,CLIN_primary_diagnosis.diagnoses_Infiltrating lobular mixed with other types of carcinoma,int64,0.0,2
complete_case:4modalities_05_balanced,CLIN_primary_diagnosis.diagnoses_Intraductal micropapillary carcinoma,int64,0.0,2
complete_case:4modalities_05_balanced,CLIN_primary_diagnosis.diagnoses_Intraductal papillary adenocarcinoma with invasion,int64,0.0,2
complete_case:4modalities_05_balanced,CLIN_primary_diagnosis.diagnoses_Large cell neuroendocrine carcinoma,int64,0.0,2
complete_case:4modalities_05_balanced,"CLIN_primary_diagnosis.diagnoses_Lobular carcinoma, NOS",int64,0.0,2
complete_case:4modalities_05_balanced,"CLIN_primary_diagnosis.diagnoses_Medullary carcinoma, NOS",int64,0.0,2
complete_case:4modalities_05_balanced,"CLIN_primary_diagnosis.diagnoses_Metaplastic carcinoma, NOS",int64,0.0,2
complete_case:4modalities_05_balanced,CLIN_primary_diagnosis.diagnoses_Mucinous adenocarcinoma,int64,0.0,2
complete_case:4modalities_05_balanced,CLIN_primary_diagnosis.diagnoses_Paget disease and infiltrating duct carcinoma of breast,int64,0.0,2
complete_case:4modalities_05_balanced,"CLIN_primary_diagnosis.diagnoses_Papillary carcinoma, NOS",int64,0.0,1
complete_case:4modalities_05_balanced,"CLIN_primary_diagnosis.diagnoses_Phyllodes tumor, malignant",int64,0.0,2
complete_case:4modalities_05_balanced,CLIN_primary_diagnosis.diagnoses_Pleomorphic carcinoma,int64,0.0,2
complete_case:4modalities_05_balanced,CLIN_primary_diagnosis.diagnoses_Secretory carcinoma of breast,int64,0.0,1
complete_case:4modalities_05_balanced,CLIN_primary_diagnosis.diagnoses_Tubular adenocarcinoma,int64,0.0,2
complete_case:4modalities_05_balanced,CLIN_primary_diagnosis.diagnoses_missing,int64,0.0,1
complete_case:4modalities_05_balanced,CLIN_prior_malignancy.diagnoses_missing,int64,0.0,2
complete_case:4modalities_05_balanced,CLIN_prior_malignancy.diagnoses_no,int64,0.0,2
complete_case:4modalities_05_balanced,CLIN_prior_malignancy.diagnoses_yes,int64,0.0,2
complete_case:4modalities_05_balanced,CLIN_prior_treatment.diagnoses_No,int64,0.0,2
complete_case:4modalities_05_balanced,CLIN_prior_treatment.diagnoses_Yes,int64,0.0,2
complete_case:4modalities_05_balanced,CLIN_prior_treatment.diagnoses_missing,int64,0.0,2
complete_case:4modalities_05_balanced,CLIN_ajcc_staging_system_edition.diagnoses_3rd,int64,0.0,2
complete_case:4modalities_05_balanced,CLIN_ajcc_staging_system_edition.diagnoses_4th,int64,0.0,2
complete_case:4modalities_05_balanced,CLIN_ajcc_staging_system_edition.diagnoses_5th,int64,0.0,2
complete_case:4modalities_05_balanced,CLIN_ajcc_staging_system_edition.diagnoses_6th,int64,0.0,2
complete_case:4modalities_05_balanced,CLIN_ajcc_staging_system_edition.diagnoses_7th,int64,0.0,2
complete_case:4modalities_05_balanced,CLIN_ajcc_staging_system_edition.diagnoses_missing,int64,0.0,2
complete_case:4modalities_05_balanced,CLIN_ajcc_pathologic_t.diagnoses_T1,int64,0.0,2
complete_case:4modalities_05_balanced,CLIN_ajcc_pathologic_t.diagnoses_T1a,int64,0.0,2
complete_case:4modalities_05_balanced,CLIN_ajcc_pathologic_t.diagnoses_T1b,int64,0.0,2
complete_case:4modalities_05_balanced,CLIN_ajcc_pathologic_t.diagnoses_T1c,int64,0.0,2
complete_case:4modalities_05_balanced,CLIN_ajcc_pathologic_t.diagnoses_T2,int64,0.0,2
complete_case:4modalities_05_balanced,CLIN_ajcc_pathologic_t.diagnoses_T2a,int64,0.0,2
complete_case:4modalities_05_balanced,CLIN_ajcc_pathologic_t.diagnoses_T2b,int64,0.0,2
complete_case:4modalities_05_balanced,CLIN_ajcc_pathologic_t.diagnoses_T3,int64,0.0,2
complete_case:4modalities_05_balanced,CLIN_ajcc_pathologic_t.diagnoses_T3a,int64,0.0,1
complete_case:4modalities_05_balanced,CLIN_ajcc_pathologic_t.diagnoses_T4,int64,0.0,2
complete_case:4modalities_05_balanced,CLIN_ajcc_pathologic_t.diagnoses_T4b,int64,0.0,2
complete_case:4modalities_05_balanced,CLIN_ajcc_pathologic_t.diagnoses_T4d,int64,0.0,2
complete_case:4modalities_05_balanced,CLIN_ajcc_pathologic_t.diagnoses_TX,int64,0.0,2
complete_case:4modalities_05_balanced,CLIN_ajcc_pathologic_t.diagnoses_missing,int64,0.0,1
complete_case:4modalities_05_balanced,CLIN_morphology.diagnoses_8010/3,int64,0.0,2
complete_case:4modalities_05_balanced,CLIN_morphology.diagnoses_8013/3,int64,0.0,2
complete_case:4modalities_05_balanced,CLIN_morphology.diagnoses_8022/3,int64,0.0,2
complete_case:4modalities_05_balanced,CLIN_morphology.diagnoses_8050/3,int64,0.0,1
complete_case:4modalities_05_balanced,CLIN_morphology.diagnoses_8090/3,int64,0.0,1
complete_case:4modalities_05_balanced,CLIN_morphology.diagnoses_8200/3,int64,0.0,2
complete_case:4modalities_05_balanced,CLIN_morphology.diagnoses_8201/3,int64,0.0,2
complete_case:4modalities_05_balanced,CLIN_morphology.diagnoses_8211/3,int64,0.0,2
complete_case:4modalities_05_balanced,CLIN_morphology.diagnoses_8401/3,int64,0.0,2
complete_case:4modalities_05_balanced,CLIN_morphology.diagnoses_8480/3,int64,0.0,2
complete_case:4modalities_05_balanced,CLIN_morphology.diagnoses_8500/3,int64,0.0,2
complete_case:4modalities_05_balanced,CLIN_morphology.diagnoses_8502/3,int64,0.0,1
complete_case:4modalities_05_balanced,CLIN_morphology.diagnoses_8503/3,int64,0.0,2
complete_case:4modalities_05_balanced,CLIN_morphology.diagnoses_8507/3,int64,0.0,2
complete_case:4modalities_05_balanced,CLIN_morphology.diagnoses_8510/3,int64,0.0,2
complete_case:4modalities_05_balanced,CLIN_morphology.diagnoses_8520/3,int64,0.0,2
complete_case:4modalities_05_balanced,CLIN_morphology.diagnoses_8522/3,int64,0.0,2
complete_case:4modalities_05_balanced,CLIN_morphology.diagnoses_8523/3,int64,0.0,2
complete_case:4modalities_05_balanced,CLIN_morphology.diagnoses_8524/3,int64,0.0,2
complete_case:4modalities_05_balanced,CLIN_morphology.diagnoses_8541/3,int64,0.0,2
complete_case:4modalities_05_balanced,CLIN_morphology.diagnoses_8575/3,int64,0.0,2
complete_case:4modalities_05_balanced,CLIN_morphology.diagnoses_9020/3,int64,0.0,2
complete_case:4modalities_05_balanced,CLIN_morphology.diagnoses_missing,int64,0.0,1
complete_case:4modalities_05_balanced,CLIN_ajcc_pathologic_n.diagnoses_N0,int64,0.0,2
complete_case:4modalities_05_balanced,CLIN_ajcc_pathologic_n.diagnoses_N0 (i+),int64,0.0,2
complete_case:4modalities_05_balanced,CLIN_ajcc_pathologic_n.diagnoses_N0 (i-),int64,0.0,2
complete_case:4modalities_05_balanced,CLIN_ajcc_pathologic_n.diagnoses_N0 (mol+),int64,0.0,2
complete_case:4modalities_05_balanced,CLIN_ajcc_pathologic_n.diagnoses_N1,int64,0.0,2
complete_case:4modalities_05_balanced,CLIN_ajcc_pathologic_n.diagnoses_N1a,int64,0.0,2
complete_case:4modalities_05_balanced,CLIN_ajcc_pathologic_n.diagnoses_N1b,int64,0.0,2
complete_case:4modalities_05_balanced,CLIN_ajcc_pathologic_n.diagnoses_N1c,int64,0.0,2
complete_case:4modalities_05_balanced,CLIN_ajcc_pathologic_n.diagnoses_N1mi,int64,0.0,2
complete_case:4modalities_05_balanced,CLIN_ajcc_pathologic_n.diagnoses_N2,int64,0.0,2
complete_case:4modalities_05_balanced,CLIN_ajcc_pathologic_n.diagnoses_N2a,int64,0.0,2
complete_case:4modalities_05_balanced,CLIN_ajcc_pathologic_n.diagnoses_N3,int64,0.0,2
complete_case:4modalities_05_balanced,CLIN_ajcc_pathologic_n.diagnoses_N3a,int64,0.0,2
complete_case:4modalities_05_balanced,CLIN_ajcc_pathologic_n.diagnoses_N3b,int64,0.0,2
complete_case:4modalities_05_balanced,CLIN_ajcc_pathologic_n.diagnoses_N3c,int64,0.0,2
complete_case:4modalities_05_balanced,CLIN_ajcc_pathologic_n.diagnoses_NX,int64,0.0,2
complete_case:4modalities_05_balanced,CLIN_ajcc_pathologic_n.diagnoses_missing,int64,0.0,1
complete_case:4modalities_05_balanced,CLIN_ajcc_pathologic_m.diagnoses_M0,int64,0.0,2
complete_case:4modalities_05_balanced,CLIN_ajcc_pathologic_m.diagnoses_M1,int64,0.0,2
complete_case:4modalities_05_balanced,CLIN_ajcc_pathologic_m.diagnoses_MX,int64,0.0,2
complete_case:4modalities_05_balanced,CLIN_ajcc_pathologic_m.diagnoses_cM0 (i+),int64,0.0,2
complete_case:4modalities_05_balanced,CLIN_ajcc_pathologic_m.diagnoses_missing,int64,0.0,1
complete_case:4modalities_05_balanced,"CLIN_treatment_or_therapy.treatments.diagnoses_['no', 'no']",int64,0.0,2
complete_case:4modalities_05_balanced,"CLIN_treatment_or_therapy.treatments.diagnoses_['no', 'not reported']",int64,0.0,2
complete_case:4modalities_05_balanced,"CLIN_treatment_or_therapy.treatments.diagnoses_['no', 'yes']",int64,0.0,2
complete_case:4modalities_05_balanced,"CLIN_treatment_or_therapy.treatments.diagnoses_['not reported', 'no']",int64,0.0,2
complete_case:4modalities_05_balanced,"CLIN_treatment_or_therapy.treatments.diagnoses_['not reported', 'not reported']",int64,0.0,2
complete_case:4modalities_05_balanced,"CLIN_treatment_or_therapy.treatments.diagnoses_['not reported', 'yes']",int64,0.0,2
complete_case:4modalities_05_balanced,"CLIN_treatment_or_therapy.treatments.diagnoses_['yes', 'no']",int64,0.0,2
complete_case:4modalities_05_balanced,"CLIN_treatment_or_therapy.treatments.diagnoses_['yes', 'not reported']",int64,0.0,2
complete_case:4modalities_05_balanced,"CLIN_treatment_or_therapy.treatments.diagnoses_['yes', 'yes']",int64,0.0,2
complete_case:4modalities_05_balanced,CLIN_treatment_or_therapy.treatments.diagnoses_missing,int64,0.0,1
complete_case:4modalities_05_balanced,RNA_ENSG00000236385.1,float64,0.0,75
complete_case:4modalities_05_balanced,RNA_ENSG00000160349.10,float64,0.0,31
complete_case:4modalities_05_balanced,RNA_ENSG00000201279.1,float64,0.0,6
complete_case:4modalities_05_balanced,RNA_ENSG00000183246.7,float64,0.0,34
complete_case:4modalities_05_balanced,RNA_ENSG00000250386.1,float64,0.0,11
complete_case:4modalities_05_balanced,RNA_ENSG00000239183.1,float64,0.0,4
complete_case:4modalities_05_balanced,RNA_ENSG00000223953.6,float64,0.0,9
complete_case:4modalities_05_balanced,RNA_ENSG00000226317.3,float64,0.0,23
complete_case:4modalities_05_balanced,RNA_ENSG00000199038.1,float64,0.0,20
complete_case:4modalities_05_balanced,RNA_ENSG00000215583.3,float64,0.0,4
complete_case:4modalities_05_balanced,RNA_ENSG00000230941.1,float64,0.0,9
complete_case:4modalities_05_balanced,RNA_ENSG00000229091.3,float64,0.0,11
complete_case:4modalities_05_balanced,RNA_ENSG00000258933.1,float64,0.0,10
complete_case:4modalities_05_balanced,RNA_ENSG00000242841.1,float64,0.0,30
complete_case:4modalities_05_balanced,RNA_ENSG00000262181.2,float64,0.0,4
complete_case:4modalities_05_balanced,RNA_ENSG00000197658.9,float64,0.0,43
complete_case:4modalities_05_balanced,RNA_ENSG00000237023.1,float64,0.0,2
complete_case:4modalities_05_balanced,RNA_ENSG00000270749.1,float64,0.0,3
complete_case:4modalities_05_balanced,RNA_ENSG00000185448.10,float64,0.0,20
complete_case:4modalities_05_balanced,RNA_ENSG00000260265.1,float64,0.0,203
complete_case:4modalities_05_balanced,RNA_ENSG00000119919.11,float64,0.0,78
complete_case:4modalities_05_balanced,RNA_ENSG00000243749.1,float64,0.0,10
complete_case:4modalities_05_balanced,RNA_ENSG00000277817.1,float64,0.0,6
complete_case:4modalities_05_balanced,RNA_ENSG00000286954.1,float64,0.0,31
complete_case:4modalities_05_balanced,RNA_ENSG00000223274.6,float64,0.0,18
complete_case:4modalities_05_balanced,RNA_ENSG00000108342.13,float64,0.0,75
complete_case:4modalities_05_balanced,RNA_ENSG00000272321.1,float64,0.0,33
complete_case:4modalities_05_balanced,RNA_ENSG00000273348.1,float64,0.0,21
complete_case:4modalities_05_balanced,RNA_ENSG00000228976.1,float64,0.0,14
complete_case:4modalities_05_balanced,RNA_ENSG00000237803.6,float64,0.0,25
complete_case:4modalities_05_balanced,RNA_ENSG00000229246.2,float64,0.0,24
complete_case:4modalities_05_balanced,RNA_ENSG00000213478.2,float64,0.0,18
complete_case:4modalities_05_balanced,RNA_ENSG00000219951.4,float64,0.0,28
complete_case:4modalities_05_balanced,RNA_ENSG00000263740.2,float64,0.0,66
complete_case:4modalities_05_balanced,RNA_ENSG00000136929.13,float64,0.0,29
complete_case:4modalities_05_balanced,RNA_ENSG00000284606.1,float64,0.0,53
complete_case:4modalities_05_balanced,RNA_ENSG00000203729.8,float64,0.0,19
complete_case:4modalities_05_balanced,RNA_ENSG00000242353.1,float64,0.0,26
complete_case:4modalities_05_balanced,RNA_ENSG00000180264.11,float64,0.0,111
complete_case:4modalities_05_balanced,RNA_ENSG00000259674.1,float64,0.0,34
complete_case:4modalities_05_balanced,RNA_ENSG00000252577.1,float64,0.0,27
complete_case:4modalities_05_balanced,RNA_ENSG00000285294.1,float64,0.0,71
complete_case:4modalities_05_balanced,RNA_ENSG00000269050.1,float64,0.0,14
complete_case:4modalities_05_balanced,RNA_ENSG00000154611.15,float64,0.0,50
complete_case:4modalities_05_balanced,RNA_ENSG00000276282.1,float64,0.0,23
complete_case:4modalities_05_balanced,RNA_ENSG00000214286.2,float64,0.0,14
complete_case:4modalities_05_balanced,RNA_ENSG00000207839.1,float64,0.0,11
complete_case:4modalities_05_balanced,RNA_ENSG00000283672.1,float64,0.0,10
complete_case:4modalities_05_balanced,RNA_ENSG00000236533.1,float64,0.0,17
complete_case:4modalities_05_balanced,RNA_ENSG00000221510.1,float64,0.0,14
complete_case:4modalities_05_balanced,CNV_ENSG00000202361.1,float64,0.0,23
complete_case:4modalities_05_balanced,CNV_ENSG00000241550.3,float64,0.0,22
complete_case:4modalities_05_balanced,CNV_ENSG00000284615.1,float64,0.0,13
complete_case:4modalities_05_balanced,CNV_ENSG00000253198.1,float64,0.0,23
complete_case:4modalities_05_balanced,CNV_ENSG00000253845.1,float64,0.0,23
complete_case:4modalities_05_balanced,CNV_ENSG00000153443.13,float64,0.0,11
complete_case:4modalities_05_balanced,CNV_ENSG00000263955.2,float64,0.0,11
complete_case:4modalities_05_balanced,CNV_ENSG00000102858.13,float64,0.0,11
complete_case:4modalities_05_balanced,CNV_ENSG00000261442.1,float64,0.0,11
complete_case:4modalities_05_balanced,CNV_ENSG00000103415.12,float64,0.0,11
complete_case:4modalities_05_balanced,CNV_ENSG00000089486.17,float64,0.0,11
complete_case:4modalities_05_balanced,CNV_ENSG00000278700.1,float64,0.0,11
complete_case:4modalities_05_balanced,CNV_ENSG00000261612.1,float64,0.0,11
complete_case:4modalities_05_balanced,CNV_ENSG00000276641.1,float64,0.0,11
complete_case:4modalities_05_balanced,CNV_ENSG00000278434.1,float64,0.0,11
complete_case:4modalities_05_balanced,CNV_ENSG00000205832.7,float64,0.0,11
complete_case:4modalities_05_balanced,CNV_ENSG00000261789.1,float64,0.0,11
complete_case:4modalities_05_balanced,CNV_ENSG00000275515.1,float64,0.0,11
complete_case:4modalities_05_balanced,CNV_ENSG00000277440.1,float64,0.0,11
complete_case:4modalities_05_balanced,CNV_ENSG00000153406.14,float64,0.0,11
complete_case:4modalities_05_balanced,CNV_ENSG00000277170.1,float64,0.0,11
complete_case:4modalities_05_balanced,CNV_ENSG00000262246.6,float64,0.0,11
complete_case:4modalities_05_balanced,CNV_ENSG00000262686.1,float64,0.0,11
complete_case:4modalities_05_balanced,CNV_ENSG00000103423.14,float64,0.0,11
complete_case:4modalities_05_balanced,CNV_ENSG00000254145.1,float64,0.0,22
complete_case:4modalities_05_balanced,CNV_ENSG00000253748.2,float64,0.0,22
complete_case:4modalities_05_balanced,CNV_ENSG00000253195.2,float64,0.0,22
complete_case:4modalities_05_balanced,CNV_ENSG00000168101.14,float64,0.0,11
complete_case:4modalities_05_balanced,CNV_ENSG00000168096.15,float64,0.0,11
complete_case:4modalities_05_balanced,CNV_ENSG00000262712.1,float64,0.0,11
complete_case:4modalities_05_balanced,CNV_ENSG00000168140.5,float64,0.0,11
complete_case:4modalities_05_balanced,CNV_ENSG00000253418.1,float64,0.0,22
complete_case:4modalities_05_balanced,CNV_ENSG00000217930.8,float64,0.0,11
complete_case:4modalities_05_balanced,CNV_ENSG00000262468.6,float64,0.0,11
complete_case:4modalities_05_balanced,CNV_ENSG00000280063.1,float64,0.0,11
complete_case:4modalities_05_balanced,CNV_ENSG00000253319.1,float64,0.0,22
complete_case:4modalities_05_balanced,CNV_ENSG00000103426.12,float64,0.0,11
complete_case:4modalities_05_balanced,CNV_ENSG00000266994.1,float64,0.0,12
complete_case:4modalities_05_balanced,CNV_ENSG00000126603.9,float64,0.0,11
complete_case:4modalities_05_balanced,CNV_ENSG00000166246.14,float64,0.0,12
complete_case:4modalities_05_balanced,CNV_ENSG00000090447.12,float64,0.0,11
complete_case:4modalities_05_balanced,CNV_ENSG00000103199.14,float64,0.0,12
complete_case:4modalities_05_balanced,CNV_ENSG00000254069.2,float64,0.0,22
complete_case:4modalities_05_balanced,CNV_ENSG00000285952.1,float64,0.0,12
complete_case:4modalities_05_balanced,CNV_ENSG00000263105.1,float64,0.0,11
complete_case:4modalities_05_balanced,CNV_ENSG00000140632.17,float64,0.0,12
complete_case:4modalities_05_balanced,CNV_ENSG00000268100.1,float64,0.0,18
complete_case:4modalities_05_balanced,CNV_ENSG00000269416.6,float64,0.0,18
complete_case:4modalities_05_balanced,CNV_ENSG00000140623.14,float64,0.0,12
complete_case:4modalities_05_balanced,CNV_ENSG00000267795.6,float64,0.0,12
complete_case:4modalities_05_balanced,MUT_MAML2,int64,0.0,2
complete_case:4modalities_05_balanced,MUT_LAMA2,int64,0.0,2
complete_case:4modalities_05_balanced,MUT_DOCK9,int64,0.0,2
complete_case:4modalities_05_balanced,MUT_GRIPAP1,int64,0.0,2
complete_case:4modalities_05_balanced,MUT_ABR,int64,0.0,2
complete_case:4modalities_05_balanced,MUT_DMD,int64,0.0,2
complete_case:4modalities_05_balanced,MUT_ERBB2,int64,0.0,2
complete_case:4modalities_05_balanced,MUT_FAM47C,int64,0.0,2
complete_case:4modalities_05_balanced,MUT_ZAN,int64,0.0,2
complete_case:4modalities_05_balanced,MUT_CACNA1S,int64,0.0,2
complete_case:4modalities_05_balanced,MUT_ADAMTS20,int64,0.0,2
complete_case:4modalities_05_balanced,MUT_PTCHD3,int64,0.0,2
complete_case:4modalities_05_balanced,MUT_LRP6,int64,0.0,2
complete_case:4modalities_05_balanced,MUT_FCRL5,int64,0.0,2
complete_case:4modalities_05_balanced,MUT_PIKFYVE,int64,0.0,2
complete_case:4modalities_05_balanced,MUT_RBM26,int64,0.0,2
complete_case:4modalities_05_balanced,MUT_AP3B1,int64,0.0,2
complete_case:4modalities_05_balanced,MUT_NLGN4X,int64,0.0,2
complete_case:4modalities_05_balanced,MUT_TDRD5,int64,0.0,2
complete_case:4modalities_05_balanced,MUT_CEP95,int64,0.0,2
complete_case:4modalities_05_balanced,MUT_GBE1,int64,0.0,2
complete_case:4modalities_05_balanced,MUT_SRRM2,int64,0.0,2
complete_case:4modalities_05_balanced,MUT_USP34,int64,0.0,2
complete_case:4modalities_05_balanced,MUT_IGSF10,int64,0.0,2
complete_case:4modalities_05_balanced,MUT_DSCAM,int64,0.0,2
complete_case:4modalities_05_balanced,MUT_LYST,int64,0.0,2
complete_case:4modalities_05_balanced,MUT_RIMBP2,int64,0.0,2
complete_case:4modalities_05_balanced,MUT_FMN2,int64,0.0,2
complete_case:4modalities_05_balanced,MUT_KIF26B,int64,0.0,2
complete_case:4modalities_05_balanced,MUT_DOCK11,int64,0.0,2
complete_case:4modalities_05_balanced,MUT_MROH2B,int64,0.0,2
complete_case:4modalities_05_balanced,MUT_FLNC,int64,0.0,2
complete_case:4modalities_05_balanced,MUT_DYNC1H1,int64,0.0,2
complete_case:4modalities_05_balanced,MUT_BAZ2B,int64,0.0,2
complete_case:4modalities_05_balanced,MUT_FN1,int64,0.0,2
complete_case:4modalities_05_balanced,MUT_MUC4,int64,0.0,2
complete_case:4modalities_05_balanced,MUT_LRRK2,int64,0.0,2
complete_case:4modalities_05_balanced,MUT_PREX2,int64,0.0,2
complete_case:4modalities_05_balanced,MUT_GON4L,int64,0.0,2
complete_case:4modalities_05_balanced,MUT_MYCBP2,int64,0.0,2
complete_case:4modalities_05_balanced,MUT_SNRNP200,int64,0.0,2
complete_case:4modalities_05_balanced,MUT_MYO16,int64,0.0,2
complete_case:4modalities_05_balanced,MUT_ALMS1,int64,0.0,2
complete_case:4modalities_05_balanced,MUT_HUWE1,int64,0.0,2
complete_case:4modalities_05_balanced,MUT_FREM2,int64,0.0,2
complete_case:4modalities_05_balanced,MUT_BRCA2,int64,0.0,2
complete_case:4modalities_05_balanced,MUT_FER1L6,int64,0.0,2
complete_case:4modalities_05_balanced,MUT_VPS13C,int64,0.0,2
complete_case:4modalities_05_balanced,MUT_CREBBP,int64,0.0,2
complete_case:4modalities_05_balanced,MUT_ARID1B,int64,0.0,2
complete_case:4modalities_06_correlation,Unnamed: 0,object,0.0,923
complete_case:4modalities_06_correlation,CLIN_gender.demographic,float64,0.0,2
complete_case:4modalities_06_correlation,CLIN_age_at_index.demographic,float64,0.0,64
complete_case:4modalities_06_correlation,CLIN_tumor_descriptor.samples,int64,0.0,1
complete_case:4modalities_06_correlation,CLIN_disease_type_Adenomas and Adenocarcinomas,int64,0.0,2
complete_case:4modalities_06_correlation,CLIN_disease_type_Adnexal and Skin Appendage Neoplasms,int64,0.0,2
complete_case:4modalities_06_correlation,CLIN_disease_type_Basal Cell Neoplasms,int64,0.0,1
complete_case:4modalities_06_correlation,CLIN_disease_type_Complex Epithelial Neoplasms,int64,0.0,2
complete_case:4modalities_06_correlation,"CLIN_disease_type_Cystic, Mucinous and Serous Neoplasms",int64,0.0,2
complete_case:4modalities_06_correlation,CLIN_disease_type_Ductal and Lobular Neoplasms,int64,0.0,2
complete_case:4modalities_06_correlation,"CLIN_disease_type_Epithelial Neoplasms, NOS",int64,0.0,2
complete_case:4modalities_06_correlation,CLIN_disease_type_Fibroepithelial Neoplasms,int64,0.0,2
complete_case:4modalities_06_correlation,CLIN_disease_type_Squamous Cell Neoplasms,int64,0.0,1
complete_case:4modalities_06_correlation,CLIN_race.demographic_american indian or alaska native,int64,0.0,2
complete_case:4modalities_06_correlation,CLIN_race.demographic_asian,int64,0.0,2
complete_case:4modalities_06_correlation,CLIN_race.demographic_black or african american,int64,0.0,2
complete_case:4modalities_06_correlation,CLIN_race.demographic_missing,int64,0.0,2
complete_case:4modalities_06_correlation,CLIN_race.demographic_white,int64,0.0,2
complete_case:4modalities_06_correlation,CLIN_ethnicity.demographic_hispanic or latino,int64,0.0,2
complete_case:4modalities_06_correlation,CLIN_ethnicity.demographic_missing,int64,0.0,2
complete_case:4modalities_06_correlation,CLIN_ethnicity.demographic_not hispanic or latino,int64,0.0,2
complete_case:4modalities_06_correlation,CLIN_ajcc_pathologic_stage.diagnoses_Stage I,int64,0.0,2
complete_case:4modalities_06_correlation,CLIN_ajcc_pathologic_stage.diagnoses_Stage IA,int64,0.0,2
complete_case:4modalities_06_correlation,CLIN_ajcc_pathologic_stage.diagnoses_Stage IB,int64,0.0,2
complete_case:4modalities_06_correlation,CLIN_ajcc_pathologic_stage.diagnoses_Stage II,int64,0.0,2
complete_case:4modalities_06_correlation,CLIN_ajcc_pathologic_stage.diagnoses_Stage IIA,int64,0.0,2
complete_case:4modalities_06_correlation,CLIN_ajcc_pathologic_stage.diagnoses_Stage IIB,int64,0.0,2
complete_case:4modalities_06_correlation,CLIN_ajcc_pathologic_stage.diagnoses_Stage III,int64,0.0,2
complete_case:4modalities_06_correlation,CLIN_ajcc_pathologic_stage.diagnoses_Stage IIIA,int64,0.0,2
complete_case:4modalities_06_correlation,CLIN_ajcc_pathologic_stage.diagnoses_Stage IIIB,int64,0.0,2
complete_case:4modalities_06_correlation,CLIN_ajcc_pathologic_stage.diagnoses_Stage IIIC,int64,0.0,2
complete_case:4modalities_06_correlation,CLIN_ajcc_pathologic_stage.diagnoses_Stage IV,int64,0.0,2
complete_case:4modalities_06_correlation,CLIN_ajcc_pathologic_stage.diagnoses_Stage X,int64,0.0,2
complete_case:4modalities_06_correlation,CLIN_ajcc_pathologic_stage.diagnoses_missing,int64,0.0,2
complete_case:4modalities_06_correlation,"CLIN_tissue_or_organ_of_origin.diagnoses_Breast, NOS",int64,0.0,2
complete_case:4modalities_06_correlation,CLIN_tissue_or_organ_of_origin.diagnoses_Lower-inner quadrant of breast,int64,0.0,2
complete_case:4modalities_06_correlation,CLIN_tissue_or_organ_of_origin.diagnoses_Lower-outer quadrant of breast,int64,0.0,2
complete_case:4modalities_06_correlation,CLIN_tissue_or_organ_of_origin.diagnoses_Overlapping lesion of breast,int64,0.0,2
complete_case:4modalities_06_correlation,CLIN_tissue_or_organ_of_origin.diagnoses_Upper-inner quadrant of breast,int64,0.0,2
complete_case:4modalities_06_correlation,CLIN_tissue_or_organ_of_origin.diagnoses_Upper-outer quadrant of breast,int64,0.0,2
complete_case:4modalities_06_correlation,CLIN_tissue_or_organ_of_origin.diagnoses_missing,int64,0.0,1
complete_case:4modalities_06_correlation,CLIN_primary_diagnosis.diagnoses_Adenoid cystic carcinoma,int64,0.0,2
complete_case:4modalities_06_correlation,CLIN_primary_diagnosis.diagnoses_Apocrine adenocarcinoma,int64,0.0,2
complete_case:4modalities_06_correlation,"CLIN_primary_diagnosis.diagnoses_Basal cell carcinoma, NOS",int64,0.0,1
complete_case:4modalities_06_correlation,"CLIN_primary_diagnosis.diagnoses_Carcinoma, NOS",int64,0.0,2
complete_case:4modalities_06_correlation,"CLIN_primary_diagnosis.diagnoses_Cribriform carcinoma, NOS",int64,0.0,2
complete_case:4modalities_06_correlation,CLIN_primary_diagnosis.diagnoses_Infiltrating duct and lobular carcinoma,int64,0.0,2
complete_case:4modalities_06_correlation,"CLIN_primary_diagnosis.diagnoses_Infiltrating duct carcinoma, NOS",int64,0.0,2
complete_case:4modalities_06_correlation,CLIN_primary_diagnosis.diagnoses_Infiltrating duct mixed with other types of carcinoma,int64,0.0,2
complete_case:4modalities_06_correlation,CLIN_primary_diagnosis.diagnoses_Infiltrating lobular mixed with other types of carcinoma,int64,0.0,2
complete_case:4modalities_06_correlation,CLIN_primary_diagnosis.diagnoses_Intraductal micropapillary carcinoma,int64,0.0,2
complete_case:4modalities_06_correlation,CLIN_primary_diagnosis.diagnoses_Intraductal papillary adenocarcinoma with invasion,int64,0.0,2
complete_case:4modalities_06_correlation,CLIN_primary_diagnosis.diagnoses_Large cell neuroendocrine carcinoma,int64,0.0,2
complete_case:4modalities_06_correlation,"CLIN_primary_diagnosis.diagnoses_Lobular carcinoma, NOS",int64,0.0,2
complete_case:4modalities_06_correlation,"CLIN_primary_diagnosis.diagnoses_Medullary carcinoma, NOS",int64,0.0,2
complete_case:4modalities_06_correlation,"CLIN_primary_diagnosis.diagnoses_Metaplastic carcinoma, NOS",int64,0.0,2
complete_case:4modalities_06_correlation,CLIN_primary_diagnosis.diagnoses_Mucinous adenocarcinoma,int64,0.0,2
complete_case:4modalities_06_correlation,CLIN_primary_diagnosis.diagnoses_Paget disease and infiltrating duct carcinoma of breast,int64,0.0,2
complete_case:4modalities_06_correlation,"CLIN_primary_diagnosis.diagnoses_Papillary carcinoma, NOS",int64,0.0,1
complete_case:4modalities_06_correlation,"CLIN_primary_diagnosis.diagnoses_Phyllodes tumor, malignant",int64,0.0,2
complete_case:4modalities_06_correlation,CLIN_primary_diagnosis.diagnoses_Pleomorphic carcinoma,int64,0.0,2
complete_case:4modalities_06_correlation,CLIN_primary_diagnosis.diagnoses_Secretory carcinoma of breast,int64,0.0,1
complete_case:4modalities_06_correlation,CLIN_primary_diagnosis.diagnoses_Tubular adenocarcinoma,int64,0.0,2
complete_case:4modalities_06_correlation,CLIN_primary_diagnosis.diagnoses_missing,int64,0.0,1
complete_case:4modalities_06_correlation,CLIN_prior_malignancy.diagnoses_missing,int64,0.0,2
complete_case:4modalities_06_correlation,CLIN_prior_malignancy.diagnoses_no,int64,0.0,2
complete_case:4modalities_06_correlation,CLIN_prior_malignancy.diagnoses_yes,int64,0.0,2
complete_case:4modalities_06_correlation,CLIN_prior_treatment.diagnoses_No,int64,0.0,2
complete_case:4modalities_06_correlation,CLIN_prior_treatment.diagnoses_Yes,int64,0.0,2
complete_case:4modalities_06_correlation,CLIN_prior_treatment.diagnoses_missing,int64,0.0,2
complete_case:4modalities_06_correlation,CLIN_ajcc_staging_system_edition.diagnoses_3rd,int64,0.0,2
complete_case:4modalities_06_correlation,CLIN_ajcc_staging_system_edition.diagnoses_4th,int64,0.0,2
complete_case:4modalities_06_correlation,CLIN_ajcc_staging_system_edition.diagnoses_5th,int64,0.0,2
complete_case:4modalities_06_correlation,CLIN_ajcc_staging_system_edition.diagnoses_6th,int64,0.0,2
complete_case:4modalities_06_correlation,CLIN_ajcc_staging_system_edition.diagnoses_7th,int64,0.0,2
complete_case:4modalities_06_correlation,CLIN_ajcc_staging_system_edition.diagnoses_missing,int64,0.0,2
complete_case:4modalities_06_correlation,CLIN_ajcc_pathologic_t.diagnoses_T1,int64,0.0,2
complete_case:4modalities_06_correlation,CLIN_ajcc_pathologic_t.diagnoses_T1a,int64,0.0,2
complete_case:4modalities_06_correlation,CLIN_ajcc_pathologic_t.diagnoses_T1b,int64,0.0,2
complete_case:4modalities_06_correlation,CLIN_ajcc_pathologic_t.diagnoses_T1c,int64,0.0,2
complete_case:4modalities_06_correlation,CLIN_ajcc_pathologic_t.diagnoses_T2,int64,0.0,2
complete_case:4modalities_06_correlation,CLIN_ajcc_pathologic_t.diagnoses_T2a,int64,0.0,2
complete_case:4modalities_06_correlation,CLIN_ajcc_pathologic_t.diagnoses_T2b,int64,0.0,2
complete_case:4modalities_06_correlation,CLIN_ajcc_pathologic_t.diagnoses_T3,int64,0.0,2
complete_case:4modalities_06_correlation,CLIN_ajcc_pathologic_t.diagnoses_T3a,int64,0.0,1
complete_case:4modalities_06_correlation,CLIN_ajcc_pathologic_t.diagnoses_T4,int64,0.0,2
complete_case:4modalities_06_correlation,CLIN_ajcc_pathologic_t.diagnoses_T4b,int64,0.0,2
complete_case:4modalities_06_correlation,CLIN_ajcc_pathologic_t.diagnoses_T4d,int64,0.0,2
complete_case:4modalities_06_correlation,CLIN_ajcc_pathologic_t.diagnoses_TX,int64,0.0,2
complete_case:4modalities_06_correlation,CLIN_ajcc_pathologic_t.diagnoses_missing,int64,0.0,1
complete_case:4modalities_06_correlation,CLIN_morphology.diagnoses_8010/3,int64,0.0,2
complete_case:4modalities_06_correlation,CLIN_morphology.diagnoses_8013/3,int64,0.0,2
complete_case:4modalities_06_correlation,CLIN_morphology.diagnoses_8022/3,int64,0.0,2
complete_case:4modalities_06_correlation,CLIN_morphology.diagnoses_8050/3,int64,0.0,1
complete_case:4modalities_06_correlation,CLIN_morphology.diagnoses_8090/3,int64,0.0,1
complete_case:4modalities_06_correlation,CLIN_morphology.diagnoses_8200/3,int64,0.0,2
complete_case:4modalities_06_correlation,CLIN_morphology.diagnoses_8201/3,int64,0.0,2
complete_case:4modalities_06_correlation,CLIN_morphology.diagnoses_8211/3,int64,0.0,2
complete_case:4modalities_06_correlation,CLIN_morphology.diagnoses_8401/3,int64,0.0,2
complete_case:4modalities_06_correlation,CLIN_morphology.diagnoses_8480/3,int64,0.0,2
complete_case:4modalities_06_correlation,CLIN_morphology.diagnoses_8500/3,int64,0.0,2
complete_case:4modalities_06_correlation,CLIN_morphology.diagnoses_8502/3,int64,0.0,1
complete_case:4modalities_06_correlation,CLIN_morphology.diagnoses_8503/3,int64,0.0,2
complete_case:4modalities_06_correlation,CLIN_morphology.diagnoses_8507/3,int64,0.0,2
complete_case:4modalities_06_correlation,CLIN_morphology.diagnoses_8510/3,int64,0.0,2
complete_case:4modalities_06_correlation,CLIN_morphology.diagnoses_8520/3,int64,0.0,2
complete_case:4modalities_06_correlation,CLIN_morphology.diagnoses_8522/3,int64,0.0,2
complete_case:4modalities_06_correlation,CLIN_morphology.diagnoses_8523/3,int64,0.0,2
complete_case:4modalities_06_correlation,CLIN_morphology.diagnoses_8524/3,int64,0.0,2
complete_case:4modalities_06_correlation,CLIN_morphology.diagnoses_8541/3,int64,0.0,2
complete_case:4modalities_06_correlation,CLIN_morphology.diagnoses_8575/3,int64,0.0,2
complete_case:4modalities_06_correlation,CLIN_morphology.diagnoses_9020/3,int64,0.0,2
complete_case:4modalities_06_correlation,CLIN_morphology.diagnoses_missing,int64,0.0,1
complete_case:4modalities_06_correlation,CLIN_ajcc_pathologic_n.diagnoses_N0,int64,0.0,2
complete_case:4modalities_06_correlation,CLIN_ajcc_pathologic_n.diagnoses_N0 (i+),int64,0.0,2
complete_case:4modalities_06_correlation,CLIN_ajcc_pathologic_n.diagnoses_N0 (i-),int64,0.0,2
complete_case:4modalities_06_correlation,CLIN_ajcc_pathologic_n.diagnoses_N0 (mol+),int64,0.0,2
complete_case:4modalities_06_correlation,CLIN_ajcc_pathologic_n.diagnoses_N1,int64,0.0,2
complete_case:4modalities_06_correlation,CLIN_ajcc_pathologic_n.diagnoses_N1a,int64,0.0,2
complete_case:4modalities_06_correlation,CLIN_ajcc_pathologic_n.diagnoses_N1b,int64,0.0,2
complete_case:4modalities_06_correlation,CLIN_ajcc_pathologic_n.diagnoses_N1c,int64,0.0,2
complete_case:4modalities_06_correlation,CLIN_ajcc_pathologic_n.diagnoses_N1mi,int64,0.0,2
complete_case:4modalities_06_correlation,CLIN_ajcc_pathologic_n.diagnoses_N2,int64,0.0,2
complete_case:4modalities_06_correlation,CLIN_ajcc_pathologic_n.diagnoses_N2a,int64,0.0,2
complete_case:4modalities_06_correlation,CLIN_ajcc_pathologic_n.diagnoses_N3,int64,0.0,2
complete_case:4modalities_06_correlation,CLIN_ajcc_pathologic_n.diagnoses_N3a,int64,0.0,2
complete_case:4modalities_06_correlation,CLIN_ajcc_pathologic_n.diagnoses_N3b,int64,0.0,2
complete_case:4modalities_06_correlation,CLIN_ajcc_pathologic_n.diagnoses_N3c,int64,0.0,2
complete_case:4modalities_06_correlation,CLIN_ajcc_pathologic_n.diagnoses_NX,int64,0.0,2
complete_case:4modalities_06_correlation,CLIN_ajcc_pathologic_n.diagnoses_missing,int64,0.0,1
complete_case:4modalities_06_correlation,CLIN_ajcc_pathologic_m.diagnoses_M0,int64,0.0,2
complete_case:4modalities_06_correlation,CLIN_ajcc_pathologic_m.diagnoses_M1,int64,0.0,2
complete_case:4modalities_06_correlation,CLIN_ajcc_pathologic_m.diagnoses_MX,int64,0.0,2
complete_case:4modalities_06_correlation,CLIN_ajcc_pathologic_m.diagnoses_cM0 (i+),int64,0.0,2
complete_case:4modalities_06_correlation,CLIN_ajcc_pathologic_m.diagnoses_missing,int64,0.0,1
complete_case:4modalities_06_correlation,"CLIN_treatment_or_therapy.treatments.diagnoses_['no', 'no']",int64,0.0,2
complete_case:4modalities_06_correlation,"CLIN_treatment_or_therapy.treatments.diagnoses_['no', 'not reported']",int64,0.0,2
complete_case:4modalities_06_correlation,"CLIN_treatment_or_therapy.treatments.diagnoses_['no', 'yes']",int64,0.0,2
complete_case:4modalities_06_correlation,"CLIN_treatment_or_therapy.treatments.diagnoses_['not reported', 'no']",int64,0.0,2
complete_case:4modalities_06_correlation,"CLIN_treatment_or_therapy.treatments.diagnoses_['not reported', 'not reported']",int64,0.0,2
complete_case:4modalities_06_correlation,"CLIN_treatment_or_therapy.treatments.diagnoses_['not reported', 'yes']",int64,0.0,2
complete_case:4modalities_06_correlation,"CLIN_treatment_or_therapy.treatments.diagnoses_['yes', 'no']",int64,0.0,2
complete_case:4modalities_06_correlation,"CLIN_treatment_or_therapy.treatments.diagnoses_['yes', 'not reported']",int64,0.0,2
complete_case:4modalities_06_correlation,"CLIN_treatment_or_therapy.treatments.diagnoses_['yes', 'yes']",int64,0.0,2
complete_case:4modalities_06_correlation,CLIN_treatment_or_therapy.treatments.diagnoses_missing,int64,0.0,1
complete_case:4modalities_06_correlation,RNA_ENSG00000226246.1,float64,0.0,12
complete_case:4modalities_06_correlation,RNA_ENSG00000250746.1,float64,0.0,29
complete_case:4modalities_06_correlation,RNA_ENSG00000237023.1,float64,0.0,2
complete_case:4modalities_06_correlation,RNA_ENSG00000239183.1,float64,0.0,4
complete_case:4modalities_06_correlation,RNA_ENSG00000197658.9,float64,0.0,43
complete_case:4modalities_06_correlation,RNA_ENSG00000275427.1,float64,0.0,14
complete_case:4modalities_06_correlation,RNA_ENSG00000226317.3,float64,0.0,23
complete_case:4modalities_06_correlation,RNA_ENSG00000232899.1,float64,0.0,2
complete_case:4modalities_06_correlation,RNA_ENSG00000274766.2,float64,0.0,10
complete_case:4modalities_06_correlation,RNA_ENSG00000185448.10,float64,0.0,20
complete_case:4modalities_06_correlation,RNA_ENSG00000236385.1,float64,0.0,75
complete_case:4modalities_06_correlation,RNA_ENSG00000199038.1,float64,0.0,20
complete_case:4modalities_06_correlation,RNA_ENSG00000244564.2,float64,0.0,26
complete_case:4modalities_06_correlation,RNA_ENSG00000251493.5,float64,0.0,198
complete_case:4modalities_06_correlation,RNA_ENSG00000258933.1,float64,0.0,10
complete_case:4modalities_06_correlation,RNA_ENSG00000273716.2,float64,0.0,32
complete_case:4modalities_06_correlation,RNA_ENSG00000261608.1,float64,0.0,5
complete_case:4modalities_06_correlation,RNA_ENSG00000262181.2,float64,0.0,4
complete_case:4modalities_06_correlation,RNA_ENSG00000204429.4,float64,0.0,54
complete_case:4modalities_06_correlation,RNA_ENSG00000162772.17,float64,0.0,823
complete_case:4modalities_06_correlation,RNA_ENSG00000272254.1,float64,0.0,21
complete_case:4modalities_06_correlation,RNA_ENSG00000125740.14,float64,0.0,795
complete_case:4modalities_06_correlation,RNA_ENSG00000007908.16,float64,0.0,606
complete_case:4modalities_06_correlation,RNA_ENSG00000058668.15,float64,0.0,906
complete_case:4modalities_06_correlation,RNA_ENSG00000168497.5,float64,0.0,575
complete_case:4modalities_06_correlation,RNA_ENSG00000142871.18,float64,0.0,903
complete_case:4modalities_06_correlation,RNA_ENSG00000234176.1,float64,0.0,108
complete_case:4modalities_06_correlation,RNA_ENSG00000217130.1,float64,0.0,82
complete_case:4modalities_06_correlation,RNA_ENSG00000284630.1,float64,0.0,33
complete_case:4modalities_06_correlation,RNA_ENSG00000016602.9,float64,0.0,115
complete_case:4modalities_06_correlation,RNA_ENSG00000169508.7,float64,0.0,679
complete_case:4modalities_06_correlation,RNA_ENSG00000172403.11,float64,0.0,869
complete_case:4modalities_06_correlation,RNA_ENSG00000258429.2,float64,0.0,91
complete_case:4modalities_06_correlation,RNA_ENSG00000237248.5,float64,0.0,160
complete_case:4modalities_06_correlation,RNA_ENSG00000100814.18,float64,0.0,775
complete_case:4modalities_06_correlation,RNA_ENSG00000146540.15,float64,0.0,858
complete_case:4modalities_06_correlation,RNA_ENSG00000284669.1,float64,0.0,138
complete_case:4modalities_06_correlation,RNA_ENSG00000266315.1,float64,0.0,28
complete_case:4modalities_06_correlation,RNA_ENSG00000137193.14,float64,0.0,790
complete_case:4modalities_06_correlation,RNA_ENSG00000011523.14,float64,0.0,805
complete_case:4modalities_06_correlation,RNA_ENSG00000158488.16,float64,0.0,331
complete_case:4modalities_06_correlation,RNA_ENSG00000264589.4,float64,0.0,322
complete_case:4modalities_06_correlation,RNA_ENSG00000271646.1,float64,0.0,360
complete_case:4modalities_06_correlation,RNA_ENSG00000122733.12,float64,0.0,158
complete_case:4modalities_06_correlation,RNA_ENSG00000273014.1,float64,0.0,222
complete_case:4modalities_06_correlation,RNA_ENSG00000163739.5,float64,0.0,252
complete_case:4modalities_06_correlation,RNA_ENSG00000134339.9,float64,0.0,348
complete_case:4modalities_06_correlation,RNA_ENSG00000269404.7,float64,0.0,308
complete_case:4modalities_06_correlation,RNA_ENSG00000286954.1,float64,0.0,31
complete_case:4modalities_06_correlation,RNA_ENSG00000287447.1,float64,0.0,27
complete_case:4modalities_06_correlation,CNV_ENSG00000273173.5,float64,0.0,14
complete_case:4modalities_06_correlation,CNV_ENSG00000091831.24,float64,0.0,13
complete_case:4modalities_06_correlation,CNV_ENSG00000224078.15,float64,0.0,14
complete_case:4modalities_06_correlation,CNV_ENSG00000276610.1,float64,0.0,14
complete_case:4modalities_06_correlation,CNV_ENSG00000239014.1,float64,0.0,14
complete_case:4modalities_06_correlation,CNV_ENSG00000276314.1,float64,0.0,14
complete_case:4modalities_06_correlation,CNV_ENSG00000206656.1,float64,0.0,14
complete_case:4modalities_06_correlation,CNV_ENSG00000280118.3,float64,0.0,14
complete_case:4modalities_06_correlation,CNV_ENSG00000214265.11,float64,0.0,14
complete_case:4modalities_06_correlation,CNV_ENSG00000279192.1,float64,0.0,14
complete_case:4modalities_06_correlation,CNV_ENSG00000241061.3,float64,0.0,14
complete_case:4modalities_06_correlation,CNV_ENSG00000257647.1,float64,0.0,14
complete_case:4modalities_06_correlation,CNV_ENSG00000274640.1,float64,0.0,14
complete_case:4modalities_06_correlation,CNV_ENSG00000128739.23,float64,0.0,14
complete_case:4modalities_06_correlation,CNV_ENSG00000242088.1,float64,0.0,14
complete_case:4modalities_06_correlation,CNV_ENSG00000199833.1,float64,0.0,15
complete_case:4modalities_06_correlation,CNV_ENSG00000199960.1,float64,0.0,15
complete_case:4modalities_06_correlation,CNV_ENSG00000279735.2,float64,0.0,14
complete_case:4modalities_06_correlation,CNV_ENSG00000207245.1,float64,0.0,14
complete_case:4modalities_06_correlation,CNV_ENSG00000275127.1,float64,0.0,14
complete_case:4modalities_06_correlation,CNV_ENSG00000207063.1,float64,0.0,14
complete_case:4modalities_06_correlation,CNV_ENSG00000272460.1,float64,0.0,15
complete_case:4modalities_06_correlation,CNV_ENSG00000200478.1,float64,0.0,15
complete_case:4modalities_06_correlation,CNV_ENSG00000200726.1,float64,0.0,15
complete_case:4modalities_06_correlation,CNV_ENSG00000201326.1,float64,0.0,15
complete_case:4modalities_06_correlation,CNV_ENSG00000207263.1,float64,0.0,14
complete_case:4modalities_06_correlation,CNV_ENSG00000200503.1,float64,0.0,15
complete_case:4modalities_06_correlation,CNV_ENSG00000207001.1,float64,0.0,14
complete_case:4modalities_06_correlation,CNV_ENSG00000278123.1,float64,0.0,14
complete_case:4modalities_06_correlation,CNV_ENSG00000199712.1,float64,0.0,15
complete_case:4modalities_06_correlation,CNV_ENSG00000199311.1,float64,0.0,15
complete_case:4modalities_06_correlation,CNV_ENSG00000145743.17,float64,0.0,10
complete_case:4modalities_06_correlation,CNV_ENSG00000275524.1,float64,0.0,15
complete_case:4modalities_06_correlation,CNV_ENSG00000212528.1,float64,0.0,14
complete_case:4modalities_06_correlation,CNV_ENSG00000199489.1,float64,0.0,15
complete_case:4modalities_06_correlation,CNV_ENSG00000239169.1,float64,0.0,14
complete_case:4modalities_06_correlation,CNV_ENSG00000200949.1,float64,0.0,15
complete_case:4modalities_06_correlation,CNV_ENSG00000200801.1,float64,0.0,15
complete_case:4modalities_06_correlation,CNV_ENSG00000201300.1,float64,0.0,15
complete_case:4modalities_06_correlation,CNV_ENSG00000200987.1,float64,0.0,15
complete_case:4modalities_06_correlation,CNV_ENSG00000277785.1,float64,0.0,14
complete_case:4modalities_06_correlation,CNV_ENSG00000212428.1,float64,0.0,14
complete_case:4modalities_06_correlation,CNV_ENSG00000207279.1,float64,0.0,14
complete_case:4modalities_06_correlation,CNV_ENSG00000280225.1,float64,0.0,13
complete_case:4modalities_06_correlation,CNV_ENSG00000278715.1,float64,0.0,14
complete_case:4modalities_06_correlation,CNV_ENSG00000252277.1,float64,0.0,14
complete_case:4modalities_06_correlation,CNV_ENSG00000235368.1,float64,0.0,13
complete_case:4modalities_06_correlation,CNV_ENSG00000200564.1,float64,0.0,15
complete_case:4modalities_06_correlation,CNV_ENSG00000261069.3,float64,0.0,14
complete_case:4modalities_06_correlation,CNV_ENSG00000278089.1,float64,0.0,15
complete_case:4modalities_06_correlation,MUT_MAML2,int64,0.0,2
complete_case:4modalities_06_correlation,MUT_ABR,int64,0.0,2
complete_case:4modalities_06_correlation,MUT_EPPK1,int64,0.0,2
complete_case:4modalities_06_correlation,MUT_CR1,int64,0.0,2
complete_case:4modalities_06_correlation,MUT_SLC26A9,int64,0.0,2
complete_case:4modalities_06_correlation,MUT_ITGAV,int64,0.0,2
complete_case:4modalities_06_correlation,MUT_NOS1,int64,0.0,2
complete_case:4modalities_06_correlation,MUT_ITSN2,int64,0.0,2
complete_case:4modalities_06_correlation,MUT_KALRN,int64,0.0,2
complete_case:4modalities_06_correlation,MUT_NBPF11,int64,0.0,2
complete_case:4modalities_06_correlation,MUT_CACNA1S,int64,0.0,2
complete_case:4modalities_06_correlation,MUT_ADAMTS20,int64,0.0,2
complete_case:4modalities_06_correlation,MUT_PTCHD3,int64,0.0,2
complete_case:4modalities_06_correlation,MUT_DOCK9,int64,0.0,2
complete_case:4modalities_06_correlation,MUT_GRIPAP1,int64,0.0,2
complete_case:4modalities_06_correlation,MUT_LRP6,int64,0.0,2
complete_case:4modalities_06_correlation,MUT_FCRL5,int64,0.0,2
complete_case:4modalities_06_correlation,MUT_PIKFYVE,int64,0.0,2
complete_case:4modalities_06_correlation,MUT_RBM26,int64,0.0,2
complete_case:4modalities_06_correlation,MUT_AP3B1,int64,0.0,2
complete_case:4modalities_06_correlation,MUT_NLGN4X,int64,0.0,2
complete_case:4modalities_06_correlation,MUT_TDRD5,int64,0.0,2
complete_case:4modalities_06_correlation,MUT_CEP95,int64,0.0,2
complete_case:4modalities_06_correlation,MUT_GBE1,int64,0.0,2
complete_case:4modalities_06_correlation,MUT_SRRM2,int64,0.0,2
complete_case:4modalities_06_correlation,MUT_PIK3CB,int64,0.0,2
complete_case:4modalities_06_correlation,MUT_TMC2,int64,0.0,2
complete_case:4modalities_06_correlation,MUT_GOLGA4,int64,0.0,2
complete_case:4modalities_06_correlation,MUT_GIMAP8,int64,0.0,2
complete_case:4modalities_06_correlation,MUT_SBF2,int64,0.0,2
complete_case:4modalities_06_correlation,MUT_MELTF,int64,0.0,2
complete_case:4modalities_06_correlation,MUT_EFCAB6,int64,0.0,2
complete_case:4modalities_06_correlation,MUT_ZEB1,int64,0.0,2
complete_case:4modalities_06_correlation,MUT_GPS2,int64,0.0,2
complete_case:4modalities_06_correlation,MUT_USP34,int64,0.0,2
complete_case:4modalities_06_correlation,MUT_IGSF10,int64,0.0,2
complete_case:4modalities_06_correlation,MUT_NIN,int64,0.0,2
complete_case:4modalities_06_correlation,MUT_SLC9A8,int64,0.0,2
complete_case:4modalities_06_correlation,MUT_ABCA6,int64,0.0,2
complete_case:4modalities_06_correlation,MUT_FMN2,int64,0.0,2
complete_case:4modalities_06_correlation,MUT_DOCK11,int64,0.0,2
complete_case:4modalities_06_correlation,MUT_SALL4,int64,0.0,2
complete_case:4modalities_06_correlation,MUT_RUNX1T1,int64,0.0,2
complete_case:4modalities_06_correlation,MUT_PTPRT,int64,0.0,2
complete_case:4modalities_06_correlation,MUT_KIT,int64,0.0,2
complete_case:4modalities_06_correlation,MUT_WRN,int64,0.0,2
complete_case:4modalities_06_correlation,MUT_ZNF658,int64,0.0,2
complete_case:4modalities_06_correlation,MUT_AKAP4,int64,0.0,2
complete_case:4modalities_06_correlation,MUT_MYO16,int64,0.0,2
complete_case:4modalities_06_correlation,MUT_CNTN4,int64,0.0,2
complete_case:4modalities_07_top_correlated,Unnamed: 0,object,0.0,923
complete_case:4modalities_07_top_correlated,CLIN_gender.demographic,float64,0.0,2
complete_case:4modalities_07_top_correlated,CLIN_age_at_index.demographic,float64,0.0,64
complete_case:4modalities_07_top_correlated,CLIN_tumor_descriptor.samples,int64,0.0,1
complete_case:4modalities_07_top_correlated,CLIN_disease_type_Adenomas and Adenocarcinomas,int64,0.0,2
complete_case:4modalities_07_top_correlated,CLIN_disease_type_Adnexal and Skin Appendage Neoplasms,int64,0.0,2
complete_case:4modalities_07_top_correlated,CLIN_disease_type_Basal Cell Neoplasms,int64,0.0,1
complete_case:4modalities_07_top_correlated,CLIN_disease_type_Complex Epithelial Neoplasms,int64,0.0,2
complete_case:4modalities_07_top_correlated,"CLIN_disease_type_Cystic, Mucinous and Serous Neoplasms",int64,0.0,2
complete_case:4modalities_07_top_correlated,CLIN_disease_type_Ductal and Lobular Neoplasms,int64,0.0,2
complete_case:4modalities_07_top_correlated,"CLIN_disease_type_Epithelial Neoplasms, NOS",int64,0.0,2
complete_case:4modalities_07_top_correlated,CLIN_disease_type_Fibroepithelial Neoplasms,int64,0.0,2
complete_case:4modalities_07_top_correlated,CLIN_disease_type_Squamous Cell Neoplasms,int64,0.0,1
complete_case:4modalities_07_top_correlated,CLIN_race.demographic_american indian or alaska native,int64,0.0,2
complete_case:4modalities_07_top_correlated,CLIN_race.demographic_asian,int64,0.0,2
complete_case:4modalities_07_top_correlated,CLIN_race.demographic_black or african american,int64,0.0,2
complete_case:4modalities_07_top_correlated,CLIN_race.demographic_missing,int64,0.0,2
complete_case:4modalities_07_top_correlated,CLIN_race.demographic_white,int64,0.0,2
complete_case:4modalities_07_top_correlated,CLIN_ethnicity.demographic_hispanic or latino,int64,0.0,2
complete_case:4modalities_07_top_correlated,CLIN_ethnicity.demographic_missing,int64,0.0,2
complete_case:4modalities_07_top_correlated,CLIN_ethnicity.demographic_not hispanic or latino,int64,0.0,2
complete_case:4modalities_07_top_correlated,CLIN_ajcc_pathologic_stage.diagnoses_Stage I,int64,0.0,2
complete_case:4modalities_07_top_correlated,CLIN_ajcc_pathologic_stage.diagnoses_Stage IA,int64,0.0,2
complete_case:4modalities_07_top_correlated,CLIN_ajcc_pathologic_stage.diagnoses_Stage IB,int64,0.0,2
complete_case:4modalities_07_top_correlated,CLIN_ajcc_pathologic_stage.diagnoses_Stage II,int64,0.0,2
complete_case:4modalities_07_top_correlated,CLIN_ajcc_pathologic_stage.diagnoses_Stage IIA,int64,0.0,2
complete_case:4modalities_07_top_correlated,CLIN_ajcc_pathologic_stage.diagnoses_Stage IIB,int64,0.0,2
complete_case:4modalities_07_top_correlated,CLIN_ajcc_pathologic_stage.diagnoses_Stage III,int64,0.0,2
complete_case:4modalities_07_top_correlated,CLIN_ajcc_pathologic_stage.diagnoses_Stage IIIA,int64,0.0,2
complete_case:4modalities_07_top_correlated,CLIN_ajcc_pathologic_stage.diagnoses_Stage IIIB,int64,0.0,2
complete_case:4modalities_07_top_correlated,CLIN_ajcc_pathologic_stage.diagnoses_Stage IIIC,int64,0.0,2
complete_case:4modalities_07_top_correlated,CLIN_ajcc_pathologic_stage.diagnoses_Stage IV,int64,0.0,2
complete_case:4modalities_07_top_correlated,CLIN_ajcc_pathologic_stage.diagnoses_Stage X,int64,0.0,2
complete_case:4modalities_07_top_correlated,CLIN_ajcc_pathologic_stage.diagnoses_missing,int64,0.0,2
complete_case:4modalities_07_top_correlated,"CLIN_tissue_or_organ_of_origin.diagnoses_Breast, NOS",int64,0.0,2
complete_case:4modalities_07_top_correlated,CLIN_tissue_or_organ_of_origin.diagnoses_Lower-inner quadrant of breast,int64,0.0,2
complete_case:4modalities_07_top_correlated,CLIN_tissue_or_organ_of_origin.diagnoses_Lower-outer quadrant of breast,int64,0.0,2
complete_case:4modalities_07_top_correlated,CLIN_tissue_or_organ_of_origin.diagnoses_Overlapping lesion of breast,int64,0.0,2
complete_case:4modalities_07_top_correlated,CLIN_tissue_or_organ_of_origin.diagnoses_Upper-inner quadrant of breast,int64,0.0,2
complete_case:4modalities_07_top_correlated,CLIN_tissue_or_organ_of_origin.diagnoses_Upper-outer quadrant of breast,int64,0.0,2
complete_case:4modalities_07_top_correlated,CLIN_tissue_or_organ_of_origin.diagnoses_missing,int64,0.0,1
complete_case:4modalities_07_top_correlated,CLIN_primary_diagnosis.diagnoses_Adenoid cystic carcinoma,int64,0.0,2
complete_case:4modalities_07_top_correlated,CLIN_primary_diagnosis.diagnoses_Apocrine adenocarcinoma,int64,0.0,2
complete_case:4modalities_07_top_correlated,"CLIN_primary_diagnosis.diagnoses_Basal cell carcinoma, NOS",int64,0.0,1
complete_case:4modalities_07_top_correlated,"CLIN_primary_diagnosis.diagnoses_Carcinoma, NOS",int64,0.0,2
complete_case:4modalities_07_top_correlated,"CLIN_primary_diagnosis.diagnoses_Cribriform carcinoma, NOS",int64,0.0,2
complete_case:4modalities_07_top_correlated,CLIN_primary_diagnosis.diagnoses_Infiltrating duct and lobular carcinoma,int64,0.0,2
complete_case:4modalities_07_top_correlated,"CLIN_primary_diagnosis.diagnoses_Infiltrating duct carcinoma, NOS",int64,0.0,2
complete_case:4modalities_07_top_correlated,CLIN_primary_diagnosis.diagnoses_Infiltrating duct mixed with other types of carcinoma,int64,0.0,2
complete_case:4modalities_07_top_correlated,CLIN_primary_diagnosis.diagnoses_Infiltrating lobular mixed with other types of carcinoma,int64,0.0,2
complete_case:4modalities_07_top_correlated,CLIN_primary_diagnosis.diagnoses_Intraductal micropapillary carcinoma,int64,0.0,2
complete_case:4modalities_07_top_correlated,CLIN_primary_diagnosis.diagnoses_Intraductal papillary adenocarcinoma with invasion,int64,0.0,2
complete_case:4modalities_07_top_correlated,CLIN_primary_diagnosis.diagnoses_Large cell neuroendocrine carcinoma,int64,0.0,2
complete_case:4modalities_07_top_correlated,"CLIN_primary_diagnosis.diagnoses_Lobular carcinoma, NOS",int64,0.0,2
complete_case:4modalities_07_top_correlated,"CLIN_primary_diagnosis.diagnoses_Medullary carcinoma, NOS",int64,0.0,2
complete_case:4modalities_07_top_correlated,"CLIN_primary_diagnosis.diagnoses_Metaplastic carcinoma, NOS",int64,0.0,2
complete_case:4modalities_07_top_correlated,CLIN_primary_diagnosis.diagnoses_Mucinous adenocarcinoma,int64,0.0,2
complete_case:4modalities_07_top_correlated,CLIN_primary_diagnosis.diagnoses_Paget disease and infiltrating duct carcinoma of breast,int64,0.0,2
complete_case:4modalities_07_top_correlated,"CLIN_primary_diagnosis.diagnoses_Papillary carcinoma, NOS",int64,0.0,1
complete_case:4modalities_07_top_correlated,"CLIN_primary_diagnosis.diagnoses_Phyllodes tumor, malignant",int64,0.0,2
complete_case:4modalities_07_top_correlated,CLIN_primary_diagnosis.diagnoses_Pleomorphic carcinoma,int64,0.0,2
complete_case:4modalities_07_top_correlated,CLIN_primary_diagnosis.diagnoses_Secretory carcinoma of breast,int64,0.0,1
complete_case:4modalities_07_top_correlated,CLIN_primary_diagnosis.diagnoses_Tubular adenocarcinoma,int64,0.0,2
complete_case:4modalities_07_top_correlated,CLIN_primary_diagnosis.diagnoses_missing,int64,0.0,1
complete_case:4modalities_07_top_correlated,CLIN_prior_malignancy.diagnoses_missing,int64,0.0,2
complete_case:4modalities_07_top_correlated,CLIN_prior_malignancy.diagnoses_no,int64,0.0,2
complete_case:4modalities_07_top_correlated,CLIN_prior_malignancy.diagnoses_yes,int64,0.0,2
complete_case:4modalities_07_top_correlated,CLIN_prior_treatment.diagnoses_No,int64,0.0,2
complete_case:4modalities_07_top_correlated,CLIN_prior_treatment.diagnoses_Yes,int64,0.0,2
complete_case:4modalities_07_top_correlated,CLIN_prior_treatment.diagnoses_missing,int64,0.0,2
complete_case:4modalities_07_top_correlated,CLIN_ajcc_staging_system_edition.diagnoses_3rd,int64,0.0,2
complete_case:4modalities_07_top_correlated,CLIN_ajcc_staging_system_edition.diagnoses_4th,int64,0.0,2
complete_case:4modalities_07_top_correlated,CLIN_ajcc_staging_system_edition.diagnoses_5th,int64,0.0,2
complete_case:4modalities_07_top_correlated,CLIN_ajcc_staging_system_edition.diagnoses_6th,int64,0.0,2
complete_case:4modalities_07_top_correlated,CLIN_ajcc_staging_system_edition.diagnoses_7th,int64,0.0,2
complete_case:4modalities_07_top_correlated,CLIN_ajcc_staging_system_edition.diagnoses_missing,int64,0.0,2
complete_case:4modalities_07_top_correlated,CLIN_ajcc_pathologic_t.diagnoses_T1,int64,0.0,2
complete_case:4modalities_07_top_correlated,CLIN_ajcc_pathologic_t.diagnoses_T1a,int64,0.0,2
complete_case:4modalities_07_top_correlated,CLIN_ajcc_pathologic_t.diagnoses_T1b,int64,0.0,2
complete_case:4modalities_07_top_correlated,CLIN_ajcc_pathologic_t.diagnoses_T1c,int64,0.0,2
complete_case:4modalities_07_top_correlated,CLIN_ajcc_pathologic_t.diagnoses_T2,int64,0.0,2
complete_case:4modalities_07_top_correlated,CLIN_ajcc_pathologic_t.diagnoses_T2a,int64,0.0,2
complete_case:4modalities_07_top_correlated,CLIN_ajcc_pathologic_t.diagnoses_T2b,int64,0.0,2
complete_case:4modalities_07_top_correlated,CLIN_ajcc_pathologic_t.diagnoses_T3,int64,0.0,2
complete_case:4modalities_07_top_correlated,CLIN_ajcc_pathologic_t.diagnoses_T3a,int64,0.0,1
complete_case:4modalities_07_top_correlated,CLIN_ajcc_pathologic_t.diagnoses_T4,int64,0.0,2
complete_case:4modalities_07_top_correlated,CLIN_ajcc_pathologic_t.diagnoses_T4b,int64,0.0,2
complete_case:4modalities_07_top_correlated,CLIN_ajcc_pathologic_t.diagnoses_T4d,int64,0.0,2
complete_case:4modalities_07_top_correlated,CLIN_ajcc_pathologic_t.diagnoses_TX,int64,0.0,2
complete_case:4modalities_07_top_correlated,CLIN_ajcc_pathologic_t.diagnoses_missing,int64,0.0,1
complete_case:4modalities_07_top_correlated,CLIN_morphology.diagnoses_8010/3,int64,0.0,2
complete_case:4modalities_07_top_correlated,CLIN_morphology.diagnoses_8013/3,int64,0.0,2
complete_case:4modalities_07_top_correlated,CLIN_morphology.diagnoses_8022/3,int64,0.0,2
complete_case:4modalities_07_top_correlated,CLIN_morphology.diagnoses_8050/3,int64,0.0,1
complete_case:4modalities_07_top_correlated,CLIN_morphology.diagnoses_8090/3,int64,0.0,1
complete_case:4modalities_07_top_correlated,CLIN_morphology.diagnoses_8200/3,int64,0.0,2
complete_case:4modalities_07_top_correlated,CLIN_morphology.diagnoses_8201/3,int64,0.0,2
complete_case:4modalities_07_top_correlated,CLIN_morphology.diagnoses_8211/3,int64,0.0,2
complete_case:4modalities_07_top_correlated,CLIN_morphology.diagnoses_8401/3,int64,0.0,2
complete_case:4modalities_07_top_correlated,CLIN_morphology.diagnoses_8480/3,int64,0.0,2
complete_case:4modalities_07_top_correlated,CLIN_morphology.diagnoses_8500/3,int64,0.0,2
complete_case:4modalities_07_top_correlated,CLIN_morphology.diagnoses_8502/3,int64,0.0,1
complete_case:4modalities_07_top_correlated,CLIN_morphology.diagnoses_8503/3,int64,0.0,2
complete_case:4modalities_07_top_correlated,CLIN_morphology.diagnoses_8507/3,int64,0.0,2
complete_case:4modalities_07_top_correlated,CLIN_morphology.diagnoses_8510/3,int64,0.0,2
complete_case:4modalities_07_top_correlated,CLIN_morphology.diagnoses_8520/3,int64,0.0,2
complete_case:4modalities_07_top_correlated,CLIN_morphology.diagnoses_8522/3,int64,0.0,2
complete_case:4modalities_07_top_correlated,CLIN_morphology.diagnoses_8523/3,int64,0.0,2
complete_case:4modalities_07_top_correlated,CLIN_morphology.diagnoses_8524/3,int64,0.0,2
complete_case:4modalities_07_top_correlated,CLIN_morphology.diagnoses_8541/3,int64,0.0,2
complete_case:4modalities_07_top_correlated,CLIN_morphology.diagnoses_8575/3,int64,0.0,2
complete_case:4modalities_07_top_correlated,CLIN_morphology.diagnoses_9020/3,int64,0.0,2
complete_case:4modalities_07_top_correlated,CLIN_morphology.diagnoses_missing,int64,0.0,1
complete_case:4modalities_07_top_correlated,CLIN_ajcc_pathologic_n.diagnoses_N0,int64,0.0,2
complete_case:4modalities_07_top_correlated,CLIN_ajcc_pathologic_n.diagnoses_N0 (i+),int64,0.0,2
complete_case:4modalities_07_top_correlated,CLIN_ajcc_pathologic_n.diagnoses_N0 (i-),int64,0.0,2
complete_case:4modalities_07_top_correlated,CLIN_ajcc_pathologic_n.diagnoses_N0 (mol+),int64,0.0,2
complete_case:4modalities_07_top_correlated,CLIN_ajcc_pathologic_n.diagnoses_N1,int64,0.0,2
complete_case:4modalities_07_top_correlated,CLIN_ajcc_pathologic_n.diagnoses_N1a,int64,0.0,2
complete_case:4modalities_07_top_correlated,CLIN_ajcc_pathologic_n.diagnoses_N1b,int64,0.0,2
complete_case:4modalities_07_top_correlated,CLIN_ajcc_pathologic_n.diagnoses_N1c,int64,0.0,2
complete_case:4modalities_07_top_correlated,CLIN_ajcc_pathologic_n.diagnoses_N1mi,int64,0.0,2
complete_case:4modalities_07_top_correlated,CLIN_ajcc_pathologic_n.diagnoses_N2,int64,0.0,2
complete_case:4modalities_07_top_correlated,CLIN_ajcc_pathologic_n.diagnoses_N2a,int64,0.0,2
complete_case:4modalities_07_top_correlated,CLIN_ajcc_pathologic_n.diagnoses_N3,int64,0.0,2
complete_case:4modalities_07_top_correlated,CLIN_ajcc_pathologic_n.diagnoses_N3a,int64,0.0,2
complete_case:4modalities_07_top_correlated,CLIN_ajcc_pathologic_n.diagnoses_N3b,int64,0.0,2
complete_case:4modalities_07_top_correlated,CLIN_ajcc_pathologic_n.diagnoses_N3c,int64,0.0,2
complete_case:4modalities_07_top_correlated,CLIN_ajcc_pathologic_n.diagnoses_NX,int64,0.0,2
complete_case:4modalities_07_top_correlated,CLIN_ajcc_pathologic_n.diagnoses_missing,int64,0.0,1
complete_case:4modalities_07_top_correlated,CLIN_ajcc_pathologic_m.diagnoses_M0,int64,0.0,2
complete_case:4modalities_07_top_correlated,CLIN_ajcc_pathologic_m.diagnoses_M1,int64,0.0,2
complete_case:4modalities_07_top_correlated,CLIN_ajcc_pathologic_m.diagnoses_MX,int64,0.0,2
complete_case:4modalities_07_top_correlated,CLIN_ajcc_pathologic_m.diagnoses_cM0 (i+),int64,0.0,2
complete_case:4modalities_07_top_correlated,CLIN_ajcc_pathologic_m.diagnoses_missing,int64,0.0,1
complete_case:4modalities_07_top_correlated,"CLIN_treatment_or_therapy.treatments.diagnoses_['no', 'no']",int64,0.0,2
complete_case:4modalities_07_top_correlated,"CLIN_treatment_or_therapy.treatments.diagnoses_['no', 'not reported']",int64,0.0,2
complete_case:4modalities_07_top_correlated,"CLIN_treatment_or_therapy.treatments.diagnoses_['no', 'yes']",int64,0.0,2
complete_case:4modalities_07_top_correlated,"CLIN_treatment_or_therapy.treatments.diagnoses_['not reported', 'no']",int64,0.0,2
complete_case:4modalities_07_top_correlated,"CLIN_treatment_or_therapy.treatments.diagnoses_['not reported', 'not reported']",int64,0.0,2
complete_case:4modalities_07_top_correlated,"CLIN_treatment_or_therapy.treatments.diagnoses_['not reported', 'yes']",int64,0.0,2
complete_case:4modalities_07_top_correlated,"CLIN_treatment_or_therapy.treatments.diagnoses_['yes', 'no']",int64,0.0,2
complete_case:4modalities_07_top_correlated,"CLIN_treatment_or_therapy.treatments.diagnoses_['yes', 'not reported']",int64,0.0,2
complete_case:4modalities_07_top_correlated,"CLIN_treatment_or_therapy.treatments.diagnoses_['yes', 'yes']",int64,0.0,2
complete_case:4modalities_07_top_correlated,CLIN_treatment_or_therapy.treatments.diagnoses_missing,int64,0.0,1
complete_case:4modalities_07_top_correlated,RNA_ENSG00000132718.9,float64,0.0,737
complete_case:4modalities_07_top_correlated,RNA_ENSG00000204429.4,float64,0.0,54
complete_case:4modalities_07_top_correlated,RNA_ENSG00000162772.17,float64,0.0,823
complete_case:4modalities_07_top_correlated,RNA_ENSG00000272254.1,float64,0.0,21
complete_case:4modalities_07_top_correlated,RNA_ENSG00000125740.14,float64,0.0,795
complete_case:4modalities_07_top_correlated,RNA_ENSG00000007908.16,float64,0.0,606
complete_case:4modalities_07_top_correlated,RNA_ENSG00000058668.15,float64,0.0,906
complete_case:4modalities_07_top_correlated,RNA_ENSG00000168497.5,float64,0.0,575
complete_case:4modalities_07_top_correlated,RNA_ENSG00000142871.18,float64,0.0,903
complete_case:4modalities_07_top_correlated,RNA_ENSG00000016602.9,float64,0.0,115
complete_case:4modalities_07_top_correlated,RNA_ENSG00000169508.7,float64,0.0,679
complete_case:4modalities_07_top_correlated,RNA_ENSG00000172403.11,float64,0.0,869
complete_case:4modalities_07_top_correlated,RNA_ENSG00000237248.5,float64,0.0,160
complete_case:4modalities_07_top_correlated,RNA_ENSG00000100814.18,float64,0.0,775
complete_case:4modalities_07_top_correlated,RNA_ENSG00000284669.1,float64,0.0,138
complete_case:4modalities_07_top_correlated,RNA_ENSG00000266315.1,float64,0.0,28
complete_case:4modalities_07_top_correlated,RNA_ENSG00000137193.14,float64,0.0,790
complete_case:4modalities_07_top_correlated,RNA_ENSG00000011523.14,float64,0.0,805
complete_case:4modalities_07_top_correlated,RNA_ENSG00000158488.16,float64,0.0,331
complete_case:4modalities_07_top_correlated,RNA_ENSG00000264589.4,float64,0.0,322
complete_case:4modalities_07_top_correlated,RNA_ENSG00000271646.1,float64,0.0,360
complete_case:4modalities_07_top_correlated,RNA_ENSG00000122733.12,float64,0.0,158
complete_case:4modalities_07_top_correlated,RNA_ENSG00000273014.1,float64,0.0,222
complete_case:4modalities_07_top_correlated,RNA_ENSG00000163739.5,float64,0.0,252
complete_case:4modalities_07_top_correlated,RNA_ENSG00000134339.9,float64,0.0,348
complete_case:4modalities_07_top_correlated,RNA_ENSG00000269404.7,float64,0.0,308
complete_case:4modalities_07_top_correlated,RNA_ENSG00000287447.1,float64,0.0,27
complete_case:4modalities_07_top_correlated,RNA_ENSG00000168065.16,float64,0.0,66
complete_case:4modalities_07_top_correlated,RNA_ENSG00000159339.13,float64,0.0,57
complete_case:4modalities_07_top_correlated,RNA_ENSG00000170989.10,float64,0.0,775
complete_case:4modalities_07_top_correlated,RNA_ENSG00000111339.12,float64,0.0,128
complete_case:4modalities_07_top_correlated,RNA_ENSG00000185950.9,float64,0.0,822
complete_case:4modalities_07_top_correlated,RNA_ENSG00000287401.1,float64,0.0,115
complete_case:4modalities_07_top_correlated,RNA_ENSG00000126861.5,float64,0.0,88
complete_case:4modalities_07_top_correlated,RNA_ENSG00000145779.8,float64,0.0,769
complete_case:4modalities_07_top_correlated,RNA_ENSG00000114446.5,float64,0.0,782
complete_case:4modalities_07_top_correlated,RNA_ENSG00000279077.1,float64,0.0,28
complete_case:4modalities_07_top_correlated,RNA_ENSG00000164946.20,float64,0.0,411
complete_case:4modalities_07_top_correlated,RNA_ENSG00000225938.1,float64,0.0,51
complete_case:4modalities_07_top_correlated,RNA_ENSG00000198918.8,float64,0.0,878
complete_case:4modalities_07_top_correlated,RNA_ENSG00000200834.1,float64,0.0,17
complete_case:4modalities_07_top_correlated,RNA_ENSG00000118507.17,float64,0.0,532
complete_case:4modalities_07_top_correlated,RNA_ENSG00000163827.13,float64,0.0,162
complete_case:4modalities_07_top_correlated,RNA_ENSG00000223274.6,float64,0.0,18
complete_case:4modalities_07_top_correlated,RNA_ENSG00000124203.6,float64,0.0,332
complete_case:4modalities_07_top_correlated,RNA_ENSG00000081059.20,float64,0.0,742
complete_case:4modalities_07_top_correlated,RNA_ENSG00000197329.12,float64,0.0,801
complete_case:4modalities_07_top_correlated,RNA_ENSG00000259831.1,float64,0.0,39
complete_case:4modalities_07_top_correlated,RNA_ENSG00000148965.10,float64,0.0,49
complete_case:4modalities_07_top_correlated,RNA_ENSG00000096968.14,float64,0.0,796
complete_case:4modalities_07_top_correlated,CNV_ENSG00000257838.5,float64,0.0,12
complete_case:4modalities_07_top_correlated,CNV_ENSG00000253198.1,float64,0.0,23
complete_case:4modalities_07_top_correlated,CNV_ENSG00000253845.1,float64,0.0,23
complete_case:4modalities_07_top_correlated,CNV_ENSG00000153443.13,float64,0.0,11
complete_case:4modalities_07_top_correlated,CNV_ENSG00000269575.1,float64,0.0,14
complete_case:4modalities_07_top_correlated,CNV_ENSG00000207397.1,float64,0.0,13
complete_case:4modalities_07_top_correlated,CNV_ENSG00000269364.1,float64,0.0,13
complete_case:4modalities_07_top_correlated,CNV_ENSG00000263955.2,float64,0.0,11
complete_case:4modalities_07_top_correlated,CNV_ENSG00000269345.1,float64,0.0,14
complete_case:4modalities_07_top_correlated,CNV_ENSG00000267872.1,float64,0.0,14
complete_case:4modalities_07_top_correlated,CNV_ENSG00000102858.13,float64,0.0,11
complete_case:4modalities_07_top_correlated,CNV_ENSG00000261442.1,float64,0.0,11
complete_case:4modalities_07_top_correlated,CNV_ENSG00000103415.12,float64,0.0,11
complete_case:4modalities_07_top_correlated,CNV_ENSG00000089486.17,float64,0.0,11
complete_case:4modalities_07_top_correlated,CNV_ENSG00000196109.9,float64,0.0,14
complete_case:4modalities_07_top_correlated,CNV_ENSG00000278700.1,float64,0.0,11
complete_case:4modalities_07_top_correlated,CNV_ENSG00000282732.1,float64,0.0,14
complete_case:4modalities_07_top_correlated,CNV_ENSG00000271149.1,float64,0.0,13
complete_case:4modalities_07_top_correlated,CNV_ENSG00000261612.1,float64,0.0,11
complete_case:4modalities_07_top_correlated,CNV_ENSG00000276641.1,float64,0.0,11
complete_case:4modalities_07_top_correlated,CNV_ENSG00000268079.1,float64,0.0,14
complete_case:4modalities_07_top_correlated,CNV_ENSG00000278434.1,float64,0.0,11
complete_case:4modalities_07_top_correlated,CNV_ENSG00000269471.1,float64,0.0,15
complete_case:4modalities_07_top_correlated,CNV_ENSG00000260599.1,float64,0.0,13
complete_case:4modalities_07_top_correlated,CNV_ENSG00000205832.7,float64,0.0,11
complete_case:4modalities_07_top_correlated,CNV_ENSG00000268140.1,float64,0.0,14
complete_case:4modalities_07_top_correlated,CNV_ENSG00000261789.1,float64,0.0,11
complete_case:4modalities_07_top_correlated,CNV_ENSG00000275515.1,float64,0.0,11
complete_case:4modalities_07_top_correlated,CNV_ENSG00000286157.1,float64,0.0,13
complete_case:4modalities_07_top_correlated,CNV_ENSG00000277440.1,float64,0.0,11
complete_case:4modalities_07_top_correlated,CNV_ENSG00000283201.1,float64,0.0,15
complete_case:4modalities_07_top_correlated,CNV_ENSG00000268116.1,float64,0.0,14
complete_case:4modalities_07_top_correlated,CNV_ENSG00000153406.14,float64,0.0,11
complete_case:4modalities_07_top_correlated,CNV_ENSG00000277170.1,float64,0.0,11
complete_case:4modalities_07_top_correlated,CNV_ENSG00000268597.1,float64,0.0,14
complete_case:4modalities_07_top_correlated,CNV_ENSG00000262246.6,float64,0.0,11
complete_case:4modalities_07_top_correlated,CNV_ENSG00000269316.1,float64,0.0,13
complete_case:4modalities_07_top_correlated,CNV_ENSG00000269025.2,float64,0.0,13
complete_case:4modalities_07_top_correlated,CNV_ENSG00000262686.1,float64,0.0,11
complete_case:4modalities_07_top_correlated,CNV_ENSG00000268823.2,float64,0.0,13
complete_case:4modalities_07_top_correlated,CNV_ENSG00000268469.1,float64,0.0,15
complete_case:4modalities_07_top_correlated,CNV_ENSG00000103423.14,float64,0.0,11
complete_case:4modalities_07_top_correlated,CNV_ENSG00000254145.1,float64,0.0,22
complete_case:4modalities_07_top_correlated,CNV_ENSG00000253748.2,float64,0.0,22
complete_case:4modalities_07_top_correlated,CNV_ENSG00000269332.5,float64,0.0,13
complete_case:4modalities_07_top_correlated,CNV_ENSG00000253195.2,float64,0.0,22
complete_case:4modalities_07_top_correlated,CNV_ENSG00000269107.1,float64,0.0,16
complete_case:4modalities_07_top_correlated,CNV_ENSG00000269505.2,float64,0.0,14
complete_case:4modalities_07_top_correlated,CNV_ENSG00000168101.14,float64,0.0,11
complete_case:4modalities_07_top_correlated,CNV_ENSG00000168096.15,float64,0.0,11
complete_case:4modalities_07_top_correlated,MUT_GPS2,int64,0.0,2
complete_case:4modalities_07_top_correlated,MUT_LYST,int64,0.0,2
complete_case:4modalities_07_top_correlated,MUT_NRK,int64,0.0,2
complete_case:4modalities_07_top_correlated,MUT_EPHB2,int64,0.0,2
complete_case:4modalities_07_top_correlated,MUT_MUC4,int64,0.0,2
complete_case:4modalities_07_top_correlated,MUT_PDXDC1,int64,0.0,2
complete_case:4modalities_07_top_correlated,MUT_RUNX1,int64,0.0,2
complete_case:4modalities_07_top_correlated,MUT_KCNH1,int64,0.0,2
complete_case:4modalities_07_top_correlated,MUT_TBC1D31,int64,0.0,2
complete_case:4modalities_07_top_correlated,MUT_ACACA,int64,0.0,2
complete_case:4modalities_07_top_correlated,MUT_TARS2,int64,0.0,2
complete_case:4modalities_07_top_correlated,MUT_ARHGEF40,int64,0.0,2
complete_case:4modalities_07_top_correlated,MUT_UBR2,int64,0.0,2
complete_case:4modalities_07_top_correlated,MUT_RPGR,int64,0.0,2
complete_case:4modalities_07_top_correlated,MUT_POLR1A,int64,0.0,2
complete_case:4modalities_07_top_correlated,MUT_SLCO1B3,int64,0.0,2
complete_case:4modalities_07_top_correlated,MUT_LRP4,int64,0.0,2
complete_case:4modalities_07_top_correlated,MUT_NID1,int64,0.0,2
complete_case:4modalities_07_top_correlated,MUT_SDK1,int64,0.0,2
complete_case:4modalities_07_top_correlated,MUT_FGD6,int64,0.0,2
complete_case:4modalities_07_top_correlated,MUT_RTTN,int64,0.0,2
complete_case:4modalities_07_top_correlated,MUT_BACH2,int64,0.0,2
complete_case:4modalities_07_top_correlated,MUT_ANKRD30A,int64,0.0,2
complete_case:4modalities_07_top_correlated,MUT_TRIM67,int64,0.0,2
complete_case:4modalities_07_top_correlated,MUT_SPAG9,int64,0.0,2
complete_case:4modalities_07_top_correlated,MUT_DAB1,int64,0.0,2
complete_case:4modalities_07_top_correlated,MUT_UNC13B,int64,0.0,2
complete_case:4modalities_07_top_correlated,MUT_SMARCA2,int64,0.0,2
complete_case:4modalities_07_top_correlated,MUT_LRP2,int64,0.0,2
complete_case:4modalities_07_top_correlated,MUT_PI4KA,int64,0.0,2
complete_case:4modalities_07_top_correlated,MUT_CDKN1B,int64,0.0,2
complete_case:4modalities_07_top_correlated,MUT_PCSK5,int64,0.0,2
complete_case:4modalities_07_top_correlated,MUT_GPR179,int64,0.0,2
complete_case:4modalities_07_top_correlated,MUT_ABCB1,int64,0.0,2
complete_case:4modalities_07_top_correlated,MUT_ATG2A,int64,0.0,2
complete_case:4modalities_07_top_correlated,MUT_SCN5A,int64,0.0,2
complete_case:4modalities_07_top_correlated,MUT_UNC13A,int64,0.0,2
complete_case:4modalities_07_top_correlated,MUT_LAMB3,int64,0.0,2
complete_case:4modalities_07_top_correlated,MUT_GLI3,int64,0.0,2
complete_case:4modalities_07_top_correlated,MUT_HECW2,int64,0.0,2
complete_case:4modalities_07_top_correlated,MUT_LAMB2,int64,0.0,2
complete_case:4modalities_07_top_correlated,MUT_SPG11,int64,0.0,2
complete_case:4modalities_07_top_correlated,MUT_CPS1,int64,0.0,2
complete_case:4modalities_07_top_correlated,MUT_SI,int64,0.0,2
complete_case:4modalities_07_top_correlated,MUT_ATG2B,int64,0.0,2
complete_case:4modalities_07_top_correlated,MUT_CHD3,int64,0.0,2
complete_case:4modalities_07_top_correlated,MUT_HIVEP2,int64,0.0,2
complete_case:4modalities_07_top_correlated,MUT_BAZ1A,int64,0.0,2
complete_case:4modalities_07_top_correlated,MUT_ATP2B3,int64,0.0,2
complete_case:4modalities_07_top_correlated,MUT_SHANK1,int64,0.0,2
complete_case:4modalities_08_composite,Unnamed: 0,object,0.0,923
complete_case:4modalities_08_composite,CLIN_gender.demographic,float64,0.0,2
complete_case:4modalities_08_composite,CLIN_age_at_index.demographic,float64,0.0,64
complete_case:4modalities_08_composite,CLIN_tumor_descriptor.samples,int64,0.0,1
complete_case:4modalities_08_composite,CLIN_disease_type_Adenomas and Adenocarcinomas,int64,0.0,2
complete_case:4modalities_08_composite,CLIN_disease_type_Adnexal and Skin Appendage Neoplasms,int64,0.0,2
complete_case:4modalities_08_composite,CLIN_disease_type_Basal Cell Neoplasms,int64,0.0,1
complete_case:4modalities_08_composite,CLIN_disease_type_Complex Epithelial Neoplasms,int64,0.0,2
complete_case:4modalities_08_composite,"CLIN_disease_type_Cystic, Mucinous and Serous Neoplasms",int64,0.0,2
complete_case:4modalities_08_composite,CLIN_disease_type_Ductal and Lobular Neoplasms,int64,0.0,2
complete_case:4modalities_08_composite,"CLIN_disease_type_Epithelial Neoplasms, NOS",int64,0.0,2
complete_case:4modalities_08_composite,CLIN_disease_type_Fibroepithelial Neoplasms,int64,0.0,2
complete_case:4modalities_08_composite,CLIN_disease_type_Squamous Cell Neoplasms,int64,0.0,1
complete_case:4modalities_08_composite,CLIN_race.demographic_american indian or alaska native,int64,0.0,2
complete_case:4modalities_08_composite,CLIN_race.demographic_asian,int64,0.0,2
complete_case:4modalities_08_composite,CLIN_race.demographic_black or african american,int64,0.0,2
complete_case:4modalities_08_composite,CLIN_race.demographic_missing,int64,0.0,2
complete_case:4modalities_08_composite,CLIN_race.demographic_white,int64,0.0,2
complete_case:4modalities_08_composite,CLIN_ethnicity.demographic_hispanic or latino,int64,0.0,2
complete_case:4modalities_08_composite,CLIN_ethnicity.demographic_missing,int64,0.0,2
complete_case:4modalities_08_composite,CLIN_ethnicity.demographic_not hispanic or latino,int64,0.0,2
complete_case:4modalities_08_composite,CLIN_ajcc_pathologic_stage.diagnoses_Stage I,int64,0.0,2
complete_case:4modalities_08_composite,CLIN_ajcc_pathologic_stage.diagnoses_Stage IA,int64,0.0,2
complete_case:4modalities_08_composite,CLIN_ajcc_pathologic_stage.diagnoses_Stage IB,int64,0.0,2
complete_case:4modalities_08_composite,CLIN_ajcc_pathologic_stage.diagnoses_Stage II,int64,0.0,2
complete_case:4modalities_08_composite,CLIN_ajcc_pathologic_stage.diagnoses_Stage IIA,int64,0.0,2
complete_case:4modalities_08_composite,CLIN_ajcc_pathologic_stage.diagnoses_Stage IIB,int64,0.0,2
complete_case:4modalities_08_composite,CLIN_ajcc_pathologic_stage.diagnoses_Stage III,int64,0.0,2
complete_case:4modalities_08_composite,CLIN_ajcc_pathologic_stage.diagnoses_Stage IIIA,int64,0.0,2
complete_case:4modalities_08_composite,CLIN_ajcc_pathologic_stage.diagnoses_Stage IIIB,int64,0.0,2
complete_case:4modalities_08_composite,CLIN_ajcc_pathologic_stage.diagnoses_Stage IIIC,int64,0.0,2
complete_case:4modalities_08_composite,CLIN_ajcc_pathologic_stage.diagnoses_Stage IV,int64,0.0,2
complete_case:4modalities_08_composite,CLIN_ajcc_pathologic_stage.diagnoses_Stage X,int64,0.0,2
complete_case:4modalities_08_composite,CLIN_ajcc_pathologic_stage.diagnoses_missing,int64,0.0,2
complete_case:4modalities_08_composite,"CLIN_tissue_or_organ_of_origin.diagnoses_Breast, NOS",int64,0.0,2
complete_case:4modalities_08_composite,CLIN_tissue_or_organ_of_origin.diagnoses_Lower-inner quadrant of breast,int64,0.0,2
complete_case:4modalities_08_composite,CLIN_tissue_or_organ_of_origin.diagnoses_Lower-outer quadrant of breast,int64,0.0,2
complete_case:4modalities_08_composite,CLIN_tissue_or_organ_of_origin.diagnoses_Overlapping lesion of breast,int64,0.0,2
complete_case:4modalities_08_composite,CLIN_tissue_or_organ_of_origin.diagnoses_Upper-inner quadrant of breast,int64,0.0,2
complete_case:4modalities_08_composite,CLIN_tissue_or_organ_of_origin.diagnoses_Upper-outer quadrant of breast,int64,0.0,2
complete_case:4modalities_08_composite,CLIN_tissue_or_organ_of_origin.diagnoses_missing,int64,0.0,1
complete_case:4modalities_08_composite,CLIN_primary_diagnosis.diagnoses_Adenoid cystic carcinoma,int64,0.0,2
complete_case:4modalities_08_composite,CLIN_primary_diagnosis.diagnoses_Apocrine adenocarcinoma,int64,0.0,2
complete_case:4modalities_08_composite,"CLIN_primary_diagnosis.diagnoses_Basal cell carcinoma, NOS",int64,0.0,1
complete_case:4modalities_08_composite,"CLIN_primary_diagnosis.diagnoses_Carcinoma, NOS",int64,0.0,2
complete_case:4modalities_08_composite,"CLIN_primary_diagnosis.diagnoses_Cribriform carcinoma, NOS",int64,0.0,2
complete_case:4modalities_08_composite,CLIN_primary_diagnosis.diagnoses_Infiltrating duct and lobular carcinoma,int64,0.0,2
complete_case:4modalities_08_composite,"CLIN_primary_diagnosis.diagnoses_Infiltrating duct carcinoma, NOS",int64,0.0,2
complete_case:4modalities_08_composite,CLIN_primary_diagnosis.diagnoses_Infiltrating duct mixed with other types of carcinoma,int64,0.0,2
complete_case:4modalities_08_composite,CLIN_primary_diagnosis.diagnoses_Infiltrating lobular mixed with other types of carcinoma,int64,0.0,2
complete_case:4modalities_08_composite,CLIN_primary_diagnosis.diagnoses_Intraductal micropapillary carcinoma,int64,0.0,2
complete_case:4modalities_08_composite,CLIN_primary_diagnosis.diagnoses_Intraductal papillary adenocarcinoma with invasion,int64,0.0,2
complete_case:4modalities_08_composite,CLIN_primary_diagnosis.diagnoses_Large cell neuroendocrine carcinoma,int64,0.0,2
complete_case:4modalities_08_composite,"CLIN_primary_diagnosis.diagnoses_Lobular carcinoma, NOS",int64,0.0,2
complete_case:4modalities_08_composite,"CLIN_primary_diagnosis.diagnoses_Medullary carcinoma, NOS",int64,0.0,2
complete_case:4modalities_08_composite,"CLIN_primary_diagnosis.diagnoses_Metaplastic carcinoma, NOS",int64,0.0,2
complete_case:4modalities_08_composite,CLIN_primary_diagnosis.diagnoses_Mucinous adenocarcinoma,int64,0.0,2
complete_case:4modalities_08_composite,CLIN_primary_diagnosis.diagnoses_Paget disease and infiltrating duct carcinoma of breast,int64,0.0,2
complete_case:4modalities_08_composite,"CLIN_primary_diagnosis.diagnoses_Papillary carcinoma, NOS",int64,0.0,1
complete_case:4modalities_08_composite,"CLIN_primary_diagnosis.diagnoses_Phyllodes tumor, malignant",int64,0.0,2
complete_case:4modalities_08_composite,CLIN_primary_diagnosis.diagnoses_Pleomorphic carcinoma,int64,0.0,2
complete_case:4modalities_08_composite,CLIN_primary_diagnosis.diagnoses_Secretory carcinoma of breast,int64,0.0,1
complete_case:4modalities_08_composite,CLIN_primary_diagnosis.diagnoses_Tubular adenocarcinoma,int64,0.0,2
complete_case:4modalities_08_composite,CLIN_primary_diagnosis.diagnoses_missing,int64,0.0,1
complete_case:4modalities_08_composite,CLIN_prior_malignancy.diagnoses_missing,int64,0.0,2
complete_case:4modalities_08_composite,CLIN_prior_malignancy.diagnoses_no,int64,0.0,2
complete_case:4modalities_08_composite,CLIN_prior_malignancy.diagnoses_yes,int64,0.0,2
complete_case:4modalities_08_composite,CLIN_prior_treatment.diagnoses_No,int64,0.0,2
complete_case:4modalities_08_composite,CLIN_prior_treatment.diagnoses_Yes,int64,0.0,2
complete_case:4modalities_08_composite,CLIN_prior_treatment.diagnoses_missing,int64,0.0,2
complete_case:4modalities_08_composite,CLIN_ajcc_staging_system_edition.diagnoses_3rd,int64,0.0,2
complete_case:4modalities_08_composite,CLIN_ajcc_staging_system_edition.diagnoses_4th,int64,0.0,2
complete_case:4modalities_08_composite,CLIN_ajcc_staging_system_edition.diagnoses_5th,int64,0.0,2
complete_case:4modalities_08_composite,CLIN_ajcc_staging_system_edition.diagnoses_6th,int64,0.0,2
complete_case:4modalities_08_composite,CLIN_ajcc_staging_system_edition.diagnoses_7th,int64,0.0,2
complete_case:4modalities_08_composite,CLIN_ajcc_staging_system_edition.diagnoses_missing,int64,0.0,2
complete_case:4modalities_08_composite,CLIN_ajcc_pathologic_t.diagnoses_T1,int64,0.0,2
complete_case:4modalities_08_composite,CLIN_ajcc_pathologic_t.diagnoses_T1a,int64,0.0,2
complete_case:4modalities_08_composite,CLIN_ajcc_pathologic_t.diagnoses_T1b,int64,0.0,2
complete_case:4modalities_08_composite,CLIN_ajcc_pathologic_t.diagnoses_T1c,int64,0.0,2
complete_case:4modalities_08_composite,CLIN_ajcc_pathologic_t.diagnoses_T2,int64,0.0,2
complete_case:4modalities_08_composite,CLIN_ajcc_pathologic_t.diagnoses_T2a,int64,0.0,2
complete_case:4modalities_08_composite,CLIN_ajcc_pathologic_t.diagnoses_T2b,int64,0.0,2
complete_case:4modalities_08_composite,CLIN_ajcc_pathologic_t.diagnoses_T3,int64,0.0,2
complete_case:4modalities_08_composite,CLIN_ajcc_pathologic_t.diagnoses_T3a,int64,0.0,1
complete_case:4modalities_08_composite,CLIN_ajcc_pathologic_t.diagnoses_T4,int64,0.0,2
complete_case:4modalities_08_composite,CLIN_ajcc_pathologic_t.diagnoses_T4b,int64,0.0,2
complete_case:4modalities_08_composite,CLIN_ajcc_pathologic_t.diagnoses_T4d,int64,0.0,2
complete_case:4modalities_08_composite,CLIN_ajcc_pathologic_t.diagnoses_TX,int64,0.0,2
complete_case:4modalities_08_composite,CLIN_ajcc_pathologic_t.diagnoses_missing,int64,0.0,1
complete_case:4modalities_08_composite,CLIN_morphology.diagnoses_8010/3,int64,0.0,2
complete_case:4modalities_08_composite,CLIN_morphology.diagnoses_8013/3,int64,0.0,2
complete_case:4modalities_08_composite,CLIN_morphology.diagnoses_8022/3,int64,0.0,2
complete_case:4modalities_08_composite,CLIN_morphology.diagnoses_8050/3,int64,0.0,1
complete_case:4modalities_08_composite,CLIN_morphology.diagnoses_8090/3,int64,0.0,1
complete_case:4modalities_08_composite,CLIN_morphology.diagnoses_8200/3,int64,0.0,2
complete_case:4modalities_08_composite,CLIN_morphology.diagnoses_8201/3,int64,0.0,2
complete_case:4modalities_08_composite,CLIN_morphology.diagnoses_8211/3,int64,0.0,2
complete_case:4modalities_08_composite,CLIN_morphology.diagnoses_8401/3,int64,0.0,2
complete_case:4modalities_08_composite,CLIN_morphology.diagnoses_8480/3,int64,0.0,2
complete_case:4modalities_08_composite,CLIN_morphology.diagnoses_8500/3,int64,0.0,2
complete_case:4modalities_08_composite,CLIN_morphology.diagnoses_8502/3,int64,0.0,1
complete_case:4modalities_08_composite,CLIN_morphology.diagnoses_8503/3,int64,0.0,2
complete_case:4modalities_08_composite,CLIN_morphology.diagnoses_8507/3,int64,0.0,2
complete_case:4modalities_08_composite,CLIN_morphology.diagnoses_8510/3,int64,0.0,2
complete_case:4modalities_08_composite,CLIN_morphology.diagnoses_8520/3,int64,0.0,2
complete_case:4modalities_08_composite,CLIN_morphology.diagnoses_8522/3,int64,0.0,2
complete_case:4modalities_08_composite,CLIN_morphology.diagnoses_8523/3,int64,0.0,2
complete_case:4modalities_08_composite,CLIN_morphology.diagnoses_8524/3,int64,0.0,2
complete_case:4modalities_08_composite,CLIN_morphology.diagnoses_8541/3,int64,0.0,2
complete_case:4modalities_08_composite,CLIN_morphology.diagnoses_8575/3,int64,0.0,2
complete_case:4modalities_08_composite,CLIN_morphology.diagnoses_9020/3,int64,0.0,2
complete_case:4modalities_08_composite,CLIN_morphology.diagnoses_missing,int64,0.0,1
complete_case:4modalities_08_composite,CLIN_ajcc_pathologic_n.diagnoses_N0,int64,0.0,2
complete_case:4modalities_08_composite,CLIN_ajcc_pathologic_n.diagnoses_N0 (i+),int64,0.0,2
complete_case:4modalities_08_composite,CLIN_ajcc_pathologic_n.diagnoses_N0 (i-),int64,0.0,2
complete_case:4modalities_08_composite,CLIN_ajcc_pathologic_n.diagnoses_N0 (mol+),int64,0.0,2
complete_case:4modalities_08_composite,CLIN_ajcc_pathologic_n.diagnoses_N1,int64,0.0,2
complete_case:4modalities_08_composite,CLIN_ajcc_pathologic_n.diagnoses_N1a,int64,0.0,2
complete_case:4modalities_08_composite,CLIN_ajcc_pathologic_n.diagnoses_N1b,int64,0.0,2
complete_case:4modalities_08_composite,CLIN_ajcc_pathologic_n.diagnoses_N1c,int64,0.0,2
complete_case:4modalities_08_composite,CLIN_ajcc_pathologic_n.diagnoses_N1mi,int64,0.0,2
complete_case:4modalities_08_composite,CLIN_ajcc_pathologic_n.diagnoses_N2,int64,0.0,2
complete_case:4modalities_08_composite,CLIN_ajcc_pathologic_n.diagnoses_N2a,int64,0.0,2
complete_case:4modalities_08_composite,CLIN_ajcc_pathologic_n.diagnoses_N3,int64,0.0,2
complete_case:4modalities_08_composite,CLIN_ajcc_pathologic_n.diagnoses_N3a,int64,0.0,2
complete_case:4modalities_08_composite,CLIN_ajcc_pathologic_n.diagnoses_N3b,int64,0.0,2
complete_case:4modalities_08_composite,CLIN_ajcc_pathologic_n.diagnoses_N3c,int64,0.0,2
complete_case:4modalities_08_composite,CLIN_ajcc_pathologic_n.diagnoses_NX,int64,0.0,2
complete_case:4modalities_08_composite,CLIN_ajcc_pathologic_n.diagnoses_missing,int64,0.0,1
complete_case:4modalities_08_composite,CLIN_ajcc_pathologic_m.diagnoses_M0,int64,0.0,2
complete_case:4modalities_08_composite,CLIN_ajcc_pathologic_m.diagnoses_M1,int64,0.0,2
complete_case:4modalities_08_composite,CLIN_ajcc_pathologic_m.diagnoses_MX,int64,0.0,2
complete_case:4modalities_08_composite,CLIN_ajcc_pathologic_m.diagnoses_cM0 (i+),int64,0.0,2
complete_case:4modalities_08_composite,CLIN_ajcc_pathologic_m.diagnoses_missing,int64,0.0,1
complete_case:4modalities_08_composite,"CLIN_treatment_or_therapy.treatments.diagnoses_['no', 'no']",int64,0.0,2
complete_case:4modalities_08_composite,"CLIN_treatment_or_therapy.treatments.diagnoses_['no', 'not reported']",int64,0.0,2
complete_case:4modalities_08_composite,"CLIN_treatment_or_therapy.treatments.diagnoses_['no', 'yes']",int64,0.0,2
complete_case:4modalities_08_composite,"CLIN_treatment_or_therapy.treatments.diagnoses_['not reported', 'no']",int64,0.0,2
complete_case:4modalities_08_composite,"CLIN_treatment_or_therapy.treatments.diagnoses_['not reported', 'not reported']",int64,0.0,2
complete_case:4modalities_08_composite,"CLIN_treatment_or_therapy.treatments.diagnoses_['not reported', 'yes']",int64,0.0,2
complete_case:4modalities_08_composite,"CLIN_treatment_or_therapy.treatments.diagnoses_['yes', 'no']",int64,0.0,2
complete_case:4modalities_08_composite,"CLIN_treatment_or_therapy.treatments.diagnoses_['yes', 'not reported']",int64,0.0,2
complete_case:4modalities_08_composite,"CLIN_treatment_or_therapy.treatments.diagnoses_['yes', 'yes']",int64,0.0,2
complete_case:4modalities_08_composite,CLIN_treatment_or_therapy.treatments.diagnoses_missing,int64,0.0,1
complete_case:4modalities_08_composite,RNA_ENSG00000228976.1,float64,0.0,14
complete_case:4modalities_08_composite,RNA_ENSG00000244564.2,float64,0.0,26
complete_case:4modalities_08_composite,RNA_ENSG00000225912.1,float64,0.0,17
complete_case:4modalities_08_composite,RNA_ENSG00000236385.1,float64,0.0,75
complete_case:4modalities_08_composite,RNA_ENSG00000251493.5,float64,0.0,198
complete_case:4modalities_08_composite,RNA_ENSG00000127774.7,float64,0.0,84
complete_case:4modalities_08_composite,RNA_ENSG00000212900.3,float64,0.0,13
complete_case:4modalities_08_composite,RNA_ENSG00000268442.1,float64,0.0,82
complete_case:4modalities_08_composite,RNA_ENSG00000254851.1,float64,0.0,165
complete_case:4modalities_08_composite,RNA_ENSG00000226317.3,float64,0.0,23
complete_case:4modalities_08_composite,RNA_ENSG00000275882.1,float64,0.0,23
complete_case:4modalities_08_composite,RNA_ENSG00000250746.1,float64,0.0,29
complete_case:4modalities_08_composite,RNA_ENSG00000235836.1,float64,0.0,27
complete_case:4modalities_08_composite,RNA_ENSG00000250885.1,float64,0.0,5
complete_case:4modalities_08_composite,RNA_ENSG00000204429.4,float64,0.0,54
complete_case:4modalities_08_composite,RNA_ENSG00000162772.17,float64,0.0,823
complete_case:4modalities_08_composite,RNA_ENSG00000272254.1,float64,0.0,21
complete_case:4modalities_08_composite,RNA_ENSG00000125740.14,float64,0.0,795
complete_case:4modalities_08_composite,RNA_ENSG00000007908.16,float64,0.0,606
complete_case:4modalities_08_composite,RNA_ENSG00000058668.15,float64,0.0,906
complete_case:4modalities_08_composite,RNA_ENSG00000168497.5,float64,0.0,575
complete_case:4modalities_08_composite,RNA_ENSG00000142871.18,float64,0.0,903
complete_case:4modalities_08_composite,RNA_ENSG00000234176.1,float64,0.0,108
complete_case:4modalities_08_composite,RNA_ENSG00000217130.1,float64,0.0,82
complete_case:4modalities_08_composite,RNA_ENSG00000284630.1,float64,0.0,33
complete_case:4modalities_08_composite,RNA_ENSG00000016602.9,float64,0.0,115
complete_case:4modalities_08_composite,RNA_ENSG00000169508.7,float64,0.0,679
complete_case:4modalities_08_composite,RNA_ENSG00000172403.11,float64,0.0,869
complete_case:4modalities_08_composite,RNA_ENSG00000258429.2,float64,0.0,91
complete_case:4modalities_08_composite,RNA_ENSG00000237248.5,float64,0.0,160
complete_case:4modalities_08_composite,RNA_ENSG00000100814.18,float64,0.0,775
complete_case:4modalities_08_composite,RNA_ENSG00000146540.15,float64,0.0,858
complete_case:4modalities_08_composite,RNA_ENSG00000284669.1,float64,0.0,138
complete_case:4modalities_08_composite,RNA_ENSG00000266315.1,float64,0.0,28
complete_case:4modalities_08_composite,RNA_ENSG00000137193.14,float64,0.0,790
complete_case:4modalities_08_composite,RNA_ENSG00000011523.14,float64,0.0,805
complete_case:4modalities_08_composite,RNA_ENSG00000158488.16,float64,0.0,331
complete_case:4modalities_08_composite,RNA_ENSG00000264589.4,float64,0.0,322
complete_case:4modalities_08_composite,RNA_ENSG00000271646.1,float64,0.0,360
complete_case:4modalities_08_composite,RNA_ENSG00000122733.12,float64,0.0,158
complete_case:4modalities_08_composite,RNA_ENSG00000273014.1,float64,0.0,222
complete_case:4modalities_08_composite,RNA_ENSG00000163739.5,float64,0.0,252
complete_case:4modalities_08_composite,RNA_ENSG00000134339.9,float64,0.0,348
complete_case:4modalities_08_composite,RNA_ENSG00000269404.7,float64,0.0,308
complete_case:4modalities_08_composite,RNA_ENSG00000286954.1,float64,0.0,31
complete_case:4modalities_08_composite,RNA_ENSG00000287447.1,float64,0.0,27
complete_case:4modalities_08_composite,RNA_ENSG00000223485.4,float64,0.0,183
complete_case:4modalities_08_composite,RNA_ENSG00000168065.16,float64,0.0,66
complete_case:4modalities_08_composite,RNA_ENSG00000159339.13,float64,0.0,57
complete_case:4modalities_08_composite,RNA_ENSG00000170989.10,float64,0.0,775
complete_case:4modalities_08_composite,CNV_ENSG00000229526.2,float64,0.0,13
complete_case:4modalities_08_composite,CNV_ENSG00000273173.5,float64,0.0,14
complete_case:4modalities_08_composite,CNV_ENSG00000253198.1,float64,0.0,23
complete_case:4modalities_08_composite,CNV_ENSG00000253845.1,float64,0.0,23
complete_case:4modalities_08_composite,CNV_ENSG00000221043.2,float64,0.0,9
complete_case:4modalities_08_composite,CNV_ENSG00000287323.1,float64,0.0,9
complete_case:4modalities_08_composite,CNV_ENSG00000242928.3,float64,0.0,9
complete_case:4modalities_08_composite,CNV_ENSG00000199047.3,float64,0.0,9
complete_case:4modalities_08_composite,CNV_ENSG00000153443.13,float64,0.0,11
complete_case:4modalities_08_composite,CNV_ENSG00000269575.1,float64,0.0,14
complete_case:4modalities_08_composite,CNV_ENSG00000207397.1,float64,0.0,13
complete_case:4modalities_08_composite,CNV_ENSG00000269364.1,float64,0.0,13
complete_case:4modalities_08_composite,CNV_ENSG00000263955.2,float64,0.0,11
complete_case:4modalities_08_composite,CNV_ENSG00000269345.1,float64,0.0,14
complete_case:4modalities_08_composite,CNV_ENSG00000267872.1,float64,0.0,14
complete_case:4modalities_08_composite,CNV_ENSG00000102858.13,float64,0.0,11
complete_case:4modalities_08_composite,CNV_ENSG00000261442.1,float64,0.0,11
complete_case:4modalities_08_composite,CNV_ENSG00000224078.15,float64,0.0,14
complete_case:4modalities_08_composite,CNV_ENSG00000103415.12,float64,0.0,11
complete_case:4modalities_08_composite,CNV_ENSG00000089486.17,float64,0.0,11
complete_case:4modalities_08_composite,CNV_ENSG00000196109.9,float64,0.0,14
complete_case:4modalities_08_composite,CNV_ENSG00000086589.12,float64,0.0,9
complete_case:4modalities_08_composite,CNV_ENSG00000278700.1,float64,0.0,11
complete_case:4modalities_08_composite,CNV_ENSG00000276610.1,float64,0.0,14
complete_case:4modalities_08_composite,CNV_ENSG00000282732.1,float64,0.0,14
complete_case:4modalities_08_composite,CNV_ENSG00000250309.2,float64,0.0,9
complete_case:4modalities_08_composite,CNV_ENSG00000271149.1,float64,0.0,13
complete_case:4modalities_08_composite,CNV_ENSG00000261612.1,float64,0.0,11
complete_case:4modalities_08_composite,CNV_ENSG00000276641.1,float64,0.0,11
complete_case:4modalities_08_composite,CNV_ENSG00000268079.1,float64,0.0,14
complete_case:4modalities_08_composite,CNV_ENSG00000278434.1,float64,0.0,11
complete_case:4modalities_08_composite,CNV_ENSG00000269471.1,float64,0.0,15
complete_case:4modalities_08_composite,CNV_ENSG00000164591.14,float64,0.0,9
complete_case:4modalities_08_composite,CNV_ENSG00000260599.1,float64,0.0,13
complete_case:4modalities_08_composite,CNV_ENSG00000132912.13,float64,0.0,9
complete_case:4modalities_08_composite,CNV_ENSG00000248125.2,float64,0.0,10
complete_case:4modalities_08_composite,CNV_ENSG00000205832.7,float64,0.0,11
complete_case:4modalities_08_composite,CNV_ENSG00000268140.1,float64,0.0,14
complete_case:4modalities_08_composite,CNV_ENSG00000261789.1,float64,0.0,11
complete_case:4modalities_08_composite,CNV_ENSG00000275515.1,float64,0.0,11
complete_case:4modalities_08_composite,CNV_ENSG00000230551.4,float64,0.0,9
complete_case:4modalities_08_composite,CNV_ENSG00000113712.19,float64,0.0,9
complete_case:4modalities_08_composite,CNV_ENSG00000127743.6,float64,0.0,9
complete_case:4modalities_08_composite,CNV_ENSG00000250721.1,float64,0.0,10
complete_case:4modalities_08_composite,CNV_ENSG00000286157.1,float64,0.0,13
complete_case:4modalities_08_composite,CNV_ENSG00000253852.1,float64,0.0,9
complete_case:4modalities_08_composite,CNV_ENSG00000070808.16,float64,0.0,9
complete_case:4modalities_08_composite,CNV_ENSG00000239014.1,float64,0.0,14
complete_case:4modalities_08_composite,CNV_ENSG00000183111.12,float64,0.0,9
complete_case:4modalities_08_composite,CNV_ENSG00000276365.1,float64,0.0,9
complete_case:4modalities_08_composite,MUT_MAML2,int64,0.0,2
complete_case:4modalities_08_composite,MUT_BPTF,int64,0.0,2
complete_case:4modalities_08_composite,MUT_NOS1,int64,0.0,2
complete_case:4modalities_08_composite,MUT_ITSN2,int64,0.0,2
complete_case:4modalities_08_composite,MUT_ABR,int64,0.0,2
complete_case:4modalities_08_composite,MUT_MROH1,int64,0.0,2
complete_case:4modalities_08_composite,MUT_KIF2B,int64,0.0,2
complete_case:4modalities_08_composite,MUT_SCN7A,int64,0.0,2
complete_case:4modalities_08_composite,MUT_CACNA1S,int64,0.0,2
complete_case:4modalities_08_composite,MUT_ADAMTS20,int64,0.0,2
complete_case:4modalities_08_composite,MUT_PTCHD3,int64,0.0,2
complete_case:4modalities_08_composite,MUT_DOCK9,int64,0.0,2
complete_case:4modalities_08_composite,MUT_GRIPAP1,int64,0.0,2
complete_case:4modalities_08_composite,MUT_LRP6,int64,0.0,2
complete_case:4modalities_08_composite,MUT_FCRL5,int64,0.0,2
complete_case:4modalities_08_composite,MUT_PIKFYVE,int64,0.0,2
complete_case:4modalities_08_composite,MUT_RBM26,int64,0.0,2
complete_case:4modalities_08_composite,MUT_AP3B1,int64,0.0,2
complete_case:4modalities_08_composite,MUT_NLGN4X,int64,0.0,2
complete_case:4modalities_08_composite,MUT_TDRD5,int64,0.0,2
complete_case:4modalities_08_composite,MUT_CEP95,int64,0.0,2
complete_case:4modalities_08_composite,MUT_GBE1,int64,0.0,2
complete_case:4modalities_08_composite,MUT_SRRM2,int64,0.0,2
complete_case:4modalities_08_composite,MUT_CR1,int64,0.0,2
complete_case:4modalities_08_composite,MUT_PIK3CB,int64,0.0,2
complete_case:4modalities_08_composite,MUT_SLC26A9,int64,0.0,2
complete_case:4modalities_08_composite,MUT_EPPK1,int64,0.0,2
complete_case:4modalities_08_composite,MUT_TMC2,int64,0.0,2
complete_case:4modalities_08_composite,MUT_GOLGA4,int64,0.0,2
complete_case:4modalities_08_composite,MUT_GIMAP8,int64,0.0,2
complete_case:4modalities_08_composite,MUT_SBF2,int64,0.0,2
complete_case:4modalities_08_composite,MUT_MELTF,int64,0.0,2
complete_case:4modalities_08_composite,MUT_EFCAB6,int64,0.0,2
complete_case:4modalities_08_composite,MUT_ZEB1,int64,0.0,2
complete_case:4modalities_08_composite,MUT_GPS2,int64,0.0,2
complete_case:4modalities_08_composite,MUT_USP34,int64,0.0,2
complete_case:4modalities_08_composite,MUT_IGSF10,int64,0.0,2
complete_case:4modalities_08_composite,MUT_NIN,int64,0.0,2
complete_case:4modalities_08_composite,MUT_ITGAV,int64,0.0,2
complete_case:4modalities_08_composite,MUT_SLC9A8,int64,0.0,2
complete_case:4modalities_08_composite,MUT_DSCAM,int64,0.0,2
complete_case:4modalities_08_composite,MUT_KDM4C,int64,0.0,2
complete_case:4modalities_08_composite,MUT_MYOM1,int64,0.0,2
complete_case:4modalities_08_composite,MUT_KIDINS220,int64,0.0,2
complete_case:4modalities_08_composite,MUT_WNK3,int64,0.0,2
complete_case:4modalities_08_composite,MUT_KIF5C,int64,0.0,2
complete_case:4modalities_08_composite,MUT_KCTD3,int64,0.0,2
complete_case:4modalities_08_composite,MUT_TNIK,int64,0.0,2
complete_case:4modalities_08_composite,MUT_ABCA4,int64,0.0,2
complete_case:4modalities_08_composite,MUT_PLA2G4A,int64,0.0,2
complete_case:merge_summary,file,object,0.0,8
complete_case:merge_summary,dataset,object,0.0,8
complete_case:merge_summary,algorithm,object,0.0,2
complete_case:merge_summary,alpha,float64,0.0,3
complete_case:merge_summary,c_index,float64,0.0,8
complete_case:merge_summary,n_samples,int64,0.0,1
complete_case:merge_summary,n_clinical_features,int64,0.0,1
complete_case:merge_summary,n_rna_features,int64,0.0,1
complete_case:merge_summary,n_total_features,int64,0.0,1
complete_case:merge_summary_4modalities,file,object,0.0,8
complete_case:merge_summary_4modalities,n_samples,int64,0.0,1
complete_case:merge_summary_4modalities,n_clin_features,int64,0.0,1
complete_case:merge_summary_4modalities,n_rna_features,int64,0.0,1
complete_case:merge_summary_4modalities,n_cnv_features,int64,0.0,1
complete_case:merge_summary_4modalities,n_mut_features,int64,0.0,1
complete_case:merge_summary_4modalities,n_total_features,int64,0.0,1
complete_case:merge_summary_4modalities,mut_dataset,object,0.0,8
complete_case:merge_summary_4modalities,mut_algorithm,object,0.0,2
complete_case:merge_summary_4modalities,mut_alpha,float64,0.0,3
complete_case:merge_summary_4modalities,mut_c_index,float64,0.0,7
complete_case:merge_summary_5modalities,file,object,0.0,8
complete_case:merge_summary_5modalities,n_samples,int64,0.0,1
complete_case:merge_summary_5modalities,n_clin,int64,0.0,1
complete_case:merge_summary_5modalities,n_rna,int64,0.0,1
complete_case:merge_summary_5modalities,n_cnv,int64,0.0,1
complete_case:merge_summary_5modalities,n_mut,int64,0.0,1
complete_case:merge_summary_5modalities,n_prot,int64,0.0,1
complete_case:merge_summary_5modalities,n_total,int64,0.0,1
complete_case:merge_summary_5modalities,prot_dataset,object,0.0,8
complete_case:merge_summary_5modalities,prot_algorithm,object,0.0,3
complete_case:merge_summary_5modalities,prot_alpha,float64,0.0,2
complete_case:merge_summary_5modalities,prot_c_index,float64,0.0,7
complete_case:merge_summary_6modalities,file,object,0.0,8
complete_case:merge_summary_6modalities,n_samples,int64,0.0,1
complete_case:merge_summary_6modalities,n_clin,int64,0.0,1
complete_case:merge_summary_6modalities,n_rna,int64,0.0,1
complete_case:merge_summary_6modalities,n_cnv,int64,0.0,1
complete_case:merge_summary_6modalities,n_mut,int64,0.0,1
complete_case:merge_summary_6modalities,n_meth,int64,0.0,1
complete_case:merge_summary_6modalities,n_total,int64,0.0,1
complete_case:merge_summary_6modalities,meth_dataset,object,0.0,8
complete_case:merge_summary_6modalities,meth_algorithm,object,0.0,3
complete_case:merge_summary_6modalities,meth_alpha,float64,0.0,1
complete_case:merge_summary_6modalities,meth_c_index,float64,0.0,8
complete_case:merge_summary_7modalities,file,object,0.0,8
complete_case:merge_summary_7modalities,n_samples,int64,0.0,1
complete_case:merge_summary_7modalities,n_clin,int64,0.0,1
complete_case:merge_summary_7modalities,n_rna,int64,0.0,1
complete_case:merge_summary_7modalities,n_cnv,int64,0.0,1
complete_case:merge_summary_7modalities,n_mut,int64,0.0,1
complete_case:merge_summary_7modalities,n_mirna,int64,0.0,1
complete_case:merge_summary_7modalities,n_total,int64,0.0,1
complete_case:merge_summary_7modalities,mirna_dataset,object,0.0,8
complete_case:merge_summary_7modalities,mirna_algorithm,object,0.0,3
complete_case:merge_summary_7modalities,mirna_alpha,float64,0.0,3
complete_case:merge_summary_7modalities,mirna_c_index,float64,0.0,8
complete_case:merge_summary_with_cnv,file,object,0.0,8
complete_case:merge_summary_with_cnv,n_samples,int64,0.0,1
complete_case:merge_summary_with_cnv,n_clin_features,int64,0.0,1
complete_case:merge_summary_with_cnv,n_rna_features,int64,0.0,1
complete_case:merge_summary_with_cnv,n_cnv_features,int64,0.0,1
complete_case:merge_summary_with_cnv,n_total_features,int64,0.0,1
complete_case:merge_summary_with_cnv,cnv_dataset,object,0.0,8
complete_case:merge_summary_with_cnv,cnv_algorithm,object,0.0,2
complete_case:merge_summary_with_cnv,cnv_alpha,float64,0.0,3
complete_case:merge_summary_with_cnv,cnv_c_index,float64,0.0,7
outer:01_ultra_conservative,Unnamed: 0,object,0.0,1076
outer:01_ultra_conservative,CLIN_gender.demographic,float64,0.0,2
outer:01_ultra_conservative,CLIN_age_at_index.demographic,float64,0.0,65
outer:01_ultra_conservative,CLIN_tumor_descriptor.samples,int64,0.0,2
outer:01_ultra_conservative,CLIN_disease_type_Adenomas and Adenocarcinomas,int64,0.0,2
outer:01_ultra_conservative,CLIN_disease_type_Adnexal and Skin Appendage Neoplasms,int64,0.0,2
outer:01_ultra_conservative,CLIN_disease_type_Basal Cell Neoplasms,int64,0.0,2
outer:01_ultra_conservative,CLIN_disease_type_Complex Epithelial Neoplasms,int64,0.0,2
outer:01_ultra_conservative,"CLIN_disease_type_Cystic, Mucinous and Serous Neoplasms",int64,0.0,2
outer:01_ultra_conservative,CLIN_disease_type_Ductal and Lobular Neoplasms,int64,0.0,2
outer:01_ultra_conservative,"CLIN_disease_type_Epithelial Neoplasms, NOS",int64,0.0,2
outer:01_ultra_conservative,CLIN_disease_type_Fibroepithelial Neoplasms,int64,0.0,2
outer:01_ultra_conservative,CLIN_disease_type_Squamous Cell Neoplasms,int64,0.0,2
outer:01_ultra_conservative,CLIN_race.demographic_american indian or alaska native,int64,0.0,2
outer:01_ultra_conservative,CLIN_race.demographic_asian,int64,0.0,2
outer:01_ultra_conservative,CLIN_race.demographic_black or african american,int64,0.0,2
outer:01_ultra_conservative,CLIN_race.demographic_missing,int64,0.0,2
outer:01_ultra_conservative,CLIN_race.demographic_white,int64,0.0,2
outer:01_ultra_conservative,CLIN_ethnicity.demographic_hispanic or latino,int64,0.0,2
outer:01_ultra_conservative,CLIN_ethnicity.demographic_missing,int64,0.0,2
outer:01_ultra_conservative,CLIN_ethnicity.demographic_not hispanic or latino,int64,0.0,2
outer:01_ultra_conservative,CLIN_ajcc_pathologic_stage.diagnoses_Stage I,int64,0.0,2
outer:01_ultra_conservative,CLIN_ajcc_pathologic_stage.diagnoses_Stage IA,int64,0.0,2
outer:01_ultra_conservative,CLIN_ajcc_pathologic_stage.diagnoses_Stage IB,int64,0.0,2
outer:01_ultra_conservative,CLIN_ajcc_pathologic_stage.diagnoses_Stage II,int64,0.0,2
outer:01_ultra_conservative,CLIN_ajcc_pathologic_stage.diagnoses_Stage IIA,int64,0.0,2
outer:01_ultra_conservative,CLIN_ajcc_pathologic_stage.diagnoses_Stage IIB,int64,0.0,2
outer:01_ultra_conservative,CLIN_ajcc_pathologic_stage.diagnoses_Stage III,int64,0.0,2
outer:01_ultra_conservative,CLIN_ajcc_pathologic_stage.diagnoses_Stage IIIA,int64,0.0,2
outer:01_ultra_conservative,CLIN_ajcc_pathologic_stage.diagnoses_Stage IIIB,int64,0.0,2
outer:01_ultra_conservative,CLIN_ajcc_pathologic_stage.diagnoses_Stage IIIC,int64,0.0,2
outer:01_ultra_conservative,CLIN_ajcc_pathologic_stage.diagnoses_Stage IV,int64,0.0,2
outer:01_ultra_conservative,CLIN_ajcc_pathologic_stage.diagnoses_Stage X,int64,0.0,2
outer:01_ultra_conservative,CLIN_ajcc_pathologic_stage.diagnoses_missing,int64,0.0,2
outer:01_ultra_conservative,"CLIN_tissue_or_organ_of_origin.diagnoses_Breast, NOS",int64,0.0,2
outer:01_ultra_conservative,CLIN_tissue_or_organ_of_origin.diagnoses_Lower-inner quadrant of breast,int64,0.0,2
outer:01_ultra_conservative,CLIN_tissue_or_organ_of_origin.diagnoses_Lower-outer quadrant of breast,int64,0.0,2
outer:01_ultra_conservative,CLIN_tissue_or_organ_of_origin.diagnoses_Overlapping lesion of breast,int64,0.0,2
outer:01_ultra_conservative,CLIN_tissue_or_organ_of_origin.diagnoses_Upper-inner quadrant of breast,int64,0.0,2
outer:01_ultra_conservative,CLIN_tissue_or_organ_of_origin.diagnoses_Upper-outer quadrant of breast,int64,0.0,2
outer:01_ultra_conservative,CLIN_tissue_or_organ_of_origin.diagnoses_missing,int64,0.0,1
outer:01_ultra_conservative,CLIN_primary_diagnosis.diagnoses_Adenoid cystic carcinoma,int64,0.0,2
outer:01_ultra_conservative,CLIN_primary_diagnosis.diagnoses_Apocrine adenocarcinoma,int64,0.0,2
outer:01_ultra_conservative,"CLIN_primary_diagnosis.diagnoses_Basal cell carcinoma, NOS",int64,0.0,2
outer:01_ultra_conservative,"CLIN_primary_diagnosis.diagnoses_Carcinoma, NOS",int64,0.0,2
outer:01_ultra_conservative,"CLIN_primary_diagnosis.diagnoses_Cribriform carcinoma, NOS",int64,0.0,2
outer:01_ultra_conservative,CLIN_primary_diagnosis.diagnoses_Infiltrating duct and lobular carcinoma,int64,0.0,2
outer:01_ultra_conservative,"CLIN_primary_diagnosis.diagnoses_Infiltrating duct carcinoma, NOS",int64,0.0,2
outer:01_ultra_conservative,CLIN_primary_diagnosis.diagnoses_Infiltrating duct mixed with other types of carcinoma,int64,0.0,2
outer:01_ultra_conservative,CLIN_primary_diagnosis.diagnoses_Infiltrating lobular mixed with other types of carcinoma,int64,0.0,2
outer:01_ultra_conservative,CLIN_primary_diagnosis.diagnoses_Intraductal micropapillary carcinoma,int64,0.0,2
outer:01_ultra_conservative,CLIN_primary_diagnosis.diagnoses_Intraductal papillary adenocarcinoma with invasion,int64,0.0,2
outer:01_ultra_conservative,CLIN_primary_diagnosis.diagnoses_Large cell neuroendocrine carcinoma,int64,0.0,2
outer:01_ultra_conservative,"CLIN_primary_diagnosis.diagnoses_Lobular carcinoma, NOS",int64,0.0,2
outer:01_ultra_conservative,"CLIN_primary_diagnosis.diagnoses_Medullary carcinoma, NOS",int64,0.0,2
outer:01_ultra_conservative,"CLIN_primary_diagnosis.diagnoses_Metaplastic carcinoma, NOS",int64,0.0,2
outer:01_ultra_conservative,CLIN_primary_diagnosis.diagnoses_Mucinous adenocarcinoma,int64,0.0,2
outer:01_ultra_conservative,CLIN_primary_diagnosis.diagnoses_Paget disease and infiltrating duct carcinoma of breast,int64,0.0,2
outer:01_ultra_conservative,"CLIN_primary_diagnosis.diagnoses_Papillary carcinoma, NOS",int64,0.0,2
outer:01_ultra_conservative,"CLIN_primary_diagnosis.diagnoses_Phyllodes tumor, malignant",int64,0.0,2
outer:01_ultra_conservative,CLIN_primary_diagnosis.diagnoses_Pleomorphic carcinoma,int64,0.0,2
outer:01_ultra_conservative,CLIN_primary_diagnosis.diagnoses_Secretory carcinoma of breast,int64,0.0,2
outer:01_ultra_conservative,CLIN_primary_diagnosis.diagnoses_Tubular adenocarcinoma,int64,0.0,2
outer:01_ultra_conservative,CLIN_primary_diagnosis.diagnoses_missing,int64,0.0,1
outer:01_ultra_conservative,CLIN_prior_malignancy.diagnoses_missing,int64,0.0,2
outer:01_ultra_conservative,CLIN_prior_malignancy.diagnoses_no,int64,0.0,2
outer:01_ultra_conservative,CLIN_prior_malignancy.diagnoses_yes,int64,0.0,2
outer:01_ultra_conservative,CLIN_prior_treatment.diagnoses_No,int64,0.0,2
outer:01_ultra_conservative,CLIN_prior_treatment.diagnoses_Yes,int64,0.0,2
outer:01_ultra_conservative,CLIN_prior_treatment.diagnoses_missing,int64,0.0,2
outer:01_ultra_conservative,CLIN_ajcc_staging_system_edition.diagnoses_3rd,int64,0.0,2
outer:01_ultra_conservative,CLIN_ajcc_staging_system_edition.diagnoses_4th,int64,0.0,2
outer:01_ultra_conservative,CLIN_ajcc_staging_system_edition.diagnoses_5th,int64,0.0,2
outer:01_ultra_conservative,CLIN_ajcc_staging_system_edition.diagnoses_6th,int64,0.0,2
outer:01_ultra_conservative,CLIN_ajcc_staging_system_edition.diagnoses_7th,int64,0.0,2
outer:01_ultra_conservative,CLIN_ajcc_staging_system_edition.diagnoses_missing,int64,0.0,2
outer:01_ultra_conservative,CLIN_ajcc_pathologic_t.diagnoses_T1,int64,0.0,2
outer:01_ultra_conservative,CLIN_ajcc_pathologic_t.diagnoses_T1a,int64,0.0,2
outer:01_ultra_conservative,CLIN_ajcc_pathologic_t.diagnoses_T1b,int64,0.0,2
outer:01_ultra_conservative,CLIN_ajcc_pathologic_t.diagnoses_T1c,int64,0.0,2
outer:01_ultra_conservative,CLIN_ajcc_pathologic_t.diagnoses_T2,int64,0.0,2
outer:01_ultra_conservative,CLIN_ajcc_pathologic_t.diagnoses_T2a,int64,0.0,2
outer:01_ultra_conservative,CLIN_ajcc_pathologic_t.diagnoses_T2b,int64,0.0,2
outer:01_ultra_conservative,CLIN_ajcc_pathologic_t.diagnoses_T3,int64,0.0,2
outer:01_ultra_conservative,CLIN_ajcc_pathologic_t.diagnoses_T3a,int64,0.0,2
outer:01_ultra_conservative,CLIN_ajcc_pathologic_t.diagnoses_T4,int64,0.0,2
outer:01_ultra_conservative,CLIN_ajcc_pathologic_t.diagnoses_T4b,int64,0.0,2
outer:01_ultra_conservative,CLIN_ajcc_pathologic_t.diagnoses_T4d,int64,0.0,2
outer:01_ultra_conservative,CLIN_ajcc_pathologic_t.diagnoses_TX,int64,0.0,2
outer:01_ultra_conservative,CLIN_ajcc_pathologic_t.diagnoses_missing,int64,0.0,1
outer:01_ultra_conservative,CLIN_morphology.diagnoses_8010/3,int64,0.0,2
outer:01_ultra_conservative,CLIN_morphology.diagnoses_8013/3,int64,0.0,2
outer:01_ultra_conservative,CLIN_morphology.diagnoses_8022/3,int64,0.0,2
outer:01_ultra_conservative,CLIN_morphology.diagnoses_8050/3,int64,0.0,2
outer:01_ultra_conservative,CLIN_morphology.diagnoses_8090/3,int64,0.0,2
outer:01_ultra_conservative,CLIN_morphology.diagnoses_8200/3,int64,0.0,2
outer:01_ultra_conservative,CLIN_morphology.diagnoses_8201/3,int64,0.0,2
outer:01_ultra_conservative,CLIN_morphology.diagnoses_8211/3,int64,0.0,2
outer:01_ultra_conservative,CLIN_morphology.diagnoses_8401/3,int64,0.0,2
outer:01_ultra_conservative,CLIN_morphology.diagnoses_8480/3,int64,0.0,2
outer:01_ultra_conservative,CLIN_morphology.diagnoses_8500/3,int64,0.0,2
outer:01_ultra_conservative,CLIN_morphology.diagnoses_8502/3,int64,0.0,2
outer:01_ultra_conservative,CLIN_morphology.diagnoses_8503/3,int64,0.0,2
outer:01_ultra_conservative,CLIN_morphology.diagnoses_8507/3,int64,0.0,2
outer:01_ultra_conservative,CLIN_morphology.diagnoses_8510/3,int64,0.0,2
outer:01_ultra_conservative,CLIN_morphology.diagnoses_8520/3,int64,0.0,2
outer:01_ultra_conservative,CLIN_morphology.diagnoses_8522/3,int64,0.0,2
outer:01_ultra_conservative,CLIN_morphology.diagnoses_8523/3,int64,0.0,2
outer:01_ultra_conservative,CLIN_morphology.diagnoses_8524/3,int64,0.0,2
outer:01_ultra_conservative,CLIN_morphology.diagnoses_8541/3,int64,0.0,2
outer:01_ultra_conservative,CLIN_morphology.diagnoses_8575/3,int64,0.0,2
outer:01_ultra_conservative,CLIN_morphology.diagnoses_9020/3,int64,0.0,2
outer:01_ultra_conservative,CLIN_morphology.diagnoses_missing,int64,0.0,1
outer:01_ultra_conservative,CLIN_ajcc_pathologic_n.diagnoses_N0,int64,0.0,2
outer:01_ultra_conservative,CLIN_ajcc_pathologic_n.diagnoses_N0 (i+),int64,0.0,2
outer:01_ultra_conservative,CLIN_ajcc_pathologic_n.diagnoses_N0 (i-),int64,0.0,2
outer:01_ultra_conservative,CLIN_ajcc_pathologic_n.diagnoses_N0 (mol+),int64,0.0,2
outer:01_ultra_conservative,CLIN_ajcc_pathologic_n.diagnoses_N1,int64,0.0,2
outer:01_ultra_conservative,CLIN_ajcc_pathologic_n.diagnoses_N1a,int64,0.0,2
outer:01_ultra_conservative,CLIN_ajcc_pathologic_n.diagnoses_N1b,int64,0.0,2
outer:01_ultra_conservative,CLIN_ajcc_pathologic_n.diagnoses_N1c,int64,0.0,2
outer:01_ultra_conservative,CLIN_ajcc_pathologic_n.diagnoses_N1mi,int64,0.0,2
outer:01_ultra_conservative,CLIN_ajcc_pathologic_n.diagnoses_N2,int64,0.0,2
outer:01_ultra_conservative,CLIN_ajcc_pathologic_n.diagnoses_N2a,int64,0.0,2
outer:01_ultra_conservative,CLIN_ajcc_pathologic_n.diagnoses_N3,int64,0.0,2
outer:01_ultra_conservative,CLIN_ajcc_pathologic_n.diagnoses_N3a,int64,0.0,2
outer:01_ultra_conservative,CLIN_ajcc_pathologic_n.diagnoses_N3b,int64,0.0,2
outer:01_ultra_conservative,CLIN_ajcc_pathologic_n.diagnoses_N3c,int64,0.0,2
outer:01_ultra_conservative,CLIN_ajcc_pathologic_n.diagnoses_NX,int64,0.0,2
outer:01_ultra_conservative,CLIN_ajcc_pathologic_n.diagnoses_missing,int64,0.0,1
outer:01_ultra_conservative,CLIN_ajcc_pathologic_m.diagnoses_M0,int64,0.0,2
outer:01_ultra_conservative,CLIN_ajcc_pathologic_m.diagnoses_M1,int64,0.0,2
outer:01_ultra_conservative,CLIN_ajcc_pathologic_m.diagnoses_MX,int64,0.0,2
outer:01_ultra_conservative,CLIN_ajcc_pathologic_m.diagnoses_cM0 (i+),int64,0.0,2
outer:01_ultra_conservative,CLIN_ajcc_pathologic_m.diagnoses_missing,int64,0.0,1
outer:01_ultra_conservative,"CLIN_treatment_or_therapy.treatments.diagnoses_['no', 'no']",int64,0.0,2
outer:01_ultra_conservative,"CLIN_treatment_or_therapy.treatments.diagnoses_['no', 'not reported']",int64,0.0,2
outer:01_ultra_conservative,"CLIN_treatment_or_therapy.treatments.diagnoses_['no', 'yes']",int64,0.0,2
outer:01_ultra_conservative,"CLIN_treatment_or_therapy.treatments.diagnoses_['not reported', 'no']",int64,0.0,2
outer:01_ultra_conservative,"CLIN_treatment_or_therapy.treatments.diagnoses_['not reported', 'not reported']",int64,0.0,2
outer:01_ultra_conservative,"CLIN_treatment_or_therapy.treatments.diagnoses_['not reported', 'yes']",int64,0.0,2
outer:01_ultra_conservative,"CLIN_treatment_or_therapy.treatments.diagnoses_['yes', 'no']",int64,0.0,2
outer:01_ultra_conservative,"CLIN_treatment_or_therapy.treatments.diagnoses_['yes', 'not reported']",int64,0.0,2
outer:01_ultra_conservative,"CLIN_treatment_or_therapy.treatments.diagnoses_['yes', 'yes']",int64,0.0,2
outer:01_ultra_conservative,CLIN_treatment_or_therapy.treatments.diagnoses_missing,int64,0.0,1
outer:01_ultra_conservative,RNA_ENSG00000228098.1,float64,0.0,9
outer:01_ultra_conservative,RNA_ENSG00000287660.1,float64,0.0,7
outer:01_ultra_conservative,RNA_ENSG00000248120.1,float64,0.0,12
outer:01_ultra_conservative,RNA_ENSG00000270900.1,float64,0.0,16
outer:01_ultra_conservative,RNA_ENSG00000224357.1,float64,0.0,11
outer:01_ultra_conservative,RNA_ENSG00000281167.1,float64,0.0,6
outer:01_ultra_conservative,RNA_ENSG00000287977.1,float64,0.0,10
outer:01_ultra_conservative,RNA_ENSG00000201288.1,float64,0.0,7
outer:01_ultra_conservative,RNA_ENSG00000170255.7,float64,0.0,7
outer:01_ultra_conservative,RNA_ENSG00000255746.1,float64,0.0,11
outer:01_ultra_conservative,RNA_ENSG00000271421.1,float64,0.0,7
outer:01_ultra_conservative,RNA_ENSG00000261511.1,float64,0.0,9
outer:01_ultra_conservative,RNA_ENSG00000230609.1,float64,0.0,17
outer:01_ultra_conservative,RNA_ENSG00000172199.1,float64,0.0,12
outer:01_ultra_conservative,RNA_ENSG00000213384.2,float64,0.0,18
outer:01_ultra_conservative,RNA_ENSG00000248764.1,float64,0.0,11
outer:01_ultra_conservative,RNA_ENSG00000278694.1,float64,0.0,7
outer:01_ultra_conservative,RNA_ENSG00000271712.1,float64,0.0,7
outer:01_ultra_conservative,RNA_ENSG00000264767.2,float64,0.0,16
outer:01_ultra_conservative,RNA_ENSG00000287239.1,float64,0.0,9
outer:01_ultra_conservative,RNA_ENSG00000220949.2,float64,0.0,11
outer:01_ultra_conservative,RNA_ENSG00000283207.1,float64,0.0,4
outer:01_ultra_conservative,RNA_ENSG00000271094.1,float64,0.0,5
outer:01_ultra_conservative,RNA_ENSG00000277888.1,float64,0.0,5
outer:01_ultra_conservative,RNA_ENSG00000226159.2,float64,0.0,19
outer:01_ultra_conservative,RNA_ENSG00000217160.2,float64,0.0,9
outer:01_ultra_conservative,RNA_ENSG00000201287.1,float64,0.0,15
outer:01_ultra_conservative,RNA_ENSG00000244000.1,float64,0.0,3
outer:01_ultra_conservative,RNA_ENSG00000249764.1,float64,0.0,5
outer:01_ultra_conservative,RNA_ENSG00000249890.1,float64,0.0,7
outer:01_ultra_conservative,RNA_ENSG00000251686.1,float64,0.0,10
outer:01_ultra_conservative,RNA_ENSG00000263020.6,float64,0.0,3
outer:01_ultra_conservative,RNA_ENSG00000226847.1,float64,0.0,6
outer:01_ultra_conservative,RNA_ENSG00000229458.2,float64,0.0,13
outer:01_ultra_conservative,RNA_ENSG00000199735.1,float64,0.0,10
outer:01_ultra_conservative,RNA_ENSG00000200361.1,float64,0.0,4
outer:01_ultra_conservative,RNA_ENSG00000242650.3,float64,0.0,16
outer:01_ultra_conservative,RNA_ENSG00000276442.1,float64,0.0,3
outer:01_ultra_conservative,RNA_ENSG00000263581.1,float64,0.0,3
outer:01_ultra_conservative,RNA_ENSG00000223637.7,float64,0.0,3
outer:01_ultra_conservative,RNA_ENSG00000265007.1,float64,0.0,4
outer:01_ultra_conservative,RNA_ENSG00000225896.1,float64,0.0,4
outer:01_ultra_conservative,RNA_ENSG00000222744.1,float64,0.0,15
outer:01_ultra_conservative,RNA_ENSG00000234349.1,float64,0.0,8
outer:01_ultra_conservative,RNA_ENSG00000226873.1,float64,0.0,3
outer:01_ultra_conservative,RNA_ENSG00000207084.1,float64,0.0,7
outer:01_ultra_conservative,RNA_ENSG00000252104.1,float64,0.0,5
outer:01_ultra_conservative,RNA_ENSG00000276998.1,float64,0.0,3
outer:01_ultra_conservative,RNA_ENSG00000283545.1,float64,0.0,12
outer:01_ultra_conservative,RNA_ENSG00000257125.1,float64,0.0,9
outer:01_ultra_conservative,RNA_missing,int64,0.0,2
outer:01_ultra_conservative,CNV_ENSG00000213275.2,float64,0.0,28
outer:01_ultra_conservative,CNV_ENSG00000287272.1,float64,0.0,17
outer:01_ultra_conservative,CNV_ENSG00000267083.1,float64,0.0,26
outer:01_ultra_conservative,CNV_ENSG00000274489.1,float64,0.0,26
outer:01_ultra_conservative,CNV_ENSG00000215262.8,float64,0.0,26
outer:01_ultra_conservative,CNV_ENSG00000254038.1,float64,0.0,28
outer:01_ultra_conservative,CNV_ENSG00000243503.2,float64,0.0,28
outer:01_ultra_conservative,CNV_ENSG00000244235.2,float64,0.0,20
outer:01_ultra_conservative,CNV_ENSG00000253135.1,float64,0.0,20
outer:01_ultra_conservative,CNV_ENSG00000287644.1,float64,0.0,24
outer:01_ultra_conservative,CNV_ENSG00000199985.1,float64,0.0,27
outer:01_ultra_conservative,CNV_ENSG00000254320.1,float64,0.0,26
outer:01_ultra_conservative,CNV_ENSG00000253650.1,float64,0.0,27
outer:01_ultra_conservative,CNV_ENSG00000265666.1,float64,0.0,21
outer:01_ultra_conservative,CNV_ENSG00000278918.1,float64,0.0,21
outer:01_ultra_conservative,CNV_ENSG00000206871.1,float64,0.0,26
outer:01_ultra_conservative,CNV_ENSG00000253610.1,float64,0.0,26
outer:01_ultra_conservative,CNV_ENSG00000219491.7,float64,0.0,27
outer:01_ultra_conservative,CNV_ENSG00000238966.1,float64,0.0,20
outer:01_ultra_conservative,CNV_ENSG00000207101.1,float64,0.0,21
outer:01_ultra_conservative,CNV_ENSG00000174132.9,float64,0.0,12
outer:01_ultra_conservative,CNV_ENSG00000239281.2,float64,0.0,19
outer:01_ultra_conservative,CNV_ENSG00000263372.1,float64,0.0,19
outer:01_ultra_conservative,CNV_ENSG00000131759.18,float64,0.0,23
outer:01_ultra_conservative,CNV_ENSG00000260588.1,float64,0.0,20
outer:01_ultra_conservative,CNV_ENSG00000252618.1,float64,0.0,21
outer:01_ultra_conservative,CNV_ENSG00000249787.2,float64,0.0,12
outer:01_ultra_conservative,CNV_ENSG00000241834.3,float64,0.0,20
outer:01_ultra_conservative,CNV_ENSG00000253504.1,float64,0.0,24
outer:01_ultra_conservative,CNV_ENSG00000261449.1,float64,0.0,20
outer:01_ultra_conservative,CNV_ENSG00000070718.12,float64,0.0,20
outer:01_ultra_conservative,CNV_ENSG00000083168.11,float64,0.0,20
outer:01_ultra_conservative,CNV_ENSG00000264655.1,float64,0.0,21
outer:01_ultra_conservative,CNV_ENSG00000253265.1,float64,0.0,21
outer:01_ultra_conservative,CNV_ENSG00000266208.1,float64,0.0,21
outer:01_ultra_conservative,CNV_ENSG00000183153.7,float64,0.0,21
outer:01_ultra_conservative,CNV_ENSG00000253123.4,float64,0.0,29
outer:01_ultra_conservative,CNV_ENSG00000271938.1,float64,0.0,20
outer:01_ultra_conservative,CNV_ENSG00000253509.1,float64,0.0,19
outer:01_ultra_conservative,CNV_ENSG00000253363.7,float64,0.0,27
outer:01_ultra_conservative,CNV_ENSG00000206852.1,float64,0.0,19
outer:01_ultra_conservative,CNV_ENSG00000278346.1,float64,0.0,21
outer:01_ultra_conservative,CNV_ENSG00000275374.1,float64,0.0,12
outer:01_ultra_conservative,CNV_ENSG00000244708.1,float64,0.0,27
outer:01_ultra_conservative,CNV_ENSG00000247877.7,float64,0.0,12
outer:01_ultra_conservative,CNV_ENSG00000254384.1,float64,0.0,24
outer:01_ultra_conservative,CNV_ENSG00000253746.1,float64,0.0,29
outer:01_ultra_conservative,CNV_ENSG00000253685.1,float64,0.0,24
outer:01_ultra_conservative,CNV_ENSG00000253524.1,float64,0.0,26
outer:01_ultra_conservative,CNV_ENSG00000104332.12,float64,0.0,19
outer:01_ultra_conservative,CNV_missing,int64,0.0,2
outer:01_ultra_conservative,MUT_ABR,float64,0.0,2
outer:01_ultra_conservative,MUT_CR1,float64,0.0,2
outer:01_ultra_conservative,MUT_ADAMTS20,float64,0.0,2
outer:01_ultra_conservative,MUT_PTCHD3,float64,0.0,2
outer:01_ultra_conservative,MUT_MAML2,float64,0.0,2
outer:01_ultra_conservative,MUT_CACNA1S,float64,0.0,2
outer:01_ultra_conservative,MUT_DOCK9,float64,0.0,2
outer:01_ultra_conservative,MUT_GRIPAP1,float64,0.0,2
outer:01_ultra_conservative,MUT_LRP6,float64,0.0,2
outer:01_ultra_conservative,MUT_FCRL5,float64,0.0,2
outer:01_ultra_conservative,MUT_PIKFYVE,float64,0.0,2
outer:01_ultra_conservative,MUT_RBM26,float64,0.0,2
outer:01_ultra_conservative,MUT_AP3B1,float64,0.0,2
outer:01_ultra_conservative,MUT_NLGN4X,float64,0.0,2
outer:01_ultra_conservative,MUT_TDRD5,float64,0.0,2
outer:01_ultra_conservative,MUT_CEP95,float64,0.0,2
outer:01_ultra_conservative,MUT_GBE1,float64,0.0,2
outer:01_ultra_conservative,MUT_SRRM2,float64,0.0,2
outer:01_ultra_conservative,MUT_PIK3CB,float64,0.0,2
outer:01_ultra_conservative,MUT_SLC26A9,float64,0.0,2
outer:01_ultra_conservative,MUT_EPPK1,float64,0.0,2
outer:01_ultra_conservative,MUT_TMC2,float64,0.0,2
outer:01_ultra_conservative,MUT_GOLGA4,float64,0.0,2
outer:01_ultra_conservative,MUT_HMCN1,float64,0.0,2
outer:01_ultra_conservative,MUT_DMD,float64,0.0,2
outer:01_ultra_conservative,MUT_PTEN,float64,0.0,2
outer:01_ultra_conservative,MUT_MACF1,float64,0.0,2
outer:01_ultra_conservative,MUT_NCOR1,float64,0.0,2
outer:01_ultra_conservative,MUT_FAT3,float64,0.0,2
outer:01_ultra_conservative,MUT_MAP3K1,float64,0.0,2
outer:01_ultra_conservative,MUT_SPTA1,float64,0.0,2
outer:01_ultra_conservative,MUT_SYNE1,float64,0.0,2
outer:01_ultra_conservative,MUT_GATA3,float64,0.0,2
outer:01_ultra_conservative,MUT_ABCA13,float64,0.0,2
outer:01_ultra_conservative,MUT_PIK3CA,float64,0.0,2
outer:01_ultra_conservative,MUT_MUC17,float64,0.0,2
outer:01_ultra_conservative,MUT_RYR3,float64,0.0,2
outer:01_ultra_conservative,MUT_DST,float64,0.0,2
outer:01_ultra_conservative,MUT_OBSCN,float64,0.0,2
outer:01_ultra_conservative,MUT_RYR2,float64,0.0,2
outer:01_ultra_conservative,MUT_KMT2C,float64,0.0,2
outer:01_ultra_conservative,MUT_NEB,float64,0.0,2
outer:01_ultra_conservative,MUT_FLG,float64,0.0,2
outer:01_ultra_conservative,MUT_MUC5B,float64,0.0,2
outer:01_ultra_conservative,MUT_TP53,float64,0.0,2
outer:01_ultra_conservative,MUT_ZFHX4,float64,0.0,2
outer:01_ultra_conservative,MUT_MUC16,float64,0.0,2
outer:01_ultra_conservative,MUT_USH2A,float64,0.0,2
outer:01_ultra_conservative,MUT_CDH1,float64,0.0,2
outer:01_ultra_conservative,MUT_TTN,float64,0.0,2
outer:01_ultra_conservative,MUT_missing,int64,0.0,2
outer:01_ultra_conservative,PROT_ERALPHA,float64,0.0,526
outer:01_ultra_conservative,PROT_DNA-Ligase-IV,float64,0.0,509
outer:01_ultra_conservative,PROT_TUBERIN_pT1462,float64,0.0,526
outer:01_ultra_conservative,PROT_PAXILLIN,float64,0.0,527
outer:01_ultra_conservative,PROT_Aurora-ABC_pT288_pT232_pT198,float64,0.0,510
outer:01_ultra_conservative,PROT_CYCLINB1,float64,0.0,525
outer:01_ultra_conservative,PROT_Gli1,float64,0.0,510
outer:01_ultra_conservative,PROT_CLAUDIN7,float64,0.0,526
outer:01_ultra_conservative,PROT_PRC1_pT481,float64,0.0,509
outer:01_ultra_conservative,PROT_P38_pT180Y182,float64,0.0,527
outer:01_ultra_conservative,PROT_Hexokinase-II,float64,0.0,511
outer:01_ultra_conservative,PROT_DVL3,float64,0.0,527
outer:01_ultra_conservative,PROT_SETD2,float64,0.0,525
outer:01_ultra_conservative,PROT_4EBP1_pT37T46,float64,0.0,526
outer:01_ultra_conservative,PROT_GSK3_pS9,float64,0.0,525
outer:01_ultra_conservative,PROT_Cdc42,float64,0.0,507
outer:01_ultra_conservative,PROT_PLC-gamma1,float64,0.0,510
outer:01_ultra_conservative,PROT_CD20,float64,0.0,526
outer:01_ultra_conservative,PROT_c-IAP2,float64,0.0,509
outer:01_ultra_conservative,PROT_b-Actin,float64,0.0,510
outer:01_ultra_conservative,PROT_Atg4B,float64,0.0,509
outer:01_ultra_conservative,PROT_DM-K9-Histone-H3,float64,0.0,509
outer:01_ultra_conservative,PROT_P70S6K1,float64,0.0,525
outer:01_ultra_conservative,PROT_RPA32,float64,0.0,508
outer:01_ultra_conservative,PROT_Slfn11,float64,0.0,509
outer:01_ultra_conservative,PROT_Jagged1,float64,0.0,505
outer:01_ultra_conservative,PROT_COG3,float64,0.0,525
outer:01_ultra_conservative,PROT_TIGAR,float64,0.0,527
outer:01_ultra_conservative,PROT_KU80,float64,0.0,526
outer:01_ultra_conservative,PROT_Aurora-A,float64,0.0,511
outer:01_ultra_conservative,PROT_BRAF,float64,0.0,526
outer:01_ultra_conservative,PROT_FAK_pY397,float64,0.0,508
outer:01_ultra_conservative,PROT_IGF1R_pY1135Y1136,float64,0.0,524
outer:01_ultra_conservative,PROT_SMAD4,float64,0.0,524
outer:01_ultra_conservative,PROT_CD45,float64,0.0,511
outer:01_ultra_conservative,PROT_Glucocorticoid-Receptor,float64,0.0,511
outer:01_ultra_conservative,PROT_p90RSK_pT573,float64,0.0,507
outer:01_ultra_conservative,PROT_4EBP1_pS65,float64,0.0,526
outer:01_ultra_conservative,PROT_MR1,float64,0.0,510
outer:01_ultra_conservative,PROT_PHLPP,float64,0.0,511
outer:01_ultra_conservative,PROT_DDR1,float64,0.0,511
outer:01_ultra_conservative,PROT_EIF4G,float64,0.0,526
outer:01_ultra_conservative,PROT_ATP5A,float64,0.0,510
outer:01_ultra_conservative,PROT_PAR,float64,0.0,511
outer:01_ultra_conservative,PROT_MYH11,float64,0.0,527
outer:01_ultra_conservative,PROT_EPPK1,float64,0.0,525
outer:01_ultra_conservative,PROT_FASN,float64,0.0,526
outer:01_ultra_conservative,PROT_ECADHERIN,float64,0.0,526
outer:01_ultra_conservative,PROT_EMA,float64,0.0,511
outer:01_ultra_conservative,PROT_Connexin-43,float64,0.0,511
outer:01_ultra_conservative,PROT_missing,int64,0.0,2
outer:01_ultra_conservative,METH_cg17573813,float64,0.0,527
outer:01_ultra_conservative,METH_cg16719517,float64,0.0,527
outer:01_ultra_conservative,METH_cg13849454,float64,0.0,527
outer:01_ultra_conservative,METH_cg17033333,float64,0.0,527
outer:01_ultra_conservative,METH_cg23091104,float64,0.0,527
outer:01_ultra_conservative,METH_cg23097686,float64,0.0,527
outer:01_ultra_conservative,METH_cg06912515,float64,0.0,527
outer:01_ultra_conservative,METH_cg08857906,float64,0.0,526
outer:01_ultra_conservative,METH_cg16602369,float64,0.0,527
outer:01_ultra_conservative,METH_cg02525705,float64,0.0,524
outer:01_ultra_conservative,METH_cg26323797,float64,0.0,527
outer:01_ultra_conservative,METH_cg10342963,float64,0.0,522
outer:01_ultra_conservative,METH_cg18141400,float64,0.0,527
outer:01_ultra_conservative,METH_cg17882374,float64,0.0,526
outer:01_ultra_conservative,METH_cg19789653,float64,0.0,527
outer:01_ultra_conservative,METH_cg14168530,float64,0.0,526
outer:01_ultra_conservative,METH_cg23782616,float64,0.0,527
outer:01_ultra_conservative,METH_cg04571941,float64,0.0,527
outer:01_ultra_conservative,METH_cg16578537,float64,0.0,527
outer:01_ultra_conservative,METH_cg13371788,float64,0.0,527
outer:01_ultra_conservative,METH_cg01163842,float64,0.0,527
outer:01_ultra_conservative,METH_cg19544662,float64,0.0,527
outer:01_ultra_conservative,METH_cg06168050,float64,0.0,527
outer:01_ultra_conservative,METH_cg10327440,float64,0.0,527
outer:01_ultra_conservative,METH_cg11837293,float64,0.0,414
outer:01_ultra_conservative,METH_cg07813142,float64,0.0,527
outer:01_ultra_conservative,METH_cg12934884,float64,0.0,502
outer:01_ultra_conservative,METH_cg09568464,float64,0.0,527
outer:01_ultra_conservative,METH_cg27307781,float64,0.0,527
outer:01_ultra_conservative,METH_cg13643914,float64,0.0,527
outer:01_ultra_conservative,METH_cg03323292,float64,0.0,527
outer:01_ultra_conservative,METH_cg08162372,float64,0.0,527
outer:01_ultra_conservative,METH_cg22240348,float64,0.0,527
outer:01_ultra_conservative,METH_cg03135351,float64,0.0,527
outer:01_ultra_conservative,METH_cg22621695,float64,0.0,527
outer:01_ultra_conservative,METH_cg02823783,float64,0.0,527
outer:01_ultra_conservative,METH_cg26483578,float64,0.0,527
outer:01_ultra_conservative,METH_cg20100745,float64,0.0,480
outer:01_ultra_conservative,METH_cg00620018,float64,0.0,527
outer:01_ultra_conservative,METH_cg25208017,float64,0.0,527
outer:01_ultra_conservative,METH_cg12074025,float64,0.0,527
outer:01_ultra_conservative,METH_cg25566568,float64,0.0,507
outer:01_ultra_conservative,METH_cg24634471,float64,0.0,527
outer:01_ultra_conservative,METH_cg04407470,float64,0.0,527
outer:01_ultra_conservative,METH_cg19753794,float64,0.0,527
outer:01_ultra_conservative,METH_cg14921743,float64,0.0,527
outer:01_ultra_conservative,METH_cg08539872,float64,0.0,497
outer:01_ultra_conservative,METH_cg17733616,float64,0.0,527
outer:01_ultra_conservative,METH_cg01641792,float64,0.0,527
outer:01_ultra_conservative,METH_cg20545544,float64,0.0,527
outer:01_ultra_conservative,METH_missing,int64,0.0,2
outer:01_ultra_conservative,MIRNA_hsa-mir-4326,float64,0.0,465
outer:01_ultra_conservative,MIRNA_hsa-mir-375,float64,0.0,527
outer:01_ultra_conservative,MIRNA_hsa-mir-181a-1,float64,0.0,527
outer:01_ultra_conservative,MIRNA_hsa-let-7e,float64,0.0,527
outer:01_ultra_conservative,MIRNA_hsa-mir-103a-1,float64,0.0,527
outer:01_ultra_conservative,MIRNA_hsa-mir-99a,float64,0.0,527
outer:01_ultra_conservative,MIRNA_hsa-mir-202,float64,0.0,369
outer:01_ultra_conservative,MIRNA_hsa-mir-326,float64,0.0,524
outer:01_ultra_conservative,MIRNA_hsa-mir-101-1,float64,0.0,527
outer:01_ultra_conservative,MIRNA_hsa-mir-374c,float64,0.0,216
outer:01_ultra_conservative,MIRNA_hsa-mir-379,float64,0.0,527
outer:01_ultra_conservative,MIRNA_hsa-mir-101-2,float64,0.0,527
outer:01_ultra_conservative,MIRNA_hsa-mir-125b-2,float64,0.0,527
outer:01_ultra_conservative,MIRNA_hsa-mir-1258,float64,0.0,420
outer:01_ultra_conservative,MIRNA_hsa-mir-134,float64,0.0,527
outer:01_ultra_conservative,MIRNA_hsa-mir-195,float64,0.0,527
outer:01_ultra_conservative,MIRNA_hsa-let-7c,float64,0.0,527
outer:01_ultra_conservative,MIRNA_hsa-mir-411,float64,0.0,520
outer:01_ultra_conservative,MIRNA_hsa-mir-215,float64,0.0,523
outer:01_ultra_conservative,MIRNA_hsa-mir-424,float64,0.0,527
outer:01_ultra_conservative,MIRNA_hsa-mir-592,float64,0.0,502
outer:01_ultra_conservative,MIRNA_hsa-mir-3607,float64,0.0,527
outer:01_ultra_conservative,MIRNA_hsa-mir-1254-2,float64,0.0,344
outer:01_ultra_conservative,MIRNA_hsa-mir-378c,float64,0.0,524
outer:01_ultra_conservative,MIRNA_hsa-mir-125b-1,float64,0.0,527
outer:01_ultra_conservative,MIRNA_hsa-mir-143,float64,0.0,527
outer:01_ultra_conservative,MIRNA_hsa-mir-551b,float64,0.0,446
outer:01_ultra_conservative,MIRNA_hsa-mir-127,float64,0.0,527
outer:01_ultra_conservative,MIRNA_hsa-mir-30e,float64,0.0,527
outer:01_ultra_conservative,MIRNA_hsa-mir-3926-1,float64,0.0,388
outer:01_ultra_conservative,MIRNA_hsa-mir-210,float64,0.0,527
outer:01_ultra_conservative,MIRNA_hsa-mir-9-2,float64,0.0,527
outer:01_ultra_conservative,MIRNA_hsa-mir-150,float64,0.0,527
outer:01_ultra_conservative,MIRNA_hsa-mir-205,float64,0.0,527
outer:01_ultra_conservative,MIRNA_hsa-mir-105-1,float64,0.0,267
outer:01_ultra_conservative,MIRNA_hsa-mir-9-1,float64,0.0,527
outer:01_ultra_conservative,MIRNA_hsa-mir-105-2,float64,0.0,248
outer:01_ultra_conservative,MIRNA_hsa-mir-1269a,float64,0.0,325
outer:01_ultra_conservative,MIRNA_hsa-mir-203a,float64,0.0,527
outer:01_ultra_conservative,MIRNA_hsa-mir-9-3,float64,0.0,527
outer:01_ultra_conservative,MIRNA_hsa-mir-449a,float64,0.0,341
outer:01_ultra_conservative,MIRNA_hsa-mir-767,float64,0.0,239
outer:01_ultra_conservative,MIRNA_hsa-mir-577,float64,0.0,399
outer:01_ultra_conservative,MIRNA_hsa-mir-196a-2,float64,0.0,527
outer:01_ultra_conservative,MIRNA_hsa-mir-187,float64,0.0,512
outer:01_ultra_conservative,MIRNA_hsa-mir-203b,float64,0.0,523
outer:01_ultra_conservative,MIRNA_hsa-mir-224,float64,0.0,527
outer:01_ultra_conservative,MIRNA_hsa-mir-196a-1,float64,0.0,527
outer:01_ultra_conservative,MIRNA_hsa-mir-135b,float64,0.0,500
outer:01_ultra_conservative,MIRNA_hsa-mir-184,float64,0.0,506
outer:01_ultra_conservative,MIRNA_missing,int64,0.0,2
outer:01_ultra_conservative,OS,int64,0.0,2
outer:01_ultra_conservative,OS.time,float64,0.0,826
outer:02_conservative,Unnamed: 0,object,0.0,1076
outer:02_conservative,CLIN_gender.demographic,float64,0.0,2
outer:02_conservative,CLIN_age_at_index.demographic,float64,0.0,65
outer:02_conservative,CLIN_tumor_descriptor.samples,int64,0.0,2
outer:02_conservative,CLIN_disease_type_Adenomas and Adenocarcinomas,int64,0.0,2
outer:02_conservative,CLIN_disease_type_Adnexal and Skin Appendage Neoplasms,int64,0.0,2
outer:02_conservative,CLIN_disease_type_Basal Cell Neoplasms,int64,0.0,2
outer:02_conservative,CLIN_disease_type_Complex Epithelial Neoplasms,int64,0.0,2
outer:02_conservative,"CLIN_disease_type_Cystic, Mucinous and Serous Neoplasms",int64,0.0,2
outer:02_conservative,CLIN_disease_type_Ductal and Lobular Neoplasms,int64,0.0,2
outer:02_conservative,"CLIN_disease_type_Epithelial Neoplasms, NOS",int64,0.0,2
outer:02_conservative,CLIN_disease_type_Fibroepithelial Neoplasms,int64,0.0,2
outer:02_conservative,CLIN_disease_type_Squamous Cell Neoplasms,int64,0.0,2
outer:02_conservative,CLIN_race.demographic_american indian or alaska native,int64,0.0,2
outer:02_conservative,CLIN_race.demographic_asian,int64,0.0,2
outer:02_conservative,CLIN_race.demographic_black or african american,int64,0.0,2
outer:02_conservative,CLIN_race.demographic_missing,int64,0.0,2
outer:02_conservative,CLIN_race.demographic_white,int64,0.0,2
outer:02_conservative,CLIN_ethnicity.demographic_hispanic or latino,int64,0.0,2
outer:02_conservative,CLIN_ethnicity.demographic_missing,int64,0.0,2
outer:02_conservative,CLIN_ethnicity.demographic_not hispanic or latino,int64,0.0,2
outer:02_conservative,CLIN_ajcc_pathologic_stage.diagnoses_Stage I,int64,0.0,2
outer:02_conservative,CLIN_ajcc_pathologic_stage.diagnoses_Stage IA,int64,0.0,2
outer:02_conservative,CLIN_ajcc_pathologic_stage.diagnoses_Stage IB,int64,0.0,2
outer:02_conservative,CLIN_ajcc_pathologic_stage.diagnoses_Stage II,int64,0.0,2
outer:02_conservative,CLIN_ajcc_pathologic_stage.diagnoses_Stage IIA,int64,0.0,2
outer:02_conservative,CLIN_ajcc_pathologic_stage.diagnoses_Stage IIB,int64,0.0,2
outer:02_conservative,CLIN_ajcc_pathologic_stage.diagnoses_Stage III,int64,0.0,2
outer:02_conservative,CLIN_ajcc_pathologic_stage.diagnoses_Stage IIIA,int64,0.0,2
outer:02_conservative,CLIN_ajcc_pathologic_stage.diagnoses_Stage IIIB,int64,0.0,2
outer:02_conservative,CLIN_ajcc_pathologic_stage.diagnoses_Stage IIIC,int64,0.0,2
outer:02_conservative,CLIN_ajcc_pathologic_stage.diagnoses_Stage IV,int64,0.0,2
outer:02_conservative,CLIN_ajcc_pathologic_stage.diagnoses_Stage X,int64,0.0,2
outer:02_conservative,CLIN_ajcc_pathologic_stage.diagnoses_missing,int64,0.0,2
outer:02_conservative,"CLIN_tissue_or_organ_of_origin.diagnoses_Breast, NOS",int64,0.0,2
outer:02_conservative,CLIN_tissue_or_organ_of_origin.diagnoses_Lower-inner quadrant of breast,int64,0.0,2
outer:02_conservative,CLIN_tissue_or_organ_of_origin.diagnoses_Lower-outer quadrant of breast,int64,0.0,2
outer:02_conservative,CLIN_tissue_or_organ_of_origin.diagnoses_Overlapping lesion of breast,int64,0.0,2
outer:02_conservative,CLIN_tissue_or_organ_of_origin.diagnoses_Upper-inner quadrant of breast,int64,0.0,2
outer:02_conservative,CLIN_tissue_or_organ_of_origin.diagnoses_Upper-outer quadrant of breast,int64,0.0,2
outer:02_conservative,CLIN_tissue_or_organ_of_origin.diagnoses_missing,int64,0.0,1
outer:02_conservative,CLIN_primary_diagnosis.diagnoses_Adenoid cystic carcinoma,int64,0.0,2
outer:02_conservative,CLIN_primary_diagnosis.diagnoses_Apocrine adenocarcinoma,int64,0.0,2
outer:02_conservative,"CLIN_primary_diagnosis.diagnoses_Basal cell carcinoma, NOS",int64,0.0,2
outer:02_conservative,"CLIN_primary_diagnosis.diagnoses_Carcinoma, NOS",int64,0.0,2
outer:02_conservative,"CLIN_primary_diagnosis.diagnoses_Cribriform carcinoma, NOS",int64,0.0,2
outer:02_conservative,CLIN_primary_diagnosis.diagnoses_Infiltrating duct and lobular carcinoma,int64,0.0,2
outer:02_conservative,"CLIN_primary_diagnosis.diagnoses_Infiltrating duct carcinoma, NOS",int64,0.0,2
outer:02_conservative,CLIN_primary_diagnosis.diagnoses_Infiltrating duct mixed with other types of carcinoma,int64,0.0,2
outer:02_conservative,CLIN_primary_diagnosis.diagnoses_Infiltrating lobular mixed with other types of carcinoma,int64,0.0,2
outer:02_conservative,CLIN_primary_diagnosis.diagnoses_Intraductal micropapillary carcinoma,int64,0.0,2
outer:02_conservative,CLIN_primary_diagnosis.diagnoses_Intraductal papillary adenocarcinoma with invasion,int64,0.0,2
outer:02_conservative,CLIN_primary_diagnosis.diagnoses_Large cell neuroendocrine carcinoma,int64,0.0,2
outer:02_conservative,"CLIN_primary_diagnosis.diagnoses_Lobular carcinoma, NOS",int64,0.0,2
outer:02_conservative,"CLIN_primary_diagnosis.diagnoses_Medullary carcinoma, NOS",int64,0.0,2
outer:02_conservative,"CLIN_primary_diagnosis.diagnoses_Metaplastic carcinoma, NOS",int64,0.0,2
outer:02_conservative,CLIN_primary_diagnosis.diagnoses_Mucinous adenocarcinoma,int64,0.0,2
outer:02_conservative,CLIN_primary_diagnosis.diagnoses_Paget disease and infiltrating duct carcinoma of breast,int64,0.0,2
outer:02_conservative,"CLIN_primary_diagnosis.diagnoses_Papillary carcinoma, NOS",int64,0.0,2
outer:02_conservative,"CLIN_primary_diagnosis.diagnoses_Phyllodes tumor, malignant",int64,0.0,2
outer:02_conservative,CLIN_primary_diagnosis.diagnoses_Pleomorphic carcinoma,int64,0.0,2
outer:02_conservative,CLIN_primary_diagnosis.diagnoses_Secretory carcinoma of breast,int64,0.0,2
outer:02_conservative,CLIN_primary_diagnosis.diagnoses_Tubular adenocarcinoma,int64,0.0,2
outer:02_conservative,CLIN_primary_diagnosis.diagnoses_missing,int64,0.0,1
outer:02_conservative,CLIN_prior_malignancy.diagnoses_missing,int64,0.0,2
outer:02_conservative,CLIN_prior_malignancy.diagnoses_no,int64,0.0,2
outer:02_conservative,CLIN_prior_malignancy.diagnoses_yes,int64,0.0,2
outer:02_conservative,CLIN_prior_treatment.diagnoses_No,int64,0.0,2
outer:02_conservative,CLIN_prior_treatment.diagnoses_Yes,int64,0.0,2
outer:02_conservative,CLIN_prior_treatment.diagnoses_missing,int64,0.0,2
outer:02_conservative,CLIN_ajcc_staging_system_edition.diagnoses_3rd,int64,0.0,2
outer:02_conservative,CLIN_ajcc_staging_system_edition.diagnoses_4th,int64,0.0,2
outer:02_conservative,CLIN_ajcc_staging_system_edition.diagnoses_5th,int64,0.0,2
outer:02_conservative,CLIN_ajcc_staging_system_edition.diagnoses_6th,int64,0.0,2
outer:02_conservative,CLIN_ajcc_staging_system_edition.diagnoses_7th,int64,0.0,2
outer:02_conservative,CLIN_ajcc_staging_system_edition.diagnoses_missing,int64,0.0,2
outer:02_conservative,CLIN_ajcc_pathologic_t.diagnoses_T1,int64,0.0,2
outer:02_conservative,CLIN_ajcc_pathologic_t.diagnoses_T1a,int64,0.0,2
outer:02_conservative,CLIN_ajcc_pathologic_t.diagnoses_T1b,int64,0.0,2
outer:02_conservative,CLIN_ajcc_pathologic_t.diagnoses_T1c,int64,0.0,2
outer:02_conservative,CLIN_ajcc_pathologic_t.diagnoses_T2,int64,0.0,2
outer:02_conservative,CLIN_ajcc_pathologic_t.diagnoses_T2a,int64,0.0,2
outer:02_conservative,CLIN_ajcc_pathologic_t.diagnoses_T2b,int64,0.0,2
outer:02_conservative,CLIN_ajcc_pathologic_t.diagnoses_T3,int64,0.0,2
outer:02_conservative,CLIN_ajcc_pathologic_t.diagnoses_T3a,int64,0.0,2
outer:02_conservative,CLIN_ajcc_pathologic_t.diagnoses_T4,int64,0.0,2
outer:02_conservative,CLIN_ajcc_pathologic_t.diagnoses_T4b,int64,0.0,2
outer:02_conservative,CLIN_ajcc_pathologic_t.diagnoses_T4d,int64,0.0,2
outer:02_conservative,CLIN_ajcc_pathologic_t.diagnoses_TX,int64,0.0,2
outer:02_conservative,CLIN_ajcc_pathologic_t.diagnoses_missing,int64,0.0,1
outer:02_conservative,CLIN_morphology.diagnoses_8010/3,int64,0.0,2
outer:02_conservative,CLIN_morphology.diagnoses_8013/3,int64,0.0,2
outer:02_conservative,CLIN_morphology.diagnoses_8022/3,int64,0.0,2
outer:02_conservative,CLIN_morphology.diagnoses_8050/3,int64,0.0,2
outer:02_conservative,CLIN_morphology.diagnoses_8090/3,int64,0.0,2
outer:02_conservative,CLIN_morphology.diagnoses_8200/3,int64,0.0,2
outer:02_conservative,CLIN_morphology.diagnoses_8201/3,int64,0.0,2
outer:02_conservative,CLIN_morphology.diagnoses_8211/3,int64,0.0,2
outer:02_conservative,CLIN_morphology.diagnoses_8401/3,int64,0.0,2
outer:02_conservative,CLIN_morphology.diagnoses_8480/3,int64,0.0,2
outer:02_conservative,CLIN_morphology.diagnoses_8500/3,int64,0.0,2
outer:02_conservative,CLIN_morphology.diagnoses_8502/3,int64,0.0,2
outer:02_conservative,CLIN_morphology.diagnoses_8503/3,int64,0.0,2
outer:02_conservative,CLIN_morphology.diagnoses_8507/3,int64,0.0,2
outer:02_conservative,CLIN_morphology.diagnoses_8510/3,int64,0.0,2
outer:02_conservative,CLIN_morphology.diagnoses_8520/3,int64,0.0,2
outer:02_conservative,CLIN_morphology.diagnoses_8522/3,int64,0.0,2
outer:02_conservative,CLIN_morphology.diagnoses_8523/3,int64,0.0,2
outer:02_conservative,CLIN_morphology.diagnoses_8524/3,int64,0.0,2
outer:02_conservative,CLIN_morphology.diagnoses_8541/3,int64,0.0,2
outer:02_conservative,CLIN_morphology.diagnoses_8575/3,int64,0.0,2
outer:02_conservative,CLIN_morphology.diagnoses_9020/3,int64,0.0,2
outer:02_conservative,CLIN_morphology.diagnoses_missing,int64,0.0,1
outer:02_conservative,CLIN_ajcc_pathologic_n.diagnoses_N0,int64,0.0,2
outer:02_conservative,CLIN_ajcc_pathologic_n.diagnoses_N0 (i+),int64,0.0,2
outer:02_conservative,CLIN_ajcc_pathologic_n.diagnoses_N0 (i-),int64,0.0,2
outer:02_conservative,CLIN_ajcc_pathologic_n.diagnoses_N0 (mol+),int64,0.0,2
outer:02_conservative,CLIN_ajcc_pathologic_n.diagnoses_N1,int64,0.0,2
outer:02_conservative,CLIN_ajcc_pathologic_n.diagnoses_N1a,int64,0.0,2
outer:02_conservative,CLIN_ajcc_pathologic_n.diagnoses_N1b,int64,0.0,2
outer:02_conservative,CLIN_ajcc_pathologic_n.diagnoses_N1c,int64,0.0,2
outer:02_conservative,CLIN_ajcc_pathologic_n.diagnoses_N1mi,int64,0.0,2
outer:02_conservative,CLIN_ajcc_pathologic_n.diagnoses_N2,int64,0.0,2
outer:02_conservative,CLIN_ajcc_pathologic_n.diagnoses_N2a,int64,0.0,2
outer:02_conservative,CLIN_ajcc_pathologic_n.diagnoses_N3,int64,0.0,2
outer:02_conservative,CLIN_ajcc_pathologic_n.diagnoses_N3a,int64,0.0,2
outer:02_conservative,CLIN_ajcc_pathologic_n.diagnoses_N3b,int64,0.0,2
outer:02_conservative,CLIN_ajcc_pathologic_n.diagnoses_N3c,int64,0.0,2
outer:02_conservative,CLIN_ajcc_pathologic_n.diagnoses_NX,int64,0.0,2
outer:02_conservative,CLIN_ajcc_pathologic_n.diagnoses_missing,int64,0.0,1
outer:02_conservative,CLIN_ajcc_pathologic_m.diagnoses_M0,int64,0.0,2
outer:02_conservative,CLIN_ajcc_pathologic_m.diagnoses_M1,int64,0.0,2
outer:02_conservative,CLIN_ajcc_pathologic_m.diagnoses_MX,int64,0.0,2
outer:02_conservative,CLIN_ajcc_pathologic_m.diagnoses_cM0 (i+),int64,0.0,2
outer:02_conservative,CLIN_ajcc_pathologic_m.diagnoses_missing,int64,0.0,1
outer:02_conservative,"CLIN_treatment_or_therapy.treatments.diagnoses_['no', 'no']",int64,0.0,2
outer:02_conservative,"CLIN_treatment_or_therapy.treatments.diagnoses_['no', 'not reported']",int64,0.0,2
outer:02_conservative,"CLIN_treatment_or_therapy.treatments.diagnoses_['no', 'yes']",int64,0.0,2
outer:02_conservative,"CLIN_treatment_or_therapy.treatments.diagnoses_['not reported', 'no']",int64,0.0,2
outer:02_conservative,"CLIN_treatment_or_therapy.treatments.diagnoses_['not reported', 'not reported']",int64,0.0,2
outer:02_conservative,"CLIN_treatment_or_therapy.treatments.diagnoses_['not reported', 'yes']",int64,0.0,2
outer:02_conservative,"CLIN_treatment_or_therapy.treatments.diagnoses_['yes', 'no']",int64,0.0,2
outer:02_conservative,"CLIN_treatment_or_therapy.treatments.diagnoses_['yes', 'not reported']",int64,0.0,2
outer:02_conservative,"CLIN_treatment_or_therapy.treatments.diagnoses_['yes', 'yes']",int64,0.0,2
outer:02_conservative,CLIN_treatment_or_therapy.treatments.diagnoses_missing,int64,0.0,1
outer:02_conservative,RNA_ENSG00000248120.1,float64,0.0,12
outer:02_conservative,RNA_ENSG00000287660.1,float64,0.0,7
outer:02_conservative,RNA_ENSG00000283462.2,float64,0.0,24
outer:02_conservative,RNA_ENSG00000270900.1,float64,0.0,16
outer:02_conservative,RNA_ENSG00000224357.1,float64,0.0,11
outer:02_conservative,RNA_ENSG00000177684.4,float64,0.0,6
outer:02_conservative,RNA_ENSG00000228098.1,float64,0.0,9
outer:02_conservative,RNA_ENSG00000172459.4,float64,0.0,8
outer:02_conservative,RNA_ENSG00000223896.2,float64,0.0,21
outer:02_conservative,RNA_ENSG00000281167.1,float64,0.0,6
outer:02_conservative,RNA_ENSG00000248600.2,float64,0.0,11
outer:02_conservative,RNA_ENSG00000162771.8,float64,0.0,6
outer:02_conservative,RNA_ENSG00000220139.1,float64,0.0,8
outer:02_conservative,RNA_ENSG00000287977.1,float64,0.0,10
outer:02_conservative,RNA_ENSG00000250727.1,float64,0.0,14
outer:02_conservative,RNA_ENSG00000201288.1,float64,0.0,7
outer:02_conservative,RNA_ENSG00000255296.1,float64,0.0,23
outer:02_conservative,RNA_ENSG00000286110.1,float64,0.0,11
outer:02_conservative,RNA_ENSG00000170255.7,float64,0.0,7
outer:02_conservative,RNA_ENSG00000255746.1,float64,0.0,11
outer:02_conservative,RNA_ENSG00000223245.1,float64,0.0,9
outer:02_conservative,RNA_ENSG00000271421.1,float64,0.0,7
outer:02_conservative,RNA_ENSG00000256258.1,float64,0.0,8
outer:02_conservative,RNA_ENSG00000231750.3,float64,0.0,9
outer:02_conservative,RNA_ENSG00000261511.1,float64,0.0,9
outer:02_conservative,RNA_ENSG00000230609.1,float64,0.0,17
outer:02_conservative,RNA_ENSG00000172199.1,float64,0.0,12
outer:02_conservative,RNA_ENSG00000213384.2,float64,0.0,18
outer:02_conservative,RNA_ENSG00000242101.3,float64,0.0,17
outer:02_conservative,RNA_ENSG00000248764.1,float64,0.0,11
outer:02_conservative,RNA_ENSG00000278694.1,float64,0.0,7
outer:02_conservative,RNA_ENSG00000267182.1,float64,0.0,7
outer:02_conservative,RNA_ENSG00000271712.1,float64,0.0,7
outer:02_conservative,RNA_ENSG00000264767.2,float64,0.0,16
outer:02_conservative,RNA_ENSG00000287239.1,float64,0.0,9
outer:02_conservative,RNA_ENSG00000220949.2,float64,0.0,11
outer:02_conservative,RNA_ENSG00000283207.1,float64,0.0,4
outer:02_conservative,RNA_ENSG00000271094.1,float64,0.0,5
outer:02_conservative,RNA_ENSG00000277888.1,float64,0.0,5
outer:02_conservative,RNA_ENSG00000248145.2,float64,0.0,8
outer:02_conservative,RNA_ENSG00000225719.2,float64,0.0,10
outer:02_conservative,RNA_ENSG00000226159.2,float64,0.0,19
outer:02_conservative,RNA_ENSG00000217160.2,float64,0.0,9
outer:02_conservative,RNA_ENSG00000201287.1,float64,0.0,15
outer:02_conservative,RNA_ENSG00000244000.1,float64,0.0,3
outer:02_conservative,RNA_ENSG00000218173.1,float64,0.0,10
outer:02_conservative,RNA_ENSG00000278577.1,float64,0.0,4
outer:02_conservative,RNA_ENSG00000242123.1,float64,0.0,7
outer:02_conservative,RNA_ENSG00000249764.1,float64,0.0,5
outer:02_conservative,RNA_ENSG00000252182.1,float64,0.0,7
outer:02_conservative,RNA_missing,int64,0.0,2
outer:02_conservative,CNV_ENSG00000241550.3,float64,0.0,21
outer:02_conservative,CNV_ENSG00000136492.9,float64,0.0,19
outer:02_conservative,CNV_ENSG00000267574.1,float64,0.0,18
outer:02_conservative,CNV_ENSG00000213275.2,float64,0.0,28
outer:02_conservative,CNV_ENSG00000274489.1,float64,0.0,26
outer:02_conservative,CNV_ENSG00000215262.8,float64,0.0,26
outer:02_conservative,CNV_ENSG00000254038.1,float64,0.0,28
outer:02_conservative,CNV_ENSG00000243503.2,float64,0.0,28
outer:02_conservative,CNV_ENSG00000244235.2,float64,0.0,20
outer:02_conservative,CNV_ENSG00000253135.1,float64,0.0,20
outer:02_conservative,CNV_ENSG00000287644.1,float64,0.0,24
outer:02_conservative,CNV_ENSG00000199985.1,float64,0.0,27
outer:02_conservative,CNV_ENSG00000254320.1,float64,0.0,26
outer:02_conservative,CNV_ENSG00000253650.1,float64,0.0,27
outer:02_conservative,CNV_ENSG00000265666.1,float64,0.0,21
outer:02_conservative,CNV_ENSG00000278918.1,float64,0.0,21
outer:02_conservative,CNV_ENSG00000206871.1,float64,0.0,26
outer:02_conservative,CNV_ENSG00000253610.1,float64,0.0,26
outer:02_conservative,CNV_ENSG00000219491.7,float64,0.0,27
outer:02_conservative,CNV_ENSG00000238966.1,float64,0.0,20
outer:02_conservative,CNV_ENSG00000207101.1,float64,0.0,21
outer:02_conservative,CNV_ENSG00000222881.1,float64,0.0,20
outer:02_conservative,CNV_ENSG00000174132.9,float64,0.0,12
outer:02_conservative,CNV_ENSG00000239281.2,float64,0.0,19
outer:02_conservative,CNV_ENSG00000263372.1,float64,0.0,19
outer:02_conservative,CNV_ENSG00000131759.18,float64,0.0,23
outer:02_conservative,CNV_ENSG00000260588.1,float64,0.0,20
outer:02_conservative,CNV_ENSG00000206867.1,float64,0.0,20
outer:02_conservative,CNV_ENSG00000252618.1,float64,0.0,21
outer:02_conservative,CNV_ENSG00000249787.2,float64,0.0,12
outer:02_conservative,CNV_ENSG00000241834.3,float64,0.0,20
outer:02_conservative,CNV_ENSG00000253504.1,float64,0.0,24
outer:02_conservative,CNV_ENSG00000261449.1,float64,0.0,20
outer:02_conservative,CNV_ENSG00000070718.12,float64,0.0,20
outer:02_conservative,CNV_ENSG00000104365.16,float64,0.0,21
outer:02_conservative,CNV_ENSG00000083168.11,float64,0.0,20
outer:02_conservative,CNV_ENSG00000264655.1,float64,0.0,21
outer:02_conservative,CNV_ENSG00000253265.1,float64,0.0,21
outer:02_conservative,CNV_ENSG00000266208.1,float64,0.0,21
outer:02_conservative,CNV_ENSG00000183153.7,float64,0.0,21
outer:02_conservative,CNV_ENSG00000253123.4,float64,0.0,29
outer:02_conservative,CNV_ENSG00000271938.1,float64,0.0,20
outer:02_conservative,CNV_ENSG00000253509.1,float64,0.0,19
outer:02_conservative,CNV_ENSG00000253363.7,float64,0.0,27
outer:02_conservative,CNV_ENSG00000206852.1,float64,0.0,19
outer:02_conservative,CNV_ENSG00000278346.1,float64,0.0,21
outer:02_conservative,CNV_ENSG00000275374.1,float64,0.0,12
outer:02_conservative,CNV_ENSG00000244708.1,float64,0.0,27
outer:02_conservative,CNV_ENSG00000247877.7,float64,0.0,12
outer:02_conservative,CNV_ENSG00000254384.1,float64,0.0,24
outer:02_conservative,CNV_missing,int64,0.0,2
outer:02_conservative,MUT_DMD,float64,0.0,2
outer:02_conservative,MUT_MAML2,float64,0.0,2
outer:02_conservative,MUT_CACNA1S,float64,0.0,2
outer:02_conservative,MUT_ADAMTS20,float64,0.0,2
outer:02_conservative,MUT_PTCHD3,float64,0.0,2
outer:02_conservative,MUT_DOCK9,float64,0.0,2
outer:02_conservative,MUT_ABR,float64,0.0,2
outer:02_conservative,MUT_GRIPAP1,float64,0.0,2
outer:02_conservative,MUT_MAP3K1,float64,0.0,2
outer:02_conservative,MUT_LRP6,float64,0.0,2
outer:02_conservative,MUT_PIKFYVE,float64,0.0,2
outer:02_conservative,MUT_FCRL5,float64,0.0,2
outer:02_conservative,MUT_RBM26,float64,0.0,2
outer:02_conservative,MUT_AP3B1,float64,0.0,2
outer:02_conservative,MUT_NLGN4X,float64,0.0,2
outer:02_conservative,MUT_HMCN1,float64,0.0,2
outer:02_conservative,MUT_RUNX1,float64,0.0,2
outer:02_conservative,MUT_PTEN,float64,0.0,2
outer:02_conservative,MUT_HUWE1,float64,0.0,2
outer:02_conservative,MUT_MACF1,float64,0.0,2
outer:02_conservative,MUT_LRP2,float64,0.0,2
outer:02_conservative,MUT_PKHD1L1,float64,0.0,2
outer:02_conservative,MUT_CACNA1E,float64,0.0,2
outer:02_conservative,MUT_NF1,float64,0.0,2
outer:02_conservative,MUT_NCOR1,float64,0.0,2
outer:02_conservative,MUT_FAT3,float64,0.0,2
outer:02_conservative,MUT_RYR1,float64,0.0,2
outer:02_conservative,MUT_SPTA1,float64,0.0,2
outer:02_conservative,MUT_SYNE1,float64,0.0,2
outer:02_conservative,MUT_GATA3,float64,0.0,2
outer:02_conservative,MUT_ABCA13,float64,0.0,2
outer:02_conservative,MUT_PIK3CA,float64,0.0,2
outer:02_conservative,MUT_MUC17,float64,0.0,2
outer:02_conservative,MUT_RYR3,float64,0.0,2
outer:02_conservative,MUT_DST,float64,0.0,2
outer:02_conservative,MUT_OBSCN,float64,0.0,2
outer:02_conservative,MUT_CSMD3,float64,0.0,2
outer:02_conservative,MUT_RYR2,float64,0.0,2
outer:02_conservative,MUT_KMT2C,float64,0.0,2
outer:02_conservative,MUT_NEB,float64,0.0,2
outer:02_conservative,MUT_FLG,float64,0.0,2
outer:02_conservative,MUT_CSMD1,float64,0.0,2
outer:02_conservative,MUT_APOB,float64,0.0,2
outer:02_conservative,MUT_MUC5B,float64,0.0,2
outer:02_conservative,MUT_TP53,float64,0.0,2
outer:02_conservative,MUT_ZFHX4,float64,0.0,2
outer:02_conservative,MUT_MUC16,float64,0.0,2
outer:02_conservative,MUT_USH2A,float64,0.0,2
outer:02_conservative,MUT_CDH1,float64,0.0,2
outer:02_conservative,MUT_TTN,float64,0.0,2
outer:02_conservative,MUT_missing,int64,0.0,2
outer:02_conservative,PROT_Gli1,float64,0.0,510
outer:02_conservative,PROT_ERALPHA,float64,0.0,526
outer:02_conservative,PROT_COG3,float64,0.0,525
outer:02_conservative,PROT_KU80,float64,0.0,526
outer:02_conservative,PROT_DNA-Ligase-IV,float64,0.0,509
outer:02_conservative,PROT_TUBERIN_pT1462,float64,0.0,526
outer:02_conservative,PROT_MR1,float64,0.0,510
outer:02_conservative,PROT_PHLPP,float64,0.0,511
outer:02_conservative,PROT_PAXILLIN,float64,0.0,527
outer:02_conservative,PROT_Aurora-ABC_pT288_pT232_pT198,float64,0.0,510
outer:02_conservative,PROT_CYCLINB1,float64,0.0,525
outer:02_conservative,PROT_CLAUDIN7,float64,0.0,526
outer:02_conservative,PROT_PRC1_pT481,float64,0.0,509
outer:02_conservative,PROT_P38_pT180Y182,float64,0.0,527
outer:02_conservative,PROT_Hexokinase-II,float64,0.0,511
outer:02_conservative,PROT_DVL3,float64,0.0,527
outer:02_conservative,PROT_SETD2,float64,0.0,525
outer:02_conservative,PROT_4EBP1_pT37T46,float64,0.0,526
outer:02_conservative,PROT_GSK3_pS9,float64,0.0,525
outer:02_conservative,PROT_Cdc42,float64,0.0,507
outer:02_conservative,PROT_PLC-gamma1,float64,0.0,510
outer:02_conservative,PROT_CD20,float64,0.0,526
outer:02_conservative,PROT_c-IAP2,float64,0.0,509
outer:02_conservative,PROT_b-Actin,float64,0.0,510
outer:02_conservative,PROT_Atg4B,float64,0.0,509
outer:02_conservative,PROT_DM-K9-Histone-H3,float64,0.0,509
outer:02_conservative,PROT_P70S6K1,float64,0.0,525
outer:02_conservative,PROT_RPA32,float64,0.0,508
outer:02_conservative,PROT_Slfn11,float64,0.0,509
outer:02_conservative,PROT_Jagged1,float64,0.0,505
outer:02_conservative,PROT_TIGAR,float64,0.0,527
outer:02_conservative,PROT_Aurora-A,float64,0.0,511
outer:02_conservative,PROT_BRAF,float64,0.0,526
outer:02_conservative,PROT_FAK_pY397,float64,0.0,508
outer:02_conservative,PROT_IGF1R_pY1135Y1136,float64,0.0,524
outer:02_conservative,PROT_SMAD4,float64,0.0,524
outer:02_conservative,PROT_CD45,float64,0.0,511
outer:02_conservative,PROT_Glucocorticoid-Receptor,float64,0.0,511
outer:02_conservative,PROT_p90RSK_pT573,float64,0.0,507
outer:02_conservative,PROT_4EBP1_pS65,float64,0.0,526
outer:02_conservative,PROT_PAR,float64,0.0,511
outer:02_conservative,PROT_MYH11,float64,0.0,527
outer:02_conservative,PROT_EPPK1,float64,0.0,525
outer:02_conservative,PROT_FASN,float64,0.0,526
outer:02_conservative,PROT_ECADHERIN,float64,0.0,526
outer:02_conservative,PROT_INPP4B,float64,0.0,525
outer:02_conservative,PROT_GATA3,float64,0.0,526
outer:02_conservative,PROT_GAPDH,float64,0.0,525
outer:02_conservative,PROT_EMA,float64,0.0,511
outer:02_conservative,PROT_Connexin-43,float64,0.0,511
outer:02_conservative,PROT_missing,int64,0.0,2
outer:02_conservative,METH_cg17573813,float64,0.0,527
outer:02_conservative,METH_cg01672943,float64,0.0,527
outer:02_conservative,METH_cg27307781,float64,0.0,527
outer:02_conservative,METH_cg00542775,float64,0.0,527
outer:02_conservative,METH_cg03976326,float64,0.0,527
outer:02_conservative,METH_cg24761867,float64,0.0,527
outer:02_conservative,METH_cg11617144,float64,0.0,527
outer:02_conservative,METH_cg13305186,float64,0.0,527
outer:02_conservative,METH_cg23091104,float64,0.0,527
outer:02_conservative,METH_cg23097686,float64,0.0,527
outer:02_conservative,METH_cg06912515,float64,0.0,527
outer:02_conservative,METH_cg08857906,float64,0.0,526
outer:02_conservative,METH_cg16602369,float64,0.0,527
outer:02_conservative,METH_cg02525705,float64,0.0,524
outer:02_conservative,METH_cg26323797,float64,0.0,527
outer:02_conservative,METH_cg15313226,float64,0.0,527
outer:02_conservative,METH_cg10342963,float64,0.0,522
outer:02_conservative,METH_cg00737916,float64,0.0,526
outer:02_conservative,METH_cg18141400,float64,0.0,527
outer:02_conservative,METH_cg22747076,float64,0.0,521
outer:02_conservative,METH_cg17882374,float64,0.0,526
outer:02_conservative,METH_cg19789653,float64,0.0,527
outer:02_conservative,METH_cg02344911,float64,0.0,527
outer:02_conservative,METH_cg16719517,float64,0.0,527
outer:02_conservative,METH_cg14168530,float64,0.0,526
outer:02_conservative,METH_cg13849454,float64,0.0,527
outer:02_conservative,METH_cg23782616,float64,0.0,527
outer:02_conservative,METH_cg04571941,float64,0.0,527
outer:02_conservative,METH_cg16578537,float64,0.0,527
outer:02_conservative,METH_cg13371788,float64,0.0,527
outer:02_conservative,METH_cg01163842,float64,0.0,527
outer:02_conservative,METH_cg09267051,float64,0.0,527
outer:02_conservative,METH_cg03784302,float64,0.0,527
outer:02_conservative,METH_cg26001902,float64,0.0,527
outer:02_conservative,METH_cg19544662,float64,0.0,527
outer:02_conservative,METH_cg06168050,float64,0.0,527
outer:02_conservative,METH_cg10327440,float64,0.0,527
outer:02_conservative,METH_cg14666113,float64,0.0,527
outer:02_conservative,METH_cg11837293,float64,0.0,414
outer:02_conservative,METH_cg20318608,float64,0.0,527
outer:02_conservative,METH_cg04970117,float64,0.0,526
outer:02_conservative,METH_cg10884288,float64,0.0,527
outer:02_conservative,METH_cg07813142,float64,0.0,527
outer:02_conservative,METH_cg12934884,float64,0.0,502
outer:02_conservative,METH_cg09568464,float64,0.0,527
outer:02_conservative,METH_cg13643914,float64,0.0,527
outer:02_conservative,METH_cg03323292,float64,0.0,527
outer:02_conservative,METH_cg22889573,float64,0.0,527
outer:02_conservative,METH_cg08162372,float64,0.0,527
outer:02_conservative,METH_cg22240348,float64,0.0,527
outer:02_conservative,METH_missing,int64,0.0,2
outer:02_conservative,MIRNA_hsa-mir-1254-2,float64,0.0,344
outer:02_conservative,MIRNA_hsa-mir-375,float64,0.0,527
outer:02_conservative,MIRNA_hsa-mir-4326,float64,0.0,465
outer:02_conservative,MIRNA_hsa-mir-99a,float64,0.0,527
outer:02_conservative,MIRNA_hsa-mir-202,float64,0.0,369
outer:02_conservative,MIRNA_hsa-mir-326,float64,0.0,524
outer:02_conservative,MIRNA_hsa-mir-101-1,float64,0.0,527
outer:02_conservative,MIRNA_hsa-mir-374c,float64,0.0,216
outer:02_conservative,MIRNA_hsa-mir-379,float64,0.0,527
outer:02_conservative,MIRNA_hsa-mir-101-2,float64,0.0,527
outer:02_conservative,MIRNA_hsa-mir-125b-2,float64,0.0,527
outer:02_conservative,MIRNA_hsa-mir-1258,float64,0.0,420
outer:02_conservative,MIRNA_hsa-mir-134,float64,0.0,527
outer:02_conservative,MIRNA_hsa-mir-195,float64,0.0,527
outer:02_conservative,MIRNA_hsa-let-7c,float64,0.0,527
outer:02_conservative,MIRNA_hsa-mir-411,float64,0.0,520
outer:02_conservative,MIRNA_hsa-mir-215,float64,0.0,523
outer:02_conservative,MIRNA_hsa-mir-424,float64,0.0,527
outer:02_conservative,MIRNA_hsa-mir-592,float64,0.0,502
outer:02_conservative,MIRNA_hsa-mir-3607,float64,0.0,527
outer:02_conservative,MIRNA_hsa-mir-378c,float64,0.0,524
outer:02_conservative,MIRNA_hsa-mir-6510,float64,0.0,472
outer:02_conservative,MIRNA_hsa-mir-210,float64,0.0,527
outer:02_conservative,MIRNA_hsa-mir-153-2,float64,0.0,522
outer:02_conservative,MIRNA_hsa-mir-1247,float64,0.0,524
outer:02_conservative,MIRNA_hsa-mir-452,float64,0.0,527
outer:02_conservative,MIRNA_hsa-mir-9-2,float64,0.0,527
outer:02_conservative,MIRNA_hsa-mir-150,float64,0.0,527
outer:02_conservative,MIRNA_hsa-mir-205,float64,0.0,527
outer:02_conservative,MIRNA_hsa-mir-105-1,float64,0.0,267
outer:02_conservative,MIRNA_hsa-mir-9-1,float64,0.0,527
outer:02_conservative,MIRNA_hsa-mir-105-2,float64,0.0,248
outer:02_conservative,MIRNA_hsa-mir-1269a,float64,0.0,325
outer:02_conservative,MIRNA_hsa-mir-203a,float64,0.0,527
outer:02_conservative,MIRNA_hsa-mir-9-3,float64,0.0,527
outer:02_conservative,MIRNA_hsa-mir-449a,float64,0.0,341
outer:02_conservative,MIRNA_hsa-mir-767,float64,0.0,239
outer:02_conservative,MIRNA_hsa-mir-577,float64,0.0,399
outer:02_conservative,MIRNA_hsa-mir-934,float64,0.0,316
outer:02_conservative,MIRNA_hsa-mir-196a-2,float64,0.0,527
outer:02_conservative,MIRNA_hsa-mir-187,float64,0.0,512
outer:02_conservative,MIRNA_hsa-mir-203b,float64,0.0,523
outer:02_conservative,MIRNA_hsa-mir-1269b,float64,0.0,152
outer:02_conservative,MIRNA_hsa-mir-190b,float64,0.0,504
outer:02_conservative,MIRNA_hsa-mir-224,float64,0.0,527
outer:02_conservative,MIRNA_hsa-mir-149,float64,0.0,527
outer:02_conservative,MIRNA_hsa-mir-196a-1,float64,0.0,527
outer:02_conservative,MIRNA_hsa-mir-20b,float64,0.0,527
outer:02_conservative,MIRNA_hsa-mir-135b,float64,0.0,500
outer:02_conservative,MIRNA_hsa-mir-184,float64,0.0,506
outer:02_conservative,MIRNA_missing,int64,0.0,2
outer:02_conservative,OS,int64,0.0,2
outer:02_conservative,OS.time,float64,0.0,826
outer:03_standard,Unnamed: 0,object,0.0,1076
outer:03_standard,CLIN_gender.demographic,float64,0.0,2
outer:03_standard,CLIN_age_at_index.demographic,float64,0.0,65
outer:03_standard,CLIN_tumor_descriptor.samples,int64,0.0,2
outer:03_standard,CLIN_disease_type_Adenomas and Adenocarcinomas,int64,0.0,2
outer:03_standard,CLIN_disease_type_Adnexal and Skin Appendage Neoplasms,int64,0.0,2
outer:03_standard,CLIN_disease_type_Basal Cell Neoplasms,int64,0.0,2
outer:03_standard,CLIN_disease_type_Complex Epithelial Neoplasms,int64,0.0,2
outer:03_standard,"CLIN_disease_type_Cystic, Mucinous and Serous Neoplasms",int64,0.0,2
outer:03_standard,CLIN_disease_type_Ductal and Lobular Neoplasms,int64,0.0,2
outer:03_standard,"CLIN_disease_type_Epithelial Neoplasms, NOS",int64,0.0,2
outer:03_standard,CLIN_disease_type_Fibroepithelial Neoplasms,int64,0.0,2
outer:03_standard,CLIN_disease_type_Squamous Cell Neoplasms,int64,0.0,2
outer:03_standard,CLIN_race.demographic_american indian or alaska native,int64,0.0,2
outer:03_standard,CLIN_race.demographic_asian,int64,0.0,2
outer:03_standard,CLIN_race.demographic_black or african american,int64,0.0,2
outer:03_standard,CLIN_race.demographic_missing,int64,0.0,2
outer:03_standard,CLIN_race.demographic_white,int64,0.0,2
outer:03_standard,CLIN_ethnicity.demographic_hispanic or latino,int64,0.0,2
outer:03_standard,CLIN_ethnicity.demographic_missing,int64,0.0,2
outer:03_standard,CLIN_ethnicity.demographic_not hispanic or latino,int64,0.0,2
outer:03_standard,CLIN_ajcc_pathologic_stage.diagnoses_Stage I,int64,0.0,2
outer:03_standard,CLIN_ajcc_pathologic_stage.diagnoses_Stage IA,int64,0.0,2
outer:03_standard,CLIN_ajcc_pathologic_stage.diagnoses_Stage IB,int64,0.0,2
outer:03_standard,CLIN_ajcc_pathologic_stage.diagnoses_Stage II,int64,0.0,2
outer:03_standard,CLIN_ajcc_pathologic_stage.diagnoses_Stage IIA,int64,0.0,2
outer:03_standard,CLIN_ajcc_pathologic_stage.diagnoses_Stage IIB,int64,0.0,2
outer:03_standard,CLIN_ajcc_pathologic_stage.diagnoses_Stage III,int64,0.0,2
outer:03_standard,CLIN_ajcc_pathologic_stage.diagnoses_Stage IIIA,int64,0.0,2
outer:03_standard,CLIN_ajcc_pathologic_stage.diagnoses_Stage IIIB,int64,0.0,2
outer:03_standard,CLIN_ajcc_pathologic_stage.diagnoses_Stage IIIC,int64,0.0,2
outer:03_standard,CLIN_ajcc_pathologic_stage.diagnoses_Stage IV,int64,0.0,2
outer:03_standard,CLIN_ajcc_pathologic_stage.diagnoses_Stage X,int64,0.0,2
outer:03_standard,CLIN_ajcc_pathologic_stage.diagnoses_missing,int64,0.0,2
outer:03_standard,"CLIN_tissue_or_organ_of_origin.diagnoses_Breast, NOS",int64,0.0,2
outer:03_standard,CLIN_tissue_or_organ_of_origin.diagnoses_Lower-inner quadrant of breast,int64,0.0,2
outer:03_standard,CLIN_tissue_or_organ_of_origin.diagnoses_Lower-outer quadrant of breast,int64,0.0,2
outer:03_standard,CLIN_tissue_or_organ_of_origin.diagnoses_Overlapping lesion of breast,int64,0.0,2
outer:03_standard,CLIN_tissue_or_organ_of_origin.diagnoses_Upper-inner quadrant of breast,int64,0.0,2
outer:03_standard,CLIN_tissue_or_organ_of_origin.diagnoses_Upper-outer quadrant of breast,int64,0.0,2
outer:03_standard,CLIN_tissue_or_organ_of_origin.diagnoses_missing,int64,0.0,1
outer:03_standard,CLIN_primary_diagnosis.diagnoses_Adenoid cystic carcinoma,int64,0.0,2
outer:03_standard,CLIN_primary_diagnosis.diagnoses_Apocrine adenocarcinoma,int64,0.0,2
outer:03_standard,"CLIN_primary_diagnosis.diagnoses_Basal cell carcinoma, NOS",int64,0.0,2
outer:03_standard,"CLIN_primary_diagnosis.diagnoses_Carcinoma, NOS",int64,0.0,2
outer:03_standard,"CLIN_primary_diagnosis.diagnoses_Cribriform carcinoma, NOS",int64,0.0,2
outer:03_standard,CLIN_primary_diagnosis.diagnoses_Infiltrating duct and lobular carcinoma,int64,0.0,2
outer:03_standard,"CLIN_primary_diagnosis.diagnoses_Infiltrating duct carcinoma, NOS",int64,0.0,2
outer:03_standard,CLIN_primary_diagnosis.diagnoses_Infiltrating duct mixed with other types of carcinoma,int64,0.0,2
outer:03_standard,CLIN_primary_diagnosis.diagnoses_Infiltrating lobular mixed with other types of carcinoma,int64,0.0,2
outer:03_standard,CLIN_primary_diagnosis.diagnoses_Intraductal micropapillary carcinoma,int64,0.0,2
outer:03_standard,CLIN_primary_diagnosis.diagnoses_Intraductal papillary adenocarcinoma with invasion,int64,0.0,2
outer:03_standard,CLIN_primary_diagnosis.diagnoses_Large cell neuroendocrine carcinoma,int64,0.0,2
outer:03_standard,"CLIN_primary_diagnosis.diagnoses_Lobular carcinoma, NOS",int64,0.0,2
outer:03_standard,"CLIN_primary_diagnosis.diagnoses_Medullary carcinoma, NOS",int64,0.0,2
outer:03_standard,"CLIN_primary_diagnosis.diagnoses_Metaplastic carcinoma, NOS",int64,0.0,2
outer:03_standard,CLIN_primary_diagnosis.diagnoses_Mucinous adenocarcinoma,int64,0.0,2
outer:03_standard,CLIN_primary_diagnosis.diagnoses_Paget disease and infiltrating duct carcinoma of breast,int64,0.0,2
outer:03_standard,"CLIN_primary_diagnosis.diagnoses_Papillary carcinoma, NOS",int64,0.0,2
outer:03_standard,"CLIN_primary_diagnosis.diagnoses_Phyllodes tumor, malignant",int64,0.0,2
outer:03_standard,CLIN_primary_diagnosis.diagnoses_Pleomorphic carcinoma,int64,0.0,2
outer:03_standard,CLIN_primary_diagnosis.diagnoses_Secretory carcinoma of breast,int64,0.0,2
outer:03_standard,CLIN_primary_diagnosis.diagnoses_Tubular adenocarcinoma,int64,0.0,2
outer:03_standard,CLIN_primary_diagnosis.diagnoses_missing,int64,0.0,1
outer:03_standard,CLIN_prior_malignancy.diagnoses_missing,int64,0.0,2
outer:03_standard,CLIN_prior_malignancy.diagnoses_no,int64,0.0,2
outer:03_standard,CLIN_prior_malignancy.diagnoses_yes,int64,0.0,2
outer:03_standard,CLIN_prior_treatment.diagnoses_No,int64,0.0,2
outer:03_standard,CLIN_prior_treatment.diagnoses_Yes,int64,0.0,2
outer:03_standard,CLIN_prior_treatment.diagnoses_missing,int64,0.0,2
outer:03_standard,CLIN_ajcc_staging_system_edition.diagnoses_3rd,int64,0.0,2
outer:03_standard,CLIN_ajcc_staging_system_edition.diagnoses_4th,int64,0.0,2
outer:03_standard,CLIN_ajcc_staging_system_edition.diagnoses_5th,int64,0.0,2
outer:03_standard,CLIN_ajcc_staging_system_edition.diagnoses_6th,int64,0.0,2
outer:03_standard,CLIN_ajcc_staging_system_edition.diagnoses_7th,int64,0.0,2
outer:03_standard,CLIN_ajcc_staging_system_edition.diagnoses_missing,int64,0.0,2
outer:03_standard,CLIN_ajcc_pathologic_t.diagnoses_T1,int64,0.0,2
outer:03_standard,CLIN_ajcc_pathologic_t.diagnoses_T1a,int64,0.0,2
outer:03_standard,CLIN_ajcc_pathologic_t.diagnoses_T1b,int64,0.0,2
outer:03_standard,CLIN_ajcc_pathologic_t.diagnoses_T1c,int64,0.0,2
outer:03_standard,CLIN_ajcc_pathologic_t.diagnoses_T2,int64,0.0,2
outer:03_standard,CLIN_ajcc_pathologic_t.diagnoses_T2a,int64,0.0,2
outer:03_standard,CLIN_ajcc_pathologic_t.diagnoses_T2b,int64,0.0,2
outer:03_standard,CLIN_ajcc_pathologic_t.diagnoses_T3,int64,0.0,2
outer:03_standard,CLIN_ajcc_pathologic_t.diagnoses_T3a,int64,0.0,2
outer:03_standard,CLIN_ajcc_pathologic_t.diagnoses_T4,int64,0.0,2
outer:03_standard,CLIN_ajcc_pathologic_t.diagnoses_T4b,int64,0.0,2
outer:03_standard,CLIN_ajcc_pathologic_t.diagnoses_T4d,int64,0.0,2
outer:03_standard,CLIN_ajcc_pathologic_t.diagnoses_TX,int64,0.0,2
outer:03_standard,CLIN_ajcc_pathologic_t.diagnoses_missing,int64,0.0,1
outer:03_standard,CLIN_morphology.diagnoses_8010/3,int64,0.0,2
outer:03_standard,CLIN_morphology.diagnoses_8013/3,int64,0.0,2
outer:03_standard,CLIN_morphology.diagnoses_8022/3,int64,0.0,2
outer:03_standard,CLIN_morphology.diagnoses_8050/3,int64,0.0,2
outer:03_standard,CLIN_morphology.diagnoses_8090/3,int64,0.0,2
outer:03_standard,CLIN_morphology.diagnoses_8200/3,int64,0.0,2
outer:03_standard,CLIN_morphology.diagnoses_8201/3,int64,0.0,2
outer:03_standard,CLIN_morphology.diagnoses_8211/3,int64,0.0,2
outer:03_standard,CLIN_morphology.diagnoses_8401/3,int64,0.0,2
outer:03_standard,CLIN_morphology.diagnoses_8480/3,int64,0.0,2
outer:03_standard,CLIN_morphology.diagnoses_8500/3,int64,0.0,2
outer:03_standard,CLIN_morphology.diagnoses_8502/3,int64,0.0,2
outer:03_standard,CLIN_morphology.diagnoses_8503/3,int64,0.0,2
outer:03_standard,CLIN_morphology.diagnoses_8507/3,int64,0.0,2
outer:03_standard,CLIN_morphology.diagnoses_8510/3,int64,0.0,2
outer:03_standard,CLIN_morphology.diagnoses_8520/3,int64,0.0,2
outer:03_standard,CLIN_morphology.diagnoses_8522/3,int64,0.0,2
outer:03_standard,CLIN_morphology.diagnoses_8523/3,int64,0.0,2
outer:03_standard,CLIN_morphology.diagnoses_8524/3,int64,0.0,2
outer:03_standard,CLIN_morphology.diagnoses_8541/3,int64,0.0,2
outer:03_standard,CLIN_morphology.diagnoses_8575/3,int64,0.0,2
outer:03_standard,CLIN_morphology.diagnoses_9020/3,int64,0.0,2
outer:03_standard,CLIN_morphology.diagnoses_missing,int64,0.0,1
outer:03_standard,CLIN_ajcc_pathologic_n.diagnoses_N0,int64,0.0,2
outer:03_standard,CLIN_ajcc_pathologic_n.diagnoses_N0 (i+),int64,0.0,2
outer:03_standard,CLIN_ajcc_pathologic_n.diagnoses_N0 (i-),int64,0.0,2
outer:03_standard,CLIN_ajcc_pathologic_n.diagnoses_N0 (mol+),int64,0.0,2
outer:03_standard,CLIN_ajcc_pathologic_n.diagnoses_N1,int64,0.0,2
outer:03_standard,CLIN_ajcc_pathologic_n.diagnoses_N1a,int64,0.0,2
outer:03_standard,CLIN_ajcc_pathologic_n.diagnoses_N1b,int64,0.0,2
outer:03_standard,CLIN_ajcc_pathologic_n.diagnoses_N1c,int64,0.0,2
outer:03_standard,CLIN_ajcc_pathologic_n.diagnoses_N1mi,int64,0.0,2
outer:03_standard,CLIN_ajcc_pathologic_n.diagnoses_N2,int64,0.0,2
outer:03_standard,CLIN_ajcc_pathologic_n.diagnoses_N2a,int64,0.0,2
outer:03_standard,CLIN_ajcc_pathologic_n.diagnoses_N3,int64,0.0,2
outer:03_standard,CLIN_ajcc_pathologic_n.diagnoses_N3a,int64,0.0,2
outer:03_standard,CLIN_ajcc_pathologic_n.diagnoses_N3b,int64,0.0,2
outer:03_standard,CLIN_ajcc_pathologic_n.diagnoses_N3c,int64,0.0,2
outer:03_standard,CLIN_ajcc_pathologic_n.diagnoses_NX,int64,0.0,2
outer:03_standard,CLIN_ajcc_pathologic_n.diagnoses_missing,int64,0.0,1
outer:03_standard,CLIN_ajcc_pathologic_m.diagnoses_M0,int64,0.0,2
outer:03_standard,CLIN_ajcc_pathologic_m.diagnoses_M1,int64,0.0,2
outer:03_standard,CLIN_ajcc_pathologic_m.diagnoses_MX,int64,0.0,2
outer:03_standard,CLIN_ajcc_pathologic_m.diagnoses_cM0 (i+),int64,0.0,2
outer:03_standard,CLIN_ajcc_pathologic_m.diagnoses_missing,int64,0.0,1
outer:03_standard,"CLIN_treatment_or_therapy.treatments.diagnoses_['no', 'no']",int64,0.0,2
outer:03_standard,"CLIN_treatment_or_therapy.treatments.diagnoses_['no', 'not reported']",int64,0.0,2
outer:03_standard,"CLIN_treatment_or_therapy.treatments.diagnoses_['no', 'yes']",int64,0.0,2
outer:03_standard,"CLIN_treatment_or_therapy.treatments.diagnoses_['not reported', 'no']",int64,0.0,2
outer:03_standard,"CLIN_treatment_or_therapy.treatments.diagnoses_['not reported', 'not reported']",int64,0.0,2
outer:03_standard,"CLIN_treatment_or_therapy.treatments.diagnoses_['not reported', 'yes']",int64,0.0,2
outer:03_standard,"CLIN_treatment_or_therapy.treatments.diagnoses_['yes', 'no']",int64,0.0,2
outer:03_standard,"CLIN_treatment_or_therapy.treatments.diagnoses_['yes', 'not reported']",int64,0.0,2
outer:03_standard,"CLIN_treatment_or_therapy.treatments.diagnoses_['yes', 'yes']",int64,0.0,2
outer:03_standard,CLIN_treatment_or_therapy.treatments.diagnoses_missing,int64,0.0,1
outer:03_standard,RNA_ENSG00000280061.1,float64,0.0,24
outer:03_standard,RNA_ENSG00000287660.1,float64,0.0,7
outer:03_standard,RNA_ENSG00000277817.1,float64,0.0,13
outer:03_standard,RNA_ENSG00000255385.1,float64,0.0,10
outer:03_standard,RNA_ENSG00000248120.1,float64,0.0,12
outer:03_standard,RNA_ENSG00000270900.1,float64,0.0,16
outer:03_standard,RNA_ENSG00000224357.1,float64,0.0,11
outer:03_standard,RNA_ENSG00000199482.1,float64,0.0,22
outer:03_standard,RNA_ENSG00000177684.4,float64,0.0,6
outer:03_standard,RNA_ENSG00000228098.1,float64,0.0,9
outer:03_standard,RNA_ENSG00000172459.4,float64,0.0,8
outer:03_standard,RNA_ENSG00000249089.1,float64,0.0,18
outer:03_standard,RNA_ENSG00000280094.2,float64,0.0,17
outer:03_standard,RNA_ENSG00000223896.2,float64,0.0,21
outer:03_standard,RNA_ENSG00000229315.7,float64,0.0,18
outer:03_standard,RNA_ENSG00000212279.2,float64,0.0,6
outer:03_standard,RNA_ENSG00000207967.1,float64,0.0,14
outer:03_standard,RNA_ENSG00000281167.1,float64,0.0,6
outer:03_standard,RNA_ENSG00000248600.2,float64,0.0,11
outer:03_standard,RNA_ENSG00000275320.1,float64,0.0,12
outer:03_standard,RNA_ENSG00000237272.2,float64,0.0,16
outer:03_standard,RNA_ENSG00000262181.2,float64,0.0,7
outer:03_standard,RNA_ENSG00000227023.1,float64,0.0,7
outer:03_standard,RNA_ENSG00000225424.1,float64,0.0,8
outer:03_standard,RNA_ENSG00000162771.8,float64,0.0,6
outer:03_standard,RNA_ENSG00000220139.1,float64,0.0,8
outer:03_standard,RNA_ENSG00000287977.1,float64,0.0,10
outer:03_standard,RNA_ENSG00000250727.1,float64,0.0,14
outer:03_standard,RNA_ENSG00000201288.1,float64,0.0,7
outer:03_standard,RNA_ENSG00000255296.1,float64,0.0,23
outer:03_standard,RNA_ENSG00000207002.1,float64,0.0,12
outer:03_standard,RNA_ENSG00000286110.1,float64,0.0,11
outer:03_standard,RNA_ENSG00000170255.7,float64,0.0,7
outer:03_standard,RNA_ENSG00000255746.1,float64,0.0,11
outer:03_standard,RNA_ENSG00000223245.1,float64,0.0,9
outer:03_standard,RNA_ENSG00000271421.1,float64,0.0,7
outer:03_standard,RNA_ENSG00000215297.3,float64,0.0,19
outer:03_standard,RNA_ENSG00000256258.1,float64,0.0,8
outer:03_standard,RNA_ENSG00000256287.1,float64,0.0,38
outer:03_standard,RNA_ENSG00000231750.3,float64,0.0,9
outer:03_standard,RNA_ENSG00000261511.1,float64,0.0,9
outer:03_standard,RNA_ENSG00000211707.3,float64,0.0,16
outer:03_standard,RNA_ENSG00000230609.1,float64,0.0,17
outer:03_standard,RNA_ENSG00000172199.1,float64,0.0,12
outer:03_standard,RNA_ENSG00000213384.2,float64,0.0,18
outer:03_standard,RNA_ENSG00000242101.3,float64,0.0,17
outer:03_standard,RNA_ENSG00000248764.1,float64,0.0,11
outer:03_standard,RNA_ENSG00000217169.2,float64,0.0,8
outer:03_standard,RNA_ENSG00000278694.1,float64,0.0,7
outer:03_standard,RNA_ENSG00000234895.1,float64,0.0,12
outer:03_standard,RNA_missing,int64,0.0,2
outer:03_standard,CNV_ENSG00000287272.1,float64,0.0,17
outer:03_standard,CNV_ENSG00000241550.3,float64,0.0,21
outer:03_standard,CNV_ENSG00000273824.1,float64,0.0,16
outer:03_standard,CNV_ENSG00000261070.1,float64,0.0,27
outer:03_standard,CNV_ENSG00000202361.1,float64,0.0,19
outer:03_standard,CNV_ENSG00000274489.1,float64,0.0,26
outer:03_standard,CNV_ENSG00000215262.8,float64,0.0,26
outer:03_standard,CNV_ENSG00000254038.1,float64,0.0,28
outer:03_standard,CNV_ENSG00000243503.2,float64,0.0,28
outer:03_standard,CNV_ENSG00000244235.2,float64,0.0,20
outer:03_standard,CNV_ENSG00000253135.1,float64,0.0,20
outer:03_standard,CNV_ENSG00000287644.1,float64,0.0,24
outer:03_standard,CNV_ENSG00000199985.1,float64,0.0,27
outer:03_standard,CNV_ENSG00000254320.1,float64,0.0,26
outer:03_standard,CNV_ENSG00000253650.1,float64,0.0,27
outer:03_standard,CNV_ENSG00000131931.8,float64,0.0,20
outer:03_standard,CNV_ENSG00000265666.1,float64,0.0,21
outer:03_standard,CNV_ENSG00000278918.1,float64,0.0,21
outer:03_standard,CNV_ENSG00000206871.1,float64,0.0,26
outer:03_standard,CNV_ENSG00000253610.1,float64,0.0,26
outer:03_standard,CNV_ENSG00000240125.1,float64,0.0,20
outer:03_standard,CNV_ENSG00000286837.1,float64,0.0,20
outer:03_standard,CNV_ENSG00000219491.7,float64,0.0,27
outer:03_standard,CNV_ENSG00000238966.1,float64,0.0,20
outer:03_standard,CNV_ENSG00000207101.1,float64,0.0,21
outer:03_standard,CNV_ENSG00000131747.15,float64,0.0,20
outer:03_standard,CNV_ENSG00000222881.1,float64,0.0,20
outer:03_standard,CNV_ENSG00000174132.9,float64,0.0,12
outer:03_standard,CNV_ENSG00000239281.2,float64,0.0,19
outer:03_standard,CNV_ENSG00000263372.1,float64,0.0,19
outer:03_standard,CNV_ENSG00000131759.18,float64,0.0,23
outer:03_standard,CNV_ENSG00000260588.1,float64,0.0,20
outer:03_standard,CNV_ENSG00000206867.1,float64,0.0,20
outer:03_standard,CNV_ENSG00000252618.1,float64,0.0,21
outer:03_standard,CNV_ENSG00000249787.2,float64,0.0,12
outer:03_standard,CNV_ENSG00000241834.3,float64,0.0,20
outer:03_standard,CNV_ENSG00000253504.1,float64,0.0,24
outer:03_standard,CNV_ENSG00000261449.1,float64,0.0,20
outer:03_standard,CNV_ENSG00000070718.12,float64,0.0,20
outer:03_standard,CNV_ENSG00000104365.16,float64,0.0,21
outer:03_standard,CNV_ENSG00000083168.11,float64,0.0,20
outer:03_standard,CNV_ENSG00000147434.9,float64,0.0,19
outer:03_standard,CNV_ENSG00000141753.7,float64,0.0,19
outer:03_standard,CNV_ENSG00000264655.1,float64,0.0,21
outer:03_standard,CNV_ENSG00000120925.16,float64,0.0,20
outer:03_standard,CNV_ENSG00000253265.1,float64,0.0,21
outer:03_standard,CNV_ENSG00000242719.3,float64,0.0,20
outer:03_standard,CNV_ENSG00000266208.1,float64,0.0,21
outer:03_standard,CNV_ENSG00000183153.7,float64,0.0,21
outer:03_standard,CNV_ENSG00000253123.4,float64,0.0,29
outer:03_standard,CNV_missing,int64,0.0,2
outer:03_standard,MUT_FMN2,float64,0.0,2
outer:03_standard,MUT_DMD,float64,0.0,2
outer:03_standard,MUT_LRP1,float64,0.0,2
outer:03_standard,MUT_HMCN1,float64,0.0,2
outer:03_standard,MUT_RUNX1,float64,0.0,2
outer:03_standard,MUT_FAT1,float64,0.0,2
outer:03_standard,MUT_PTEN,float64,0.0,2
outer:03_standard,MUT_MYH9,float64,0.0,2
outer:03_standard,MUT_HUWE1,float64,0.0,2
outer:03_standard,MUT_MACF1,float64,0.0,2
outer:03_standard,MUT_PCLO,float64,0.0,2
outer:03_standard,MUT_LRP2,float64,0.0,2
outer:03_standard,MUT_MDN1,float64,0.0,2
outer:03_standard,MUT_PKHD1L1,float64,0.0,2
outer:03_standard,MUT_KMT2D,float64,0.0,2
outer:03_standard,MUT_CACNA1E,float64,0.0,2
outer:03_standard,MUT_NF1,float64,0.0,2
outer:03_standard,MUT_RELN,float64,0.0,2
outer:03_standard,MUT_NCOR1,float64,0.0,2
outer:03_standard,MUT_FAT3,float64,0.0,2
outer:03_standard,MUT_ARID1A,float64,0.0,2
outer:03_standard,MUT_SYNE2,float64,0.0,2
outer:03_standard,MUT_MAP2K4,float64,0.0,2
outer:03_standard,MUT_VPS13B,float64,0.0,2
outer:03_standard,MUT_MAP3K1,float64,0.0,2
outer:03_standard,MUT_RYR1,float64,0.0,2
outer:03_standard,MUT_SPTA1,float64,0.0,2
outer:03_standard,MUT_CUBN,float64,0.0,2
outer:03_standard,MUT_SYNE1,float64,0.0,2
outer:03_standard,MUT_GATA3,float64,0.0,2
outer:03_standard,MUT_LRP1B,float64,0.0,2
outer:03_standard,MUT_PIK3R1,float64,0.0,2
outer:03_standard,MUT_ABCA13,float64,0.0,2
outer:03_standard,MUT_PIK3CA,float64,0.0,2
outer:03_standard,MUT_MUC17,float64,0.0,2
outer:03_standard,MUT_CSMD2,float64,0.0,2
outer:03_standard,MUT_DNAH17,float64,0.0,2
outer:03_standard,MUT_RYR3,float64,0.0,2
outer:03_standard,MUT_ADGRV1,float64,0.0,2
outer:03_standard,MUT_DST,float64,0.0,2
outer:03_standard,MUT_HYDIN,float64,0.0,2
outer:03_standard,MUT_DNAH11,float64,0.0,2
outer:03_standard,MUT_OBSCN,float64,0.0,2
outer:03_standard,MUT_XIRP2,float64,0.0,2
outer:03_standard,MUT_CSMD3,float64,0.0,2
outer:03_standard,MUT_RYR2,float64,0.0,2
outer:03_standard,MUT_KMT2C,float64,0.0,2
outer:03_standard,MUT_PRKDC,float64,0.0,2
outer:03_standard,MUT_NEB,float64,0.0,2
outer:03_standard,MUT_SPEN,float64,0.0,2
outer:03_standard,MUT_missing,int64,0.0,2
outer:03_standard,PROT_CLAUDIN7,float64,0.0,526
outer:03_standard,PROT_KU80,float64,0.0,526
outer:03_standard,PROT_TUBERIN_pT1462,float64,0.0,526
outer:03_standard,PROT_PAXILLIN,float64,0.0,527
outer:03_standard,PROT_Aurora-ABC_pT288_pT232_pT198,float64,0.0,510
outer:03_standard,PROT_PRC1_pT481,float64,0.0,509
outer:03_standard,PROT_DNA-Ligase-IV,float64,0.0,509
outer:03_standard,PROT_P38_pT180Y182,float64,0.0,527
outer:03_standard,PROT_Hexokinase-II,float64,0.0,511
outer:03_standard,PROT_DVL3,float64,0.0,527
outer:03_standard,PROT_SETD2,float64,0.0,525
outer:03_standard,PROT_4EBP1_pT37T46,float64,0.0,526
outer:03_standard,PROT_GSK3_pS9,float64,0.0,525
outer:03_standard,PROT_CYCLINB1,float64,0.0,525
outer:03_standard,PROT_Cdc42,float64,0.0,507
outer:03_standard,PROT_PLC-gamma1,float64,0.0,510
outer:03_standard,PROT_CD20,float64,0.0,526
outer:03_standard,PROT_c-IAP2,float64,0.0,509
outer:03_standard,PROT_Gli1,float64,0.0,510
outer:03_standard,PROT_b-Actin,float64,0.0,510
outer:03_standard,PROT_Atg4B,float64,0.0,509
outer:03_standard,PROT_DM-K9-Histone-H3,float64,0.0,509
outer:03_standard,PROT_P70S6K1,float64,0.0,525
outer:03_standard,PROT_RPA32,float64,0.0,508
outer:03_standard,PROT_Slfn11,float64,0.0,509
outer:03_standard,PROT_Jagged1,float64,0.0,505
outer:03_standard,PROT_COG3,float64,0.0,525
outer:03_standard,PROT_TIGAR,float64,0.0,527
outer:03_standard,PROT_Aurora-A,float64,0.0,511
outer:03_standard,PROT_BRAF,float64,0.0,526
outer:03_standard,PROT_FAK_pY397,float64,0.0,508
outer:03_standard,PROT_IGF1R_pY1135Y1136,float64,0.0,524
outer:03_standard,PROT_SMAD4,float64,0.0,524
outer:03_standard,PROT_IGFBP2,float64,0.0,527
outer:03_standard,PROT_IDO,float64,0.0,509
outer:03_standard,PROT_HER2,float64,0.0,527
outer:03_standard,PROT_PAR,float64,0.0,511
outer:03_standard,PROT_MYH11,float64,0.0,527
outer:03_standard,PROT_HSP70,float64,0.0,526
outer:03_standard,PROT_CAVEOLIN1,float64,0.0,527
outer:03_standard,PROT_ERALPHA,float64,0.0,526
outer:03_standard,PROT_EPPK1,float64,0.0,525
outer:03_standard,PROT_FASN,float64,0.0,526
outer:03_standard,PROT_ECADHERIN,float64,0.0,526
outer:03_standard,PROT_INPP4B,float64,0.0,525
outer:03_standard,PROT_GATA3,float64,0.0,526
outer:03_standard,PROT_GAPDH,float64,0.0,525
outer:03_standard,PROT_AR,float64,0.0,526
outer:03_standard,PROT_EMA,float64,0.0,511
outer:03_standard,PROT_Connexin-43,float64,0.0,511
outer:03_standard,PROT_missing,int64,0.0,2
outer:03_standard,METH_cg17573813,float64,0.0,527
outer:03_standard,METH_cg08269402,float64,0.0,527
outer:03_standard,METH_cg02385739,float64,0.0,527
outer:03_standard,METH_cg11617144,float64,0.0,527
outer:03_standard,METH_cg16719517,float64,0.0,527
outer:03_standard,METH_cg22824635,float64,0.0,526
outer:03_standard,METH_cg13305186,float64,0.0,527
outer:03_standard,METH_cg23091104,float64,0.0,527
outer:03_standard,METH_cg23097686,float64,0.0,527
outer:03_standard,METH_cg08699341,float64,0.0,527
outer:03_standard,METH_cg06912515,float64,0.0,527
outer:03_standard,METH_cg08857906,float64,0.0,526
outer:03_standard,METH_cg16602369,float64,0.0,527
outer:03_standard,METH_cg02525705,float64,0.0,524
outer:03_standard,METH_cg26323797,float64,0.0,527
outer:03_standard,METH_cg25794823,float64,0.0,526
outer:03_standard,METH_cg15237819,float64,0.0,527
outer:03_standard,METH_cg15313226,float64,0.0,527
outer:03_standard,METH_cg10342963,float64,0.0,522
outer:03_standard,METH_cg00737916,float64,0.0,526
outer:03_standard,METH_cg01858879,float64,0.0,527
outer:03_standard,METH_cg18141400,float64,0.0,527
outer:03_standard,METH_cg22747076,float64,0.0,521
outer:03_standard,METH_cg17882374,float64,0.0,526
outer:03_standard,METH_cg19789653,float64,0.0,527
outer:03_standard,METH_cg07927379,float64,0.0,527
outer:03_standard,METH_cg02716516,float64,0.0,527
outer:03_standard,METH_cg02344911,float64,0.0,527
outer:03_standard,METH_cg17035412,float64,0.0,527
outer:03_standard,METH_cg07592963,float64,0.0,526
outer:03_standard,METH_cg07857251,float64,0.0,527
outer:03_standard,METH_cg12731349,float64,0.0,527
outer:03_standard,METH_cg14168530,float64,0.0,526
outer:03_standard,METH_cg13849454,float64,0.0,527
outer:03_standard,METH_cg23782616,float64,0.0,527
outer:03_standard,METH_cg04571941,float64,0.0,527
outer:03_standard,METH_cg16578537,float64,0.0,527
outer:03_standard,METH_cg13371788,float64,0.0,527
outer:03_standard,METH_cg07233097,float64,0.0,526
outer:03_standard,METH_cg01163842,float64,0.0,527
outer:03_standard,METH_cg14054842,float64,0.0,527
outer:03_standard,METH_cg00660167,float64,0.0,497
outer:03_standard,METH_cg09267051,float64,0.0,527
outer:03_standard,METH_cg11575912,float64,0.0,526
outer:03_standard,METH_cg06532037,float64,0.0,527
outer:03_standard,METH_cg00450784,float64,0.0,527
outer:03_standard,METH_cg23861668,float64,0.0,527
outer:03_standard,METH_cg03990436,float64,0.0,496
outer:03_standard,METH_cg23591302,float64,0.0,525
outer:03_standard,METH_cg11935854,float64,0.0,526
outer:03_standard,METH_missing,int64,0.0,2
outer:03_standard,MIRNA_hsa-mir-4326,float64,0.0,465
outer:03_standard,MIRNA_hsa-mir-375,float64,0.0,527
outer:03_standard,MIRNA_hsa-mir-508,float64,0.0,516
outer:03_standard,MIRNA_hsa-mir-3065,float64,0.0,527
outer:03_standard,MIRNA_hsa-mir-3607,float64,0.0,527
outer:03_standard,MIRNA_hsa-mir-363,float64,0.0,524
outer:03_standard,MIRNA_hsa-mir-31,float64,0.0,500
outer:03_standard,MIRNA_hsa-mir-486-2,float64,0.0,527
outer:03_standard,MIRNA_hsa-mir-6510,float64,0.0,472
outer:03_standard,MIRNA_hsa-mir-210,float64,0.0,527
outer:03_standard,MIRNA_hsa-mir-153-2,float64,0.0,522
outer:03_standard,MIRNA_hsa-mir-5683,float64,0.0,498
outer:03_standard,MIRNA_hsa-mir-675,float64,0.0,527
outer:03_standard,MIRNA_hsa-mir-301a,float64,0.0,526
outer:03_standard,MIRNA_hsa-mir-1247,float64,0.0,524
outer:03_standard,MIRNA_hsa-mir-628,float64,0.0,527
outer:03_standard,MIRNA_hsa-mir-452,float64,0.0,527
outer:03_standard,MIRNA_hsa-mir-9-2,float64,0.0,527
outer:03_standard,MIRNA_hsa-mir-150,float64,0.0,527
outer:03_standard,MIRNA_hsa-mir-205,float64,0.0,527
outer:03_standard,MIRNA_hsa-mir-196b,float64,0.0,527
outer:03_standard,MIRNA_hsa-mir-486-1,float64,0.0,527
outer:03_standard,MIRNA_hsa-mir-142,float64,0.0,527
outer:03_standard,MIRNA_hsa-mir-135a-2,float64,0.0,335
outer:03_standard,MIRNA_hsa-mir-105-1,float64,0.0,267
outer:03_standard,MIRNA_hsa-mir-9-1,float64,0.0,527
outer:03_standard,MIRNA_hsa-mir-105-2,float64,0.0,248
outer:03_standard,MIRNA_hsa-mir-1269a,float64,0.0,325
outer:03_standard,MIRNA_hsa-mir-203a,float64,0.0,527
outer:03_standard,MIRNA_hsa-mir-33b,float64,0.0,517
outer:03_standard,MIRNA_hsa-mir-9-3,float64,0.0,527
outer:03_standard,MIRNA_hsa-mir-3677,float64,0.0,527
outer:03_standard,MIRNA_hsa-mir-455,float64,0.0,527
outer:03_standard,MIRNA_hsa-mir-451a,float64,0.0,527
outer:03_standard,MIRNA_hsa-mir-449a,float64,0.0,341
outer:03_standard,MIRNA_hsa-mir-767,float64,0.0,239
outer:03_standard,MIRNA_hsa-mir-577,float64,0.0,399
outer:03_standard,MIRNA_hsa-mir-519a-1,float64,0.0,303
outer:03_standard,MIRNA_hsa-mir-934,float64,0.0,316
outer:03_standard,MIRNA_hsa-mir-196a-2,float64,0.0,527
outer:03_standard,MIRNA_hsa-mir-187,float64,0.0,512
outer:03_standard,MIRNA_hsa-mir-203b,float64,0.0,523
outer:03_standard,MIRNA_hsa-mir-1269b,float64,0.0,152
outer:03_standard,MIRNA_hsa-mir-190b,float64,0.0,504
outer:03_standard,MIRNA_hsa-mir-224,float64,0.0,527
outer:03_standard,MIRNA_hsa-mir-149,float64,0.0,527
outer:03_standard,MIRNA_hsa-mir-196a-1,float64,0.0,527
outer:03_standard,MIRNA_hsa-mir-20b,float64,0.0,527
outer:03_standard,MIRNA_hsa-mir-135b,float64,0.0,500
outer:03_standard,MIRNA_hsa-mir-184,float64,0.0,506
outer:03_standard,MIRNA_missing,int64,0.0,2
outer:03_standard,OS,int64,0.0,2
outer:03_standard,OS.time,float64,0.0,826
outer:04_fdr_significant,Unnamed: 0,object,0.0,1076
outer:04_fdr_significant,CLIN_gender.demographic,float64,0.0,2
outer:04_fdr_significant,CLIN_age_at_index.demographic,float64,0.0,65
outer:04_fdr_significant,CLIN_tumor_descriptor.samples,int64,0.0,2
outer:04_fdr_significant,CLIN_disease_type_Adenomas and Adenocarcinomas,int64,0.0,2
outer:04_fdr_significant,CLIN_disease_type_Adnexal and Skin Appendage Neoplasms,int64,0.0,2
outer:04_fdr_significant,CLIN_disease_type_Basal Cell Neoplasms,int64,0.0,2
outer:04_fdr_significant,CLIN_disease_type_Complex Epithelial Neoplasms,int64,0.0,2
outer:04_fdr_significant,"CLIN_disease_type_Cystic, Mucinous and Serous Neoplasms",int64,0.0,2
outer:04_fdr_significant,CLIN_disease_type_Ductal and Lobular Neoplasms,int64,0.0,2
outer:04_fdr_significant,"CLIN_disease_type_Epithelial Neoplasms, NOS",int64,0.0,2
outer:04_fdr_significant,CLIN_disease_type_Fibroepithelial Neoplasms,int64,0.0,2
outer:04_fdr_significant,CLIN_disease_type_Squamous Cell Neoplasms,int64,0.0,2
outer:04_fdr_significant,CLIN_race.demographic_american indian or alaska native,int64,0.0,2
outer:04_fdr_significant,CLIN_race.demographic_asian,int64,0.0,2
outer:04_fdr_significant,CLIN_race.demographic_black or african american,int64,0.0,2
outer:04_fdr_significant,CLIN_race.demographic_missing,int64,0.0,2
outer:04_fdr_significant,CLIN_race.demographic_white,int64,0.0,2
outer:04_fdr_significant,CLIN_ethnicity.demographic_hispanic or latino,int64,0.0,2
outer:04_fdr_significant,CLIN_ethnicity.demographic_missing,int64,0.0,2
outer:04_fdr_significant,CLIN_ethnicity.demographic_not hispanic or latino,int64,0.0,2
outer:04_fdr_significant,CLIN_ajcc_pathologic_stage.diagnoses_Stage I,int64,0.0,2
outer:04_fdr_significant,CLIN_ajcc_pathologic_stage.diagnoses_Stage IA,int64,0.0,2
outer:04_fdr_significant,CLIN_ajcc_pathologic_stage.diagnoses_Stage IB,int64,0.0,2
outer:04_fdr_significant,CLIN_ajcc_pathologic_stage.diagnoses_Stage II,int64,0.0,2
outer:04_fdr_significant,CLIN_ajcc_pathologic_stage.diagnoses_Stage IIA,int64,0.0,2
outer:04_fdr_significant,CLIN_ajcc_pathologic_stage.diagnoses_Stage IIB,int64,0.0,2
outer:04_fdr_significant,CLIN_ajcc_pathologic_stage.diagnoses_Stage III,int64,0.0,2
outer:04_fdr_significant,CLIN_ajcc_pathologic_stage.diagnoses_Stage IIIA,int64,0.0,2
outer:04_fdr_significant,CLIN_ajcc_pathologic_stage.diagnoses_Stage IIIB,int64,0.0,2
outer:04_fdr_significant,CLIN_ajcc_pathologic_stage.diagnoses_Stage IIIC,int64,0.0,2
outer:04_fdr_significant,CLIN_ajcc_pathologic_stage.diagnoses_Stage IV,int64,0.0,2
outer:04_fdr_significant,CLIN_ajcc_pathologic_stage.diagnoses_Stage X,int64,0.0,2
outer:04_fdr_significant,CLIN_ajcc_pathologic_stage.diagnoses_missing,int64,0.0,2
outer:04_fdr_significant,"CLIN_tissue_or_organ_of_origin.diagnoses_Breast, NOS",int64,0.0,2
outer:04_fdr_significant,CLIN_tissue_or_organ_of_origin.diagnoses_Lower-inner quadrant of breast,int64,0.0,2
outer:04_fdr_significant,CLIN_tissue_or_organ_of_origin.diagnoses_Lower-outer quadrant of breast,int64,0.0,2
outer:04_fdr_significant,CLIN_tissue_or_organ_of_origin.diagnoses_Overlapping lesion of breast,int64,0.0,2
outer:04_fdr_significant,CLIN_tissue_or_organ_of_origin.diagnoses_Upper-inner quadrant of breast,int64,0.0,2
outer:04_fdr_significant,CLIN_tissue_or_organ_of_origin.diagnoses_Upper-outer quadrant of breast,int64,0.0,2
outer:04_fdr_significant,CLIN_tissue_or_organ_of_origin.diagnoses_missing,int64,0.0,1
outer:04_fdr_significant,CLIN_primary_diagnosis.diagnoses_Adenoid cystic carcinoma,int64,0.0,2
outer:04_fdr_significant,CLIN_primary_diagnosis.diagnoses_Apocrine adenocarcinoma,int64,0.0,2
outer:04_fdr_significant,"CLIN_primary_diagnosis.diagnoses_Basal cell carcinoma, NOS",int64,0.0,2
outer:04_fdr_significant,"CLIN_primary_diagnosis.diagnoses_Carcinoma, NOS",int64,0.0,2
outer:04_fdr_significant,"CLIN_primary_diagnosis.diagnoses_Cribriform carcinoma, NOS",int64,0.0,2
outer:04_fdr_significant,CLIN_primary_diagnosis.diagnoses_Infiltrating duct and lobular carcinoma,int64,0.0,2
outer:04_fdr_significant,"CLIN_primary_diagnosis.diagnoses_Infiltrating duct carcinoma, NOS",int64,0.0,2
outer:04_fdr_significant,CLIN_primary_diagnosis.diagnoses_Infiltrating duct mixed with other types of carcinoma,int64,0.0,2
outer:04_fdr_significant,CLIN_primary_diagnosis.diagnoses_Infiltrating lobular mixed with other types of carcinoma,int64,0.0,2
outer:04_fdr_significant,CLIN_primary_diagnosis.diagnoses_Intraductal micropapillary carcinoma,int64,0.0,2
outer:04_fdr_significant,CLIN_primary_diagnosis.diagnoses_Intraductal papillary adenocarcinoma with invasion,int64,0.0,2
outer:04_fdr_significant,CLIN_primary_diagnosis.diagnoses_Large cell neuroendocrine carcinoma,int64,0.0,2
outer:04_fdr_significant,"CLIN_primary_diagnosis.diagnoses_Lobular carcinoma, NOS",int64,0.0,2
outer:04_fdr_significant,"CLIN_primary_diagnosis.diagnoses_Medullary carcinoma, NOS",int64,0.0,2
outer:04_fdr_significant,"CLIN_primary_diagnosis.diagnoses_Metaplastic carcinoma, NOS",int64,0.0,2
outer:04_fdr_significant,CLIN_primary_diagnosis.diagnoses_Mucinous adenocarcinoma,int64,0.0,2
outer:04_fdr_significant,CLIN_primary_diagnosis.diagnoses_Paget disease and infiltrating duct carcinoma of breast,int64,0.0,2
outer:04_fdr_significant,"CLIN_primary_diagnosis.diagnoses_Papillary carcinoma, NOS",int64,0.0,2
outer:04_fdr_significant,"CLIN_primary_diagnosis.diagnoses_Phyllodes tumor, malignant",int64,0.0,2
outer:04_fdr_significant,CLIN_primary_diagnosis.diagnoses_Pleomorphic carcinoma,int64,0.0,2
outer:04_fdr_significant,CLIN_primary_diagnosis.diagnoses_Secretory carcinoma of breast,int64,0.0,2
outer:04_fdr_significant,CLIN_primary_diagnosis.diagnoses_Tubular adenocarcinoma,int64,0.0,2
outer:04_fdr_significant,CLIN_primary_diagnosis.diagnoses_missing,int64,0.0,1
outer:04_fdr_significant,CLIN_prior_malignancy.diagnoses_missing,int64,0.0,2
outer:04_fdr_significant,CLIN_prior_malignancy.diagnoses_no,int64,0.0,2
outer:04_fdr_significant,CLIN_prior_malignancy.diagnoses_yes,int64,0.0,2
outer:04_fdr_significant,CLIN_prior_treatment.diagnoses_No,int64,0.0,2
outer:04_fdr_significant,CLIN_prior_treatment.diagnoses_Yes,int64,0.0,2
outer:04_fdr_significant,CLIN_prior_treatment.diagnoses_missing,int64,0.0,2
outer:04_fdr_significant,CLIN_ajcc_staging_system_edition.diagnoses_3rd,int64,0.0,2
outer:04_fdr_significant,CLIN_ajcc_staging_system_edition.diagnoses_4th,int64,0.0,2
outer:04_fdr_significant,CLIN_ajcc_staging_system_edition.diagnoses_5th,int64,0.0,2
outer:04_fdr_significant,CLIN_ajcc_staging_system_edition.diagnoses_6th,int64,0.0,2
outer:04_fdr_significant,CLIN_ajcc_staging_system_edition.diagnoses_7th,int64,0.0,2
outer:04_fdr_significant,CLIN_ajcc_staging_system_edition.diagnoses_missing,int64,0.0,2
outer:04_fdr_significant,CLIN_ajcc_pathologic_t.diagnoses_T1,int64,0.0,2
outer:04_fdr_significant,CLIN_ajcc_pathologic_t.diagnoses_T1a,int64,0.0,2
outer:04_fdr_significant,CLIN_ajcc_pathologic_t.diagnoses_T1b,int64,0.0,2
outer:04_fdr_significant,CLIN_ajcc_pathologic_t.diagnoses_T1c,int64,0.0,2
outer:04_fdr_significant,CLIN_ajcc_pathologic_t.diagnoses_T2,int64,0.0,2
outer:04_fdr_significant,CLIN_ajcc_pathologic_t.diagnoses_T2a,int64,0.0,2
outer:04_fdr_significant,CLIN_ajcc_pathologic_t.diagnoses_T2b,int64,0.0,2
outer:04_fdr_significant,CLIN_ajcc_pathologic_t.diagnoses_T3,int64,0.0,2
outer:04_fdr_significant,CLIN_ajcc_pathologic_t.diagnoses_T3a,int64,0.0,2
outer:04_fdr_significant,CLIN_ajcc_pathologic_t.diagnoses_T4,int64,0.0,2
outer:04_fdr_significant,CLIN_ajcc_pathologic_t.diagnoses_T4b,int64,0.0,2
outer:04_fdr_significant,CLIN_ajcc_pathologic_t.diagnoses_T4d,int64,0.0,2
outer:04_fdr_significant,CLIN_ajcc_pathologic_t.diagnoses_TX,int64,0.0,2
outer:04_fdr_significant,CLIN_ajcc_pathologic_t.diagnoses_missing,int64,0.0,1
outer:04_fdr_significant,CLIN_morphology.diagnoses_8010/3,int64,0.0,2
outer:04_fdr_significant,CLIN_morphology.diagnoses_8013/3,int64,0.0,2
outer:04_fdr_significant,CLIN_morphology.diagnoses_8022/3,int64,0.0,2
outer:04_fdr_significant,CLIN_morphology.diagnoses_8050/3,int64,0.0,2
outer:04_fdr_significant,CLIN_morphology.diagnoses_8090/3,int64,0.0,2
outer:04_fdr_significant,CLIN_morphology.diagnoses_8200/3,int64,0.0,2
outer:04_fdr_significant,CLIN_morphology.diagnoses_8201/3,int64,0.0,2
outer:04_fdr_significant,CLIN_morphology.diagnoses_8211/3,int64,0.0,2
outer:04_fdr_significant,CLIN_morphology.diagnoses_8401/3,int64,0.0,2
outer:04_fdr_significant,CLIN_morphology.diagnoses_8480/3,int64,0.0,2
outer:04_fdr_significant,CLIN_morphology.diagnoses_8500/3,int64,0.0,2
outer:04_fdr_significant,CLIN_morphology.diagnoses_8502/3,int64,0.0,2
outer:04_fdr_significant,CLIN_morphology.diagnoses_8503/3,int64,0.0,2
outer:04_fdr_significant,CLIN_morphology.diagnoses_8507/3,int64,0.0,2
outer:04_fdr_significant,CLIN_morphology.diagnoses_8510/3,int64,0.0,2
outer:04_fdr_significant,CLIN_morphology.diagnoses_8520/3,int64,0.0,2
outer:04_fdr_significant,CLIN_morphology.diagnoses_8522/3,int64,0.0,2
outer:04_fdr_significant,CLIN_morphology.diagnoses_8523/3,int64,0.0,2
outer:04_fdr_significant,CLIN_morphology.diagnoses_8524/3,int64,0.0,2
outer:04_fdr_significant,CLIN_morphology.diagnoses_8541/3,int64,0.0,2
outer:04_fdr_significant,CLIN_morphology.diagnoses_8575/3,int64,0.0,2
outer:04_fdr_significant,CLIN_morphology.diagnoses_9020/3,int64,0.0,2
outer:04_fdr_significant,CLIN_morphology.diagnoses_missing,int64,0.0,1
outer:04_fdr_significant,CLIN_ajcc_pathologic_n.diagnoses_N0,int64,0.0,2
outer:04_fdr_significant,CLIN_ajcc_pathologic_n.diagnoses_N0 (i+),int64,0.0,2
outer:04_fdr_significant,CLIN_ajcc_pathologic_n.diagnoses_N0 (i-),int64,0.0,2
outer:04_fdr_significant,CLIN_ajcc_pathologic_n.diagnoses_N0 (mol+),int64,0.0,2
outer:04_fdr_significant,CLIN_ajcc_pathologic_n.diagnoses_N1,int64,0.0,2
outer:04_fdr_significant,CLIN_ajcc_pathologic_n.diagnoses_N1a,int64,0.0,2
outer:04_fdr_significant,CLIN_ajcc_pathologic_n.diagnoses_N1b,int64,0.0,2
outer:04_fdr_significant,CLIN_ajcc_pathologic_n.diagnoses_N1c,int64,0.0,2
outer:04_fdr_significant,CLIN_ajcc_pathologic_n.diagnoses_N1mi,int64,0.0,2
outer:04_fdr_significant,CLIN_ajcc_pathologic_n.diagnoses_N2,int64,0.0,2
outer:04_fdr_significant,CLIN_ajcc_pathologic_n.diagnoses_N2a,int64,0.0,2
outer:04_fdr_significant,CLIN_ajcc_pathologic_n.diagnoses_N3,int64,0.0,2
outer:04_fdr_significant,CLIN_ajcc_pathologic_n.diagnoses_N3a,int64,0.0,2
outer:04_fdr_significant,CLIN_ajcc_pathologic_n.diagnoses_N3b,int64,0.0,2
outer:04_fdr_significant,CLIN_ajcc_pathologic_n.diagnoses_N3c,int64,0.0,2
outer:04_fdr_significant,CLIN_ajcc_pathologic_n.diagnoses_NX,int64,0.0,2
outer:04_fdr_significant,CLIN_ajcc_pathologic_n.diagnoses_missing,int64,0.0,1
outer:04_fdr_significant,CLIN_ajcc_pathologic_m.diagnoses_M0,int64,0.0,2
outer:04_fdr_significant,CLIN_ajcc_pathologic_m.diagnoses_M1,int64,0.0,2
outer:04_fdr_significant,CLIN_ajcc_pathologic_m.diagnoses_MX,int64,0.0,2
outer:04_fdr_significant,CLIN_ajcc_pathologic_m.diagnoses_cM0 (i+),int64,0.0,2
outer:04_fdr_significant,CLIN_ajcc_pathologic_m.diagnoses_missing,int64,0.0,1
outer:04_fdr_significant,"CLIN_treatment_or_therapy.treatments.diagnoses_['no', 'no']",int64,0.0,2
outer:04_fdr_significant,"CLIN_treatment_or_therapy.treatments.diagnoses_['no', 'not reported']",int64,0.0,2
outer:04_fdr_significant,"CLIN_treatment_or_therapy.treatments.diagnoses_['no', 'yes']",int64,0.0,2
outer:04_fdr_significant,"CLIN_treatment_or_therapy.treatments.diagnoses_['not reported', 'no']",int64,0.0,2
outer:04_fdr_significant,"CLIN_treatment_or_therapy.treatments.diagnoses_['not reported', 'not reported']",int64,0.0,2
outer:04_fdr_significant,"CLIN_treatment_or_therapy.treatments.diagnoses_['not reported', 'yes']",int64,0.0,2
outer:04_fdr_significant,"CLIN_treatment_or_therapy.treatments.diagnoses_['yes', 'no']",int64,0.0,2
outer:04_fdr_significant,"CLIN_treatment_or_therapy.treatments.diagnoses_['yes', 'not reported']",int64,0.0,2
outer:04_fdr_significant,"CLIN_treatment_or_therapy.treatments.diagnoses_['yes', 'yes']",int64,0.0,2
outer:04_fdr_significant,CLIN_treatment_or_therapy.treatments.diagnoses_missing,int64,0.0,1
outer:04_fdr_significant,RNA_ENSG00000159450.12,float64,0.0,187
outer:04_fdr_significant,RNA_ENSG00000275882.1,float64,0.0,32
outer:04_fdr_significant,RNA_ENSG00000127774.7,float64,0.0,94
outer:04_fdr_significant,RNA_ENSG00000236385.1,float64,0.0,90
outer:04_fdr_significant,RNA_ENSG00000268442.1,float64,0.0,91
outer:04_fdr_significant,RNA_ENSG00000226317.3,float64,0.0,34
outer:04_fdr_significant,RNA_ENSG00000077498.9,float64,0.0,30
outer:04_fdr_significant,RNA_ENSG00000254851.1,float64,0.0,186
outer:04_fdr_significant,RNA_ENSG00000199038.1,float64,0.0,26
outer:04_fdr_significant,RNA_ENSG00000228976.1,float64,0.0,21
outer:04_fdr_significant,RNA_ENSG00000226246.1,float64,0.0,17
outer:04_fdr_significant,RNA_ENSG00000250885.1,float64,0.0,11
outer:04_fdr_significant,RNA_ENSG00000250746.1,float64,0.0,39
outer:04_fdr_significant,RNA_ENSG00000204429.4,float64,0.0,62
outer:04_fdr_significant,RNA_ENSG00000162772.17,float64,0.0,953
outer:04_fdr_significant,RNA_ENSG00000272254.1,float64,0.0,32
outer:04_fdr_significant,RNA_ENSG00000125740.14,float64,0.0,917
outer:04_fdr_significant,RNA_ENSG00000007908.16,float64,0.0,678
outer:04_fdr_significant,RNA_ENSG00000058668.15,float64,0.0,1050
outer:04_fdr_significant,RNA_ENSG00000168497.5,float64,0.0,649
outer:04_fdr_significant,RNA_ENSG00000142871.18,float64,0.0,1048
outer:04_fdr_significant,RNA_ENSG00000234176.1,float64,0.0,120
outer:04_fdr_significant,RNA_ENSG00000217130.1,float64,0.0,94
outer:04_fdr_significant,RNA_ENSG00000284630.1,float64,0.0,42
outer:04_fdr_significant,RNA_ENSG00000016602.9,float64,0.0,140
outer:04_fdr_significant,RNA_ENSG00000169508.7,float64,0.0,758
outer:04_fdr_significant,RNA_ENSG00000172403.11,float64,0.0,997
outer:04_fdr_significant,RNA_ENSG00000258429.2,float64,0.0,105
outer:04_fdr_significant,RNA_ENSG00000237248.5,float64,0.0,186
outer:04_fdr_significant,RNA_ENSG00000100814.18,float64,0.0,891
outer:04_fdr_significant,RNA_ENSG00000146540.15,float64,0.0,986
outer:04_fdr_significant,RNA_ENSG00000284669.1,float64,0.0,152
outer:04_fdr_significant,RNA_ENSG00000266315.1,float64,0.0,37
outer:04_fdr_significant,RNA_ENSG00000137193.14,float64,0.0,908
outer:04_fdr_significant,RNA_ENSG00000011523.14,float64,0.0,915
outer:04_fdr_significant,RNA_ENSG00000158488.16,float64,0.0,370
outer:04_fdr_significant,RNA_ENSG00000264589.4,float64,0.0,361
outer:04_fdr_significant,RNA_ENSG00000271646.1,float64,0.0,392
outer:04_fdr_significant,RNA_ENSG00000122733.12,float64,0.0,183
outer:04_fdr_significant,RNA_ENSG00000273014.1,float64,0.0,241
outer:04_fdr_significant,RNA_ENSG00000163739.5,float64,0.0,281
outer:04_fdr_significant,RNA_ENSG00000134339.9,float64,0.0,400
outer:04_fdr_significant,RNA_ENSG00000269404.7,float64,0.0,348
outer:04_fdr_significant,RNA_ENSG00000286954.1,float64,0.0,43
outer:04_fdr_significant,RNA_ENSG00000287447.1,float64,0.0,34
outer:04_fdr_significant,RNA_ENSG00000223485.4,float64,0.0,208
outer:04_fdr_significant,RNA_ENSG00000168065.16,float64,0.0,82
outer:04_fdr_significant,RNA_ENSG00000159339.13,float64,0.0,69
outer:04_fdr_significant,RNA_ENSG00000170989.10,float64,0.0,887
outer:04_fdr_significant,RNA_ENSG00000111339.12,float64,0.0,152
outer:04_fdr_significant,RNA_missing,int64,0.0,2
outer:04_fdr_significant,CNV_ENSG00000229526.2,float64,0.0,11
outer:04_fdr_significant,CNV_ENSG00000273173.5,float64,0.0,12
outer:04_fdr_significant,CNV_ENSG00000253198.1,float64,0.0,19
outer:04_fdr_significant,CNV_ENSG00000253845.1,float64,0.0,19
outer:04_fdr_significant,CNV_ENSG00000221043.2,float64,0.0,9
outer:04_fdr_significant,CNV_ENSG00000287323.1,float64,0.0,9
outer:04_fdr_significant,CNV_ENSG00000242928.3,float64,0.0,9
outer:04_fdr_significant,CNV_ENSG00000199047.3,float64,0.0,9
outer:04_fdr_significant,CNV_ENSG00000153443.13,float64,0.0,11
outer:04_fdr_significant,CNV_ENSG00000269575.1,float64,0.0,14
outer:04_fdr_significant,CNV_ENSG00000207397.1,float64,0.0,13
outer:04_fdr_significant,CNV_ENSG00000269364.1,float64,0.0,13
outer:04_fdr_significant,CNV_ENSG00000263955.2,float64,0.0,11
outer:04_fdr_significant,CNV_ENSG00000269345.1,float64,0.0,14
outer:04_fdr_significant,CNV_ENSG00000267872.1,float64,0.0,14
outer:04_fdr_significant,CNV_ENSG00000102858.13,float64,0.0,11
outer:04_fdr_significant,CNV_ENSG00000261442.1,float64,0.0,11
outer:04_fdr_significant,CNV_ENSG00000224078.15,float64,0.0,12
outer:04_fdr_significant,CNV_ENSG00000103415.12,float64,0.0,11
outer:04_fdr_significant,CNV_ENSG00000089486.17,float64,0.0,11
outer:04_fdr_significant,CNV_ENSG00000196109.9,float64,0.0,14
outer:04_fdr_significant,CNV_ENSG00000086589.12,float64,0.0,9
outer:04_fdr_significant,CNV_ENSG00000278700.1,float64,0.0,11
outer:04_fdr_significant,CNV_ENSG00000276610.1,float64,0.0,12
outer:04_fdr_significant,CNV_ENSG00000282732.1,float64,0.0,14
outer:04_fdr_significant,CNV_ENSG00000250309.2,float64,0.0,9
outer:04_fdr_significant,CNV_ENSG00000271149.1,float64,0.0,13
outer:04_fdr_significant,CNV_ENSG00000261612.1,float64,0.0,11
outer:04_fdr_significant,CNV_ENSG00000276641.1,float64,0.0,11
outer:04_fdr_significant,CNV_ENSG00000268079.1,float64,0.0,14
outer:04_fdr_significant,CNV_ENSG00000278434.1,float64,0.0,11
outer:04_fdr_significant,CNV_ENSG00000269471.1,float64,0.0,15
outer:04_fdr_significant,CNV_ENSG00000164591.14,float64,0.0,9
outer:04_fdr_significant,CNV_ENSG00000260599.1,float64,0.0,13
outer:04_fdr_significant,CNV_ENSG00000132912.13,float64,0.0,9
outer:04_fdr_significant,CNV_ENSG00000248125.2,float64,0.0,10
outer:04_fdr_significant,CNV_ENSG00000205832.7,float64,0.0,11
outer:04_fdr_significant,CNV_ENSG00000268140.1,float64,0.0,14
outer:04_fdr_significant,CNV_ENSG00000261789.1,float64,0.0,11
outer:04_fdr_significant,CNV_ENSG00000275515.1,float64,0.0,11
outer:04_fdr_significant,CNV_ENSG00000230551.4,float64,0.0,9
outer:04_fdr_significant,CNV_ENSG00000113712.19,float64,0.0,9
outer:04_fdr_significant,CNV_ENSG00000127743.6,float64,0.0,9
outer:04_fdr_significant,CNV_ENSG00000250721.1,float64,0.0,9
outer:04_fdr_significant,CNV_ENSG00000286157.1,float64,0.0,13
outer:04_fdr_significant,CNV_ENSG00000253852.1,float64,0.0,9
outer:04_fdr_significant,CNV_ENSG00000070808.16,float64,0.0,9
outer:04_fdr_significant,CNV_ENSG00000239014.1,float64,0.0,12
outer:04_fdr_significant,CNV_ENSG00000183111.12,float64,0.0,9
outer:04_fdr_significant,CNV_ENSG00000276365.1,float64,0.0,9
outer:04_fdr_significant,CNV_missing,int64,0.0,2
outer:04_fdr_significant,MUT_MAML2,float64,0.0,2
outer:04_fdr_significant,MUT_BPTF,float64,0.0,2
outer:04_fdr_significant,MUT_NOS1,float64,0.0,2
outer:04_fdr_significant,MUT_ITSN2,float64,0.0,2
outer:04_fdr_significant,MUT_ABR,float64,0.0,2
outer:04_fdr_significant,MUT_MROH1,float64,0.0,2
outer:04_fdr_significant,MUT_KIF2B,float64,0.0,2
outer:04_fdr_significant,MUT_SCN7A,float64,0.0,2
outer:04_fdr_significant,MUT_CACNA1S,float64,0.0,2
outer:04_fdr_significant,MUT_ADAMTS20,float64,0.0,2
outer:04_fdr_significant,MUT_PTCHD3,float64,0.0,2
outer:04_fdr_significant,MUT_DOCK9,float64,0.0,2
outer:04_fdr_significant,MUT_GRIPAP1,float64,0.0,2
outer:04_fdr_significant,MUT_LRP6,float64,0.0,2
outer:04_fdr_significant,MUT_FCRL5,float64,0.0,2
outer:04_fdr_significant,MUT_PIKFYVE,float64,0.0,2
outer:04_fdr_significant,MUT_RBM26,float64,0.0,2
outer:04_fdr_significant,MUT_AP3B1,float64,0.0,2
outer:04_fdr_significant,MUT_NLGN4X,float64,0.0,2
outer:04_fdr_significant,MUT_TDRD5,float64,0.0,2
outer:04_fdr_significant,MUT_CEP95,float64,0.0,2
outer:04_fdr_significant,MUT_GBE1,float64,0.0,2
outer:04_fdr_significant,MUT_SRRM2,float64,0.0,2
outer:04_fdr_significant,MUT_CR1,float64,0.0,2
outer:04_fdr_significant,MUT_PIK3CB,float64,0.0,2
outer:04_fdr_significant,MUT_SLC26A9,float64,0.0,2
outer:04_fdr_significant,MUT_EPPK1,float64,0.0,2
outer:04_fdr_significant,MUT_TMC2,float64,0.0,2
outer:04_fdr_significant,MUT_GOLGA4,float64,0.0,2
outer:04_fdr_significant,MUT_GIMAP8,float64,0.0,2
outer:04_fdr_significant,MUT_SBF2,float64,0.0,2
outer:04_fdr_significant,MUT_MELTF,float64,0.0,2
outer:04_fdr_significant,MUT_EFCAB6,float64,0.0,2
outer:04_fdr_significant,MUT_ZEB1,float64,0.0,2
outer:04_fdr_significant,MUT_GPS2,float64,0.0,2
outer:04_fdr_significant,MUT_USP34,float64,0.0,2
outer:04_fdr_significant,MUT_IGSF10,float64,0.0,2
outer:04_fdr_significant,MUT_NIN,float64,0.0,2
outer:04_fdr_significant,MUT_ITGAV,float64,0.0,2
outer:04_fdr_significant,MUT_SLC9A8,float64,0.0,2
outer:04_fdr_significant,MUT_DSCAM,float64,0.0,2
outer:04_fdr_significant,MUT_KDM4C,float64,0.0,2
outer:04_fdr_significant,MUT_MYOM1,float64,0.0,2
outer:04_fdr_significant,MUT_KIDINS220,float64,0.0,2
outer:04_fdr_significant,MUT_WNK3,float64,0.0,2
outer:04_fdr_significant,MUT_KIF5C,float64,0.0,2
outer:04_fdr_significant,MUT_KCTD3,float64,0.0,2
outer:04_fdr_significant,MUT_TNIK,float64,0.0,2
outer:04_fdr_significant,MUT_ABCA4,float64,0.0,2
outer:04_fdr_significant,MUT_PLA2G4A,float64,0.0,2
outer:04_fdr_significant,MUT_missing,int64,0.0,2
outer:04_fdr_significant,PROT_TUBERIN,float64,0.0,525
outer:04_fdr_significant,PROT_TUBERIN_pT1462,float64,0.0,526
outer:04_fdr_significant,PROT_PAX8,float64,0.0,511
outer:04_fdr_significant,PROT_PTPN12,float64,0.0,509
outer:04_fdr_significant,PROT_4EBP1,float64,0.0,526
outer:04_fdr_significant,PROT_YAP,float64,0.0,525
outer:04_fdr_significant,PROT_PRC1_pT481,float64,0.0,509
outer:04_fdr_significant,PROT_DNA-Ligase-IV,float64,0.0,509
outer:04_fdr_significant,PROT_P38_pT180Y182,float64,0.0,527
outer:04_fdr_significant,PROT_Hexokinase-II,float64,0.0,511
outer:04_fdr_significant,PROT_DVL3,float64,0.0,527
outer:04_fdr_significant,PROT_PAXILLIN,float64,0.0,527
outer:04_fdr_significant,PROT_SETD2,float64,0.0,525
outer:04_fdr_significant,PROT_4EBP1_pT37T46,float64,0.0,526
outer:04_fdr_significant,PROT_GSK3_pS9,float64,0.0,525
outer:04_fdr_significant,PROT_Aurora-ABC_pT288_pT232_pT198,float64,0.0,510
outer:04_fdr_significant,PROT_CYCLINB1,float64,0.0,525
outer:04_fdr_significant,PROT_Cdc42,float64,0.0,507
outer:04_fdr_significant,PROT_PLC-gamma1,float64,0.0,510
outer:04_fdr_significant,PROT_CD20,float64,0.0,526
outer:04_fdr_significant,PROT_c-IAP2,float64,0.0,509
outer:04_fdr_significant,PROT_Gli1,float64,0.0,510
outer:04_fdr_significant,PROT_b-Actin,float64,0.0,510
outer:04_fdr_significant,PROT_CLAUDIN7,float64,0.0,526
outer:04_fdr_significant,PROT_Atg4B,float64,0.0,509
outer:04_fdr_significant,PROT_DM-K9-Histone-H3,float64,0.0,509
outer:04_fdr_significant,PROT_P70S6K1,float64,0.0,525
outer:04_fdr_significant,PROT_RPA32,float64,0.0,508
outer:04_fdr_significant,PROT_Slfn11,float64,0.0,509
outer:04_fdr_significant,PROT_Jagged1,float64,0.0,505
outer:04_fdr_significant,PROT_COG3,float64,0.0,525
outer:04_fdr_significant,PROT_TIGAR,float64,0.0,527
outer:04_fdr_significant,PROT_KU80,float64,0.0,526
outer:04_fdr_significant,PROT_Aurora-A,float64,0.0,511
outer:04_fdr_significant,PROT_BRAF,float64,0.0,526
outer:04_fdr_significant,PROT_FAK_pY397,float64,0.0,508
outer:04_fdr_significant,PROT_IGF1R_pY1135Y1136,float64,0.0,524
outer:04_fdr_significant,PROT_SMAD4,float64,0.0,524
outer:04_fdr_significant,PROT_CD45,float64,0.0,511
outer:04_fdr_significant,PROT_Glucocorticoid-Receptor,float64,0.0,511
outer:04_fdr_significant,PROT_p90RSK_pT573,float64,0.0,507
outer:04_fdr_significant,PROT_4EBP1_pS65,float64,0.0,526
outer:04_fdr_significant,PROT_MR1,float64,0.0,510
outer:04_fdr_significant,PROT_PHLPP,float64,0.0,511
outer:04_fdr_significant,PROT_DDR1,float64,0.0,511
outer:04_fdr_significant,PROT_EIF4G,float64,0.0,526
outer:04_fdr_significant,PROT_ATP5A,float64,0.0,510
outer:04_fdr_significant,PROT_STAT3_pY705,float64,0.0,527
outer:04_fdr_significant,PROT_ZAP-70,float64,0.0,511
outer:04_fdr_significant,PROT_RBM15,float64,0.0,525
outer:04_fdr_significant,PROT_missing,int64,0.0,2
outer:04_fdr_significant,METH_cg07723251,float64,0.0,527
outer:04_fdr_significant,METH_cg05039004,float64,0.0,527
outer:04_fdr_significant,METH_cg09225449,float64,0.0,527
outer:04_fdr_significant,METH_cg02221115,float64,0.0,527
outer:04_fdr_significant,METH_cg08269402,float64,0.0,527
outer:04_fdr_significant,METH_cg19274612,float64,0.0,522
outer:04_fdr_significant,METH_cg03886449,float64,0.0,526
outer:04_fdr_significant,METH_cg05619116,float64,0.0,526
outer:04_fdr_significant,METH_cg17178175,float64,0.0,520
outer:04_fdr_significant,METH_cg00101629,float64,0.0,471
outer:04_fdr_significant,METH_cg23692472,float64,0.0,483
outer:04_fdr_significant,METH_cg26625629,float64,0.0,527
outer:04_fdr_significant,METH_cg03612333,float64,0.0,432
outer:04_fdr_significant,METH_cg19002907,float64,0.0,527
outer:04_fdr_significant,METH_cg17573813,float64,0.0,527
outer:04_fdr_significant,METH_cg24755053,float64,0.0,527
outer:04_fdr_significant,METH_cg13800349,float64,0.0,527
outer:04_fdr_significant,METH_cg13307782,float64,0.0,502
outer:04_fdr_significant,METH_cg03722396,float64,0.0,525
outer:04_fdr_significant,METH_cg09410871,float64,0.0,526
outer:04_fdr_significant,METH_cg22824635,float64,0.0,526
outer:04_fdr_significant,METH_cg08450091,float64,0.0,516
outer:04_fdr_significant,METH_cg12503575,float64,0.0,527
outer:04_fdr_significant,METH_cg07646714,float64,0.0,527
outer:04_fdr_significant,METH_cg27556136,float64,0.0,527
outer:04_fdr_significant,METH_cg10441070,float64,0.0,527
outer:04_fdr_significant,METH_cg25122233,float64,0.0,527
outer:04_fdr_significant,METH_cg07276379,float64,0.0,527
outer:04_fdr_significant,METH_cg24613083,float64,0.0,527
outer:04_fdr_significant,METH_cg13119182,float64,0.0,527
outer:04_fdr_significant,METH_cg08079376,float64,0.0,527
outer:04_fdr_significant,METH_cg10240356,float64,0.0,527
outer:04_fdr_significant,METH_cg06870531,float64,0.0,527
outer:04_fdr_significant,METH_cg06688733,float64,0.0,527
outer:04_fdr_significant,METH_cg06717750,float64,0.0,527
outer:04_fdr_significant,METH_cg26983544,float64,0.0,513
outer:04_fdr_significant,METH_cg22151179,float64,0.0,527
outer:04_fdr_significant,METH_cg27054144,float64,0.0,521
outer:04_fdr_significant,METH_cg01435643,float64,0.0,527
outer:04_fdr_significant,METH_cg13680188,float64,0.0,527
outer:04_fdr_significant,METH_cg14094521,float64,0.0,509
outer:04_fdr_significant,METH_cg02776251,float64,0.0,527
outer:04_fdr_significant,METH_cg26401825,float64,0.0,527
outer:04_fdr_significant,METH_cg11228682,float64,0.0,424
outer:04_fdr_significant,METH_cg25207147,float64,0.0,527
outer:04_fdr_significant,METH_cg19851563,float64,0.0,527
outer:04_fdr_significant,METH_cg23051349,float64,0.0,527
outer:04_fdr_significant,METH_cg24239882,float64,0.0,527
outer:04_fdr_significant,METH_cg06267617,float64,0.0,527
outer:04_fdr_significant,METH_cg09481857,float64,0.0,527
outer:04_fdr_significant,METH_missing,int64,0.0,2
outer:04_fdr_significant,MIRNA_hsa-mir-664a,float64,0.0,527
outer:04_fdr_significant,MIRNA_hsa-mir-6508,float64,0.0,215
outer:04_fdr_significant,MIRNA_hsa-mir-549a,float64,0.0,149
outer:04_fdr_significant,MIRNA_hsa-mir-137,float64,0.0,197
outer:04_fdr_significant,MIRNA_hsa-mir-4326,float64,0.0,465
outer:04_fdr_significant,MIRNA_hsa-mir-21,float64,0.0,527
outer:04_fdr_significant,MIRNA_hsa-let-7e,float64,0.0,527
outer:04_fdr_significant,MIRNA_hsa-mir-103a-1,float64,0.0,527
outer:04_fdr_significant,MIRNA_hsa-mir-4662b,float64,0.0,39
outer:04_fdr_significant,MIRNA_hsa-mir-99a,float64,0.0,527
outer:04_fdr_significant,MIRNA_hsa-mir-202,float64,0.0,369
outer:04_fdr_significant,MIRNA_hsa-mir-326,float64,0.0,524
outer:04_fdr_significant,MIRNA_hsa-mir-101-1,float64,0.0,527
outer:04_fdr_significant,MIRNA_hsa-mir-374c,float64,0.0,216
outer:04_fdr_significant,MIRNA_hsa-mir-379,float64,0.0,527
outer:04_fdr_significant,MIRNA_hsa-mir-101-2,float64,0.0,527
outer:04_fdr_significant,MIRNA_hsa-mir-125b-2,float64,0.0,527
outer:04_fdr_significant,MIRNA_hsa-mir-1258,float64,0.0,420
outer:04_fdr_significant,MIRNA_hsa-mir-134,float64,0.0,527
outer:04_fdr_significant,MIRNA_hsa-mir-195,float64,0.0,527
outer:04_fdr_significant,MIRNA_hsa-let-7c,float64,0.0,527
outer:04_fdr_significant,MIRNA_hsa-mir-411,float64,0.0,520
outer:04_fdr_significant,MIRNA_hsa-mir-215,float64,0.0,523
outer:04_fdr_significant,MIRNA_hsa-mir-424,float64,0.0,527
outer:04_fdr_significant,MIRNA_hsa-mir-592,float64,0.0,502
outer:04_fdr_significant,MIRNA_hsa-mir-3607,float64,0.0,527
outer:04_fdr_significant,MIRNA_hsa-mir-1254-2,float64,0.0,344
outer:04_fdr_significant,MIRNA_hsa-mir-378c,float64,0.0,524
outer:04_fdr_significant,MIRNA_hsa-mir-125b-1,float64,0.0,527
outer:04_fdr_significant,MIRNA_hsa-mir-181a-1,float64,0.0,527
outer:04_fdr_significant,MIRNA_hsa-mir-143,float64,0.0,527
outer:04_fdr_significant,MIRNA_hsa-mir-551b,float64,0.0,446
outer:04_fdr_significant,MIRNA_hsa-mir-127,float64,0.0,527
outer:04_fdr_significant,MIRNA_hsa-mir-30e,float64,0.0,527
outer:04_fdr_significant,MIRNA_hsa-mir-3926-1,float64,0.0,388
outer:04_fdr_significant,MIRNA_hsa-mir-363,float64,0.0,524
outer:04_fdr_significant,MIRNA_hsa-mir-31,float64,0.0,500
outer:04_fdr_significant,MIRNA_hsa-mir-758,float64,0.0,527
outer:04_fdr_significant,MIRNA_hsa-mir-6815,float64,0.0,284
outer:04_fdr_significant,MIRNA_hsa-mir-548aw,float64,0.0,313
outer:04_fdr_significant,MIRNA_hsa-mir-940,float64,0.0,512
outer:04_fdr_significant,MIRNA_hsa-mir-676,float64,0.0,416
outer:04_fdr_significant,MIRNA_hsa-mir-4780,float64,0.0,98
outer:04_fdr_significant,MIRNA_hsa-mir-103a-2,float64,0.0,527
outer:04_fdr_significant,MIRNA_hsa-mir-450a-1,float64,0.0,526
outer:04_fdr_significant,MIRNA_hsa-mir-432,float64,0.0,524
outer:04_fdr_significant,MIRNA_hsa-mir-660,float64,0.0,527
outer:04_fdr_significant,MIRNA_hsa-mir-323b,float64,0.0,499
outer:04_fdr_significant,MIRNA_hsa-mir-130a,float64,0.0,527
outer:04_fdr_significant,MIRNA_hsa-mir-29a,float64,0.0,527
outer:04_fdr_significant,MIRNA_missing,int64,0.0,2
outer:04_fdr_significant,OS,int64,0.0,2
outer:04_fdr_significant,OS.time,float64,0.0,826
outer:05_balanced,Unnamed: 0,object,0.0,1076
outer:05_balanced,CLIN_gender.demographic,float64,0.0,2
outer:05_balanced,CLIN_age_at_index.demographic,float64,0.0,65
outer:05_balanced,CLIN_tumor_descriptor.samples,int64,0.0,2
outer:05_balanced,CLIN_disease_type_Adenomas and Adenocarcinomas,int64,0.0,2
outer:05_balanced,CLIN_disease_type_Adnexal and Skin Appendage Neoplasms,int64,0.0,2
outer:05_balanced,CLIN_disease_type_Basal Cell Neoplasms,int64,0.0,2
outer:05_balanced,CLIN_disease_type_Complex Epithelial Neoplasms,int64,0.0,2
outer:05_balanced,"CLIN_disease_type_Cystic, Mucinous and Serous Neoplasms",int64,0.0,2
outer:05_balanced,CLIN_disease_type_Ductal and Lobular Neoplasms,int64,0.0,2
outer:05_balanced,"CLIN_disease_type_Epithelial Neoplasms, NOS",int64,0.0,2
outer:05_balanced,CLIN_disease_type_Fibroepithelial Neoplasms,int64,0.0,2
outer:05_balanced,CLIN_disease_type_Squamous Cell Neoplasms,int64,0.0,2
outer:05_balanced,CLIN_race.demographic_american indian or alaska native,int64,0.0,2
outer:05_balanced,CLIN_race.demographic_asian,int64,0.0,2
outer:05_balanced,CLIN_race.demographic_black or african american,int64,0.0,2
outer:05_balanced,CLIN_race.demographic_missing,int64,0.0,2
outer:05_balanced,CLIN_race.demographic_white,int64,0.0,2
outer:05_balanced,CLIN_ethnicity.demographic_hispanic or latino,int64,0.0,2
outer:05_balanced,CLIN_ethnicity.demographic_missing,int64,0.0,2
outer:05_balanced,CLIN_ethnicity.demographic_not hispanic or latino,int64,0.0,2
outer:05_balanced,CLIN_ajcc_pathologic_stage.diagnoses_Stage I,int64,0.0,2
outer:05_balanced,CLIN_ajcc_pathologic_stage.diagnoses_Stage IA,int64,0.0,2
outer:05_balanced,CLIN_ajcc_pathologic_stage.diagnoses_Stage IB,int64,0.0,2
outer:05_balanced,CLIN_ajcc_pathologic_stage.diagnoses_Stage II,int64,0.0,2
outer:05_balanced,CLIN_ajcc_pathologic_stage.diagnoses_Stage IIA,int64,0.0,2
outer:05_balanced,CLIN_ajcc_pathologic_stage.diagnoses_Stage IIB,int64,0.0,2
outer:05_balanced,CLIN_ajcc_pathologic_stage.diagnoses_Stage III,int64,0.0,2
outer:05_balanced,CLIN_ajcc_pathologic_stage.diagnoses_Stage IIIA,int64,0.0,2
outer:05_balanced,CLIN_ajcc_pathologic_stage.diagnoses_Stage IIIB,int64,0.0,2
outer:05_balanced,CLIN_ajcc_pathologic_stage.diagnoses_Stage IIIC,int64,0.0,2
outer:05_balanced,CLIN_ajcc_pathologic_stage.diagnoses_Stage IV,int64,0.0,2
outer:05_balanced,CLIN_ajcc_pathologic_stage.diagnoses_Stage X,int64,0.0,2
outer:05_balanced,CLIN_ajcc_pathologic_stage.diagnoses_missing,int64,0.0,2
outer:05_balanced,"CLIN_tissue_or_organ_of_origin.diagnoses_Breast, NOS",int64,0.0,2
outer:05_balanced,CLIN_tissue_or_organ_of_origin.diagnoses_Lower-inner quadrant of breast,int64,0.0,2
outer:05_balanced,CLIN_tissue_or_organ_of_origin.diagnoses_Lower-outer quadrant of breast,int64,0.0,2
outer:05_balanced,CLIN_tissue_or_organ_of_origin.diagnoses_Overlapping lesion of breast,int64,0.0,2
outer:05_balanced,CLIN_tissue_or_organ_of_origin.diagnoses_Upper-inner quadrant of breast,int64,0.0,2
outer:05_balanced,CLIN_tissue_or_organ_of_origin.diagnoses_Upper-outer quadrant of breast,int64,0.0,2
outer:05_balanced,CLIN_tissue_or_organ_of_origin.diagnoses_missing,int64,0.0,1
outer:05_balanced,CLIN_primary_diagnosis.diagnoses_Adenoid cystic carcinoma,int64,0.0,2
outer:05_balanced,CLIN_primary_diagnosis.diagnoses_Apocrine adenocarcinoma,int64,0.0,2
outer:05_balanced,"CLIN_primary_diagnosis.diagnoses_Basal cell carcinoma, NOS",int64,0.0,2
outer:05_balanced,"CLIN_primary_diagnosis.diagnoses_Carcinoma, NOS",int64,0.0,2
outer:05_balanced,"CLIN_primary_diagnosis.diagnoses_Cribriform carcinoma, NOS",int64,0.0,2
outer:05_balanced,CLIN_primary_diagnosis.diagnoses_Infiltrating duct and lobular carcinoma,int64,0.0,2
outer:05_balanced,"CLIN_primary_diagnosis.diagnoses_Infiltrating duct carcinoma, NOS",int64,0.0,2
outer:05_balanced,CLIN_primary_diagnosis.diagnoses_Infiltrating duct mixed with other types of carcinoma,int64,0.0,2
outer:05_balanced,CLIN_primary_diagnosis.diagnoses_Infiltrating lobular mixed with other types of carcinoma,int64,0.0,2
outer:05_balanced,CLIN_primary_diagnosis.diagnoses_Intraductal micropapillary carcinoma,int64,0.0,2
outer:05_balanced,CLIN_primary_diagnosis.diagnoses_Intraductal papillary adenocarcinoma with invasion,int64,0.0,2
outer:05_balanced,CLIN_primary_diagnosis.diagnoses_Large cell neuroendocrine carcinoma,int64,0.0,2
outer:05_balanced,"CLIN_primary_diagnosis.diagnoses_Lobular carcinoma, NOS",int64,0.0,2
outer:05_balanced,"CLIN_primary_diagnosis.diagnoses_Medullary carcinoma, NOS",int64,0.0,2
outer:05_balanced,"CLIN_primary_diagnosis.diagnoses_Metaplastic carcinoma, NOS",int64,0.0,2
outer:05_balanced,CLIN_primary_diagnosis.diagnoses_Mucinous adenocarcinoma,int64,0.0,2
outer:05_balanced,CLIN_primary_diagnosis.diagnoses_Paget disease and infiltrating duct carcinoma of breast,int64,0.0,2
outer:05_balanced,"CLIN_primary_diagnosis.diagnoses_Papillary carcinoma, NOS",int64,0.0,2
outer:05_balanced,"CLIN_primary_diagnosis.diagnoses_Phyllodes tumor, malignant",int64,0.0,2
outer:05_balanced,CLIN_primary_diagnosis.diagnoses_Pleomorphic carcinoma,int64,0.0,2
outer:05_balanced,CLIN_primary_diagnosis.diagnoses_Secretory carcinoma of breast,int64,0.0,2
outer:05_balanced,CLIN_primary_diagnosis.diagnoses_Tubular adenocarcinoma,int64,0.0,2
outer:05_balanced,CLIN_primary_diagnosis.diagnoses_missing,int64,0.0,1
outer:05_balanced,CLIN_prior_malignancy.diagnoses_missing,int64,0.0,2
outer:05_balanced,CLIN_prior_malignancy.diagnoses_no,int64,0.0,2
outer:05_balanced,CLIN_prior_malignancy.diagnoses_yes,int64,0.0,2
outer:05_balanced,CLIN_prior_treatment.diagnoses_No,int64,0.0,2
outer:05_balanced,CLIN_prior_treatment.diagnoses_Yes,int64,0.0,2
outer:05_balanced,CLIN_prior_treatment.diagnoses_missing,int64,0.0,2
outer:05_balanced,CLIN_ajcc_staging_system_edition.diagnoses_3rd,int64,0.0,2
outer:05_balanced,CLIN_ajcc_staging_system_edition.diagnoses_4th,int64,0.0,2
outer:05_balanced,CLIN_ajcc_staging_system_edition.diagnoses_5th,int64,0.0,2
outer:05_balanced,CLIN_ajcc_staging_system_edition.diagnoses_6th,int64,0.0,2
outer:05_balanced,CLIN_ajcc_staging_system_edition.diagnoses_7th,int64,0.0,2
outer:05_balanced,CLIN_ajcc_staging_system_edition.diagnoses_missing,int64,0.0,2
outer:05_balanced,CLIN_ajcc_pathologic_t.diagnoses_T1,int64,0.0,2
outer:05_balanced,CLIN_ajcc_pathologic_t.diagnoses_T1a,int64,0.0,2
outer:05_balanced,CLIN_ajcc_pathologic_t.diagnoses_T1b,int64,0.0,2
outer:05_balanced,CLIN_ajcc_pathologic_t.diagnoses_T1c,int64,0.0,2
outer:05_balanced,CLIN_ajcc_pathologic_t.diagnoses_T2,int64,0.0,2
outer:05_balanced,CLIN_ajcc_pathologic_t.diagnoses_T2a,int64,0.0,2
outer:05_balanced,CLIN_ajcc_pathologic_t.diagnoses_T2b,int64,0.0,2
outer:05_balanced,CLIN_ajcc_pathologic_t.diagnoses_T3,int64,0.0,2
outer:05_balanced,CLIN_ajcc_pathologic_t.diagnoses_T3a,int64,0.0,2
outer:05_balanced,CLIN_ajcc_pathologic_t.diagnoses_T4,int64,0.0,2
outer:05_balanced,CLIN_ajcc_pathologic_t.diagnoses_T4b,int64,0.0,2
outer:05_balanced,CLIN_ajcc_pathologic_t.diagnoses_T4d,int64,0.0,2
outer:05_balanced,CLIN_ajcc_pathologic_t.diagnoses_TX,int64,0.0,2
outer:05_balanced,CLIN_ajcc_pathologic_t.diagnoses_missing,int64,0.0,1
outer:05_balanced,CLIN_morphology.diagnoses_8010/3,int64,0.0,2
outer:05_balanced,CLIN_morphology.diagnoses_8013/3,int64,0.0,2
outer:05_balanced,CLIN_morphology.diagnoses_8022/3,int64,0.0,2
outer:05_balanced,CLIN_morphology.diagnoses_8050/3,int64,0.0,2
outer:05_balanced,CLIN_morphology.diagnoses_8090/3,int64,0.0,2
outer:05_balanced,CLIN_morphology.diagnoses_8200/3,int64,0.0,2
outer:05_balanced,CLIN_morphology.diagnoses_8201/3,int64,0.0,2
outer:05_balanced,CLIN_morphology.diagnoses_8211/3,int64,0.0,2
outer:05_balanced,CLIN_morphology.diagnoses_8401/3,int64,0.0,2
outer:05_balanced,CLIN_morphology.diagnoses_8480/3,int64,0.0,2
outer:05_balanced,CLIN_morphology.diagnoses_8500/3,int64,0.0,2
outer:05_balanced,CLIN_morphology.diagnoses_8502/3,int64,0.0,2
outer:05_balanced,CLIN_morphology.diagnoses_8503/3,int64,0.0,2
outer:05_balanced,CLIN_morphology.diagnoses_8507/3,int64,0.0,2
outer:05_balanced,CLIN_morphology.diagnoses_8510/3,int64,0.0,2
outer:05_balanced,CLIN_morphology.diagnoses_8520/3,int64,0.0,2
outer:05_balanced,CLIN_morphology.diagnoses_8522/3,int64,0.0,2
outer:05_balanced,CLIN_morphology.diagnoses_8523/3,int64,0.0,2
outer:05_balanced,CLIN_morphology.diagnoses_8524/3,int64,0.0,2
outer:05_balanced,CLIN_morphology.diagnoses_8541/3,int64,0.0,2
outer:05_balanced,CLIN_morphology.diagnoses_8575/3,int64,0.0,2
outer:05_balanced,CLIN_morphology.diagnoses_9020/3,int64,0.0,2
outer:05_balanced,CLIN_morphology.diagnoses_missing,int64,0.0,1
outer:05_balanced,CLIN_ajcc_pathologic_n.diagnoses_N0,int64,0.0,2
outer:05_balanced,CLIN_ajcc_pathologic_n.diagnoses_N0 (i+),int64,0.0,2
outer:05_balanced,CLIN_ajcc_pathologic_n.diagnoses_N0 (i-),int64,0.0,2
outer:05_balanced,CLIN_ajcc_pathologic_n.diagnoses_N0 (mol+),int64,0.0,2
outer:05_balanced,CLIN_ajcc_pathologic_n.diagnoses_N1,int64,0.0,2
outer:05_balanced,CLIN_ajcc_pathologic_n.diagnoses_N1a,int64,0.0,2
outer:05_balanced,CLIN_ajcc_pathologic_n.diagnoses_N1b,int64,0.0,2
outer:05_balanced,CLIN_ajcc_pathologic_n.diagnoses_N1c,int64,0.0,2
outer:05_balanced,CLIN_ajcc_pathologic_n.diagnoses_N1mi,int64,0.0,2
outer:05_balanced,CLIN_ajcc_pathologic_n.diagnoses_N2,int64,0.0,2
outer:05_balanced,CLIN_ajcc_pathologic_n.diagnoses_N2a,int64,0.0,2
outer:05_balanced,CLIN_ajcc_pathologic_n.diagnoses_N3,int64,0.0,2
outer:05_balanced,CLIN_ajcc_pathologic_n.diagnoses_N3a,int64,0.0,2
outer:05_balanced,CLIN_ajcc_pathologic_n.diagnoses_N3b,int64,0.0,2
outer:05_balanced,CLIN_ajcc_pathologic_n.diagnoses_N3c,int64,0.0,2
outer:05_balanced,CLIN_ajcc_pathologic_n.diagnoses_NX,int64,0.0,2
outer:05_balanced,CLIN_ajcc_pathologic_n.diagnoses_missing,int64,0.0,1
outer:05_balanced,CLIN_ajcc_pathologic_m.diagnoses_M0,int64,0.0,2
outer:05_balanced,CLIN_ajcc_pathologic_m.diagnoses_M1,int64,0.0,2
outer:05_balanced,CLIN_ajcc_pathologic_m.diagnoses_MX,int64,0.0,2
outer:05_balanced,CLIN_ajcc_pathologic_m.diagnoses_cM0 (i+),int64,0.0,2
outer:05_balanced,CLIN_ajcc_pathologic_m.diagnoses_missing,int64,0.0,1
outer:05_balanced,"CLIN_treatment_or_therapy.treatments.diagnoses_['no', 'no']",int64,0.0,2
outer:05_balanced,"CLIN_treatment_or_therapy.treatments.diagnoses_['no', 'not reported']",int64,0.0,2
outer:05_balanced,"CLIN_treatment_or_therapy.treatments.diagnoses_['no', 'yes']",int64,0.0,2
outer:05_balanced,"CLIN_treatment_or_therapy.treatments.diagnoses_['not reported', 'no']",int64,0.0,2
outer:05_balanced,"CLIN_treatment_or_therapy.treatments.diagnoses_['not reported', 'not reported']",int64,0.0,2
outer:05_balanced,"CLIN_treatment_or_therapy.treatments.diagnoses_['not reported', 'yes']",int64,0.0,2
outer:05_balanced,"CLIN_treatment_or_therapy.treatments.diagnoses_['yes', 'no']",int64,0.0,2
outer:05_balanced,"CLIN_treatment_or_therapy.treatments.diagnoses_['yes', 'not reported']",int64,0.0,2
outer:05_balanced,"CLIN_treatment_or_therapy.treatments.diagnoses_['yes', 'yes']",int64,0.0,2
outer:05_balanced,CLIN_treatment_or_therapy.treatments.diagnoses_missing,int64,0.0,1
outer:05_balanced,RNA_ENSG00000236385.1,float64,0.0,90
outer:05_balanced,RNA_ENSG00000160349.10,float64,0.0,42
outer:05_balanced,RNA_ENSG00000226570.2,float64,0.0,9
outer:05_balanced,RNA_ENSG00000223953.6,float64,0.0,12
outer:05_balanced,RNA_ENSG00000271596.1,float64,0.0,21
outer:05_balanced,RNA_ENSG00000264266.1,float64,0.0,12
outer:05_balanced,RNA_ENSG00000226317.3,float64,0.0,34
outer:05_balanced,RNA_ENSG00000199038.1,float64,0.0,26
outer:05_balanced,RNA_ENSG00000077498.9,float64,0.0,30
outer:05_balanced,RNA_ENSG00000215583.3,float64,0.0,6
outer:05_balanced,RNA_ENSG00000229091.3,float64,0.0,16
outer:05_balanced,RNA_ENSG00000258933.1,float64,0.0,18
outer:05_balanced,RNA_ENSG00000262181.2,float64,0.0,7
outer:05_balanced,RNA_ENSG00000197658.9,float64,0.0,56
outer:05_balanced,RNA_ENSG00000237023.1,float64,0.0,4
outer:05_balanced,RNA_ENSG00000248120.1,float64,0.0,12
outer:05_balanced,RNA_ENSG00000275929.1,float64,0.0,17
outer:05_balanced,RNA_ENSG00000279409.1,float64,0.0,28
outer:05_balanced,RNA_ENSG00000185448.10,float64,0.0,28
outer:05_balanced,RNA_ENSG00000260928.2,float64,0.0,12
outer:05_balanced,RNA_ENSG00000260265.1,float64,0.0,230
outer:05_balanced,RNA_ENSG00000119919.11,float64,0.0,92
outer:05_balanced,RNA_ENSG00000226532.1,float64,0.0,24
outer:05_balanced,RNA_ENSG00000243749.1,float64,0.0,12
outer:05_balanced,RNA_ENSG00000277817.1,float64,0.0,13
outer:05_balanced,RNA_ENSG00000286954.1,float64,0.0,43
outer:05_balanced,RNA_ENSG00000223274.6,float64,0.0,27
outer:05_balanced,RNA_ENSG00000108342.13,float64,0.0,88
outer:05_balanced,RNA_ENSG00000272321.1,float64,0.0,41
outer:05_balanced,RNA_ENSG00000273348.1,float64,0.0,31
outer:05_balanced,RNA_ENSG00000228976.1,float64,0.0,21
outer:05_balanced,RNA_ENSG00000237803.6,float64,0.0,34
outer:05_balanced,RNA_ENSG00000229246.2,float64,0.0,34
outer:05_balanced,RNA_ENSG00000213478.2,float64,0.0,28
outer:05_balanced,RNA_ENSG00000219951.4,float64,0.0,39
outer:05_balanced,RNA_ENSG00000263740.2,float64,0.0,75
outer:05_balanced,RNA_ENSG00000136929.13,float64,0.0,40
outer:05_balanced,RNA_ENSG00000284606.1,float64,0.0,65
outer:05_balanced,RNA_ENSG00000203729.8,float64,0.0,30
outer:05_balanced,RNA_ENSG00000242353.1,float64,0.0,34
outer:05_balanced,RNA_ENSG00000180264.11,float64,0.0,135
outer:05_balanced,RNA_ENSG00000259674.1,float64,0.0,45
outer:05_balanced,RNA_ENSG00000183246.7,float64,0.0,39
outer:05_balanced,RNA_ENSG00000252577.1,float64,0.0,35
outer:05_balanced,RNA_ENSG00000285294.1,float64,0.0,84
outer:05_balanced,RNA_ENSG00000269050.1,float64,0.0,21
outer:05_balanced,RNA_ENSG00000154611.15,float64,0.0,62
outer:05_balanced,RNA_ENSG00000276282.1,float64,0.0,31
outer:05_balanced,RNA_ENSG00000214286.2,float64,0.0,19
outer:05_balanced,RNA_ENSG00000207839.1,float64,0.0,15
outer:05_balanced,RNA_missing,int64,0.0,2
outer:05_balanced,CNV_ENSG00000202361.1,float64,0.0,19
outer:05_balanced,CNV_ENSG00000241550.3,float64,0.0,21
outer:05_balanced,CNV_ENSG00000284615.1,float64,0.0,11
outer:05_balanced,CNV_ENSG00000253198.1,float64,0.0,19
outer:05_balanced,CNV_ENSG00000253845.1,float64,0.0,19
outer:05_balanced,CNV_ENSG00000153443.13,float64,0.0,11
outer:05_balanced,CNV_ENSG00000263955.2,float64,0.0,11
outer:05_balanced,CNV_ENSG00000102858.13,float64,0.0,11
outer:05_balanced,CNV_ENSG00000261442.1,float64,0.0,11
outer:05_balanced,CNV_ENSG00000103415.12,float64,0.0,11
outer:05_balanced,CNV_ENSG00000089486.17,float64,0.0,11
outer:05_balanced,CNV_ENSG00000278700.1,float64,0.0,11
outer:05_balanced,CNV_ENSG00000261612.1,float64,0.0,11
outer:05_balanced,CNV_ENSG00000276641.1,float64,0.0,11
outer:05_balanced,CNV_ENSG00000278434.1,float64,0.0,11
outer:05_balanced,CNV_ENSG00000205832.7,float64,0.0,11
outer:05_balanced,CNV_ENSG00000261789.1,float64,0.0,11
outer:05_balanced,CNV_ENSG00000275515.1,float64,0.0,11
outer:05_balanced,CNV_ENSG00000277440.1,float64,0.0,11
outer:05_balanced,CNV_ENSG00000153406.14,float64,0.0,11
outer:05_balanced,CNV_ENSG00000277170.1,float64,0.0,11
outer:05_balanced,CNV_ENSG00000262246.6,float64,0.0,11
outer:05_balanced,CNV_ENSG00000262686.1,float64,0.0,11
outer:05_balanced,CNV_ENSG00000103423.14,float64,0.0,11
outer:05_balanced,CNV_ENSG00000254145.1,float64,0.0,18
outer:05_balanced,CNV_ENSG00000253748.2,float64,0.0,18
outer:05_balanced,CNV_ENSG00000253195.2,float64,0.0,18
outer:05_balanced,CNV_ENSG00000168101.14,float64,0.0,11
outer:05_balanced,CNV_ENSG00000168096.15,float64,0.0,11
outer:05_balanced,CNV_ENSG00000262712.1,float64,0.0,11
outer:05_balanced,CNV_ENSG00000168140.5,float64,0.0,11
outer:05_balanced,CNV_ENSG00000253418.1,float64,0.0,18
outer:05_balanced,CNV_ENSG00000217930.8,float64,0.0,11
outer:05_balanced,CNV_ENSG00000262468.6,float64,0.0,11
outer:05_balanced,CNV_ENSG00000280063.1,float64,0.0,11
outer:05_balanced,CNV_ENSG00000253319.1,float64,0.0,18
outer:05_balanced,CNV_ENSG00000103426.12,float64,0.0,11
outer:05_balanced,CNV_ENSG00000266994.1,float64,0.0,12
outer:05_balanced,CNV_ENSG00000126603.9,float64,0.0,11
outer:05_balanced,CNV_ENSG00000166246.14,float64,0.0,12
outer:05_balanced,CNV_ENSG00000090447.12,float64,0.0,11
outer:05_balanced,CNV_ENSG00000103199.14,float64,0.0,12
outer:05_balanced,CNV_ENSG00000254069.2,float64,0.0,18
outer:05_balanced,CNV_ENSG00000285952.1,float64,0.0,12
outer:05_balanced,CNV_ENSG00000263105.1,float64,0.0,11
outer:05_balanced,CNV_ENSG00000140632.17,float64,0.0,12
outer:05_balanced,CNV_ENSG00000268100.1,float64,0.0,18
outer:05_balanced,CNV_ENSG00000269416.6,float64,0.0,17
outer:05_balanced,CNV_ENSG00000140623.14,float64,0.0,12
outer:05_balanced,CNV_ENSG00000267795.6,float64,0.0,12
outer:05_balanced,CNV_missing,int64,0.0,2
outer:05_balanced,MUT_MAML2,float64,0.0,2
outer:05_balanced,MUT_LAMA2,float64,0.0,2
outer:05_balanced,MUT_DOCK9,float64,0.0,2
outer:05_balanced,MUT_GRIPAP1,float64,0.0,2
outer:05_balanced,MUT_ABR,float64,0.0,2
outer:05_balanced,MUT_DMD,float64,0.0,2
outer:05_balanced,MUT_ERBB2,float64,0.0,2
outer:05_balanced,MUT_FAM47C,float64,0.0,2
outer:05_balanced,MUT_ZAN,float64,0.0,2
outer:05_balanced,MUT_CACNA1S,float64,0.0,2
outer:05_balanced,MUT_ADAMTS20,float64,0.0,2
outer:05_balanced,MUT_PTCHD3,float64,0.0,2
outer:05_balanced,MUT_LRP6,float64,0.0,2
outer:05_balanced,MUT_FCRL5,float64,0.0,2
outer:05_balanced,MUT_PIKFYVE,float64,0.0,2
outer:05_balanced,MUT_RBM26,float64,0.0,2
outer:05_balanced,MUT_AP3B1,float64,0.0,2
outer:05_balanced,MUT_NLGN4X,float64,0.0,2
outer:05_balanced,MUT_TDRD5,float64,0.0,2
outer:05_balanced,MUT_CEP95,float64,0.0,2
outer:05_balanced,MUT_GBE1,float64,0.0,2
outer:05_balanced,MUT_SRRM2,float64,0.0,2
outer:05_balanced,MUT_USP34,float64,0.0,2
outer:05_balanced,MUT_IGSF10,float64,0.0,2
outer:05_balanced,MUT_DSCAM,float64,0.0,2
outer:05_balanced,MUT_LYST,float64,0.0,2
outer:05_balanced,MUT_RIMBP2,float64,0.0,2
outer:05_balanced,MUT_FMN2,float64,0.0,2
outer:05_balanced,MUT_KIF26B,float64,0.0,2
outer:05_balanced,MUT_DOCK11,float64,0.0,2
outer:05_balanced,MUT_MROH2B,float64,0.0,2
outer:05_balanced,MUT_FLNC,float64,0.0,2
outer:05_balanced,MUT_DYNC1H1,float64,0.0,2
outer:05_balanced,MUT_BAZ2B,float64,0.0,2
outer:05_balanced,MUT_FN1,float64,0.0,2
outer:05_balanced,MUT_MUC4,float64,0.0,2
outer:05_balanced,MUT_LRRK2,float64,0.0,2
outer:05_balanced,MUT_PREX2,float64,0.0,2
outer:05_balanced,MUT_GON4L,float64,0.0,2
outer:05_balanced,MUT_MYCBP2,float64,0.0,2
outer:05_balanced,MUT_SNRNP200,float64,0.0,2
outer:05_balanced,MUT_MYO16,float64,0.0,2
outer:05_balanced,MUT_ALMS1,float64,0.0,2
outer:05_balanced,MUT_HUWE1,float64,0.0,2
outer:05_balanced,MUT_FREM2,float64,0.0,2
outer:05_balanced,MUT_BRCA2,float64,0.0,2
outer:05_balanced,MUT_FER1L6,float64,0.0,2
outer:05_balanced,MUT_VPS13C,float64,0.0,2
outer:05_balanced,MUT_CREBBP,float64,0.0,2
outer:05_balanced,MUT_ARID1B,float64,0.0,2
outer:05_balanced,MUT_missing,int64,0.0,2
outer:05_balanced,PROT_COG3,float64,0.0,525
outer:05_balanced,PROT_MR1,float64,0.0,510
outer:05_balanced,PROT_PHLPP,float64,0.0,511
outer:05_balanced,PROT_EIF4G,float64,0.0,526
outer:05_balanced,PROT_TUBERIN_pT1462,float64,0.0,526
outer:05_balanced,PROT_PAXILLIN,float64,0.0,527
outer:05_balanced,PROT_Aurora-ABC_pT288_pT232_pT198,float64,0.0,510
outer:05_balanced,PROT_CLAUDIN7,float64,0.0,526
outer:05_balanced,PROT_PRC1_pT481,float64,0.0,509
outer:05_balanced,PROT_DNA-Ligase-IV,float64,0.0,509
outer:05_balanced,PROT_P38_pT180Y182,float64,0.0,527
outer:05_balanced,PROT_Hexokinase-II,float64,0.0,511
outer:05_balanced,PROT_DVL3,float64,0.0,527
outer:05_balanced,PROT_SETD2,float64,0.0,525
outer:05_balanced,PROT_4EBP1_pT37T46,float64,0.0,526
outer:05_balanced,PROT_GSK3_pS9,float64,0.0,525
outer:05_balanced,PROT_CYCLINB1,float64,0.0,525
outer:05_balanced,PROT_Cdc42,float64,0.0,507
outer:05_balanced,PROT_PLC-gamma1,float64,0.0,510
outer:05_balanced,PROT_CD20,float64,0.0,526
outer:05_balanced,PROT_c-IAP2,float64,0.0,509
outer:05_balanced,PROT_Gli1,float64,0.0,510
outer:05_balanced,PROT_b-Actin,float64,0.0,510
outer:05_balanced,PROT_Atg4B,float64,0.0,509
outer:05_balanced,PROT_DM-K9-Histone-H3,float64,0.0,509
outer:05_balanced,PROT_P70S6K1,float64,0.0,525
outer:05_balanced,PROT_RPA32,float64,0.0,508
outer:05_balanced,PROT_Slfn11,float64,0.0,509
outer:05_balanced,PROT_Jagged1,float64,0.0,505
outer:05_balanced,PROT_TIGAR,float64,0.0,527
outer:05_balanced,PROT_KU80,float64,0.0,526
outer:05_balanced,PROT_Aurora-A,float64,0.0,511
outer:05_balanced,PROT_BRAF,float64,0.0,526
outer:05_balanced,PROT_FAK_pY397,float64,0.0,508
outer:05_balanced,PROT_IGF1R_pY1135Y1136,float64,0.0,524
outer:05_balanced,PROT_SMAD4,float64,0.0,524
outer:05_balanced,PROT_CD45,float64,0.0,511
outer:05_balanced,PROT_Glucocorticoid-Receptor,float64,0.0,511
outer:05_balanced,PROT_p90RSK_pT573,float64,0.0,507
outer:05_balanced,PROT_4EBP1_pS65,float64,0.0,526
outer:05_balanced,PROT_DDR1,float64,0.0,511
outer:05_balanced,PROT_ATP5A,float64,0.0,510
outer:05_balanced,PROT_STAT3_pY705,float64,0.0,527
outer:05_balanced,PROT_COLLAGENVI,float64,0.0,527
outer:05_balanced,PROT_GSK3ALPHABETA_pS21S9,float64,0.0,525
outer:05_balanced,PROT_RB_pS807S811,float64,0.0,526
outer:05_balanced,PROT_CKIT,float64,0.0,527
outer:05_balanced,PROT_DDR1_pY513,float64,0.0,510
outer:05_balanced,PROT_PLK1,float64,0.0,512
outer:05_balanced,PROT_Histone-H3,float64,0.0,512
outer:05_balanced,PROT_missing,int64,0.0,2
outer:05_balanced,METH_cg21241195,float64,0.0,526
outer:05_balanced,METH_cg08269402,float64,0.0,527
outer:05_balanced,METH_cg11617144,float64,0.0,527
outer:05_balanced,METH_cg20410409,float64,0.0,527
outer:05_balanced,METH_cg12379948,float64,0.0,527
outer:05_balanced,METH_cg21349645,float64,0.0,501
outer:05_balanced,METH_cg06610849,float64,0.0,527
outer:05_balanced,METH_cg02202923,float64,0.0,509
outer:05_balanced,METH_cg17573813,float64,0.0,527
outer:05_balanced,METH_cg24755053,float64,0.0,527
outer:05_balanced,METH_cg22824635,float64,0.0,526
outer:05_balanced,METH_cg07276379,float64,0.0,527
outer:05_balanced,METH_cg06717750,float64,0.0,527
outer:05_balanced,METH_cg14094521,float64,0.0,509
outer:05_balanced,METH_cg02776251,float64,0.0,527
outer:05_balanced,METH_cg26401825,float64,0.0,527
outer:05_balanced,METH_cg11228682,float64,0.0,424
outer:05_balanced,METH_cg09481857,float64,0.0,527
outer:05_balanced,METH_cg08140548,float64,0.0,520
outer:05_balanced,METH_cg00741789,float64,0.0,447
outer:05_balanced,METH_cg23475112,float64,0.0,527
outer:05_balanced,METH_cg03885098,float64,0.0,527
outer:05_balanced,METH_cg27549186,float64,0.0,526
outer:05_balanced,METH_cg22676075,float64,0.0,472
outer:05_balanced,METH_cg06220235,float64,0.0,527
outer:05_balanced,METH_cg12507502,float64,0.0,526
outer:05_balanced,METH_cg13305186,float64,0.0,527
outer:05_balanced,METH_cg18232235,float64,0.0,527
outer:05_balanced,METH_cg03324961,float64,0.0,523
outer:05_balanced,METH_cg15543523,float64,0.0,525
outer:05_balanced,METH_cg23091104,float64,0.0,527
outer:05_balanced,METH_cg23097686,float64,0.0,527
outer:05_balanced,METH_cg02863179,float64,0.0,488
outer:05_balanced,METH_cg13038216,float64,0.0,527
outer:05_balanced,METH_cg08856347,float64,0.0,527
outer:05_balanced,METH_cg08699341,float64,0.0,527
outer:05_balanced,METH_cg24011073,float64,0.0,513
outer:05_balanced,METH_cg14250130,float64,0.0,526
outer:05_balanced,METH_cg06665913,float64,0.0,490
outer:05_balanced,METH_cg26149167,float64,0.0,527
outer:05_balanced,METH_cg07688779,float64,0.0,527
outer:05_balanced,METH_cg27544219,float64,0.0,527
outer:05_balanced,METH_cg13980533,float64,0.0,527
outer:05_balanced,METH_cg02236651,float64,0.0,527
outer:05_balanced,METH_cg06912515,float64,0.0,527
outer:05_balanced,METH_cg07682578,float64,0.0,527
outer:05_balanced,METH_cg18864926,float64,0.0,527
outer:05_balanced,METH_cg08857906,float64,0.0,526
outer:05_balanced,METH_cg19720058,float64,0.0,527
outer:05_balanced,METH_cg16602369,float64,0.0,527
outer:05_balanced,METH_missing,int64,0.0,2
outer:05_balanced,MIRNA_hsa-mir-592,float64,0.0,502
outer:05_balanced,MIRNA_hsa-mir-4326,float64,0.0,465
outer:05_balanced,MIRNA_hsa-mir-1254-2,float64,0.0,344
outer:05_balanced,MIRNA_hsa-mir-181a-1,float64,0.0,527
outer:05_balanced,MIRNA_hsa-let-7e,float64,0.0,527
outer:05_balanced,MIRNA_hsa-mir-103a-1,float64,0.0,527
outer:05_balanced,MIRNA_hsa-mir-99a,float64,0.0,527
outer:05_balanced,MIRNA_hsa-mir-202,float64,0.0,369
outer:05_balanced,MIRNA_hsa-mir-326,float64,0.0,524
outer:05_balanced,MIRNA_hsa-mir-101-1,float64,0.0,527
outer:05_balanced,MIRNA_hsa-mir-374c,float64,0.0,216
outer:05_balanced,MIRNA_hsa-mir-379,float64,0.0,527
outer:05_balanced,MIRNA_hsa-mir-101-2,float64,0.0,527
outer:05_balanced,MIRNA_hsa-mir-125b-2,float64,0.0,527
outer:05_balanced,MIRNA_hsa-mir-1258,float64,0.0,420
outer:05_balanced,MIRNA_hsa-mir-134,float64,0.0,527
outer:05_balanced,MIRNA_hsa-mir-195,float64,0.0,527
outer:05_balanced,MIRNA_hsa-let-7c,float64,0.0,527
outer:05_balanced,MIRNA_hsa-mir-411,float64,0.0,520
outer:05_balanced,MIRNA_hsa-mir-215,float64,0.0,523
outer:05_balanced,MIRNA_hsa-mir-424,float64,0.0,527
outer:05_balanced,MIRNA_hsa-mir-3607,float64,0.0,527
outer:05_balanced,MIRNA_hsa-mir-378c,float64,0.0,524
outer:05_balanced,MIRNA_hsa-mir-125b-1,float64,0.0,527
outer:05_balanced,MIRNA_hsa-mir-143,float64,0.0,527
outer:05_balanced,MIRNA_hsa-mir-551b,float64,0.0,446
outer:05_balanced,MIRNA_hsa-mir-127,float64,0.0,527
outer:05_balanced,MIRNA_hsa-mir-30e,float64,0.0,527
outer:05_balanced,MIRNA_hsa-mir-3926-1,float64,0.0,388
outer:05_balanced,MIRNA_hsa-mir-363,float64,0.0,524
outer:05_balanced,MIRNA_hsa-mir-31,float64,0.0,500
outer:05_balanced,MIRNA_hsa-mir-758,float64,0.0,527
outer:05_balanced,MIRNA_hsa-mir-6815,float64,0.0,284
outer:05_balanced,MIRNA_hsa-mir-548aw,float64,0.0,313
outer:05_balanced,MIRNA_hsa-mir-940,float64,0.0,512
outer:05_balanced,MIRNA_hsa-mir-450a-1,float64,0.0,526
outer:05_balanced,MIRNA_hsa-let-7b,float64,0.0,527
outer:05_balanced,MIRNA_hsa-mir-32,float64,0.0,527
outer:05_balanced,MIRNA_hsa-mir-1247,float64,0.0,524
outer:05_balanced,MIRNA_hsa-mir-3130-1,float64,0.0,487
outer:05_balanced,MIRNA_hsa-mir-150,float64,0.0,527
outer:05_balanced,MIRNA_hsa-mir-100,float64,0.0,527
outer:05_balanced,MIRNA_hsa-mir-497,float64,0.0,527
outer:05_balanced,MIRNA_hsa-mir-450b,float64,0.0,527
outer:05_balanced,MIRNA_hsa-mir-652,float64,0.0,527
outer:05_balanced,MIRNA_hsa-mir-496,float64,0.0,498
outer:05_balanced,MIRNA_hsa-mir-205,float64,0.0,527
outer:05_balanced,MIRNA_hsa-mir-654,float64,0.0,527
outer:05_balanced,MIRNA_hsa-mir-337,float64,0.0,527
outer:05_balanced,MIRNA_hsa-mir-542,float64,0.0,527
outer:05_balanced,MIRNA_missing,int64,0.0,2
outer:05_balanced,OS,int64,0.0,2
outer:05_balanced,OS.time,float64,0.0,826
outer:06_correlation,Unnamed: 0,object,0.0,1076
outer:06_correlation,CLIN_gender.demographic,float64,0.0,2
outer:06_correlation,CLIN_age_at_index.demographic,float64,0.0,65
outer:06_correlation,CLIN_tumor_descriptor.samples,int64,0.0,2
outer:06_correlation,CLIN_disease_type_Adenomas and Adenocarcinomas,int64,0.0,2
outer:06_correlation,CLIN_disease_type_Adnexal and Skin Appendage Neoplasms,int64,0.0,2
outer:06_correlation,CLIN_disease_type_Basal Cell Neoplasms,int64,0.0,2
outer:06_correlation,CLIN_disease_type_Complex Epithelial Neoplasms,int64,0.0,2
outer:06_correlation,"CLIN_disease_type_Cystic, Mucinous and Serous Neoplasms",int64,0.0,2
outer:06_correlation,CLIN_disease_type_Ductal and Lobular Neoplasms,int64,0.0,2
outer:06_correlation,"CLIN_disease_type_Epithelial Neoplasms, NOS",int64,0.0,2
outer:06_correlation,CLIN_disease_type_Fibroepithelial Neoplasms,int64,0.0,2
outer:06_correlation,CLIN_disease_type_Squamous Cell Neoplasms,int64,0.0,2
outer:06_correlation,CLIN_race.demographic_american indian or alaska native,int64,0.0,2
outer:06_correlation,CLIN_race.demographic_asian,int64,0.0,2
outer:06_correlation,CLIN_race.demographic_black or african american,int64,0.0,2
outer:06_correlation,CLIN_race.demographic_missing,int64,0.0,2
outer:06_correlation,CLIN_race.demographic_white,int64,0.0,2
outer:06_correlation,CLIN_ethnicity.demographic_hispanic or latino,int64,0.0,2
outer:06_correlation,CLIN_ethnicity.demographic_missing,int64,0.0,2
outer:06_correlation,CLIN_ethnicity.demographic_not hispanic or latino,int64,0.0,2
outer:06_correlation,CLIN_ajcc_pathologic_stage.diagnoses_Stage I,int64,0.0,2
outer:06_correlation,CLIN_ajcc_pathologic_stage.diagnoses_Stage IA,int64,0.0,2
outer:06_correlation,CLIN_ajcc_pathologic_stage.diagnoses_Stage IB,int64,0.0,2
outer:06_correlation,CLIN_ajcc_pathologic_stage.diagnoses_Stage II,int64,0.0,2
outer:06_correlation,CLIN_ajcc_pathologic_stage.diagnoses_Stage IIA,int64,0.0,2
outer:06_correlation,CLIN_ajcc_pathologic_stage.diagnoses_Stage IIB,int64,0.0,2
outer:06_correlation,CLIN_ajcc_pathologic_stage.diagnoses_Stage III,int64,0.0,2
outer:06_correlation,CLIN_ajcc_pathologic_stage.diagnoses_Stage IIIA,int64,0.0,2
outer:06_correlation,CLIN_ajcc_pathologic_stage.diagnoses_Stage IIIB,int64,0.0,2
outer:06_correlation,CLIN_ajcc_pathologic_stage.diagnoses_Stage IIIC,int64,0.0,2
outer:06_correlation,CLIN_ajcc_pathologic_stage.diagnoses_Stage IV,int64,0.0,2
outer:06_correlation,CLIN_ajcc_pathologic_stage.diagnoses_Stage X,int64,0.0,2
outer:06_correlation,CLIN_ajcc_pathologic_stage.diagnoses_missing,int64,0.0,2
outer:06_correlation,"CLIN_tissue_or_organ_of_origin.diagnoses_Breast, NOS",int64,0.0,2
outer:06_correlation,CLIN_tissue_or_organ_of_origin.diagnoses_Lower-inner quadrant of breast,int64,0.0,2
outer:06_correlation,CLIN_tissue_or_organ_of_origin.diagnoses_Lower-outer quadrant of breast,int64,0.0,2
outer:06_correlation,CLIN_tissue_or_organ_of_origin.diagnoses_Overlapping lesion of breast,int64,0.0,2
outer:06_correlation,CLIN_tissue_or_organ_of_origin.diagnoses_Upper-inner quadrant of breast,int64,0.0,2
outer:06_correlation,CLIN_tissue_or_organ_of_origin.diagnoses_Upper-outer quadrant of breast,int64,0.0,2
outer:06_correlation,CLIN_tissue_or_organ_of_origin.diagnoses_missing,int64,0.0,1
outer:06_correlation,CLIN_primary_diagnosis.diagnoses_Adenoid cystic carcinoma,int64,0.0,2
outer:06_correlation,CLIN_primary_diagnosis.diagnoses_Apocrine adenocarcinoma,int64,0.0,2
outer:06_correlation,"CLIN_primary_diagnosis.diagnoses_Basal cell carcinoma, NOS",int64,0.0,2
outer:06_correlation,"CLIN_primary_diagnosis.diagnoses_Carcinoma, NOS",int64,0.0,2
outer:06_correlation,"CLIN_primary_diagnosis.diagnoses_Cribriform carcinoma, NOS",int64,0.0,2
outer:06_correlation,CLIN_primary_diagnosis.diagnoses_Infiltrating duct and lobular carcinoma,int64,0.0,2
outer:06_correlation,"CLIN_primary_diagnosis.diagnoses_Infiltrating duct carcinoma, NOS",int64,0.0,2
outer:06_correlation,CLIN_primary_diagnosis.diagnoses_Infiltrating duct mixed with other types of carcinoma,int64,0.0,2
outer:06_correlation,CLIN_primary_diagnosis.diagnoses_Infiltrating lobular mixed with other types of carcinoma,int64,0.0,2
outer:06_correlation,CLIN_primary_diagnosis.diagnoses_Intraductal micropapillary carcinoma,int64,0.0,2
outer:06_correlation,CLIN_primary_diagnosis.diagnoses_Intraductal papillary adenocarcinoma with invasion,int64,0.0,2
outer:06_correlation,CLIN_primary_diagnosis.diagnoses_Large cell neuroendocrine carcinoma,int64,0.0,2
outer:06_correlation,"CLIN_primary_diagnosis.diagnoses_Lobular carcinoma, NOS",int64,0.0,2
outer:06_correlation,"CLIN_primary_diagnosis.diagnoses_Medullary carcinoma, NOS",int64,0.0,2
outer:06_correlation,"CLIN_primary_diagnosis.diagnoses_Metaplastic carcinoma, NOS",int64,0.0,2
outer:06_correlation,CLIN_primary_diagnosis.diagnoses_Mucinous adenocarcinoma,int64,0.0,2
outer:06_correlation,CLIN_primary_diagnosis.diagnoses_Paget disease and infiltrating duct carcinoma of breast,int64,0.0,2
outer:06_correlation,"CLIN_primary_diagnosis.diagnoses_Papillary carcinoma, NOS",int64,0.0,2
outer:06_correlation,"CLIN_primary_diagnosis.diagnoses_Phyllodes tumor, malignant",int64,0.0,2
outer:06_correlation,CLIN_primary_diagnosis.diagnoses_Pleomorphic carcinoma,int64,0.0,2
outer:06_correlation,CLIN_primary_diagnosis.diagnoses_Secretory carcinoma of breast,int64,0.0,2
outer:06_correlation,CLIN_primary_diagnosis.diagnoses_Tubular adenocarcinoma,int64,0.0,2
outer:06_correlation,CLIN_primary_diagnosis.diagnoses_missing,int64,0.0,1
outer:06_correlation,CLIN_prior_malignancy.diagnoses_missing,int64,0.0,2
outer:06_correlation,CLIN_prior_malignancy.diagnoses_no,int64,0.0,2
outer:06_correlation,CLIN_prior_malignancy.diagnoses_yes,int64,0.0,2
outer:06_correlation,CLIN_prior_treatment.diagnoses_No,int64,0.0,2
outer:06_correlation,CLIN_prior_treatment.diagnoses_Yes,int64,0.0,2
outer:06_correlation,CLIN_prior_treatment.diagnoses_missing,int64,0.0,2
outer:06_correlation,CLIN_ajcc_staging_system_edition.diagnoses_3rd,int64,0.0,2
outer:06_correlation,CLIN_ajcc_staging_system_edition.diagnoses_4th,int64,0.0,2
outer:06_correlation,CLIN_ajcc_staging_system_edition.diagnoses_5th,int64,0.0,2
outer:06_correlation,CLIN_ajcc_staging_system_edition.diagnoses_6th,int64,0.0,2
outer:06_correlation,CLIN_ajcc_staging_system_edition.diagnoses_7th,int64,0.0,2
outer:06_correlation,CLIN_ajcc_staging_system_edition.diagnoses_missing,int64,0.0,2
outer:06_correlation,CLIN_ajcc_pathologic_t.diagnoses_T1,int64,0.0,2
outer:06_correlation,CLIN_ajcc_pathologic_t.diagnoses_T1a,int64,0.0,2
outer:06_correlation,CLIN_ajcc_pathologic_t.diagnoses_T1b,int64,0.0,2
outer:06_correlation,CLIN_ajcc_pathologic_t.diagnoses_T1c,int64,0.0,2
outer:06_correlation,CLIN_ajcc_pathologic_t.diagnoses_T2,int64,0.0,2
outer:06_correlation,CLIN_ajcc_pathologic_t.diagnoses_T2a,int64,0.0,2
outer:06_correlation,CLIN_ajcc_pathologic_t.diagnoses_T2b,int64,0.0,2
outer:06_correlation,CLIN_ajcc_pathologic_t.diagnoses_T3,int64,0.0,2
outer:06_correlation,CLIN_ajcc_pathologic_t.diagnoses_T3a,int64,0.0,2
outer:06_correlation,CLIN_ajcc_pathologic_t.diagnoses_T4,int64,0.0,2
outer:06_correlation,CLIN_ajcc_pathologic_t.diagnoses_T4b,int64,0.0,2
outer:06_correlation,CLIN_ajcc_pathologic_t.diagnoses_T4d,int64,0.0,2
outer:06_correlation,CLIN_ajcc_pathologic_t.diagnoses_TX,int64,0.0,2
outer:06_correlation,CLIN_ajcc_pathologic_t.diagnoses_missing,int64,0.0,1
outer:06_correlation,CLIN_morphology.diagnoses_8010/3,int64,0.0,2
outer:06_correlation,CLIN_morphology.diagnoses_8013/3,int64,0.0,2
outer:06_correlation,CLIN_morphology.diagnoses_8022/3,int64,0.0,2
outer:06_correlation,CLIN_morphology.diagnoses_8050/3,int64,0.0,2
outer:06_correlation,CLIN_morphology.diagnoses_8090/3,int64,0.0,2
outer:06_correlation,CLIN_morphology.diagnoses_8200/3,int64,0.0,2
outer:06_correlation,CLIN_morphology.diagnoses_8201/3,int64,0.0,2
outer:06_correlation,CLIN_morphology.diagnoses_8211/3,int64,0.0,2
outer:06_correlation,CLIN_morphology.diagnoses_8401/3,int64,0.0,2
outer:06_correlation,CLIN_morphology.diagnoses_8480/3,int64,0.0,2
outer:06_correlation,CLIN_morphology.diagnoses_8500/3,int64,0.0,2
outer:06_correlation,CLIN_morphology.diagnoses_8502/3,int64,0.0,2
outer:06_correlation,CLIN_morphology.diagnoses_8503/3,int64,0.0,2
outer:06_correlation,CLIN_morphology.diagnoses_8507/3,int64,0.0,2
outer:06_correlation,CLIN_morphology.diagnoses_8510/3,int64,0.0,2
outer:06_correlation,CLIN_morphology.diagnoses_8520/3,int64,0.0,2
outer:06_correlation,CLIN_morphology.diagnoses_8522/3,int64,0.0,2
outer:06_correlation,CLIN_morphology.diagnoses_8523/3,int64,0.0,2
outer:06_correlation,CLIN_morphology.diagnoses_8524/3,int64,0.0,2
outer:06_correlation,CLIN_morphology.diagnoses_8541/3,int64,0.0,2
outer:06_correlation,CLIN_morphology.diagnoses_8575/3,int64,0.0,2
outer:06_correlation,CLIN_morphology.diagnoses_9020/3,int64,0.0,2
outer:06_correlation,CLIN_morphology.diagnoses_missing,int64,0.0,1
outer:06_correlation,CLIN_ajcc_pathologic_n.diagnoses_N0,int64,0.0,2
outer:06_correlation,CLIN_ajcc_pathologic_n.diagnoses_N0 (i+),int64,0.0,2
outer:06_correlation,CLIN_ajcc_pathologic_n.diagnoses_N0 (i-),int64,0.0,2
outer:06_correlation,CLIN_ajcc_pathologic_n.diagnoses_N0 (mol+),int64,0.0,2
outer:06_correlation,CLIN_ajcc_pathologic_n.diagnoses_N1,int64,0.0,2
outer:06_correlation,CLIN_ajcc_pathologic_n.diagnoses_N1a,int64,0.0,2
outer:06_correlation,CLIN_ajcc_pathologic_n.diagnoses_N1b,int64,0.0,2
outer:06_correlation,CLIN_ajcc_pathologic_n.diagnoses_N1c,int64,0.0,2
outer:06_correlation,CLIN_ajcc_pathologic_n.diagnoses_N1mi,int64,0.0,2
outer:06_correlation,CLIN_ajcc_pathologic_n.diagnoses_N2,int64,0.0,2
outer:06_correlation,CLIN_ajcc_pathologic_n.diagnoses_N2a,int64,0.0,2
outer:06_correlation,CLIN_ajcc_pathologic_n.diagnoses_N3,int64,0.0,2
outer:06_correlation,CLIN_ajcc_pathologic_n.diagnoses_N3a,int64,0.0,2
outer:06_correlation,CLIN_ajcc_pathologic_n.diagnoses_N3b,int64,0.0,2
outer:06_correlation,CLIN_ajcc_pathologic_n.diagnoses_N3c,int64,0.0,2
outer:06_correlation,CLIN_ajcc_pathologic_n.diagnoses_NX,int64,0.0,2
outer:06_correlation,CLIN_ajcc_pathologic_n.diagnoses_missing,int64,0.0,1
outer:06_correlation,CLIN_ajcc_pathologic_m.diagnoses_M0,int64,0.0,2
outer:06_correlation,CLIN_ajcc_pathologic_m.diagnoses_M1,int64,0.0,2
outer:06_correlation,CLIN_ajcc_pathologic_m.diagnoses_MX,int64,0.0,2
outer:06_correlation,CLIN_ajcc_pathologic_m.diagnoses_cM0 (i+),int64,0.0,2
outer:06_correlation,CLIN_ajcc_pathologic_m.diagnoses_missing,int64,0.0,1
outer:06_correlation,"CLIN_treatment_or_therapy.treatments.diagnoses_['no', 'no']",int64,0.0,2
outer:06_correlation,"CLIN_treatment_or_therapy.treatments.diagnoses_['no', 'not reported']",int64,0.0,2
outer:06_correlation,"CLIN_treatment_or_therapy.treatments.diagnoses_['no', 'yes']",int64,0.0,2
outer:06_correlation,"CLIN_treatment_or_therapy.treatments.diagnoses_['not reported', 'no']",int64,0.0,2
outer:06_correlation,"CLIN_treatment_or_therapy.treatments.diagnoses_['not reported', 'not reported']",int64,0.0,2
outer:06_correlation,"CLIN_treatment_or_therapy.treatments.diagnoses_['not reported', 'yes']",int64,0.0,2
outer:06_correlation,"CLIN_treatment_or_therapy.treatments.diagnoses_['yes', 'no']",int64,0.0,2
outer:06_correlation,"CLIN_treatment_or_therapy.treatments.diagnoses_['yes', 'not reported']",int64,0.0,2
outer:06_correlation,"CLIN_treatment_or_therapy.treatments.diagnoses_['yes', 'yes']",int64,0.0,2
outer:06_correlation,CLIN_treatment_or_therapy.treatments.diagnoses_missing,int64,0.0,1
outer:06_correlation,RNA_ENSG00000092067.6,float64,0.0,42
outer:06_correlation,RNA_ENSG00000159450.12,float64,0.0,187
outer:06_correlation,RNA_ENSG00000226317.3,float64,0.0,34
outer:06_correlation,RNA_ENSG00000236385.1,float64,0.0,90
outer:06_correlation,RNA_ENSG00000262181.2,float64,0.0,7
outer:06_correlation,RNA_ENSG00000226246.1,float64,0.0,17
outer:06_correlation,RNA_ENSG00000197658.9,float64,0.0,56
outer:06_correlation,RNA_ENSG00000232899.1,float64,0.0,3
outer:06_correlation,RNA_ENSG00000258933.1,float64,0.0,18
outer:06_correlation,RNA_ENSG00000261608.1,float64,0.0,8
outer:06_correlation,RNA_ENSG00000224628.2,float64,0.0,35
outer:06_correlation,RNA_ENSG00000250746.1,float64,0.0,39
outer:06_correlation,RNA_ENSG00000237023.1,float64,0.0,4
outer:06_correlation,RNA_ENSG00000239183.1,float64,0.0,10
outer:06_correlation,RNA_ENSG00000251281.1,float64,0.0,24
outer:06_correlation,RNA_ENSG00000160349.10,float64,0.0,42
outer:06_correlation,RNA_ENSG00000274766.2,float64,0.0,18
outer:06_correlation,RNA_ENSG00000276691.1,float64,0.0,51
outer:06_correlation,RNA_ENSG00000274549.1,float64,0.0,29
outer:06_correlation,RNA_ENSG00000275427.1,float64,0.0,20
outer:06_correlation,RNA_ENSG00000199038.1,float64,0.0,26
outer:06_correlation,RNA_ENSG00000204429.4,float64,0.0,62
outer:06_correlation,RNA_ENSG00000162772.17,float64,0.0,953
outer:06_correlation,RNA_ENSG00000272254.1,float64,0.0,32
outer:06_correlation,RNA_ENSG00000125740.14,float64,0.0,917
outer:06_correlation,RNA_ENSG00000007908.16,float64,0.0,678
outer:06_correlation,RNA_ENSG00000058668.15,float64,0.0,1050
outer:06_correlation,RNA_ENSG00000168497.5,float64,0.0,649
outer:06_correlation,RNA_ENSG00000142871.18,float64,0.0,1048
outer:06_correlation,RNA_ENSG00000234176.1,float64,0.0,120
outer:06_correlation,RNA_ENSG00000217130.1,float64,0.0,94
outer:06_correlation,RNA_ENSG00000284630.1,float64,0.0,42
outer:06_correlation,RNA_ENSG00000016602.9,float64,0.0,140
outer:06_correlation,RNA_ENSG00000169508.7,float64,0.0,758
outer:06_correlation,RNA_ENSG00000172403.11,float64,0.0,997
outer:06_correlation,RNA_ENSG00000258429.2,float64,0.0,105
outer:06_correlation,RNA_ENSG00000237248.5,float64,0.0,186
outer:06_correlation,RNA_ENSG00000100814.18,float64,0.0,891
outer:06_correlation,RNA_ENSG00000146540.15,float64,0.0,986
outer:06_correlation,RNA_ENSG00000284669.1,float64,0.0,152
outer:06_correlation,RNA_ENSG00000266315.1,float64,0.0,37
outer:06_correlation,RNA_ENSG00000137193.14,float64,0.0,908
outer:06_correlation,RNA_ENSG00000011523.14,float64,0.0,915
outer:06_correlation,RNA_ENSG00000158488.16,float64,0.0,370
outer:06_correlation,RNA_ENSG00000264589.4,float64,0.0,361
outer:06_correlation,RNA_ENSG00000271646.1,float64,0.0,392
outer:06_correlation,RNA_ENSG00000122733.12,float64,0.0,183
outer:06_correlation,RNA_ENSG00000273014.1,float64,0.0,241
outer:06_correlation,RNA_ENSG00000163739.5,float64,0.0,281
outer:06_correlation,RNA_ENSG00000134339.9,float64,0.0,400
outer:06_correlation,RNA_missing,int64,0.0,2
outer:06_correlation,CNV_ENSG00000273173.5,float64,0.0,12
outer:06_correlation,CNV_ENSG00000091831.24,float64,0.0,11
outer:06_correlation,CNV_ENSG00000224078.15,float64,0.0,12
outer:06_correlation,CNV_ENSG00000276610.1,float64,0.0,12
outer:06_correlation,CNV_ENSG00000239014.1,float64,0.0,12
outer:06_correlation,CNV_ENSG00000276314.1,float64,0.0,12
outer:06_correlation,CNV_ENSG00000206656.1,float64,0.0,13
outer:06_correlation,CNV_ENSG00000280118.3,float64,0.0,12
outer:06_correlation,CNV_ENSG00000214265.11,float64,0.0,12
outer:06_correlation,CNV_ENSG00000279192.1,float64,0.0,12
outer:06_correlation,CNV_ENSG00000241061.3,float64,0.0,12
outer:06_correlation,CNV_ENSG00000257647.1,float64,0.0,12
outer:06_correlation,CNV_ENSG00000274640.1,float64,0.0,12
outer:06_correlation,CNV_ENSG00000128739.23,float64,0.0,12
outer:06_correlation,CNV_ENSG00000242088.1,float64,0.0,12
outer:06_correlation,CNV_ENSG00000199833.1,float64,0.0,14
outer:06_correlation,CNV_ENSG00000199960.1,float64,0.0,14
outer:06_correlation,CNV_ENSG00000279735.2,float64,0.0,13
outer:06_correlation,CNV_ENSG00000207245.1,float64,0.0,13
outer:06_correlation,CNV_ENSG00000275127.1,float64,0.0,13
outer:06_correlation,CNV_ENSG00000207063.1,float64,0.0,12
outer:06_correlation,CNV_ENSG00000272460.1,float64,0.0,14
outer:06_correlation,CNV_ENSG00000200478.1,float64,0.0,14
outer:06_correlation,CNV_ENSG00000200726.1,float64,0.0,14
outer:06_correlation,CNV_ENSG00000201326.1,float64,0.0,14
outer:06_correlation,CNV_ENSG00000207263.1,float64,0.0,13
outer:06_correlation,CNV_ENSG00000200503.1,float64,0.0,14
outer:06_correlation,CNV_ENSG00000207001.1,float64,0.0,12
outer:06_correlation,CNV_ENSG00000278123.1,float64,0.0,13
outer:06_correlation,CNV_ENSG00000199712.1,float64,0.0,14
outer:06_correlation,CNV_ENSG00000199311.1,float64,0.0,14
outer:06_correlation,CNV_ENSG00000145743.17,float64,0.0,11
outer:06_correlation,CNV_ENSG00000275524.1,float64,0.0,14
outer:06_correlation,CNV_ENSG00000212528.1,float64,0.0,12
outer:06_correlation,CNV_ENSG00000199489.1,float64,0.0,14
outer:06_correlation,CNV_ENSG00000239169.1,float64,0.0,12
outer:06_correlation,CNV_ENSG00000200949.1,float64,0.0,14
outer:06_correlation,CNV_ENSG00000200801.1,float64,0.0,14
outer:06_correlation,CNV_ENSG00000201300.1,float64,0.0,14
outer:06_correlation,CNV_ENSG00000200987.1,float64,0.0,14
outer:06_correlation,CNV_ENSG00000277785.1,float64,0.0,13
outer:06_correlation,CNV_ENSG00000212428.1,float64,0.0,13
outer:06_correlation,CNV_ENSG00000207279.1,float64,0.0,13
outer:06_correlation,CNV_ENSG00000280225.1,float64,0.0,10
outer:06_correlation,CNV_ENSG00000278715.1,float64,0.0,13
outer:06_correlation,CNV_ENSG00000252277.1,float64,0.0,13
outer:06_correlation,CNV_ENSG00000235368.1,float64,0.0,10
outer:06_correlation,CNV_ENSG00000200564.1,float64,0.0,14
outer:06_correlation,CNV_ENSG00000261069.3,float64,0.0,13
outer:06_correlation,CNV_ENSG00000278089.1,float64,0.0,14
outer:06_correlation,CNV_missing,int64,0.0,2
outer:06_correlation,MUT_MAML2,float64,0.0,2
outer:06_correlation,MUT_ABR,float64,0.0,2
outer:06_correlation,MUT_EPPK1,float64,0.0,2
outer:06_correlation,MUT_CR1,float64,0.0,2
outer:06_correlation,MUT_SLC26A9,float64,0.0,2
outer:06_correlation,MUT_ITGAV,float64,0.0,2
outer:06_correlation,MUT_NOS1,float64,0.0,2
outer:06_correlation,MUT_ITSN2,float64,0.0,2
outer:06_correlation,MUT_KALRN,float64,0.0,2
outer:06_correlation,MUT_NBPF11,float64,0.0,2
outer:06_correlation,MUT_CACNA1S,float64,0.0,2
outer:06_correlation,MUT_ADAMTS20,float64,0.0,2
outer:06_correlation,MUT_PTCHD3,float64,0.0,2
outer:06_correlation,MUT_DOCK9,float64,0.0,2
outer:06_correlation,MUT_GRIPAP1,float64,0.0,2
outer:06_correlation,MUT_LRP6,float64,0.0,2
outer:06_correlation,MUT_FCRL5,float64,0.0,2
outer:06_correlation,MUT_PIKFYVE,float64,0.0,2
outer:06_correlation,MUT_RBM26,float64,0.0,2
outer:06_correlation,MUT_AP3B1,float64,0.0,2
outer:06_correlation,MUT_NLGN4X,float64,0.0,2
outer:06_correlation,MUT_TDRD5,float64,0.0,2
outer:06_correlation,MUT_CEP95,float64,0.0,2
outer:06_correlation,MUT_GBE1,float64,0.0,2
outer:06_correlation,MUT_SRRM2,float64,0.0,2
outer:06_correlation,MUT_PIK3CB,float64,0.0,2
outer:06_correlation,MUT_TMC2,float64,0.0,2
outer:06_correlation,MUT_GOLGA4,float64,0.0,2
outer:06_correlation,MUT_GIMAP8,float64,0.0,2
outer:06_correlation,MUT_SBF2,float64,0.0,2
outer:06_correlation,MUT_MELTF,float64,0.0,2
outer:06_correlation,MUT_EFCAB6,float64,0.0,2
outer:06_correlation,MUT_ZEB1,float64,0.0,2
outer:06_correlation,MUT_GPS2,float64,0.0,2
outer:06_correlation,MUT_USP34,float64,0.0,2
outer:06_correlation,MUT_IGSF10,float64,0.0,2
outer:06_correlation,MUT_NIN,float64,0.0,2
outer:06_correlation,MUT_SLC9A8,float64,0.0,2
outer:06_correlation,MUT_ABCA6,float64,0.0,2
outer:06_correlation,MUT_FMN2,float64,0.0,2
outer:06_correlation,MUT_DOCK11,float64,0.0,2
outer:06_correlation,MUT_SALL4,float64,0.0,2
outer:06_correlation,MUT_RUNX1T1,float64,0.0,2
outer:06_correlation,MUT_PTPRT,float64,0.0,2
outer:06_correlation,MUT_KIT,float64,0.0,2
outer:06_correlation,MUT_WRN,float64,0.0,2
outer:06_correlation,MUT_ZNF658,float64,0.0,2
outer:06_correlation,MUT_AKAP4,float64,0.0,2
outer:06_correlation,MUT_MYO16,float64,0.0,2
outer:06_correlation,MUT_CNTN4,float64,0.0,2
outer:06_correlation,MUT_missing,int64,0.0,2
outer:06_correlation,PROT_TUBERIN_pT1462,float64,0.0,526
outer:06_correlation,PROT_TUBERIN,float64,0.0,525
outer:06_correlation,PROT_PAX8,float64,0.0,511
outer:06_correlation,PROT_PAXILLIN,float64,0.0,527
outer:06_correlation,PROT_Aurora-ABC_pT288_pT232_pT198,float64,0.0,510
outer:06_correlation,PROT_CYCLINB1,float64,0.0,525
outer:06_correlation,PROT_Gli1,float64,0.0,510
outer:06_correlation,PROT_PRC1_pT481,float64,0.0,509
outer:06_correlation,PROT_DNA-Ligase-IV,float64,0.0,509
outer:06_correlation,PROT_P38_pT180Y182,float64,0.0,527
outer:06_correlation,PROT_Hexokinase-II,float64,0.0,511
outer:06_correlation,PROT_DVL3,float64,0.0,527
outer:06_correlation,PROT_SETD2,float64,0.0,525
outer:06_correlation,PROT_4EBP1_pT37T46,float64,0.0,526
outer:06_correlation,PROT_GSK3_pS9,float64,0.0,525
outer:06_correlation,PROT_Cdc42,float64,0.0,507
outer:06_correlation,PROT_PLC-gamma1,float64,0.0,510
outer:06_correlation,PROT_CD20,float64,0.0,526
outer:06_correlation,PROT_c-IAP2,float64,0.0,509
outer:06_correlation,PROT_b-Actin,float64,0.0,510
outer:06_correlation,PROT_CLAUDIN7,float64,0.0,526
outer:06_correlation,PROT_Atg4B,float64,0.0,509
outer:06_correlation,PROT_DM-K9-Histone-H3,float64,0.0,509
outer:06_correlation,PROT_P70S6K1,float64,0.0,525
outer:06_correlation,PROT_RPA32,float64,0.0,508
outer:06_correlation,PROT_Slfn11,float64,0.0,509
outer:06_correlation,PROT_Jagged1,float64,0.0,505
outer:06_correlation,PROT_COG3,float64,0.0,525
outer:06_correlation,PROT_TIGAR,float64,0.0,527
outer:06_correlation,PROT_KU80,float64,0.0,526
outer:06_correlation,PROT_Aurora-A,float64,0.0,511
outer:06_correlation,PROT_BRAF,float64,0.0,526
outer:06_correlation,PROT_FAK_pY397,float64,0.0,508
outer:06_correlation,PROT_IGF1R_pY1135Y1136,float64,0.0,524
outer:06_correlation,PROT_SMAD4,float64,0.0,524
outer:06_correlation,PROT_CD45,float64,0.0,511
outer:06_correlation,PROT_Glucocorticoid-Receptor,float64,0.0,511
outer:06_correlation,PROT_p90RSK_pT573,float64,0.0,507
outer:06_correlation,PROT_4EBP1_pS65,float64,0.0,526
outer:06_correlation,PROT_MR1,float64,0.0,510
outer:06_correlation,PROT_PHLPP,float64,0.0,511
outer:06_correlation,PROT_DDR1,float64,0.0,511
outer:06_correlation,PROT_EIF4G,float64,0.0,526
outer:06_correlation,PROT_ATP5A,float64,0.0,510
outer:06_correlation,PROT_STAT3_pY705,float64,0.0,527
outer:06_correlation,PROT_ZAP-70,float64,0.0,511
outer:06_correlation,PROT_RBM15,float64,0.0,525
outer:06_correlation,PROT_COLLAGENVI,float64,0.0,527
outer:06_correlation,PROT_GSK3ALPHABETA_pS21S9,float64,0.0,525
outer:06_correlation,PROT_RB_pS807S811,float64,0.0,526
outer:06_correlation,PROT_missing,int64,0.0,2
outer:06_correlation,METH_cg12379948,float64,0.0,527
outer:06_correlation,METH_cg07723251,float64,0.0,527
outer:06_correlation,METH_cg17573813,float64,0.0,527
outer:06_correlation,METH_cg03752203,float64,0.0,506
outer:06_correlation,METH_cg21634064,float64,0.0,527
outer:06_correlation,METH_cg01962969,float64,0.0,527
outer:06_correlation,METH_cg13590966,float64,0.0,511
outer:06_correlation,METH_cg02221115,float64,0.0,527
outer:06_correlation,METH_cg06688733,float64,0.0,527
outer:06_correlation,METH_cg04933208,float64,0.0,527
outer:06_correlation,METH_cg05619116,float64,0.0,526
outer:06_correlation,METH_cg17178175,float64,0.0,520
outer:06_correlation,METH_cg00101629,float64,0.0,471
outer:06_correlation,METH_cg23692472,float64,0.0,483
outer:06_correlation,METH_cg26625629,float64,0.0,527
outer:06_correlation,METH_cg03612333,float64,0.0,432
outer:06_correlation,METH_cg19002907,float64,0.0,527
outer:06_correlation,METH_cg24755053,float64,0.0,527
outer:06_correlation,METH_cg13800349,float64,0.0,527
outer:06_correlation,METH_cg13307782,float64,0.0,502
outer:06_correlation,METH_cg03722396,float64,0.0,525
outer:06_correlation,METH_cg09410871,float64,0.0,526
outer:06_correlation,METH_cg22824635,float64,0.0,526
outer:06_correlation,METH_cg08450091,float64,0.0,516
outer:06_correlation,METH_cg12503575,float64,0.0,527
outer:06_correlation,METH_cg07646714,float64,0.0,527
outer:06_correlation,METH_cg27556136,float64,0.0,527
outer:06_correlation,METH_cg10441070,float64,0.0,527
outer:06_correlation,METH_cg25122233,float64,0.0,527
outer:06_correlation,METH_cg07276379,float64,0.0,527
outer:06_correlation,METH_cg24613083,float64,0.0,527
outer:06_correlation,METH_cg13119182,float64,0.0,527
outer:06_correlation,METH_cg08079376,float64,0.0,527
outer:06_correlation,METH_cg10240356,float64,0.0,527
outer:06_correlation,METH_cg06870531,float64,0.0,527
outer:06_correlation,METH_cg06717750,float64,0.0,527
outer:06_correlation,METH_cg26983544,float64,0.0,513
outer:06_correlation,METH_cg22151179,float64,0.0,527
outer:06_correlation,METH_cg27054144,float64,0.0,521
outer:06_correlation,METH_cg01435643,float64,0.0,527
outer:06_correlation,METH_cg13680188,float64,0.0,527
outer:06_correlation,METH_cg14094521,float64,0.0,509
outer:06_correlation,METH_cg02776251,float64,0.0,527
outer:06_correlation,METH_cg26401825,float64,0.0,527
outer:06_correlation,METH_cg11228682,float64,0.0,424
outer:06_correlation,METH_cg25207147,float64,0.0,527
outer:06_correlation,METH_cg19851563,float64,0.0,527
outer:06_correlation,METH_cg23051349,float64,0.0,527
outer:06_correlation,METH_cg24239882,float64,0.0,527
outer:06_correlation,METH_cg06267617,float64,0.0,527
outer:06_correlation,METH_missing,int64,0.0,2
outer:06_correlation,MIRNA_hsa-mir-592,float64,0.0,502
outer:06_correlation,MIRNA_hsa-mir-4326,float64,0.0,465
outer:06_correlation,MIRNA_hsa-mir-181a-1,float64,0.0,527
outer:06_correlation,MIRNA_hsa-let-7e,float64,0.0,527
outer:06_correlation,MIRNA_hsa-mir-664a,float64,0.0,527
outer:06_correlation,MIRNA_hsa-mir-103a-1,float64,0.0,527
outer:06_correlation,MIRNA_hsa-mir-99a,float64,0.0,527
outer:06_correlation,MIRNA_hsa-mir-202,float64,0.0,369
outer:06_correlation,MIRNA_hsa-mir-326,float64,0.0,524
outer:06_correlation,MIRNA_hsa-mir-101-1,float64,0.0,527
outer:06_correlation,MIRNA_hsa-mir-374c,float64,0.0,216
outer:06_correlation,MIRNA_hsa-mir-379,float64,0.0,527
outer:06_correlation,MIRNA_hsa-mir-101-2,float64,0.0,527
outer:06_correlation,MIRNA_hsa-mir-125b-2,float64,0.0,527
outer:06_correlation,MIRNA_hsa-mir-1258,float64,0.0,420
outer:06_correlation,MIRNA_hsa-mir-134,float64,0.0,527
outer:06_correlation,MIRNA_hsa-mir-195,float64,0.0,527
outer:06_correlation,MIRNA_hsa-let-7c,float64,0.0,527
outer:06_correlation,MIRNA_hsa-mir-411,float64,0.0,520
outer:06_correlation,MIRNA_hsa-mir-215,float64,0.0,523
outer:06_correlation,MIRNA_hsa-mir-424,float64,0.0,527
outer:06_correlation,MIRNA_hsa-mir-3607,float64,0.0,527
outer:06_correlation,MIRNA_hsa-mir-1254-2,float64,0.0,344
outer:06_correlation,MIRNA_hsa-mir-378c,float64,0.0,524
outer:06_correlation,MIRNA_hsa-mir-125b-1,float64,0.0,527
outer:06_correlation,MIRNA_hsa-mir-143,float64,0.0,527
outer:06_correlation,MIRNA_hsa-mir-551b,float64,0.0,446
outer:06_correlation,MIRNA_hsa-mir-127,float64,0.0,527
outer:06_correlation,MIRNA_hsa-mir-30e,float64,0.0,527
outer:06_correlation,MIRNA_hsa-mir-3926-1,float64,0.0,388
outer:06_correlation,MIRNA_hsa-mir-363,float64,0.0,524
outer:06_correlation,MIRNA_hsa-mir-31,float64,0.0,500
outer:06_correlation,MIRNA_hsa-mir-758,float64,0.0,527
outer:06_correlation,MIRNA_hsa-mir-6815,float64,0.0,284
outer:06_correlation,MIRNA_hsa-mir-548aw,float64,0.0,313
outer:06_correlation,MIRNA_hsa-mir-940,float64,0.0,512
outer:06_correlation,MIRNA_hsa-mir-676,float64,0.0,416
outer:06_correlation,MIRNA_hsa-mir-4780,float64,0.0,98
outer:06_correlation,MIRNA_hsa-mir-103a-2,float64,0.0,527
outer:06_correlation,MIRNA_hsa-mir-1247,float64,0.0,524
outer:06_correlation,MIRNA_hsa-mir-3130-1,float64,0.0,487
outer:06_correlation,MIRNA_hsa-mir-150,float64,0.0,527
outer:06_correlation,MIRNA_hsa-mir-100,float64,0.0,527
outer:06_correlation,MIRNA_hsa-mir-497,float64,0.0,527
outer:06_correlation,MIRNA_hsa-mir-15a,float64,0.0,527
outer:06_correlation,MIRNA_hsa-mir-450b,float64,0.0,527
outer:06_correlation,MIRNA_hsa-mir-652,float64,0.0,527
outer:06_correlation,MIRNA_hsa-mir-26a-1,float64,0.0,527
outer:06_correlation,MIRNA_hsa-mir-26a-2,float64,0.0,527
outer:06_correlation,MIRNA_hsa-mir-496,float64,0.0,498
outer:06_correlation,MIRNA_missing,int64,0.0,2
outer:06_correlation,OS,int64,0.0,2
outer:06_correlation,OS.time,float64,0.0,826
outer:07_top_correlated,Unnamed: 0,object,0.0,1076
outer:07_top_correlated,CLIN_gender.demographic,float64,0.0,2
outer:07_top_correlated,CLIN_age_at_index.demographic,float64,0.0,65
outer:07_top_correlated,CLIN_tumor_descriptor.samples,int64,0.0,2
outer:07_top_correlated,CLIN_disease_type_Adenomas and Adenocarcinomas,int64,0.0,2
outer:07_top_correlated,CLIN_disease_type_Adnexal and Skin Appendage Neoplasms,int64,0.0,2
outer:07_top_correlated,CLIN_disease_type_Basal Cell Neoplasms,int64,0.0,2
outer:07_top_correlated,CLIN_disease_type_Complex Epithelial Neoplasms,int64,0.0,2
outer:07_top_correlated,"CLIN_disease_type_Cystic, Mucinous and Serous Neoplasms",int64,0.0,2
outer:07_top_correlated,CLIN_disease_type_Ductal and Lobular Neoplasms,int64,0.0,2
outer:07_top_correlated,"CLIN_disease_type_Epithelial Neoplasms, NOS",int64,0.0,2
outer:07_top_correlated,CLIN_disease_type_Fibroepithelial Neoplasms,int64,0.0,2
outer:07_top_correlated,CLIN_disease_type_Squamous Cell Neoplasms,int64,0.0,2
outer:07_top_correlated,CLIN_race.demographic_american indian or alaska native,int64,0.0,2
outer:07_top_correlated,CLIN_race.demographic_asian,int64,0.0,2
outer:07_top_correlated,CLIN_race.demographic_black or african american,int64,0.0,2
outer:07_top_correlated,CLIN_race.demographic_missing,int64,0.0,2
outer:07_top_correlated,CLIN_race.demographic_white,int64,0.0,2
outer:07_top_correlated,CLIN_ethnicity.demographic_hispanic or latino,int64,0.0,2
outer:07_top_correlated,CLIN_ethnicity.demographic_missing,int64,0.0,2
outer:07_top_correlated,CLIN_ethnicity.demographic_not hispanic or latino,int64,0.0,2
outer:07_top_correlated,CLIN_ajcc_pathologic_stage.diagnoses_Stage I,int64,0.0,2
outer:07_top_correlated,CLIN_ajcc_pathologic_stage.diagnoses_Stage IA,int64,0.0,2
outer:07_top_correlated,CLIN_ajcc_pathologic_stage.diagnoses_Stage IB,int64,0.0,2
outer:07_top_correlated,CLIN_ajcc_pathologic_stage.diagnoses_Stage II,int64,0.0,2
outer:07_top_correlated,CLIN_ajcc_pathologic_stage.diagnoses_Stage IIA,int64,0.0,2
outer:07_top_correlated,CLIN_ajcc_pathologic_stage.diagnoses_Stage IIB,int64,0.0,2
outer:07_top_correlated,CLIN_ajcc_pathologic_stage.diagnoses_Stage III,int64,0.0,2
outer:07_top_correlated,CLIN_ajcc_pathologic_stage.diagnoses_Stage IIIA,int64,0.0,2
outer:07_top_correlated,CLIN_ajcc_pathologic_stage.diagnoses_Stage IIIB,int64,0.0,2
outer:07_top_correlated,CLIN_ajcc_pathologic_stage.diagnoses_Stage IIIC,int64,0.0,2
outer:07_top_correlated,CLIN_ajcc_pathologic_stage.diagnoses_Stage IV,int64,0.0,2
outer:07_top_correlated,CLIN_ajcc_pathologic_stage.diagnoses_Stage X,int64,0.0,2
outer:07_top_correlated,CLIN_ajcc_pathologic_stage.diagnoses_missing,int64,0.0,2
outer:07_top_correlated,"CLIN_tissue_or_organ_of_origin.diagnoses_Breast, NOS",int64,0.0,2
outer:07_top_correlated,CLIN_tissue_or_organ_of_origin.diagnoses_Lower-inner quadrant of breast,int64,0.0,2
outer:07_top_correlated,CLIN_tissue_or_organ_of_origin.diagnoses_Lower-outer quadrant of breast,int64,0.0,2
outer:07_top_correlated,CLIN_tissue_or_organ_of_origin.diagnoses_Overlapping lesion of breast,int64,0.0,2
outer:07_top_correlated,CLIN_tissue_or_organ_of_origin.diagnoses_Upper-inner quadrant of breast,int64,0.0,2
outer:07_top_correlated,CLIN_tissue_or_organ_of_origin.diagnoses_Upper-outer quadrant of breast,int64,0.0,2
outer:07_top_correlated,CLIN_tissue_or_organ_of_origin.diagnoses_missing,int64,0.0,1
outer:07_top_correlated,CLIN_primary_diagnosis.diagnoses_Adenoid cystic carcinoma,int64,0.0,2
outer:07_top_correlated,CLIN_primary_diagnosis.diagnoses_Apocrine adenocarcinoma,int64,0.0,2
outer:07_top_correlated,"CLIN_primary_diagnosis.diagnoses_Basal cell carcinoma, NOS",int64,0.0,2
outer:07_top_correlated,"CLIN_primary_diagnosis.diagnoses_Carcinoma, NOS",int64,0.0,2
outer:07_top_correlated,"CLIN_primary_diagnosis.diagnoses_Cribriform carcinoma, NOS",int64,0.0,2
outer:07_top_correlated,CLIN_primary_diagnosis.diagnoses_Infiltrating duct and lobular carcinoma,int64,0.0,2
outer:07_top_correlated,"CLIN_primary_diagnosis.diagnoses_Infiltrating duct carcinoma, NOS",int64,0.0,2
outer:07_top_correlated,CLIN_primary_diagnosis.diagnoses_Infiltrating duct mixed with other types of carcinoma,int64,0.0,2
outer:07_top_correlated,CLIN_primary_diagnosis.diagnoses_Infiltrating lobular mixed with other types of carcinoma,int64,0.0,2
outer:07_top_correlated,CLIN_primary_diagnosis.diagnoses_Intraductal micropapillary carcinoma,int64,0.0,2
outer:07_top_correlated,CLIN_primary_diagnosis.diagnoses_Intraductal papillary adenocarcinoma with invasion,int64,0.0,2
outer:07_top_correlated,CLIN_primary_diagnosis.diagnoses_Large cell neuroendocrine carcinoma,int64,0.0,2
outer:07_top_correlated,"CLIN_primary_diagnosis.diagnoses_Lobular carcinoma, NOS",int64,0.0,2
outer:07_top_correlated,"CLIN_primary_diagnosis.diagnoses_Medullary carcinoma, NOS",int64,0.0,2
outer:07_top_correlated,"CLIN_primary_diagnosis.diagnoses_Metaplastic carcinoma, NOS",int64,0.0,2
outer:07_top_correlated,CLIN_primary_diagnosis.diagnoses_Mucinous adenocarcinoma,int64,0.0,2
outer:07_top_correlated,CLIN_primary_diagnosis.diagnoses_Paget disease and infiltrating duct carcinoma of breast,int64,0.0,2
outer:07_top_correlated,"CLIN_primary_diagnosis.diagnoses_Papillary carcinoma, NOS",int64,0.0,2
outer:07_top_correlated,"CLIN_primary_diagnosis.diagnoses_Phyllodes tumor, malignant",int64,0.0,2
outer:07_top_correlated,CLIN_primary_diagnosis.diagnoses_Pleomorphic carcinoma,int64,0.0,2
outer:07_top_correlated,CLIN_primary_diagnosis.diagnoses_Secretory carcinoma of breast,int64,0.0,2
outer:07_top_correlated,CLIN_primary_diagnosis.diagnoses_Tubular adenocarcinoma,int64,0.0,2
outer:07_top_correlated,CLIN_primary_diagnosis.diagnoses_missing,int64,0.0,1
outer:07_top_correlated,CLIN_prior_malignancy.diagnoses_missing,int64,0.0,2
outer:07_top_correlated,CLIN_prior_malignancy.diagnoses_no,int64,0.0,2
outer:07_top_correlated,CLIN_prior_malignancy.diagnoses_yes,int64,0.0,2
outer:07_top_correlated,CLIN_prior_treatment.diagnoses_No,int64,0.0,2
outer:07_top_correlated,CLIN_prior_treatment.diagnoses_Yes,int64,0.0,2
outer:07_top_correlated,CLIN_prior_treatment.diagnoses_missing,int64,0.0,2
outer:07_top_correlated,CLIN_ajcc_staging_system_edition.diagnoses_3rd,int64,0.0,2
outer:07_top_correlated,CLIN_ajcc_staging_system_edition.diagnoses_4th,int64,0.0,2
outer:07_top_correlated,CLIN_ajcc_staging_system_edition.diagnoses_5th,int64,0.0,2
outer:07_top_correlated,CLIN_ajcc_staging_system_edition.diagnoses_6th,int64,0.0,2
outer:07_top_correlated,CLIN_ajcc_staging_system_edition.diagnoses_7th,int64,0.0,2
outer:07_top_correlated,CLIN_ajcc_staging_system_edition.diagnoses_missing,int64,0.0,2
outer:07_top_correlated,CLIN_ajcc_pathologic_t.diagnoses_T1,int64,0.0,2
outer:07_top_correlated,CLIN_ajcc_pathologic_t.diagnoses_T1a,int64,0.0,2
outer:07_top_correlated,CLIN_ajcc_pathologic_t.diagnoses_T1b,int64,0.0,2
outer:07_top_correlated,CLIN_ajcc_pathologic_t.diagnoses_T1c,int64,0.0,2
outer:07_top_correlated,CLIN_ajcc_pathologic_t.diagnoses_T2,int64,0.0,2
outer:07_top_correlated,CLIN_ajcc_pathologic_t.diagnoses_T2a,int64,0.0,2
outer:07_top_correlated,CLIN_ajcc_pathologic_t.diagnoses_T2b,int64,0.0,2
outer:07_top_correlated,CLIN_ajcc_pathologic_t.diagnoses_T3,int64,0.0,2
outer:07_top_correlated,CLIN_ajcc_pathologic_t.diagnoses_T3a,int64,0.0,2
outer:07_top_correlated,CLIN_ajcc_pathologic_t.diagnoses_T4,int64,0.0,2
outer:07_top_correlated,CLIN_ajcc_pathologic_t.diagnoses_T4b,int64,0.0,2
outer:07_top_correlated,CLIN_ajcc_pathologic_t.diagnoses_T4d,int64,0.0,2
outer:07_top_correlated,CLIN_ajcc_pathologic_t.diagnoses_TX,int64,0.0,2
outer:07_top_correlated,CLIN_ajcc_pathologic_t.diagnoses_missing,int64,0.0,1
outer:07_top_correlated,CLIN_morphology.diagnoses_8010/3,int64,0.0,2
outer:07_top_correlated,CLIN_morphology.diagnoses_8013/3,int64,0.0,2
outer:07_top_correlated,CLIN_morphology.diagnoses_8022/3,int64,0.0,2
outer:07_top_correlated,CLIN_morphology.diagnoses_8050/3,int64,0.0,2
outer:07_top_correlated,CLIN_morphology.diagnoses_8090/3,int64,0.0,2
outer:07_top_correlated,CLIN_morphology.diagnoses_8200/3,int64,0.0,2
outer:07_top_correlated,CLIN_morphology.diagnoses_8201/3,int64,0.0,2
outer:07_top_correlated,CLIN_morphology.diagnoses_8211/3,int64,0.0,2
outer:07_top_correlated,CLIN_morphology.diagnoses_8401/3,int64,0.0,2
outer:07_top_correlated,CLIN_morphology.diagnoses_8480/3,int64,0.0,2
outer:07_top_correlated,CLIN_morphology.diagnoses_8500/3,int64,0.0,2
outer:07_top_correlated,CLIN_morphology.diagnoses_8502/3,int64,0.0,2
outer:07_top_correlated,CLIN_morphology.diagnoses_8503/3,int64,0.0,2
outer:07_top_correlated,CLIN_morphology.diagnoses_8507/3,int64,0.0,2
outer:07_top_correlated,CLIN_morphology.diagnoses_8510/3,int64,0.0,2
outer:07_top_correlated,CLIN_morphology.diagnoses_8520/3,int64,0.0,2
outer:07_top_correlated,CLIN_morphology.diagnoses_8522/3,int64,0.0,2
outer:07_top_correlated,CLIN_morphology.diagnoses_8523/3,int64,0.0,2
outer:07_top_correlated,CLIN_morphology.diagnoses_8524/3,int64,0.0,2
outer:07_top_correlated,CLIN_morphology.diagnoses_8541/3,int64,0.0,2
outer:07_top_correlated,CLIN_morphology.diagnoses_8575/3,int64,0.0,2
outer:07_top_correlated,CLIN_morphology.diagnoses_9020/3,int64,0.0,2
outer:07_top_correlated,CLIN_morphology.diagnoses_missing,int64,0.0,1
outer:07_top_correlated,CLIN_ajcc_pathologic_n.diagnoses_N0,int64,0.0,2
outer:07_top_correlated,CLIN_ajcc_pathologic_n.diagnoses_N0 (i+),int64,0.0,2
outer:07_top_correlated,CLIN_ajcc_pathologic_n.diagnoses_N0 (i-),int64,0.0,2
outer:07_top_correlated,CLIN_ajcc_pathologic_n.diagnoses_N0 (mol+),int64,0.0,2
outer:07_top_correlated,CLIN_ajcc_pathologic_n.diagnoses_N1,int64,0.0,2
outer:07_top_correlated,CLIN_ajcc_pathologic_n.diagnoses_N1a,int64,0.0,2
outer:07_top_correlated,CLIN_ajcc_pathologic_n.diagnoses_N1b,int64,0.0,2
outer:07_top_correlated,CLIN_ajcc_pathologic_n.diagnoses_N1c,int64,0.0,2
outer:07_top_correlated,CLIN_ajcc_pathologic_n.diagnoses_N1mi,int64,0.0,2
outer:07_top_correlated,CLIN_ajcc_pathologic_n.diagnoses_N2,int64,0.0,2
outer:07_top_correlated,CLIN_ajcc_pathologic_n.diagnoses_N2a,int64,0.0,2
outer:07_top_correlated,CLIN_ajcc_pathologic_n.diagnoses_N3,int64,0.0,2
outer:07_top_correlated,CLIN_ajcc_pathologic_n.diagnoses_N3a,int64,0.0,2
outer:07_top_correlated,CLIN_ajcc_pathologic_n.diagnoses_N3b,int64,0.0,2
outer:07_top_correlated,CLIN_ajcc_pathologic_n.diagnoses_N3c,int64,0.0,2
outer:07_top_correlated,CLIN_ajcc_pathologic_n.diagnoses_NX,int64,0.0,2
outer:07_top_correlated,CLIN_ajcc_pathologic_n.diagnoses_missing,int64,0.0,1
outer:07_top_correlated,CLIN_ajcc_pathologic_m.diagnoses_M0,int64,0.0,2
outer:07_top_correlated,CLIN_ajcc_pathologic_m.diagnoses_M1,int64,0.0,2
outer:07_top_correlated,CLIN_ajcc_pathologic_m.diagnoses_MX,int64,0.0,2
outer:07_top_correlated,CLIN_ajcc_pathologic_m.diagnoses_cM0 (i+),int64,0.0,2
outer:07_top_correlated,CLIN_ajcc_pathologic_m.diagnoses_missing,int64,0.0,1
outer:07_top_correlated,"CLIN_treatment_or_therapy.treatments.diagnoses_['no', 'no']",int64,0.0,2
outer:07_top_correlated,"CLIN_treatment_or_therapy.treatments.diagnoses_['no', 'not reported']",int64,0.0,2
outer:07_top_correlated,"CLIN_treatment_or_therapy.treatments.diagnoses_['no', 'yes']",int64,0.0,2
outer:07_top_correlated,"CLIN_treatment_or_therapy.treatments.diagnoses_['not reported', 'no']",int64,0.0,2
outer:07_top_correlated,"CLIN_treatment_or_therapy.treatments.diagnoses_['not reported', 'not reported']",int64,0.0,2
outer:07_top_correlated,"CLIN_treatment_or_therapy.treatments.diagnoses_['not reported', 'yes']",int64,0.0,2
outer:07_top_correlated,"CLIN_treatment_or_therapy.treatments.diagnoses_['yes', 'no']",int64,0.0,2
outer:07_top_correlated,"CLIN_treatment_or_therapy.treatments.diagnoses_['yes', 'not reported']",int64,0.0,2
outer:07_top_correlated,"CLIN_treatment_or_therapy.treatments.diagnoses_['yes', 'yes']",int64,0.0,2
outer:07_top_correlated,CLIN_treatment_or_therapy.treatments.diagnoses_missing,int64,0.0,1
outer:07_top_correlated,RNA_ENSG00000132718.9,float64,0.0,826
outer:07_top_correlated,RNA_ENSG00000204429.4,float64,0.0,62
outer:07_top_correlated,RNA_ENSG00000162772.17,float64,0.0,953
outer:07_top_correlated,RNA_ENSG00000272254.1,float64,0.0,32
outer:07_top_correlated,RNA_ENSG00000125740.14,float64,0.0,917
outer:07_top_correlated,RNA_ENSG00000007908.16,float64,0.0,678
outer:07_top_correlated,RNA_ENSG00000058668.15,float64,0.0,1050
outer:07_top_correlated,RNA_ENSG00000168497.5,float64,0.0,649
outer:07_top_correlated,RNA_ENSG00000142871.18,float64,0.0,1048
outer:07_top_correlated,RNA_ENSG00000016602.9,float64,0.0,140
outer:07_top_correlated,RNA_ENSG00000169508.7,float64,0.0,758
outer:07_top_correlated,RNA_ENSG00000172403.11,float64,0.0,997
outer:07_top_correlated,RNA_ENSG00000237248.5,float64,0.0,186
outer:07_top_correlated,RNA_ENSG00000100814.18,float64,0.0,891
outer:07_top_correlated,RNA_ENSG00000284669.1,float64,0.0,152
outer:07_top_correlated,RNA_ENSG00000266315.1,float64,0.0,37
outer:07_top_correlated,RNA_ENSG00000137193.14,float64,0.0,908
outer:07_top_correlated,RNA_ENSG00000011523.14,float64,0.0,915
outer:07_top_correlated,RNA_ENSG00000158488.16,float64,0.0,370
outer:07_top_correlated,RNA_ENSG00000264589.4,float64,0.0,361
outer:07_top_correlated,RNA_ENSG00000271646.1,float64,0.0,392
outer:07_top_correlated,RNA_ENSG00000122733.12,float64,0.0,183
outer:07_top_correlated,RNA_ENSG00000273014.1,float64,0.0,241
outer:07_top_correlated,RNA_ENSG00000163739.5,float64,0.0,281
outer:07_top_correlated,RNA_ENSG00000134339.9,float64,0.0,400
outer:07_top_correlated,RNA_ENSG00000269404.7,float64,0.0,348
outer:07_top_correlated,RNA_ENSG00000287447.1,float64,0.0,34
outer:07_top_correlated,RNA_ENSG00000168065.16,float64,0.0,82
outer:07_top_correlated,RNA_ENSG00000159339.13,float64,0.0,69
outer:07_top_correlated,RNA_ENSG00000170989.10,float64,0.0,887
outer:07_top_correlated,RNA_ENSG00000111339.12,float64,0.0,152
outer:07_top_correlated,RNA_ENSG00000185950.9,float64,0.0,951
outer:07_top_correlated,RNA_ENSG00000287401.1,float64,0.0,127
outer:07_top_correlated,RNA_ENSG00000126861.5,float64,0.0,99
outer:07_top_correlated,RNA_ENSG00000145779.8,float64,0.0,870
outer:07_top_correlated,RNA_ENSG00000114446.5,float64,0.0,892
outer:07_top_correlated,RNA_ENSG00000279077.1,float64,0.0,35
outer:07_top_correlated,RNA_ENSG00000164946.20,float64,0.0,452
outer:07_top_correlated,RNA_ENSG00000225938.1,float64,0.0,68
outer:07_top_correlated,RNA_ENSG00000198918.8,float64,0.0,1018
outer:07_top_correlated,RNA_ENSG00000200834.1,float64,0.0,29
outer:07_top_correlated,RNA_ENSG00000118507.17,float64,0.0,573
outer:07_top_correlated,RNA_ENSG00000163827.13,float64,0.0,182
outer:07_top_correlated,RNA_ENSG00000223274.6,float64,0.0,27
outer:07_top_correlated,RNA_ENSG00000124203.6,float64,0.0,372
outer:07_top_correlated,RNA_ENSG00000081059.20,float64,0.0,854
outer:07_top_correlated,RNA_ENSG00000197329.12,float64,0.0,919
outer:07_top_correlated,RNA_ENSG00000259831.1,float64,0.0,51
outer:07_top_correlated,RNA_ENSG00000148965.10,float64,0.0,62
outer:07_top_correlated,RNA_ENSG00000096968.14,float64,0.0,908
outer:07_top_correlated,RNA_missing,int64,0.0,2
outer:07_top_correlated,CNV_ENSG00000257838.5,float64,0.0,12
outer:07_top_correlated,CNV_ENSG00000253198.1,float64,0.0,19
outer:07_top_correlated,CNV_ENSG00000253845.1,float64,0.0,19
outer:07_top_correlated,CNV_ENSG00000153443.13,float64,0.0,11
outer:07_top_correlated,CNV_ENSG00000269575.1,float64,0.0,14
outer:07_top_correlated,CNV_ENSG00000207397.1,float64,0.0,13
outer:07_top_correlated,CNV_ENSG00000269364.1,float64,0.0,13
outer:07_top_correlated,CNV_ENSG00000263955.2,float64,0.0,11
outer:07_top_correlated,CNV_ENSG00000269345.1,float64,0.0,14
outer:07_top_correlated,CNV_ENSG00000267872.1,float64,0.0,14
outer:07_top_correlated,CNV_ENSG00000102858.13,float64,0.0,11
outer:07_top_correlated,CNV_ENSG00000261442.1,float64,0.0,11
outer:07_top_correlated,CNV_ENSG00000103415.12,float64,0.0,11
outer:07_top_correlated,CNV_ENSG00000089486.17,float64,0.0,11
outer:07_top_correlated,CNV_ENSG00000196109.9,float64,0.0,14
outer:07_top_correlated,CNV_ENSG00000278700.1,float64,0.0,11
outer:07_top_correlated,CNV_ENSG00000282732.1,float64,0.0,14
outer:07_top_correlated,CNV_ENSG00000271149.1,float64,0.0,13
outer:07_top_correlated,CNV_ENSG00000261612.1,float64,0.0,11
outer:07_top_correlated,CNV_ENSG00000276641.1,float64,0.0,11
outer:07_top_correlated,CNV_ENSG00000268079.1,float64,0.0,14
outer:07_top_correlated,CNV_ENSG00000278434.1,float64,0.0,11
outer:07_top_correlated,CNV_ENSG00000269471.1,float64,0.0,15
outer:07_top_correlated,CNV_ENSG00000260599.1,float64,0.0,13
outer:07_top_correlated,CNV_ENSG00000205832.7,float64,0.0,11
outer:07_top_correlated,CNV_ENSG00000268140.1,float64,0.0,14
outer:07_top_correlated,CNV_ENSG00000261789.1,float64,0.0,11
outer:07_top_correlated,CNV_ENSG00000275515.1,float64,0.0,11
outer:07_top_correlated,CNV_ENSG00000286157.1,float64,0.0,13
outer:07_top_correlated,CNV_ENSG00000277440.1,float64,0.0,11
outer:07_top_correlated,CNV_ENSG00000283201.1,float64,0.0,15
outer:07_top_correlated,CNV_ENSG00000268116.1,float64,0.0,14
outer:07_top_correlated,CNV_ENSG00000153406.14,float64,0.0,11
outer:07_top_correlated,CNV_ENSG00000277170.1,float64,0.0,11
outer:07_top_correlated,CNV_ENSG00000268597.1,float64,0.0,14
outer:07_top_correlated,CNV_ENSG00000262246.6,float64,0.0,11
outer:07_top_correlated,CNV_ENSG00000269316.1,float64,0.0,13
outer:07_top_correlated,CNV_ENSG00000269025.2,float64,0.0,13
outer:07_top_correlated,CNV_ENSG00000262686.1,float64,0.0,11
outer:07_top_correlated,CNV_ENSG00000268823.2,float64,0.0,13
outer:07_top_correlated,CNV_ENSG00000268469.1,float64,0.0,15
outer:07_top_correlated,CNV_ENSG00000103423.14,float64,0.0,11
outer:07_top_correlated,CNV_ENSG00000254145.1,float64,0.0,18
outer:07_top_correlated,CNV_ENSG00000253748.2,float64,0.0,18
outer:07_top_correlated,CNV_ENSG00000269332.5,float64,0.0,13
outer:07_top_correlated,CNV_ENSG00000253195.2,float64,0.0,18
outer:07_top_correlated,CNV_ENSG00000269107.1,float64,0.0,16
outer:07_top_correlated,CNV_ENSG00000269505.2,float64,0.0,14
outer:07_top_correlated,CNV_ENSG00000168101.14,float64,0.0,11
outer:07_top_correlated,CNV_ENSG00000168096.15,float64,0.0,11
outer:07_top_correlated,CNV_missing,int64,0.0,2
outer:07_top_correlated,MUT_GPS2,float64,0.0,2
outer:07_top_correlated,MUT_LYST,float64,0.0,2
outer:07_top_correlated,MUT_NRK,float64,0.0,2
outer:07_top_correlated,MUT_EPHB2,float64,0.0,2
outer:07_top_correlated,MUT_MUC4,float64,0.0,2
outer:07_top_correlated,MUT_PDXDC1,float64,0.0,2
outer:07_top_correlated,MUT_RUNX1,float64,0.0,2
outer:07_top_correlated,MUT_KCNH1,float64,0.0,2
outer:07_top_correlated,MUT_TBC1D31,float64,0.0,2
outer:07_top_correlated,MUT_ACACA,float64,0.0,2
outer:07_top_correlated,MUT_TARS2,float64,0.0,2
outer:07_top_correlated,MUT_ARHGEF40,float64,0.0,2
outer:07_top_correlated,MUT_UBR2,float64,0.0,2
outer:07_top_correlated,MUT_RPGR,float64,0.0,2
outer:07_top_correlated,MUT_POLR1A,float64,0.0,2
outer:07_top_correlated,MUT_SLCO1B3,float64,0.0,2
outer:07_top_correlated,MUT_LRP4,float64,0.0,2
outer:07_top_correlated,MUT_NID1,float64,0.0,2
outer:07_top_correlated,MUT_SDK1,float64,0.0,2
outer:07_top_correlated,MUT_FGD6,float64,0.0,2
outer:07_top_correlated,MUT_RTTN,float64,0.0,2
outer:07_top_correlated,MUT_BACH2,float64,0.0,2
outer:07_top_correlated,MUT_ANKRD30A,float64,0.0,2
outer:07_top_correlated,MUT_TRIM67,float64,0.0,2
outer:07_top_correlated,MUT_SPAG9,float64,0.0,2
outer:07_top_correlated,MUT_DAB1,float64,0.0,2
outer:07_top_correlated,MUT_UNC13B,float64,0.0,2
outer:07_top_correlated,MUT_SMARCA2,float64,0.0,2
outer:07_top_correlated,MUT_LRP2,float64,0.0,2
outer:07_top_correlated,MUT_PI4KA,float64,0.0,2
outer:07_top_correlated,MUT_CDKN1B,float64,0.0,2
outer:07_top_correlated,MUT_PCSK5,float64,0.0,2
outer:07_top_correlated,MUT_GPR179,float64,0.0,2
outer:07_top_correlated,MUT_ABCB1,float64,0.0,2
outer:07_top_correlated,MUT_ATG2A,float64,0.0,2
outer:07_top_correlated,MUT_SCN5A,float64,0.0,2
outer:07_top_correlated,MUT_UNC13A,float64,0.0,2
outer:07_top_correlated,MUT_LAMB3,float64,0.0,2
outer:07_top_correlated,MUT_GLI3,float64,0.0,2
outer:07_top_correlated,MUT_HECW2,float64,0.0,2
outer:07_top_correlated,MUT_LAMB2,float64,0.0,2
outer:07_top_correlated,MUT_SPG11,float64,0.0,2
outer:07_top_correlated,MUT_CPS1,float64,0.0,2
outer:07_top_correlated,MUT_SI,float64,0.0,2
outer:07_top_correlated,MUT_ATG2B,float64,0.0,2
outer:07_top_correlated,MUT_CHD3,float64,0.0,2
outer:07_top_correlated,MUT_HIVEP2,float64,0.0,2
outer:07_top_correlated,MUT_BAZ1A,float64,0.0,2
outer:07_top_correlated,MUT_ATP2B3,float64,0.0,2
outer:07_top_correlated,MUT_SHANK1,float64,0.0,2
outer:07_top_correlated,MUT_missing,int64,0.0,2
outer:07_top_correlated,PROT_VEGFR2,float64,0.0,525
outer:07_top_correlated,PROT_SGK3,float64,0.0,509
outer:07_top_correlated,PROT_P38_pT180Y182,float64,0.0,527
outer:07_top_correlated,PROT_SETD2,float64,0.0,525
outer:07_top_correlated,PROT_Cdc42,float64,0.0,507
outer:07_top_correlated,PROT_CD20,float64,0.0,526
outer:07_top_correlated,PROT_c-IAP2,float64,0.0,509
outer:07_top_correlated,PROT_b-Actin,float64,0.0,510
outer:07_top_correlated,PROT_Atg4B,float64,0.0,509
outer:07_top_correlated,PROT_DM-K9-Histone-H3,float64,0.0,509
outer:07_top_correlated,PROT_RPA32,float64,0.0,508
outer:07_top_correlated,PROT_Slfn11,float64,0.0,509
outer:07_top_correlated,PROT_Jagged1,float64,0.0,505
outer:07_top_correlated,PROT_TIGAR,float64,0.0,527
outer:07_top_correlated,PROT_IGF1R_pY1135Y1136,float64,0.0,524
outer:07_top_correlated,PROT_SMAD4,float64,0.0,524
outer:07_top_correlated,PROT_CD45,float64,0.0,511
outer:07_top_correlated,PROT_Glucocorticoid-Receptor,float64,0.0,511
outer:07_top_correlated,PROT_MR1,float64,0.0,510
outer:07_top_correlated,PROT_ATP5A,float64,0.0,510
outer:07_top_correlated,PROT_STAT3_pY705,float64,0.0,527
outer:07_top_correlated,PROT_ZAP-70,float64,0.0,511
outer:07_top_correlated,PROT_COLLAGENVI,float64,0.0,527
outer:07_top_correlated,PROT_CASPASE7CLEAVEDD198,float64,0.0,527
outer:07_top_correlated,PROT_Coup-TFII,float64,0.0,511
outer:07_top_correlated,PROT_RAB11,float64,0.0,526
outer:07_top_correlated,PROT_DAPK2,float64,0.0,510
outer:07_top_correlated,PROT_CD26,float64,0.0,527
outer:07_top_correlated,PROT_MSI2,float64,0.0,510
outer:07_top_correlated,PROT_DIRAS3,float64,0.0,527
outer:07_top_correlated,PROT_Wee1_pS642,float64,0.0,510
outer:07_top_correlated,PROT_IDO,float64,0.0,509
outer:07_top_correlated,PROT_IL-6,float64,0.0,510
outer:07_top_correlated,PROT_RB,float64,0.0,525
outer:07_top_correlated,PROT_CD29,float64,0.0,509
outer:07_top_correlated,PROT_EGFR_pY1173,float64,0.0,525
outer:07_top_correlated,PROT_PEA15,float64,0.0,527
outer:07_top_correlated,PROT_ANNEXIN1,float64,0.0,525
outer:07_top_correlated,PROT_NCADHERIN,float64,0.0,526
outer:07_top_correlated,PROT_JNK_pT183Y185,float64,0.0,527
outer:07_top_correlated,PROT_UBQLN4,float64,0.0,505
outer:07_top_correlated,PROT_GCLM,float64,0.0,509
outer:07_top_correlated,PROT_PGM1,float64,0.0,510
outer:07_top_correlated,PROT_CKIT,float64,0.0,527
outer:07_top_correlated,PROT_PCADHERIN,float64,0.0,526
outer:07_top_correlated,PROT_BCL2A1,float64,0.0,526
outer:07_top_correlated,PROT_LCK,float64,0.0,524
outer:07_top_correlated,PROT_ETS1,float64,0.0,525
outer:07_top_correlated,PROT_PAR,float64,0.0,511
outer:07_top_correlated,PROT_Atg7,float64,0.0,507
outer:07_top_correlated,PROT_missing,int64,0.0,2
outer:07_top_correlated,METH_cg05619116,float64,0.0,526
outer:07_top_correlated,METH_cg17178175,float64,0.0,520
outer:07_top_correlated,METH_cg00101629,float64,0.0,471
outer:07_top_correlated,METH_cg23692472,float64,0.0,483
outer:07_top_correlated,METH_cg03612333,float64,0.0,432
outer:07_top_correlated,METH_cg19002907,float64,0.0,527
outer:07_top_correlated,METH_cg24755053,float64,0.0,527
outer:07_top_correlated,METH_cg13800349,float64,0.0,527
outer:07_top_correlated,METH_cg13307782,float64,0.0,502
outer:07_top_correlated,METH_cg09410871,float64,0.0,526
outer:07_top_correlated,METH_cg22824635,float64,0.0,526
outer:07_top_correlated,METH_cg08450091,float64,0.0,516
outer:07_top_correlated,METH_cg27556136,float64,0.0,527
outer:07_top_correlated,METH_cg10441070,float64,0.0,527
outer:07_top_correlated,METH_cg25122233,float64,0.0,527
outer:07_top_correlated,METH_cg13119182,float64,0.0,527
outer:07_top_correlated,METH_cg08079376,float64,0.0,527
outer:07_top_correlated,METH_cg10240356,float64,0.0,527
outer:07_top_correlated,METH_cg06870531,float64,0.0,527
outer:07_top_correlated,METH_cg06717750,float64,0.0,527
outer:07_top_correlated,METH_cg26983544,float64,0.0,513
outer:07_top_correlated,METH_cg22151179,float64,0.0,527
outer:07_top_correlated,METH_cg27054144,float64,0.0,521
outer:07_top_correlated,METH_cg01435643,float64,0.0,527
outer:07_top_correlated,METH_cg14094521,float64,0.0,509
outer:07_top_correlated,METH_cg02776251,float64,0.0,527
outer:07_top_correlated,METH_cg26401825,float64,0.0,527
outer:07_top_correlated,METH_cg11228682,float64,0.0,424
outer:07_top_correlated,METH_cg25207147,float64,0.0,527
outer:07_top_correlated,METH_cg19851563,float64,0.0,527
outer:07_top_correlated,METH_cg23051349,float64,0.0,527
outer:07_top_correlated,METH_cg24239882,float64,0.0,527
outer:07_top_correlated,METH_cg06267617,float64,0.0,527
outer:07_top_correlated,METH_cg01168833,float64,0.0,527
outer:07_top_correlated,METH_cg12676289,float64,0.0,527
outer:07_top_correlated,METH_cg24671734,float64,0.0,527
outer:07_top_correlated,METH_cg08140548,float64,0.0,520
outer:07_top_correlated,METH_cg05232215,float64,0.0,527
outer:07_top_correlated,METH_cg16316472,float64,0.0,527
outer:07_top_correlated,METH_cg00741789,float64,0.0,447
outer:07_top_correlated,METH_cg11048797,float64,0.0,527
outer:07_top_correlated,METH_cg20767356,float64,0.0,527
outer:07_top_correlated,METH_cg11020894,float64,0.0,527
outer:07_top_correlated,METH_cg09941208,float64,0.0,490
outer:07_top_correlated,METH_cg06392574,float64,0.0,526
outer:07_top_correlated,METH_cg26567249,float64,0.0,527
outer:07_top_correlated,METH_cg23475112,float64,0.0,527
outer:07_top_correlated,METH_cg03885098,float64,0.0,527
outer:07_top_correlated,METH_cg03644984,float64,0.0,527
outer:07_top_correlated,METH_cg26014185,float64,0.0,448
outer:07_top_correlated,METH_missing,int64,0.0,2
outer:07_top_correlated,MIRNA_hsa-mir-99a,float64,0.0,527
outer:07_top_correlated,MIRNA_hsa-mir-202,float64,0.0,369
outer:07_top_correlated,MIRNA_hsa-mir-326,float64,0.0,524
outer:07_top_correlated,MIRNA_hsa-mir-101-1,float64,0.0,527
outer:07_top_correlated,MIRNA_hsa-mir-374c,float64,0.0,216
outer:07_top_correlated,MIRNA_hsa-mir-379,float64,0.0,527
outer:07_top_correlated,MIRNA_hsa-mir-101-2,float64,0.0,527
outer:07_top_correlated,MIRNA_hsa-mir-125b-2,float64,0.0,527
outer:07_top_correlated,MIRNA_hsa-mir-1258,float64,0.0,420
outer:07_top_correlated,MIRNA_hsa-mir-134,float64,0.0,527
outer:07_top_correlated,MIRNA_hsa-mir-195,float64,0.0,527
outer:07_top_correlated,MIRNA_hsa-let-7c,float64,0.0,527
outer:07_top_correlated,MIRNA_hsa-mir-411,float64,0.0,520
outer:07_top_correlated,MIRNA_hsa-mir-215,float64,0.0,523
outer:07_top_correlated,MIRNA_hsa-mir-424,float64,0.0,527
outer:07_top_correlated,MIRNA_hsa-mir-3607,float64,0.0,527
outer:07_top_correlated,MIRNA_hsa-mir-378c,float64,0.0,524
outer:07_top_correlated,MIRNA_hsa-mir-125b-1,float64,0.0,527
outer:07_top_correlated,MIRNA_hsa-mir-143,float64,0.0,527
outer:07_top_correlated,MIRNA_hsa-mir-551b,float64,0.0,446
outer:07_top_correlated,MIRNA_hsa-mir-127,float64,0.0,527
outer:07_top_correlated,MIRNA_hsa-mir-30e,float64,0.0,527
outer:07_top_correlated,MIRNA_hsa-mir-3926-1,float64,0.0,388
outer:07_top_correlated,MIRNA_hsa-mir-363,float64,0.0,524
outer:07_top_correlated,MIRNA_hsa-mir-31,float64,0.0,500
outer:07_top_correlated,MIRNA_hsa-mir-758,float64,0.0,527
outer:07_top_correlated,MIRNA_hsa-mir-6815,float64,0.0,284
outer:07_top_correlated,MIRNA_hsa-mir-548aw,float64,0.0,313
outer:07_top_correlated,MIRNA_hsa-mir-940,float64,0.0,512
outer:07_top_correlated,MIRNA_hsa-mir-676,float64,0.0,416
outer:07_top_correlated,MIRNA_hsa-mir-4780,float64,0.0,98
outer:07_top_correlated,MIRNA_hsa-mir-450a-1,float64,0.0,526
outer:07_top_correlated,MIRNA_hsa-mir-432,float64,0.0,524
outer:07_top_correlated,MIRNA_hsa-mir-323b,float64,0.0,499
outer:07_top_correlated,MIRNA_hsa-mir-130a,float64,0.0,527
outer:07_top_correlated,MIRNA_hsa-mir-29a,float64,0.0,527
outer:07_top_correlated,MIRNA_hsa-mir-760,float64,0.0,505
outer:07_top_correlated,MIRNA_hsa-mir-4444-1,float64,0.0,350
outer:07_top_correlated,MIRNA_hsa-let-7b,float64,0.0,527
outer:07_top_correlated,MIRNA_hsa-mir-212,float64,0.0,526
outer:07_top_correlated,MIRNA_hsa-mir-4791,float64,0.0,319
outer:07_top_correlated,MIRNA_hsa-mir-218-1,float64,0.0,527
outer:07_top_correlated,MIRNA_hsa-mir-1181,float64,0.0,241
outer:07_top_correlated,MIRNA_hsa-mir-3130-2,float64,0.0,488
outer:07_top_correlated,MIRNA_hsa-mir-486-2,float64,0.0,527
outer:07_top_correlated,MIRNA_hsa-mir-6510,float64,0.0,472
outer:07_top_correlated,MIRNA_hsa-mir-3610,float64,0.0,471
outer:07_top_correlated,MIRNA_hsa-mir-376a-1,float64,0.0,449
outer:07_top_correlated,MIRNA_hsa-mir-483,float64,0.0,504
outer:07_top_correlated,MIRNA_hsa-mir-487b,float64,0.0,521
outer:07_top_correlated,MIRNA_missing,int64,0.0,2
outer:07_top_correlated,OS,int64,0.0,2
outer:07_top_correlated,OS.time,float64,0.0,826
outer:08_composite,Unnamed: 0,object,0.0,1076
outer:08_composite,CLIN_gender.demographic,float64,0.0,2
outer:08_composite,CLIN_age_at_index.demographic,float64,0.0,65
outer:08_composite,CLIN_tumor_descriptor.samples,int64,0.0,2
outer:08_composite,CLIN_disease_type_Adenomas and Adenocarcinomas,int64,0.0,2
outer:08_composite,CLIN_disease_type_Adnexal and Skin Appendage Neoplasms,int64,0.0,2
outer:08_composite,CLIN_disease_type_Basal Cell Neoplasms,int64,0.0,2
outer:08_composite,CLIN_disease_type_Complex Epithelial Neoplasms,int64,0.0,2
outer:08_composite,"CLIN_disease_type_Cystic, Mucinous and Serous Neoplasms",int64,0.0,2
outer:08_composite,CLIN_disease_type_Ductal and Lobular Neoplasms,int64,0.0,2
outer:08_composite,"CLIN_disease_type_Epithelial Neoplasms, NOS",int64,0.0,2
outer:08_composite,CLIN_disease_type_Fibroepithelial Neoplasms,int64,0.0,2
outer:08_composite,CLIN_disease_type_Squamous Cell Neoplasms,int64,0.0,2
outer:08_composite,CLIN_race.demographic_american indian or alaska native,int64,0.0,2
outer:08_composite,CLIN_race.demographic_asian,int64,0.0,2
outer:08_composite,CLIN_race.demographic_black or african american,int64,0.0,2
outer:08_composite,CLIN_race.demographic_missing,int64,0.0,2
outer:08_composite,CLIN_race.demographic_white,int64,0.0,2
outer:08_composite,CLIN_ethnicity.demographic_hispanic or latino,int64,0.0,2
outer:08_composite,CLIN_ethnicity.demographic_missing,int64,0.0,2
outer:08_composite,CLIN_ethnicity.demographic_not hispanic or latino,int64,0.0,2
outer:08_composite,CLIN_ajcc_pathologic_stage.diagnoses_Stage I,int64,0.0,2
outer:08_composite,CLIN_ajcc_pathologic_stage.diagnoses_Stage IA,int64,0.0,2
outer:08_composite,CLIN_ajcc_pathologic_stage.diagnoses_Stage IB,int64,0.0,2
outer:08_composite,CLIN_ajcc_pathologic_stage.diagnoses_Stage II,int64,0.0,2
outer:08_composite,CLIN_ajcc_pathologic_stage.diagnoses_Stage IIA,int64,0.0,2
outer:08_composite,CLIN_ajcc_pathologic_stage.diagnoses_Stage IIB,int64,0.0,2
outer:08_composite,CLIN_ajcc_pathologic_stage.diagnoses_Stage III,int64,0.0,2
outer:08_composite,CLIN_ajcc_pathologic_stage.diagnoses_Stage IIIA,int64,0.0,2
outer:08_composite,CLIN_ajcc_pathologic_stage.diagnoses_Stage IIIB,int64,0.0,2
outer:08_composite,CLIN_ajcc_pathologic_stage.diagnoses_Stage IIIC,int64,0.0,2
outer:08_composite,CLIN_ajcc_pathologic_stage.diagnoses_Stage IV,int64,0.0,2
outer:08_composite,CLIN_ajcc_pathologic_stage.diagnoses_Stage X,int64,0.0,2
outer:08_composite,CLIN_ajcc_pathologic_stage.diagnoses_missing,int64,0.0,2
outer:08_composite,"CLIN_tissue_or_organ_of_origin.diagnoses_Breast, NOS",int64,0.0,2
outer:08_composite,CLIN_tissue_or_organ_of_origin.diagnoses_Lower-inner quadrant of breast,int64,0.0,2
outer:08_composite,CLIN_tissue_or_organ_of_origin.diagnoses_Lower-outer quadrant of breast,int64,0.0,2
outer:08_composite,CLIN_tissue_or_organ_of_origin.diagnoses_Overlapping lesion of breast,int64,0.0,2
outer:08_composite,CLIN_tissue_or_organ_of_origin.diagnoses_Upper-inner quadrant of breast,int64,0.0,2
outer:08_composite,CLIN_tissue_or_organ_of_origin.diagnoses_Upper-outer quadrant of breast,int64,0.0,2
outer:08_composite,CLIN_tissue_or_organ_of_origin.diagnoses_missing,int64,0.0,1
outer:08_composite,CLIN_primary_diagnosis.diagnoses_Adenoid cystic carcinoma,int64,0.0,2
outer:08_composite,CLIN_primary_diagnosis.diagnoses_Apocrine adenocarcinoma,int64,0.0,2
outer:08_composite,"CLIN_primary_diagnosis.diagnoses_Basal cell carcinoma, NOS",int64,0.0,2
outer:08_composite,"CLIN_primary_diagnosis.diagnoses_Carcinoma, NOS",int64,0.0,2
outer:08_composite,"CLIN_primary_diagnosis.diagnoses_Cribriform carcinoma, NOS",int64,0.0,2
outer:08_composite,CLIN_primary_diagnosis.diagnoses_Infiltrating duct and lobular carcinoma,int64,0.0,2
outer:08_composite,"CLIN_primary_diagnosis.diagnoses_Infiltrating duct carcinoma, NOS",int64,0.0,2
outer:08_composite,CLIN_primary_diagnosis.diagnoses_Infiltrating duct mixed with other types of carcinoma,int64,0.0,2
outer:08_composite,CLIN_primary_diagnosis.diagnoses_Infiltrating lobular mixed with other types of carcinoma,int64,0.0,2
outer:08_composite,CLIN_primary_diagnosis.diagnoses_Intraductal micropapillary carcinoma,int64,0.0,2
outer:08_composite,CLIN_primary_diagnosis.diagnoses_Intraductal papillary adenocarcinoma with invasion,int64,0.0,2
outer:08_composite,CLIN_primary_diagnosis.diagnoses_Large cell neuroendocrine carcinoma,int64,0.0,2
outer:08_composite,"CLIN_primary_diagnosis.diagnoses_Lobular carcinoma, NOS",int64,0.0,2
outer:08_composite,"CLIN_primary_diagnosis.diagnoses_Medullary carcinoma, NOS",int64,0.0,2
outer:08_composite,"CLIN_primary_diagnosis.diagnoses_Metaplastic carcinoma, NOS",int64,0.0,2
outer:08_composite,CLIN_primary_diagnosis.diagnoses_Mucinous adenocarcinoma,int64,0.0,2
outer:08_composite,CLIN_primary_diagnosis.diagnoses_Paget disease and infiltrating duct carcinoma of breast,int64,0.0,2
outer:08_composite,"CLIN_primary_diagnosis.diagnoses_Papillary carcinoma, NOS",int64,0.0,2
outer:08_composite,"CLIN_primary_diagnosis.diagnoses_Phyllodes tumor, malignant",int64,0.0,2
outer:08_composite,CLIN_primary_diagnosis.diagnoses_Pleomorphic carcinoma,int64,0.0,2
outer:08_composite,CLIN_primary_diagnosis.diagnoses_Secretory carcinoma of breast,int64,0.0,2
outer:08_composite,CLIN_primary_diagnosis.diagnoses_Tubular adenocarcinoma,int64,0.0,2
outer:08_composite,CLIN_primary_diagnosis.diagnoses_missing,int64,0.0,1
outer:08_composite,CLIN_prior_malignancy.diagnoses_missing,int64,0.0,2
outer:08_composite,CLIN_prior_malignancy.diagnoses_no,int64,0.0,2
outer:08_composite,CLIN_prior_malignancy.diagnoses_yes,int64,0.0,2
outer:08_composite,CLIN_prior_treatment.diagnoses_No,int64,0.0,2
outer:08_composite,CLIN_prior_treatment.diagnoses_Yes,int64,0.0,2
outer:08_composite,CLIN_prior_treatment.diagnoses_missing,int64,0.0,2
outer:08_composite,CLIN_ajcc_staging_system_edition.diagnoses_3rd,int64,0.0,2
outer:08_composite,CLIN_ajcc_staging_system_edition.diagnoses_4th,int64,0.0,2
outer:08_composite,CLIN_ajcc_staging_system_edition.diagnoses_5th,int64,0.0,2
outer:08_composite,CLIN_ajcc_staging_system_edition.diagnoses_6th,int64,0.0,2
outer:08_composite,CLIN_ajcc_staging_system_edition.diagnoses_7th,int64,0.0,2
outer:08_composite,CLIN_ajcc_staging_system_edition.diagnoses_missing,int64,0.0,2
outer:08_composite,CLIN_ajcc_pathologic_t.diagnoses_T1,int64,0.0,2
outer:08_composite,CLIN_ajcc_pathologic_t.diagnoses_T1a,int64,0.0,2
outer:08_composite,CLIN_ajcc_pathologic_t.diagnoses_T1b,int64,0.0,2
outer:08_composite,CLIN_ajcc_pathologic_t.diagnoses_T1c,int64,0.0,2
outer:08_composite,CLIN_ajcc_pathologic_t.diagnoses_T2,int64,0.0,2
outer:08_composite,CLIN_ajcc_pathologic_t.diagnoses_T2a,int64,0.0,2
outer:08_composite,CLIN_ajcc_pathologic_t.diagnoses_T2b,int64,0.0,2
outer:08_composite,CLIN_ajcc_pathologic_t.diagnoses_T3,int64,0.0,2
outer:08_composite,CLIN_ajcc_pathologic_t.diagnoses_T3a,int64,0.0,2
outer:08_composite,CLIN_ajcc_pathologic_t.diagnoses_T4,int64,0.0,2
outer:08_composite,CLIN_ajcc_pathologic_t.diagnoses_T4b,int64,0.0,2
outer:08_composite,CLIN_ajcc_pathologic_t.diagnoses_T4d,int64,0.0,2
outer:08_composite,CLIN_ajcc_pathologic_t.diagnoses_TX,int64,0.0,2
outer:08_composite,CLIN_ajcc_pathologic_t.diagnoses_missing,int64,0.0,1
outer:08_composite,CLIN_morphology.diagnoses_8010/3,int64,0.0,2
outer:08_composite,CLIN_morphology.diagnoses_8013/3,int64,0.0,2
outer:08_composite,CLIN_morphology.diagnoses_8022/3,int64,0.0,2
outer:08_composite,CLIN_morphology.diagnoses_8050/3,int64,0.0,2
outer:08_composite,CLIN_morphology.diagnoses_8090/3,int64,0.0,2
outer:08_composite,CLIN_morphology.diagnoses_8200/3,int64,0.0,2
outer:08_composite,CLIN_morphology.diagnoses_8201/3,int64,0.0,2
outer:08_composite,CLIN_morphology.diagnoses_8211/3,int64,0.0,2
outer:08_composite,CLIN_morphology.diagnoses_8401/3,int64,0.0,2
outer:08_composite,CLIN_morphology.diagnoses_8480/3,int64,0.0,2
outer:08_composite,CLIN_morphology.diagnoses_8500/3,int64,0.0,2
outer:08_composite,CLIN_morphology.diagnoses_8502/3,int64,0.0,2
outer:08_composite,CLIN_morphology.diagnoses_8503/3,int64,0.0,2
outer:08_composite,CLIN_morphology.diagnoses_8507/3,int64,0.0,2
outer:08_composite,CLIN_morphology.diagnoses_8510/3,int64,0.0,2
outer:08_composite,CLIN_morphology.diagnoses_8520/3,int64,0.0,2
outer:08_composite,CLIN_morphology.diagnoses_8522/3,int64,0.0,2
outer:08_composite,CLIN_morphology.diagnoses_8523/3,int64,0.0,2
outer:08_composite,CLIN_morphology.diagnoses_8524/3,int64,0.0,2
outer:08_composite,CLIN_morphology.diagnoses_8541/3,int64,0.0,2
outer:08_composite,CLIN_morphology.diagnoses_8575/3,int64,0.0,2
outer:08_composite,CLIN_morphology.diagnoses_9020/3,int64,0.0,2
outer:08_composite,CLIN_morphology.diagnoses_missing,int64,0.0,1
outer:08_composite,CLIN_ajcc_pathologic_n.diagnoses_N0,int64,0.0,2
outer:08_composite,CLIN_ajcc_pathologic_n.diagnoses_N0 (i+),int64,0.0,2
outer:08_composite,CLIN_ajcc_pathologic_n.diagnoses_N0 (i-),int64,0.0,2
outer:08_composite,CLIN_ajcc_pathologic_n.diagnoses_N0 (mol+),int64,0.0,2
outer:08_composite,CLIN_ajcc_pathologic_n.diagnoses_N1,int64,0.0,2
outer:08_composite,CLIN_ajcc_pathologic_n.diagnoses_N1a,int64,0.0,2
outer:08_composite,CLIN_ajcc_pathologic_n.diagnoses_N1b,int64,0.0,2
outer:08_composite,CLIN_ajcc_pathologic_n.diagnoses_N1c,int64,0.0,2
outer:08_composite,CLIN_ajcc_pathologic_n.diagnoses_N1mi,int64,0.0,2
outer:08_composite,CLIN_ajcc_pathologic_n.diagnoses_N2,int64,0.0,2
outer:08_composite,CLIN_ajcc_pathologic_n.diagnoses_N2a,int64,0.0,2
outer:08_composite,CLIN_ajcc_pathologic_n.diagnoses_N3,int64,0.0,2
outer:08_composite,CLIN_ajcc_pathologic_n.diagnoses_N3a,int64,0.0,2
outer:08_composite,CLIN_ajcc_pathologic_n.diagnoses_N3b,int64,0.0,2
outer:08_composite,CLIN_ajcc_pathologic_n.diagnoses_N3c,int64,0.0,2
outer:08_composite,CLIN_ajcc_pathologic_n.diagnoses_NX,int64,0.0,2
outer:08_composite,CLIN_ajcc_pathologic_n.diagnoses_missing,int64,0.0,1
outer:08_composite,CLIN_ajcc_pathologic_m.diagnoses_M0,int64,0.0,2
outer:08_composite,CLIN_ajcc_pathologic_m.diagnoses_M1,int64,0.0,2
outer:08_composite,CLIN_ajcc_pathologic_m.diagnoses_MX,int64,0.0,2
outer:08_composite,CLIN_ajcc_pathologic_m.diagnoses_cM0 (i+),int64,0.0,2
outer:08_composite,CLIN_ajcc_pathologic_m.diagnoses_missing,int64,0.0,1
outer:08_composite,"CLIN_treatment_or_therapy.treatments.diagnoses_['no', 'no']",int64,0.0,2
outer:08_composite,"CLIN_treatment_or_therapy.treatments.diagnoses_['no', 'not reported']",int64,0.0,2
outer:08_composite,"CLIN_treatment_or_therapy.treatments.diagnoses_['no', 'yes']",int64,0.0,2
outer:08_composite,"CLIN_treatment_or_therapy.treatments.diagnoses_['not reported', 'no']",int64,0.0,2
outer:08_composite,"CLIN_treatment_or_therapy.treatments.diagnoses_['not reported', 'not reported']",int64,0.0,2
outer:08_composite,"CLIN_treatment_or_therapy.treatments.diagnoses_['not reported', 'yes']",int64,0.0,2
outer:08_composite,"CLIN_treatment_or_therapy.treatments.diagnoses_['yes', 'no']",int64,0.0,2
outer:08_composite,"CLIN_treatment_or_therapy.treatments.diagnoses_['yes', 'not reported']",int64,0.0,2
outer:08_composite,"CLIN_treatment_or_therapy.treatments.diagnoses_['yes', 'yes']",int64,0.0,2
outer:08_composite,CLIN_treatment_or_therapy.treatments.diagnoses_missing,int64,0.0,1
outer:08_composite,RNA_ENSG00000228976.1,float64,0.0,21
outer:08_composite,RNA_ENSG00000244564.2,float64,0.0,34
outer:08_composite,RNA_ENSG00000225912.1,float64,0.0,24
outer:08_composite,RNA_ENSG00000236385.1,float64,0.0,90
outer:08_composite,RNA_ENSG00000251493.5,float64,0.0,220
outer:08_composite,RNA_ENSG00000127774.7,float64,0.0,94
outer:08_composite,RNA_ENSG00000212900.3,float64,0.0,21
outer:08_composite,RNA_ENSG00000268442.1,float64,0.0,91
outer:08_composite,RNA_ENSG00000254851.1,float64,0.0,186
outer:08_composite,RNA_ENSG00000226317.3,float64,0.0,34
outer:08_composite,RNA_ENSG00000275882.1,float64,0.0,32
outer:08_composite,RNA_ENSG00000250746.1,float64,0.0,39
outer:08_composite,RNA_ENSG00000235836.1,float64,0.0,32
outer:08_composite,RNA_ENSG00000250885.1,float64,0.0,11
outer:08_composite,RNA_ENSG00000204429.4,float64,0.0,62
outer:08_composite,RNA_ENSG00000162772.17,float64,0.0,953
outer:08_composite,RNA_ENSG00000272254.1,float64,0.0,32
outer:08_composite,RNA_ENSG00000125740.14,float64,0.0,917
outer:08_composite,RNA_ENSG00000007908.16,float64,0.0,678
outer:08_composite,RNA_ENSG00000058668.15,float64,0.0,1050
outer:08_composite,RNA_ENSG00000168497.5,float64,0.0,649
outer:08_composite,RNA_ENSG00000142871.18,float64,0.0,1048
outer:08_composite,RNA_ENSG00000234176.1,float64,0.0,120
outer:08_composite,RNA_ENSG00000217130.1,float64,0.0,94
outer:08_composite,RNA_ENSG00000284630.1,float64,0.0,42
outer:08_composite,RNA_ENSG00000016602.9,float64,0.0,140
outer:08_composite,RNA_ENSG00000169508.7,float64,0.0,758
outer:08_composite,RNA_ENSG00000172403.11,float64,0.0,997
outer:08_composite,RNA_ENSG00000258429.2,float64,0.0,105
outer:08_composite,RNA_ENSG00000237248.5,float64,0.0,186
outer:08_composite,RNA_ENSG00000100814.18,float64,0.0,891
outer:08_composite,RNA_ENSG00000146540.15,float64,0.0,986
outer:08_composite,RNA_ENSG00000284669.1,float64,0.0,152
outer:08_composite,RNA_ENSG00000266315.1,float64,0.0,37
outer:08_composite,RNA_ENSG00000137193.14,float64,0.0,908
outer:08_composite,RNA_ENSG00000011523.14,float64,0.0,915
outer:08_composite,RNA_ENSG00000158488.16,float64,0.0,370
outer:08_composite,RNA_ENSG00000264589.4,float64,0.0,361
outer:08_composite,RNA_ENSG00000271646.1,float64,0.0,392
outer:08_composite,RNA_ENSG00000122733.12,float64,0.0,183
outer:08_composite,RNA_ENSG00000273014.1,float64,0.0,241
outer:08_composite,RNA_ENSG00000163739.5,float64,0.0,281
outer:08_composite,RNA_ENSG00000134339.9,float64,0.0,400
outer:08_composite,RNA_ENSG00000269404.7,float64,0.0,348
outer:08_composite,RNA_ENSG00000286954.1,float64,0.0,43
outer:08_composite,RNA_ENSG00000287447.1,float64,0.0,34
outer:08_composite,RNA_ENSG00000223485.4,float64,0.0,208
outer:08_composite,RNA_ENSG00000168065.16,float64,0.0,82
outer:08_composite,RNA_ENSG00000159339.13,float64,0.0,69
outer:08_composite,RNA_ENSG00000170989.10,float64,0.0,887
outer:08_composite,RNA_missing,int64,0.0,2
outer:08_composite,CNV_ENSG00000229526.2,float64,0.0,11
outer:08_composite,CNV_ENSG00000273173.5,float64,0.0,12
outer:08_composite,CNV_ENSG00000253198.1,float64,0.0,19
outer:08_composite,CNV_ENSG00000253845.1,float64,0.0,19
outer:08_composite,CNV_ENSG00000221043.2,float64,0.0,9
outer:08_composite,CNV_ENSG00000287323.1,float64,0.0,9
outer:08_composite,CNV_ENSG00000242928.3,float64,0.0,9
outer:08_composite,CNV_ENSG00000199047.3,float64,0.0,9
outer:08_composite,CNV_ENSG00000153443.13,float64,0.0,11
outer:08_composite,CNV_ENSG00000269575.1,float64,0.0,14
outer:08_composite,CNV_ENSG00000207397.1,float64,0.0,13
outer:08_composite,CNV_ENSG00000269364.1,float64,0.0,13
outer:08_composite,CNV_ENSG00000263955.2,float64,0.0,11
outer:08_composite,CNV_ENSG00000269345.1,float64,0.0,14
outer:08_composite,CNV_ENSG00000267872.1,float64,0.0,14
outer:08_composite,CNV_ENSG00000102858.13,float64,0.0,11
outer:08_composite,CNV_ENSG00000261442.1,float64,0.0,11
outer:08_composite,CNV_ENSG00000224078.15,float64,0.0,12
outer:08_composite,CNV_ENSG00000103415.12,float64,0.0,11
outer:08_composite,CNV_ENSG00000089486.17,float64,0.0,11
outer:08_composite,CNV_ENSG00000196109.9,float64,0.0,14
outer:08_composite,CNV_ENSG00000086589.12,float64,0.0,9
outer:08_composite,CNV_ENSG00000278700.1,float64,0.0,11
outer:08_composite,CNV_ENSG00000276610.1,float64,0.0,12
outer:08_composite,CNV_ENSG00000282732.1,float64,0.0,14
outer:08_composite,CNV_ENSG00000250309.2,float64,0.0,9
outer:08_composite,CNV_ENSG00000271149.1,float64,0.0,13
outer:08_composite,CNV_ENSG00000261612.1,float64,0.0,11
outer:08_composite,CNV_ENSG00000276641.1,float64,0.0,11
outer:08_composite,CNV_ENSG00000268079.1,float64,0.0,14
outer:08_composite,CNV_ENSG00000278434.1,float64,0.0,11
outer:08_composite,CNV_ENSG00000269471.1,float64,0.0,15
outer:08_composite,CNV_ENSG00000164591.14,float64,0.0,9
outer:08_composite,CNV_ENSG00000260599.1,float64,0.0,13
outer:08_composite,CNV_ENSG00000132912.13,float64,0.0,9
outer:08_composite,CNV_ENSG00000248125.2,float64,0.0,10
outer:08_composite,CNV_ENSG00000205832.7,float64,0.0,11
outer:08_composite,CNV_ENSG00000268140.1,float64,0.0,14
outer:08_composite,CNV_ENSG00000261789.1,float64,0.0,11
outer:08_composite,CNV_ENSG00000275515.1,float64,0.0,11
outer:08_composite,CNV_ENSG00000230551.4,float64,0.0,9
outer:08_composite,CNV_ENSG00000113712.19,float64,0.0,9
outer:08_composite,CNV_ENSG00000127743.6,float64,0.0,9
outer:08_composite,CNV_ENSG00000250721.1,float64,0.0,9
outer:08_composite,CNV_ENSG00000286157.1,float64,0.0,13
outer:08_composite,CNV_ENSG00000253852.1,float64,0.0,9
outer:08_composite,CNV_ENSG00000070808.16,float64,0.0,9
outer:08_composite,CNV_ENSG00000239014.1,float64,0.0,12
outer:08_composite,CNV_ENSG00000183111.12,float64,0.0,9
outer:08_composite,CNV_ENSG00000276365.1,float64,0.0,9
outer:08_composite,CNV_missing,int64,0.0,2
outer:08_composite,MUT_MAML2,float64,0.0,2
outer:08_composite,MUT_BPTF,float64,0.0,2
outer:08_composite,MUT_NOS1,float64,0.0,2
outer:08_composite,MUT_ITSN2,float64,0.0,2
outer:08_composite,MUT_ABR,float64,0.0,2
outer:08_composite,MUT_MROH1,float64,0.0,2
outer:08_composite,MUT_KIF2B,float64,0.0,2
outer:08_composite,MUT_SCN7A,float64,0.0,2
outer:08_composite,MUT_CACNA1S,float64,0.0,2
outer:08_composite,MUT_ADAMTS20,float64,0.0,2
outer:08_composite,MUT_PTCHD3,float64,0.0,2
outer:08_composite,MUT_DOCK9,float64,0.0,2
outer:08_composite,MUT_GRIPAP1,float64,0.0,2
outer:08_composite,MUT_LRP6,float64,0.0,2
outer:08_composite,MUT_FCRL5,float64,0.0,2
outer:08_composite,MUT_PIKFYVE,float64,0.0,2
outer:08_composite,MUT_RBM26,float64,0.0,2
outer:08_composite,MUT_AP3B1,float64,0.0,2
outer:08_composite,MUT_NLGN4X,float64,0.0,2
outer:08_composite,MUT_TDRD5,float64,0.0,2
outer:08_composite,MUT_CEP95,float64,0.0,2
outer:08_composite,MUT_GBE1,float64,0.0,2
outer:08_composite,MUT_SRRM2,float64,0.0,2
outer:08_composite,MUT_CR1,float64,0.0,2
outer:08_composite,MUT_PIK3CB,float64,0.0,2
outer:08_composite,MUT_SLC26A9,float64,0.0,2
outer:08_composite,MUT_EPPK1,float64,0.0,2
outer:08_composite,MUT_TMC2,float64,0.0,2
outer:08_composite,MUT_GOLGA4,float64,0.0,2
outer:08_composite,MUT_GIMAP8,float64,0.0,2
outer:08_composite,MUT_SBF2,float64,0.0,2
outer:08_composite,MUT_MELTF,float64,0.0,2
outer:08_composite,MUT_EFCAB6,float64,0.0,2
outer:08_composite,MUT_ZEB1,float64,0.0,2
outer:08_composite,MUT_GPS2,float64,0.0,2
outer:08_composite,MUT_USP34,float64,0.0,2
outer:08_composite,MUT_IGSF10,float64,0.0,2
outer:08_composite,MUT_NIN,float64,0.0,2
outer:08_composite,MUT_ITGAV,float64,0.0,2
outer:08_composite,MUT_SLC9A8,float64,0.0,2
outer:08_composite,MUT_DSCAM,float64,0.0,2
outer:08_composite,MUT_KDM4C,float64,0.0,2
outer:08_composite,MUT_MYOM1,float64,0.0,2
outer:08_composite,MUT_KIDINS220,float64,0.0,2
outer:08_composite,MUT_WNK3,float64,0.0,2
outer:08_composite,MUT_KIF5C,float64,0.0,2
outer:08_composite,MUT_KCTD3,float64,0.0,2
outer:08_composite,MUT_TNIK,float64,0.0,2
outer:08_composite,MUT_ABCA4,float64,0.0,2
outer:08_composite,MUT_PLA2G4A,float64,0.0,2
outer:08_composite,MUT_missing,int64,0.0,2
outer:08_composite,PROT_TUBERIN_pT1462,float64,0.0,526
outer:08_composite,PROT_TUBERIN,float64,0.0,525
outer:08_composite,PROT_PAX8,float64,0.0,511
outer:08_composite,PROT_4EBP1,float64,0.0,526
outer:08_composite,PROT_YAP,float64,0.0,525
outer:08_composite,PROT_PTPN12,float64,0.0,509
outer:08_composite,PROT_PRC1_pT481,float64,0.0,509
outer:08_composite,PROT_DNA-Ligase-IV,float64,0.0,509
outer:08_composite,PROT_P38_pT180Y182,float64,0.0,527
outer:08_composite,PROT_Hexokinase-II,float64,0.0,511
outer:08_composite,PROT_DVL3,float64,0.0,527
outer:08_composite,PROT_PAXILLIN,float64,0.0,527
outer:08_composite,PROT_SETD2,float64,0.0,525
outer:08_composite,PROT_4EBP1_pT37T46,float64,0.0,526
outer:08_composite,PROT_GSK3_pS9,float64,0.0,525
outer:08_composite,PROT_Aurora-ABC_pT288_pT232_pT198,float64,0.0,510
outer:08_composite,PROT_CYCLINB1,float64,0.0,525
outer:08_composite,PROT_Cdc42,float64,0.0,507
outer:08_composite,PROT_PLC-gamma1,float64,0.0,510
outer:08_composite,PROT_CD20,float64,0.0,526
outer:08_composite,PROT_c-IAP2,float64,0.0,509
outer:08_composite,PROT_Gli1,float64,0.0,510
outer:08_composite,PROT_b-Actin,float64,0.0,510
outer:08_composite,PROT_CLAUDIN7,float64,0.0,526
outer:08_composite,PROT_Atg4B,float64,0.0,509
outer:08_composite,PROT_DM-K9-Histone-H3,float64,0.0,509
outer:08_composite,PROT_P70S6K1,float64,0.0,525
outer:08_composite,PROT_RPA32,float64,0.0,508
outer:08_composite,PROT_Slfn11,float64,0.0,509
outer:08_composite,PROT_Jagged1,float64,0.0,505
outer:08_composite,PROT_COG3,float64,0.0,525
outer:08_composite,PROT_TIGAR,float64,0.0,527
outer:08_composite,PROT_KU80,float64,0.0,526
outer:08_composite,PROT_Aurora-A,float64,0.0,511
outer:08_composite,PROT_BRAF,float64,0.0,526
outer:08_composite,PROT_FAK_pY397,float64,0.0,508
outer:08_composite,PROT_IGF1R_pY1135Y1136,float64,0.0,524
outer:08_composite,PROT_SMAD4,float64,0.0,524
outer:08_composite,PROT_CD45,float64,0.0,511
outer:08_composite,PROT_Glucocorticoid-Receptor,float64,0.0,511
outer:08_composite,PROT_p90RSK_pT573,float64,0.0,507
outer:08_composite,PROT_4EBP1_pS65,float64,0.0,526
outer:08_composite,PROT_MR1,float64,0.0,510
outer:08_composite,PROT_PHLPP,float64,0.0,511
outer:08_composite,PROT_DDR1,float64,0.0,511
outer:08_composite,PROT_EIF4G,float64,0.0,526
outer:08_composite,PROT_ATP5A,float64,0.0,510
outer:08_composite,PROT_STAT3_pY705,float64,0.0,527
outer:08_composite,PROT_ZAP-70,float64,0.0,511
outer:08_composite,PROT_RBM15,float64,0.0,525
outer:08_composite,PROT_missing,int64,0.0,2
outer:08_composite,METH_cg08269402,float64,0.0,527
outer:08_composite,METH_cg09225449,float64,0.0,527
outer:08_composite,METH_cg01890712,float64,0.0,527
outer:08_composite,METH_cg03304610,float64,0.0,527
outer:08_composite,METH_cg06305488,float64,0.0,526
outer:08_composite,METH_cg05039004,float64,0.0,527
outer:08_composite,METH_cg07723251,float64,0.0,527
outer:08_composite,METH_cg06688733,float64,0.0,527
outer:08_composite,METH_cg19129747,float64,0.0,519
outer:08_composite,METH_cg05619116,float64,0.0,526
outer:08_composite,METH_cg17178175,float64,0.0,520
outer:08_composite,METH_cg00101629,float64,0.0,471
outer:08_composite,METH_cg23692472,float64,0.0,483
outer:08_composite,METH_cg26625629,float64,0.0,527
outer:08_composite,METH_cg03612333,float64,0.0,432
outer:08_composite,METH_cg19002907,float64,0.0,527
outer:08_composite,METH_cg17573813,float64,0.0,527
outer:08_composite,METH_cg24755053,float64,0.0,527
outer:08_composite,METH_cg13800349,float64,0.0,527
outer:08_composite,METH_cg13307782,float64,0.0,502
outer:08_composite,METH_cg03722396,float64,0.0,525
outer:08_composite,METH_cg09410871,float64,0.0,526
outer:08_composite,METH_cg22824635,float64,0.0,526
outer:08_composite,METH_cg08450091,float64,0.0,516
outer:08_composite,METH_cg12503575,float64,0.0,527
outer:08_composite,METH_cg07646714,float64,0.0,527
outer:08_composite,METH_cg27556136,float64,0.0,527
outer:08_composite,METH_cg10441070,float64,0.0,527
outer:08_composite,METH_cg25122233,float64,0.0,527
outer:08_composite,METH_cg07276379,float64,0.0,527
outer:08_composite,METH_cg24613083,float64,0.0,527
outer:08_composite,METH_cg13119182,float64,0.0,527
outer:08_composite,METH_cg08079376,float64,0.0,527
outer:08_composite,METH_cg10240356,float64,0.0,527
outer:08_composite,METH_cg06870531,float64,0.0,527
outer:08_composite,METH_cg06717750,float64,0.0,527
outer:08_composite,METH_cg26983544,float64,0.0,513
outer:08_composite,METH_cg22151179,float64,0.0,527
outer:08_composite,METH_cg27054144,float64,0.0,521
outer:08_composite,METH_cg01435643,float64,0.0,527
outer:08_composite,METH_cg13680188,float64,0.0,527
outer:08_composite,METH_cg14094521,float64,0.0,509
outer:08_composite,METH_cg02776251,float64,0.0,527
outer:08_composite,METH_cg26401825,float64,0.0,527
outer:08_composite,METH_cg11228682,float64,0.0,424
outer:08_composite,METH_cg25207147,float64,0.0,527
outer:08_composite,METH_cg19851563,float64,0.0,527
outer:08_composite,METH_cg23051349,float64,0.0,527
outer:08_composite,METH_cg24239882,float64,0.0,527
outer:08_composite,METH_cg06267617,float64,0.0,527
outer:08_composite,METH_missing,int64,0.0,2
outer:08_composite,MIRNA_hsa-mir-6508,float64,0.0,215
outer:08_composite,MIRNA_hsa-mir-4662b,float64,0.0,39
outer:08_composite,MIRNA_hsa-mir-664a,float64,0.0,527
outer:08_composite,MIRNA_hsa-mir-549a,float64,0.0,149
outer:08_composite,MIRNA_hsa-mir-3189,float64,0.0,84
outer:08_composite,MIRNA_hsa-let-7e,float64,0.0,527
outer:08_composite,MIRNA_hsa-mir-103a-1,float64,0.0,527
outer:08_composite,MIRNA_hsa-mir-21,float64,0.0,527
outer:08_composite,MIRNA_hsa-mir-99a,float64,0.0,527
outer:08_composite,MIRNA_hsa-mir-202,float64,0.0,369
outer:08_composite,MIRNA_hsa-mir-326,float64,0.0,524
outer:08_composite,MIRNA_hsa-mir-101-1,float64,0.0,527
outer:08_composite,MIRNA_hsa-mir-374c,float64,0.0,216
outer:08_composite,MIRNA_hsa-mir-379,float64,0.0,527
outer:08_composite,MIRNA_hsa-mir-101-2,float64,0.0,527
outer:08_composite,MIRNA_hsa-mir-125b-2,float64,0.0,527
outer:08_composite,MIRNA_hsa-mir-1258,float64,0.0,420
outer:08_composite,MIRNA_hsa-mir-134,float64,0.0,527
outer:08_composite,MIRNA_hsa-mir-195,float64,0.0,527
outer:08_composite,MIRNA_hsa-let-7c,float64,0.0,527
outer:08_composite,MIRNA_hsa-mir-411,float64,0.0,520
outer:08_composite,MIRNA_hsa-mir-215,float64,0.0,523
outer:08_composite,MIRNA_hsa-mir-424,float64,0.0,527
outer:08_composite,MIRNA_hsa-mir-592,float64,0.0,502
outer:08_composite,MIRNA_hsa-mir-4326,float64,0.0,465
outer:08_composite,MIRNA_hsa-mir-3607,float64,0.0,527
outer:08_composite,MIRNA_hsa-mir-1254-2,float64,0.0,344
outer:08_composite,MIRNA_hsa-mir-378c,float64,0.0,524
outer:08_composite,MIRNA_hsa-mir-125b-1,float64,0.0,527
outer:08_composite,MIRNA_hsa-mir-181a-1,float64,0.0,527
outer:08_composite,MIRNA_hsa-mir-143,float64,0.0,527
outer:08_composite,MIRNA_hsa-mir-551b,float64,0.0,446
outer:08_composite,MIRNA_hsa-mir-127,float64,0.0,527
outer:08_composite,MIRNA_hsa-mir-30e,float64,0.0,527
outer:08_composite,MIRNA_hsa-mir-3926-1,float64,0.0,388
outer:08_composite,MIRNA_hsa-mir-363,float64,0.0,524
outer:08_composite,MIRNA_hsa-mir-31,float64,0.0,500
outer:08_composite,MIRNA_hsa-mir-758,float64,0.0,527
outer:08_composite,MIRNA_hsa-mir-6815,float64,0.0,284
outer:08_composite,MIRNA_hsa-mir-548aw,float64,0.0,313
outer:08_composite,MIRNA_hsa-mir-940,float64,0.0,512
outer:08_composite,MIRNA_hsa-mir-676,float64,0.0,416
outer:08_composite,MIRNA_hsa-mir-4780,float64,0.0,98
outer:08_composite,MIRNA_hsa-mir-103a-2,float64,0.0,527
outer:08_composite,MIRNA_hsa-mir-450a-1,float64,0.0,526
outer:08_composite,MIRNA_hsa-mir-432,float64,0.0,524
outer:08_composite,MIRNA_hsa-mir-660,float64,0.0,527
outer:08_composite,MIRNA_hsa-mir-323b,float64,0.0,499
outer:08_composite,MIRNA_hsa-mir-130a,float64,0.0,527
outer:08_composite,MIRNA_hsa-mir-29a,float64,0.0,527
outer:08_composite,MIRNA_missing,int64,0.0,2
outer:08_composite,OS,int64,0.0,2
outer:08_composite,OS.time,float64,0.0,826
outer:continuous_outer_summary,dataset,object,0.0,8
outer:continuous_outer_summary,n_samples,int64,0.0,1
outer:continuous_outer_summary,n_events,int64,0.0,1
outer:continuous_outer_summary,n_features,int64,0.0,1
outer:continuous_outer_summary,n_rna_genes,int64,0.0,1
outer:continuous_outer_summary,unique_rna_pct,float64,0.0,4
