partition,bootstrap_row_index,h,score_numerator,original_patient_group
1,0,0.2356445732711362,-7.981701715701817,0
1,1,0.21227419547104717,-14.498738101817452,1
1,2,0.12936016585848753,-87.78794433484629,2
1,3,0.15987696555157352,-29.92533601682691,3
1,4,0.14802575622192884,-69.39801019119544,4
1,5,0.24995798531187244,-225.87096241996957,5
1,6,0.2497747525814198,-6.467766969023876,6
1,7,0.246386529235164,-147.36735728712398,7
1,8,0.23612037053846469,-239.64630750721255,8
1,9,0.22413139359584938,52.17146587840798,9
1,10,0.2471564293013252,71.49822941536006,10
1,11,0.24995183401658339,-72.94953687817518,11
1,12,0.21062680608646972,-6.545600558416547,12
1,13,0.21963436463280706,375.8238033479772,13
1,14,0.1057219622588263,329.11446012045013,14
1,15,0.24694576455093042,209.76024170619343,15
1,16,0.24760412359944456,-75.69866325325802,16
1,17,0.18881312936867467,-147.31206788519825,17
1,18,0.24367035135382098,72.80775233481057,18
1,19,0.24849238923649167,-135.30665678095428,19
1,20,0.17780329432388212,-12.220238732504273,20
1,21,0.21901460130119452,182.89662415903496,21
1,22,0.2478072178326056,-373.4790180134675,22
1,23,0.12675307910431347,28.147322684361953,23
1,24,0.17520098715340005,-3.300966449386619,24
1,25,0.24683512519630524,74.0825951302084,25
1,26,0.06288365728999017,-0.7039203631068629,26
1,27,0.22300730257968884,201.2045037620503,27
1,28,0.244443600418533,-58.590036690418806,28
1,29,0.24133127654633746,-15.593580774622497,29
1,30,0.22924739665032512,101.26835870731054,30
1,31,0.17831868172501927,461.19601603704353,31
1,32,0.21149399810238118,6.005621431917726,32
1,33,0.24444636431654712,-193.66876669034676,33
1,34,0.24723702917454998,96.90675043357562,34
1,35,0.15663877804052198,-3.439008480867993,35
1,36,0.2483430019479492,-224.3412073367208,36
1,37,0.18342464040822756,911.4221620452026,37
1,38,0.24988769322454954,215.64417644294275,38
1,39,0.2426967644519504,78.59232738211418,39
1,40,0.24793998230794345,-117.13105671088475,40
1,41,0.21926669588977907,-364.35632775947676,41
1,42,0.09564939178349123,-22.064037781583338,42
1,43,0.1687477053521446,27.978165160968764,43
1,44,0.21305939748906227,-27.580660642195614,44
1,45,0.24431908279621106,57.079492164249295,45
1,46,0.24519753249922868,45.54699147981206,46
1,47,0.08614027326449193,49.831119460678124,47
1,48,0.21160637783533504,132.59694178561102,48
1,49,0.19631394697271917,86.9357063735658,49
1,50,0.24951781698341582,267.91400099289706,50
1,51,0.23207973172904664,-190.0704928877082,51
1,52,0.24961002286632902,103.25289925769601,52
1,53,0.22694436995557823,150.77224122495463,53
1,54,0.14435773380368871,-61.1137260724061,54
1,55,0.24930292700400453,133.33479996238256,55
1,56,0.24059897445806633,197.52952983087954,56
1,57,0.2483680198479935,66.7899524744589,57
1,58,0.24664261542437776,262.2789310157842,58
1,59,0.020019685283246352,1.1625376687149307,59
1,60,0.24986715666469198,-21.361277457023064,60
1,61,0.11508399431728678,30.253027534130762,61
1,62,0.22698685295673202,55.16682328581272,62
1,63,0.18610873738662936,-32.743068553273865,63
1,64,0.2289393170294743,-179.31115752510195,64
1,65,0.24492432885247967,-58.30733729251518,65
1,66,0.24537874635582818,284.06129726841056,66
1,67,0.2450002851452796,259.1261965487485,67
1,68,0.24905619977427199,-188.00949306723726,68
1,69,0.21230675129903598,-11.633352964271962,69
1,70,0.24987097821101847,63.376013502332256,70
1,71,0.23271190508915726,-272.33387352795853,71
1,72,0.21492295988713717,-89.08047814631215,72
1,73,0.09364055110488884,20.12537766611203,73
1,74,0.21260356302936104,-28.54589429388733,74
1,75,0.23049882106198427,55.740118832559034,75
1,76,0.2495069521204184,-214.59366125971397,76
1,77,0.1511471280799745,126.42725498311383,77
1,78,0.24911462303810206,-5.0986321719407135,78
1,79,0.24353537863125635,-241.1143432012552,79
1,80,0.24697616914603945,-75.7186341979375,80
1,81,0.22226350626333916,152.08179215585125,81
1,82,0.19428066760591675,34.48276635264762,82
1,83,0.24654292383116994,217.61894963935129,83
1,84,0.09362357198364374,-13.779548194577073,84
1,85,0.1325544242010629,-22.15563316683125,85
1,86,0.1712818359072631,-69.78101921685078,86
1,87,0.12609557426237958,-9.441761225227115,87
1,88,0.24076276666799631,37.22253844107606,88
1,89,0.22512403495293493,-10.962006315868345,89
1,90,0.23698834476262762,173.7107465751234,90
1,91,0.24947800891205504,43.19361332900371,91
1,92,0.23254328346729028,-198.9196086864582,92
1,93,0.13874158956332325,32.17654880385732,93
1,94,0.2279451702091246,17.53699315813051,94
1,95,0.22940043507933056,-324.31655189415096,95
1,96,0.2491628333948139,-141.72977402579238,96
1,97,0.12940411126636953,123.77969130827034,97
1,98,0.24983599434372797,-25.456805230847596,98
1,99,0.2489282058732848,-228.96925855797895,99
1,100,0.21535553060195203,150.20188119941574,100
1,101,0.2265234271541085,-179.71910874460656,101
1,102,0.23612290349532367,-300.7324095380989,102
1,103,0.11257078504053385,-7.140387254486917,103
1,104,0.23852653764737625,29.76648415678832,104
1,105,0.17863094831821347,-8.686309708316191,105
1,106,0.22255148160807153,-29.196888253657914,106
1,107,0.1910381848608755,-0.2873354354186297,107
1,108,0.23956568110002607,-36.065721096035965,108
1,109,0.23867921020567853,189.0054221518273,109
1,110,0.11102765506705467,-9.27803044056063,110
1,111,0.17712523951859893,-18.8350381121558,111
1,112,0.23767787137312874,196.27647598304372,112
1,113,0.2157477137687502,-44.687467941852056,113
1,114,0.2172556526742011,-41.7738803755488,114
1,115,0.2494944594417212,-145.65843812986873,115
1,116,0.24000451779085882,-153.7891080194623,116
1,117,0.161462964473954,96.8992190282006,117
1,118,0.14207003166313512,-17.421864730909483,118
1,119,0.07815976814787459,-9.268539046365232,119
1,120,0.24265442595450204,-42.19530355846919,120
1,121,0.18722805457315383,-5.091634957641209,121
1,122,0.1923279565586679,-36.93691087481976,122
1,123,0.22528239859328048,-294.9748003180037,123
1,124,0.249888520983444,118.01418152624325,124
1,125,0.24641730738951287,-59.81459553370427,125
1,126,0.12516886043973785,-2.9593209919184824,126
1,127,0.23326738950790665,11.354767991341426,127
1,128,0.24132462654391434,181.2079591055184,128
1,129,0.228811875216565,89.20541170325727,129
1,130,0.20443857477669994,31.092734133748813,130
1,131,0.24224724334424907,244.78493643333078,131
1,132,0.20364242041077651,-18.78514874337832,132
1,133,0.2098736394472285,-89.48350723999712,133
1,134,0.20491891692967995,-460.62735099820986,134
1,135,0.24287557617266697,-267.0275169696058,135
1,136,0.24248494607039278,-194.50524793090642,136
1,137,0.2111960847911329,251.69632052383943,137
1,138,0.17902514030278086,113.45307198856798,138
1,139,0.15747759102639994,52.850165599148696,139
1,140,0.18265550374618417,-20.456964638677537,140
1,141,0.22924144539912034,-65.48881270414515,141
1,142,0.24759756608946293,23.826541924804214,142
1,143,0.24947466144342997,152.306517312916,143
1,144,0.24972346540505974,-35.16944329000583,144
1,145,0.23267922106699523,92.64753024729256,145
1,146,0.23680941578208026,67.89766258696642,146
1,147,0.23208499294973078,254.76061963367738,147
1,148,0.24799073201646424,-272.9726356594151,148
1,149,0.24214114048482224,-145.64207563093774,149
1,150,0.19851103673804602,25.571446346353646,150
1,151,0.1330861006984682,-4.127992891448386,151
1,152,0.07620547835406226,523.8190960731105,152
1,153,0.13646614830028078,-2.6690183542692107,153
1,154,0.24962106796342595,429.77325543550626,154
1,155,0.24317837103973172,-42.57975424489401,155
1,156,0.14706220062287298,-78.67938570874311,156
1,157,0.1917767993516004,61.92858850893682,157
1,158,0.1425666325753914,-16.575039063678165,158
1,159,0.2206754141923905,120.54457808300029,159
1,160,0.14025973093570834,92.35303158998816,160
1,161,0.20736977560671938,48.29974364781405,161
1,162,0.1898186222612402,36.883644950928314,162
1,163,0.22211013880599356,-251.51649707232013,163
1,164,0.22013394494654018,67.70403540001942,164
1,165,0.17002718169409925,72.90472396992753,165
1,166,0.20106477532771488,56.87755633911861,166
1,167,0.24999414612818277,-218.50076049434594,167
1,168,0.24924884799811578,77.4593990477151,168
1,169,0.24973033218384413,190.06292357100216,169
1,170,0.18470379108840562,70.26952641180513,170
1,171,0.14532808918527743,-13.668943684652472,171
1,172,0.19189043819984716,-0.012459531493227871,172
1,173,0.23292888026928957,-36.54065682690316,173
1,174,0.23489386361677128,-68.56902224505457,174
1,175,0.24999341997020424,72.41286340733438,175
1,176,0.24894981212298486,17.3676603699344,176
1,177,0.2485962617736947,-31.789514339433254,177
1,178,0.2450941103245483,-187.65250207863764,178
1,179,0.22176946865562308,-18.192579862965058,179
1,180,0.24100930719488103,-294.9989799464235,180
1,181,0.21627074455302062,-52.52880454925416,181
1,182,0.24774879729816593,161.08382864927776,182
1,183,0.23965068834141237,89.81973472948751,183
1,184,0.20926475515232074,-54.66346553806295,184
1,185,0.24999148674182017,-12.304086459147697,185
1,186,0.2463070557416014,63.76039444409767,186
1,187,0.2470646831096517,32.359862978620804,187
1,188,0.24327661880000054,77.41893658912278,188
1,189,0.2426802984556727,-36.69514428851576,189
1,190,0.24980234234986032,-108.93944846596156,190
1,191,0.12550061331833862,71.08959542283083,191
1,192,0.24697619331893955,112.82023109486106,192
1,193,0.2080325032246982,-37.51683356699782,193
1,194,0.2392519053036238,-262.8418615379542,194
1,195,0.24999974936029917,137.200606545833,195
1,196,0.15667443918667703,-0.23324775647680315,196
1,197,0.13936282661265104,-24.266378554237342,197
1,198,0.2238697208740727,194.2884667219352,198
1,199,0.23019250935334062,-337.7768651615567,199
1,200,0.1602469981470504,-4.265553479398815,200
1,201,0.24117604957961084,-9.199863004658196,201
1,202,0.16542749234334947,114.80103219060106,202
1,203,0.18088535098106223,68.31609184745129,203
1,204,0.18635958843892694,97.06476366592442,204
1,205,0.18941962536308468,-31.803302080004716,205
1,206,0.22701300470523608,-86.11169626968734,206
1,207,0.24911087648991467,-201.97125796246388,207
1,208,0.1222956230862594,-11.942779050346635,208
1,209,0.24995620874164154,-41.74595176233393,209
1,210,0.2388350602067255,-29.430411648905217,210
1,211,0.17992052768495767,-99.5182370669747,211
1,212,0.23162275604127017,-22.732221280398576,212
1,213,0.24996462768383468,258.08895570905486,213
1,214,0.24741650206627422,302.41700288244306,214
1,215,0.17520792961546197,105.98381994612241,215
1,216,0.24941244984315147,107.56846520707458,216
1,217,0.21246648342481575,-121.90135490352857,217
1,218,0.24990823367919987,227.13716099379903,218
1,219,0.24686641974813167,50.832496702209234,219
1,220,0.1846949858624054,-40.57172451749258,220
1,221,0.21416498699045514,-25.0492707963324,221
1,222,0.24973005154335998,541.3811949804161,222
1,223,0.08373530724721776,-294.3736664383761,223
1,224,0.22128768672444718,148.24518913442003,224
1,225,0.22188862877701152,225.64083069934173,225
1,226,0.24640268846093596,140.138978869577,226
1,227,0.2377339790678149,-143.17508080164865,227
1,228,0.18588123739049892,111.64624997237027,228
1,229,0.20760951724667398,19.45035846477543,229
1,230,0.22902548475670306,-21.142042399069744,230
1,231,0.22755870072030893,169.83195258539266,231
1,232,0.15952387343533564,45.32712580516266,232
1,233,0.2393895728463871,-196.1578636771092,233
1,234,0.23270442001112143,-136.2630313516085,234
1,235,0.10673266467159893,-44.56876491558087,235
1,236,0.23176147760657662,174.07675291246755,236
1,237,0.24281718003898545,-646.9302602514208,237
1,238,0.2291976938226653,140.28708674945233,238
1,239,0.24912890733850696,-39.94430732098824,239
1,240,0.24194929343859492,23.958792529928473,240
1,241,0.17562497733252277,233.4084527783139,241
1,242,0.2095577966538988,175.8800603804193,242
1,243,0.08889131812558669,67.5065416404535,243
1,244,0.21626581421210725,48.023270389159734,244
1,245,0.2189689402284744,-160.66660916814615,245
1,246,0.0914211212594089,-14.60487886442595,246
1,247,0.21201501943505413,-47.834170846086835,247
1,248,0.13591923682925966,26.0371035201956,248
1,249,0.2340030335923487,65.33476243327841,249
1,250,0.22519840053910134,80.52260839908398,250
1,251,0.18441262326283536,-0.30533871076960317,251
1,252,0.13801904581461183,-104.33682602314039,252
1,253,0.21566885379634998,-20.00371305773784,253
1,254,0.11636975753015845,61.19199768496002,254
1,255,0.24909958415766084,247.67685945801432,255
1,256,0.190512980721958,-12.673350668350269,256
1,257,0.16179531632778996,92.51522524545955,257
1,258,0.24526747121988116,32.80822069289776,258
1,259,0.2216879455651056,-16.38839346935682,259
1,260,0.12516323297665224,176.75410427989289,260
1,261,0.19980585106670712,-36.39735562810796,261
1,262,0.24717034940476784,543.2245170668776,262
1,263,0.2317596227991902,-104.05818747256711,263
1,264,0.24968067580630174,278.7767851442721,264
1,265,0.1781331069968715,93.17732114088992,265
1,266,0.24940551259412974,123.95715391317255,266
1,267,0.2207600519463067,-52.81367436928475,267
1,268,0.24992773183784192,-275.85082367343847,268
1,269,0.21625171535588233,94.22121794746359,269
1,270,0.16812057194503674,-2.967143629863142,270
1,271,0.22839512401963152,-264.7747947116202,271
1,272,0.1842662084324869,-15.665158094571055,272
1,273,0.03631970358621288,-195.643518693974,273
1,274,0.21184425702907117,-102.08635185678426,274
1,275,0.2497699927111075,102.53077108378172,275
1,276,0.2256199127057002,-121.77335371738094,276
1,277,0.2302533019788599,-103.50626170807497,277
1,278,0.17567518505982027,-9.496870603053958,278
1,279,0.2021889647316381,-0.8400302753721398,279
1,280,0.2489558890704627,-291.95475446012205,280
1,281,0.1905825495900101,-27.101101036624478,281
1,282,0.18012443447301182,316.0993919815031,282
1,283,0.19495799655773388,-1.8743265551057047,283
1,284,0.14361263610609706,19.794497248263916,284
1,285,0.2439319365514812,-167.25545542192324,285
1,286,0.2483337888647163,176.42284519722588,286
1,287,0.10746961862931921,-16.77961164118677,287
1,288,0.24976485777697413,162.41811435250025,288
1,289,0.24263527627003434,156.77196427244468,289
1,290,0.21634574910917134,210.02692925856715,290
1,291,0.2124791870891152,-36.26208552017524,291
1,292,0.21615607067857273,30.08693454572071,292
1,293,0.22576426781860728,-10.972084599174146,293
1,294,0.1739605758111773,-90.9161442332782,294
1,295,0.24683514412130372,-68.9577814930671,295
1,296,0.24628509131297338,-83.20133088088622,296
1,297,0.24908113260642395,25.78981447642466,297
1,298,0.13841761745964856,85.44845911927061,298
1,299,0.16354534625578301,111.95174120942015,299
1,300,0.24973078324300857,77.38671696327339,300
1,301,0.1763474605234183,68.16089069040937,301
1,302,0.2098762939656036,-6.4597883531079106,302
1,303,0.23446244865937174,-31.465935835640853,303
1,304,0.24529494892033551,-106.70784932406569,304
1,305,0.23764970104681823,95.8070670971862,305
1,306,0.1415413132723821,-68.69055020958321,306
1,307,0.126723056995414,7.24284440140038,307
1,308,0.24465081545189998,190.38626574384955,308
1,309,0.24857697856485192,78.75011291116874,309
1,310,0.24999772285191274,44.873575463984096,310
1,311,0.19764029889991006,9.264872034310903,311
1,312,0.2187981889701678,-37.11982064717161,312
1,313,0.20411932324594548,80.34038010702643,313
1,314,0.22968576648201158,-34.03456634301301,314
1,315,0.23203200983007893,217.85839341948576,315
1,316,0.22739634270438946,130.00519070931065,316
1,317,0.24244407163009984,-1.823392125677188,317
1,318,0.09809264032234347,-41.39556635717802,318
1,319,0.18107098436597524,-15.315382492154388,319
1,320,0.24160157062742926,526.9895931863354,320
1,321,0.05119951468617796,32.11816141424485,321
1,322,0.08758120858930392,66.05652945881604,322
1,323,0.24914126302209333,-217.72998731453941,323
1,324,0.22495273440618804,25.884161453418407,324
1,325,0.2033936680707929,80.66170169907474,325
1,326,0.24406849139010597,85.52120341040309,326
1,327,0.23415397862904438,-17.33909172380521,327
1,328,0.1575128089782376,-57.20460472159739,328
1,329,0.2135055620832153,65.03218058037756,329
1,330,0.22854065419408331,-3.795927974340451,330
1,331,0.21569645695534054,59.15752294910957,331
1,332,0.2451233964730393,-257.0894534800118,332
1,333,0.18672178532405115,-17.038268247991347,333
1,334,0.24512448449846141,23.60325977860483,334
1,335,0.20305427727157557,-32.2100581402276,335
1,336,0.06879479917899257,-3.0375503315687213,336
1,337,0.22204665831756396,-456.0672647097029,337
1,338,0.19670411005982338,-75.69785063345522,338
1,339,0.20218093996557532,93.43469752265828,339
1,340,0.21761057311362653,-82.53620213638229,340
1,341,0.24339394880623175,-162.86923169248016,341
1,342,0.23922908200755247,-33.98318918122986,342
1,343,0.2499348803363899,54.85266606406274,343
1,344,0.07119990371072615,-2.6071682222490233,344
1,345,0.2097334078984673,-64.77704520200581,345
1,346,0.24846377015720403,-168.36578549129462,346
1,347,0.24763534870449905,90.142637371189,347
1,348,0.18317693368515708,134.15744615533708,348
1,349,0.07829267019869453,16.649941706048953,349
1,350,0.23517170461189302,-23.09123073120462,350
1,351,0.2494671436232184,301.082366611536,351
1,352,0.22089126562832953,89.37858726491821,352
1,353,0.20330617964996162,-5.176796000465268,353
1,354,0.07778687519331255,28.07899210226573,354
1,355,0.24997318908172284,-15.16156658349649,355
1,356,0.21440537801467027,-49.172970994731386,356
1,357,0.2304748778830343,-226.4579975689215,357
1,358,0.17604098971998794,-16.004779469253826,358
1,359,0.14093345908236546,-13.708603504600681,359
1,360,0.03488037964375853,-13.570034393732453,360
1,361,0.2320627560696936,-25.00211013344508,361
1,362,0.20194749034747458,-21.677038990389466,362
1,363,0.24926369409410445,-218.81287823357874,363
1,364,0.21588171683888144,378.57944628011404,364
1,365,0.15607463985784403,-63.70975454503742,365
1,366,0.15514255927610582,-8.414866596324519,366
1,367,0.24972139598783316,-57.583828747862526,367
1,368,0.21678522695928082,-43.485971147486616,368
1,369,0.24688177240475107,-130.12089310620118,369
1,370,0.20580119996492174,-28.459189323317425,370
1,371,0.23190587447063002,89.61112141436182,371
1,372,0.24965409400397046,223.0463843694057,372
1,373,0.17657027441998047,-17.917078874602087,373
1,374,0.18028300600212652,-39.51304373973548,374
1,375,0.1505145322565653,-0.05406102962687497,375
1,376,0.2477769002057884,-347.29308441957653,376
1,377,0.22035838675247593,164.60390896801107,377
1,378,0.16515300888892243,-34.20538150006179,378
1,379,0.192108301899304,21.984221045901005,379
1,380,0.24984293993430579,-181.89142951225497,380
1,381,0.15776480389117917,-0.5129593184151615,381
1,382,0.13544502683773768,-337.1916620836135,382
1,383,0.24825319879130256,-511.07250450823534,383
1,384,0.23863957271685965,181.09692055382672,384
1,385,0.24903424645267627,200.4035846532898,385
1,386,0.2041456680127986,-28.073989095022636,386
1,387,0.2492784854703134,-170.09943360624564,387
1,388,0.24163402046841084,19.194191550635242,388
1,389,0.15705291482959272,19.379049196466468,389
1,390,0.22831104459471235,-117.00373935905255,390
1,391,0.09005067017468786,35.29201122263387,391
1,392,0.2461075803509576,-65.13452515051121,392
1,393,0.08447332310475839,-3.7290604646477377,393
1,394,0.2030930666924871,-35.91381234893505,394
1,395,0.24372698136306428,-211.11186353126516,395
1,396,0.20071235256596862,-24.611836393439752,396
1,397,0.1727003747186503,50.06475880622503,397
1,398,0.1461935563764723,-10.56468444889455,398
1,399,0.23952267943727865,-164.62783667407828,399
1,400,0.24791412334896723,42.92929712117899,400
1,401,0.2472477165653257,-102.43996116306306,401
1,402,0.24268787197980402,-15.255666450991283,402
1,403,0.22265344205780668,76.53625636081561,403
1,404,0.24558713077604058,-5.549930826101928,404
1,405,0.15360450416306015,-23.79796229808523,405
1,406,0.24985578863922522,-260.7571564150117,406
1,407,0.23741343017200223,229.22960659255537,407
1,408,0.20384169824929727,-71.4667754945882,408
1,409,0.15993933335303842,59.94624144563559,409
1,410,0.24967473783252883,-214.92334008996414,410
1,411,0.24508204285465135,-56.7468184774518,411
1,412,0.18153421386158006,155.18005715435902,412
1,413,0.17798024828657003,74.48144507280563,413
1,414,0.24766408023666436,187.90651128584474,414
1,415,0.24891307057155215,99.11481054454053,415
1,416,0.23477183733418328,-93.41957372816589,416
1,417,0.1779908979212937,108.97132126077088,417
1,418,0.24404426788809008,-12.236646132389449,418
1,419,0.1848294005038575,-367.99943231706175,419
1,420,0.2498379570178256,-167.9204868079092,420
1,421,0.1872333444926997,-25.73137518621171,421
1,422,0.24079142235366977,50.334414429394776,422
1,423,0.23891735012692708,49.64630979394006,423
1,424,0.24977158059283003,82.08411584579812,424
1,425,0.09483546755757898,-7.979054881476079,425
1,426,0.24961216287641108,-32.45026442614339,426
1,427,0.16629164918404118,57.223473558129285,427
1,428,0.21394025586689833,71.20359116548791,428
1,429,0.15138322534866488,93.2333821970725,429
1,430,0.17535499176346986,19.06177963448801,430
1,431,0.24892359401372233,100.90949871706601,431
1,432,0.09043770492618486,-0.04233870497709364,432
1,433,0.1249798076282141,-3.264878588828468,433
1,434,0.07202804601924315,173.77310234695761,434
1,435,0.24606811314319701,39.02740474126852,435
1,436,0.2414121019740101,-344.3347580276594,436
1,437,0.2337471356522291,-161.5865149320173,437
1,438,0.10373669159736755,-16.757593919409487,438
1,439,0.2494616069695293,-252.4141752152976,439
1,440,0.24002157700654494,114.16331027017459,440
1,441,0.24780247742960987,-164.95689664681248,441
1,442,0.15684369166757126,88.71246465662334,442
1,443,0.1227950163472938,-20.638975090500118,443
1,444,0.21290189546461216,-133.72228455440182,444
1,445,0.2445233582349372,-82.07589950257845,445
1,446,0.2173921211402516,69.31726445258066,446
1,447,0.08290593148075971,-0.11570652267379328,447
1,448,0.21785642192094914,103.97805610854337,448
1,449,0.18018817259888142,-59.50157815448351,449
1,450,0.2494907694282712,-146.0365954670051,450
1,451,0.23911011707059981,-273.74549685449045,451
1,452,0.1732166748416494,119.38914159677958,452
1,453,0.2287204611527565,55.509288868169506,453
1,454,0.1905530990416393,-20.95478175298714,454
1,455,0.2247419873406997,142.06277468788326,455
1,456,0.23855497296178674,-113.23542015171998,456
1,457,0.22569936847033842,-15.970942894492271,457
1,458,0.23922121288882836,-179.33693195342366,458
1,459,0.24942292063940208,91.36157899524987,459
1,460,0.24520862677512348,305.54907949210536,460
1,461,0.19835164511981915,-59.569783095124826,461
1,462,0.23258939730765318,-15.90431134887094,462
1,463,0.07240939057642255,10.617083112467398,463
1,464,0.2388566986180585,-94.61055487278736,464
1,465,0.2086590392291908,-26.671712070339538,465
1,466,0.12085214895295555,-180.24279356204212,466
1,467,0.21268489729769993,-47.79087906516339,467
1,468,0.14665106102164244,47.30496977588112,468
1,469,0.1899735257161306,-44.42551270446587,469
1,470,0.11804102718467777,74.1347321225299,470
1,471,0.23535965180966562,68.29751197751449,471
1,472,0.13760287766435747,-182.80630084009792,472
1,473,0.19540098822537247,-29.09331169134159,473
1,474,0.16200225665149545,95.55190570579695,474
1,475,0.22926936360977387,152.19609541401186,475
1,476,0.23386348905860513,-9.754376076101591,476
1,477,0.17696240329008367,33.153517994476815,477
1,478,0.24963417974137514,-132.07144903132743,478
1,479,0.15166257850042447,-10.168093673856497,479
1,480,0.23163164746326192,164.62455081743602,480
1,481,0.0984934203816174,-51.78273600499754,481
1,482,0.24958730069462587,-253.04696411224757,482
1,483,0.18840191511097043,80.41232449641346,483
1,484,0.2365178969683134,-52.1269269826322,484
1,485,0.2237203143213791,-54.805041899742676,485
1,486,0.24596921854821643,-46.45874973568607,486
1,487,0.2325713241591901,-58.856765392705356,487
1,488,0.2054489031476766,43.90632372629371,488
1,489,0.24929897037647714,-21.635626398328082,489
1,490,0.2301679541021547,-153.98561960189292,490
1,491,0.09080426626153233,27.688358980785637,491
1,492,0.19055023671436785,-4.746174586998124,492
1,493,0.23856142666439203,-19.893206898693936,493
1,494,0.23728300866207958,-204.6590992442459,494
1,495,0.24775937590879912,259.90206978140634,495
1,496,0.22144641443072524,-50.1600632592549,496
1,497,0.24992749068010064,139.06147826255196,497
1,498,0.09519176160540753,6.640084872341282,498
1,499,0.08003339861628327,-300.5993581449235,499
1,500,0.2134914851755906,114.17041916815597,500
1,501,0.2387717423386905,-35.96321744495454,501
1,502,0.18600578667624804,73.0221703030796,502
1,503,0.24285446276006545,29.046358688021236,503
1,504,0.19915516774067143,370.5361035015906,504
1,505,0.24119994399277836,-78.38474019610003,505
1,506,0.24693311971591814,44.49421161315263,506
1,507,0.12963141031102512,44.04167633551988,507
1,508,0.10466404677443739,-12.856213685457027,508
1,509,0.09557898625944738,-68.17273401112001,509
1,510,0.24514479234567663,-341.6672956383733,510
1,511,0.20263080908363573,-15.234602590122302,511
1,512,0.21953938445650373,132.34341168014512,512
1,513,0.2215506231401672,54.489300153047196,513
1,514,0.24465932304630048,14.982462654221488,514
1,515,0.22970374997906343,-48.161376373554475,515
1,516,0.2497636745028121,-221.92429420158462,516
1,517,0.23993893928248616,87.71075807328982,517
1,518,0.16947417802651998,-138.19601362752127,518
1,519,0.20051815331216152,-33.39803923243472,519
1,520,0.10408540174945907,33.40289737970819,520
1,521,0.22170639653940025,129.66277687772657,521
1,522,0.1994573547706887,5.473134064292224,522
1,523,0.21283845248183653,166.76845770230747,523
1,524,0.23418756397766105,250.7346948775796,524
1,525,0.23052905062165674,104.7448565056119,525
1,526,0.2283105983240672,-202.8013609582735,526
1,527,0.2303577424449962,-47.7720653464503,527
1,528,0.19084378320386333,38.34803793734015,528
1,529,0.17283052191080508,-26.999142684952925,529
1,530,0.19763134078743752,-194.62796134714438,530
1,531,0.2474393346091494,250.6244036046235,531
1,532,0.08885524311924521,18.903440248426257,532
1,533,0.2270235383372318,138.06197997563282,533
1,534,0.22964586847731083,45.65607958043166,534
1,535,0.2498978495927194,91.20731671228933,535
1,536,0.1557421725792412,-17.858755623117478,536
1,537,0.23656354049491707,-74.11440480758314,537
1,538,0.166517154801502,75.32390719713891,538
1,539,0.247565905581004,924.3093009938223,539
1,540,0.16168411896566715,50.249553807838495,540
1,541,0.24545356934908463,82.36642283724193,541
1,542,0.22808777759104637,2.447222424992251,542
1,543,0.07550609939089012,-24.25306064910177,543
1,544,0.24933763456740773,-94.27031697201902,544
1,545,0.10445016831996638,55.14413160433792,545
1,546,0.193415940546519,-19.07624726830188,546
1,547,0.24992784389234363,6.353569266797752,547
1,548,0.24999193732721892,31.596911873182165,548
1,549,0.16356127567700116,83.11460202281864,549
1,550,0.1790188243753927,70.36275621329386,550
1,551,0.18525681730497137,-28.635961411148553,551
1,552,0.2140350890042417,56.860884192084626,552
1,553,0.1331210601238741,-9.858085546682343,553
1,554,0.18865142127813866,-52.25207987046609,554
1,555,0.2468269235809219,-206.14492986437136,555
1,556,0.17943690746149485,57.18084704576873,556
1,557,0.16148492724372154,32.107065764498664,557
1,558,0.20721293137334543,161.41441242658303,558
2,0,0.2375754109988364,-10.138833280738513,0
2,1,0.19454933049676476,-14.321061954932306,1
2,2,0.12649007053930936,-71.8142900362809,2
2,3,0.16915802414820522,-32.20999405167265,3
2,4,0.1842359506860178,-90.87276019979315,4
2,5,0.2473283377872485,-181.82311274665014,5
2,6,0.24993994921661253,-4.644646896191304,6
2,7,0.24673991636453613,-193.73739831945696,7
2,8,0.23546082042043623,-242.28260465989953,8
2,9,0.23446627457651362,44.21453299867372,9
2,10,0.23187236603793931,59.67349352950281,10
2,11,0.24995896072949056,-82.80750503823035,11
2,12,0.20624814999148675,-11.935700615089337,12
2,13,0.2499951336669421,244.12759759525397,13
2,14,0.14311032554950814,302.99377314358736,14
2,15,0.24492191775431696,194.27958014740534,15
2,16,0.24860676472812904,-76.93131329757185,16
2,17,0.15574516034703292,-174.7182825444047,17
2,18,0.2446827410255574,79.87203044661184,18
2,19,0.2354948554088988,-117.37425824818358,19
2,20,0.15921890157522028,-5.986615714743717,20
2,21,0.21378515871040132,153.63586320696612,21
2,22,0.2482792881026956,-374.8262863631014,22
2,23,0.14706664093138985,30.850204694672307,23
2,24,0.19116370777925543,-3.2585034632848853,24
2,25,0.24987772669073055,74.92646467418099,25
2,26,0.06249089772920647,1.3712349541928681,26
2,27,0.21529610928517542,179.40402114414056,27
2,28,0.24325531396706454,-60.716313399487625,28
2,29,0.24901077850496667,-10.032025494098919,29
2,30,0.24062370885269554,107.18354006667393,30
2,31,0.18079572946286687,459.9964664498282,31
2,32,0.20614013871521106,12.595303911862192,32
2,33,0.23883561493731081,-176.40278893784813,33
2,34,0.24902787759190478,52.285544495055184,34
2,35,0.14580199706625008,-2.628883579193427,35
2,36,0.24510210958217113,-244.7299488878689,36
2,37,0.19906235753827825,579.0167361140011,37
2,38,0.24848962756061949,180.98680447423956,38
2,39,0.2499310397486217,59.00700463815907,39
2,40,0.24889532718788393,-107.80434313009476,40
2,41,0.22479850624112543,-358.09089222427144,41
2,42,0.10639585112312097,-5.594842048835206,42
2,43,0.17829945892130086,33.03991854339654,43
2,44,0.21827082640160766,-31.054878034562538,44
2,45,0.24032405196631962,70.85683085317301,45
2,46,0.24102754232739967,39.37529793820193,46
2,47,0.08846187456763523,42.28970233743828,47
2,48,0.19791737762436254,113.48699342776322,48
2,49,0.2403522347488558,114.02078837337247,49
2,50,0.24487723171284181,288.5843086173046,50
2,51,0.2265080944965425,-198.05039080325477,51
2,52,0.24977330754692748,118.91592813706217,52
2,53,0.23541547898097065,158.3452176893817,53
2,54,0.12859274822678884,-17.580041387628636,54
2,55,0.24752969167824002,155.39934446155422,55
2,56,0.24272602038053723,197.32786928474872,56
2,57,0.248659267891316,76.06033043447164,57
2,58,0.246731397575649,259.3798841019205,58
2,59,0.06776493858635571,5.2064149324915165,59
2,60,0.24995623981130774,-32.21033487939093,60
2,61,0.1422403551128858,41.29024213584981,61
2,62,0.22489813937383826,79.01367060082933,62
2,63,0.1872552992890837,-35.33378826125091,63
2,64,0.2283100456176989,-162.28734598082485,64
2,65,0.2484177374643327,-26.917954398466673,65
2,66,0.24885444129991105,246.79223088285087,66
2,67,0.24880411796265403,220.28951002782506,67
2,68,0.2498229412912799,-155.59441222624545,68
2,69,0.2066380593474416,-12.732557309044473,69
2,70,0.24751697821945418,88.69895764641893,70
2,71,0.2311405639810528,-272.20389675197634,71
2,72,0.2218510104075449,-88.66628747203885,72
2,73,0.1321024169723345,13.274019045401861,73
2,74,0.22643765905474106,-39.62513042274927,74
2,75,0.24339905182138363,55.955761509577876,75
2,76,0.23647718082401584,-381.25318930106704,76
2,77,0.13084751863125155,105.44342555284807,77
2,78,0.24947798080487849,-2.635866147115837,78
2,79,0.23772809009541773,-235.37476747176703,79
2,80,0.24959644731228806,-97.574577783551,80
2,81,0.20907602731593763,136.16723190030672,81
2,82,0.18169213383550553,28.32993616724532,82
2,83,0.24762082848654196,160.88076868291077,83
2,84,0.09042787323164499,-11.344183840617653,84
2,85,0.12890282338847078,-11.896985947996617,85
2,86,0.19364175158460542,-116.6917154332164,86
2,87,0.11426213208064241,-5.1093971672412835,87
2,88,0.23699753215826258,30.032684955391623,88
2,89,0.22163807913755418,-26.233195848434562,89
2,90,0.2425797076207562,183.4002141839702,90
2,91,0.23587535843510912,37.77220544650048,91
2,92,0.2287460220995913,-212.74453113897238,92
2,93,0.15713178495471694,38.82723011528893,93
2,94,0.2391113689220962,3.0041104413518185,94
2,95,0.17183598250847976,-412.4560789325569,95
2,96,0.24996521204527106,-152.84143890675278,96
2,97,0.13829702458594142,63.74812441520247,97
2,98,0.24580442881374018,-31.522846166473713,98
2,99,0.24903047087021055,-266.81865486910965,99
2,100,0.21094367798524816,159.71038235119173,100
2,101,0.22522532524637912,-161.567438133765,101
2,102,0.2398313606064123,-334.00730299409383,102
2,103,0.09790271324989118,-7.514827713513772,103
2,104,0.2416941446184816,46.7863907335036,104
2,105,0.17587918020209672,-9.251251917435026,105
2,106,0.23550682574972912,-29.652921016487824,106
2,107,0.20929061767244447,-6.518171665896901,107
2,108,0.233219769352454,-53.71641533204845,108
2,109,0.23563511958433778,169.91447362122403,109
2,110,0.1518900128316757,-14.381464784168084,110
2,111,0.18065377289660445,-20.53459599381111,111
2,112,0.23029575961106188,180.00829301795574,112
2,113,0.22485151691784408,-61.004660991082936,113
2,114,0.2287816173865611,-46.618501543464824,114
2,115,0.24993224669220707,-108.70190446667371,115
2,116,0.24171851917966877,-139.00713682733996,116
2,117,0.10820542422232629,57.82095383565013,117
2,118,0.15800490031916178,-16.45176053150161,118
2,119,0.11112766275426067,-16.993926106278415,119
2,120,0.2456925938973695,-28.412204310285027,120
2,121,0.17446425863908138,-3.0254891728783857,121
2,122,0.2011070545110615,-35.36866182362502,122
2,123,0.20538269272098236,-399.15558402091574,123
2,124,0.23920925758620765,130.55649015543005,124
2,125,0.24982933262715046,-58.62250904317202,125
2,126,0.10539947204704317,-1.2995397657602867,126
2,127,0.2261550022343478,-13.525332508844805,127
2,128,0.23963408722259946,212.85757610569712,128
2,129,0.2416272891208128,116.57951553539301,129
2,130,0.18743379315417452,24.27223418778805,130
2,131,0.2496444947629155,163.6687319237763,131
2,132,0.20631856315556654,-16.476759986248283,132
2,133,0.21310148562949935,-66.042890643525,133
2,134,0.21335273233818655,-459.7976758346512,134
2,135,0.24430751611984544,-265.1157706584181,135
2,136,0.2463906574398781,-246.65289546095394,136
2,137,0.21455072340820214,237.04062507115225,137
2,138,0.20238964313855615,128.51185625140346,138
2,139,0.1281288996523546,41.826696148217536,139
2,140,0.21124988659713478,-24.459232092746795,140
2,141,0.21919775433927483,-42.236879397582044,141
2,142,0.23843581200631003,3.280409743188489,142
2,143,0.24654285069857204,5.880422304412072,143
2,144,0.2471352603648206,-54.34634915685477,144
2,145,0.24031282761473113,88.14285805601028,145
2,146,0.23415682069313898,61.6543401022419,146
2,147,0.2279035078822723,265.0974043877338,147
2,148,0.2489505265201923,-272.1813544490012,148
2,149,0.23911958468483116,-164.5082193636226,149
2,150,0.15045175070700556,8.721900934104656,150
2,151,0.13671605091231123,-10.754668301940223,151
2,152,0.14546018936939334,396.7698520026105,152
2,153,0.12855635767748505,-1.7947472174800554,153
2,154,0.2499172205675785,574.3655205949257,154
2,155,0.24171365054218272,-40.068589000875086,155
2,156,0.12606015819722852,-64.5948498931864,156
2,157,0.12795048863761357,21.535559003638774,157
2,158,0.17380344935939554,-19.018668735817723,158
2,159,0.21473697886452756,113.04815580516029,159
2,160,0.17792567746957025,127.51570208954689,160
2,161,0.18791026853716544,35.70567745645954,161
2,162,0.21232930715098572,47.65894212656475,162
2,163,0.18965429429491173,-394.770718403703,163
2,164,0.21938969067469655,59.984939671086984,164
2,165,0.17638099748897645,77.96528825118385,165
2,166,0.19696667568638554,59.514818083056184,166
2,167,0.24954377718265022,-218.36424153175102,167
2,168,0.2495880710153728,94.72289338151603,168
2,169,0.24707095025662515,194.47603226157074,169
2,170,0.20911911796679863,81.46683319442072,170
2,171,0.12956956362366134,-7.888892487031142,171
2,172,0.22580450090536616,2.790823660135672,172
2,173,0.24067023788222802,-43.58228364876215,173
2,174,0.23237373514665388,-68.76121331100737,174
2,175,0.24502616128243027,102.64609131245552,175
2,176,0.24995008175140332,20.660638479282976,176
2,177,0.2389618870992473,-56.47833060209573,177
2,178,0.23529788537191887,-153.034226195966,178
2,179,0.2023200246940423,-13.006263211038224,179
2,180,0.24059163851188817,-260.4578207222065,180
2,181,0.22229000384357636,-52.32434025963265,181
2,182,0.24992502398281832,162.50392042063078,182
2,183,0.24634393468875426,125.52302394507522,183
2,184,0.19986997861507833,-51.204287376332076,184
2,185,0.24995938930546902,1.977792375843011,185
2,186,0.24174123492428817,43.819503500776904,186
2,187,0.24643047992802758,36.442038774869275,187
2,188,0.24600723403898925,73.58215059217122,188
2,189,0.23230023607855696,-49.76169958362321,189
2,190,0.2493845920379466,-115.61894089306006,190
2,191,0.1517714847444837,89.03858768556681,191
2,192,0.24005802697187945,174.4872882302853,192
2,193,0.21690531925883408,-53.55863491031475,193
2,194,0.24441363684492132,-286.66324393876204,194
2,195,0.24925513195554475,113.45132516989139,195
2,196,0.17072511665682083,-0.18070401640632472,196
2,197,0.1519828217154818,-28.061042234688255,197
2,198,0.2075715166242585,148.53133825752636,198
2,199,0.2467855145230987,-302.6866010156715,199
2,200,0.11773590985070756,6.8091283382212335,200
2,201,0.23502448092417563,-23.894493480532653,201
2,202,0.16027157138191692,113.03956265555007,202
2,203,0.1710072292696509,72.12160082309927,203
2,204,0.19340379595023668,95.8910306310081,204
2,205,0.18077432275005154,-32.80913297752903,205
2,206,0.19235610569188757,-72.40213759078438,206
2,207,0.2447164490596346,-232.44494341841633,207
2,208,0.14629629626247218,-21.78620474271808,208
2,209,0.24999489585734516,-47.90607534129132,209
2,210,0.24224952188158286,-44.634151561528796,210
2,211,0.24609571434910088,-200.33248475705886,211
2,212,0.2277591983421838,-47.95564256456079,212
2,213,0.24909459103735282,275.8461684278921,213
2,214,0.24936369323571722,415.50433909226587,214
2,215,0.19565136899566338,126.76156304866161,215
2,216,0.20765512175231826,14.110202499436335,216
2,217,0.21593061324554524,-102.56365498679986,217
2,218,0.2461371626835084,209.82048403765606,218
2,219,0.24461822055599283,46.27623330391948,219
2,220,0.16583691015091528,-41.27458947632323,220
2,221,0.2123225720342362,-49.92969760445311,221
2,222,0.24885208304556783,456.8338203737691,222
2,223,0.11487663093839093,-201.06159098793472,223
2,224,0.22863461271961358,162.874426356408,224
2,225,0.20033498646924122,184.18684142651261,225
2,226,0.24068042386084812,109.3914310009751,226
2,227,0.24559879614731045,-44.27560421702577,227
2,228,0.1917768720699556,114.70402888331057,228
2,229,0.21614703528312468,37.11432739656176,229
2,230,0.2260492595156915,-16.816936018384524,230
2,231,0.22093507192838907,150.12629971262612,231
2,232,0.15128926744778204,38.14214113395176,232
2,233,0.24238703986415086,-191.64379533484498,233
2,234,0.23320841253658348,-102.63967730854452,234
2,235,0.09756305536509197,-20.703373369817,235
2,236,0.23967659266210609,180.81856338444183,236
2,237,0.24990500946726152,-612.2368098611684,237
2,238,0.2307185288919102,141.96521457762555,238
2,239,0.24546206776261217,-42.25043170751635,239
2,240,0.2388333055920379,26.628758625094452,240
2,241,0.19298193829202095,182.54397268534532,241
2,242,0.1742891628611921,134.71850038626835,242
2,243,0.11055545290424333,62.63358676106905,243
2,244,0.2134250220107069,41.24524317615493,244
2,245,0.18211127277283815,-236.8454305654368,245
2,246,0.09305412420535289,-3.8860554484527414,246
2,247,0.20145530694240918,-34.16470378106429,247
2,248,0.17783639435612505,40.693672970491995,248
2,249,0.23877708126437017,60.524962572805975,249
2,250,0.2194642271116422,72.6255547154486,250
2,251,0.18614280654756266,-0.20563333342740117,251
2,252,0.17767821267406064,-137.14403841774953,252
2,253,0.19983625844174469,-24.575910049947503,253
2,254,0.14097273476560296,76.95152858921067,254
2,255,0.2414107633687735,274.11441484227447,255
2,256,0.1826965586650546,-7.658431332372693,256
2,257,0.19983830926814447,126.88749519203843,257
2,258,0.2428472089804578,8.480702786335932,258
2,259,0.22491173579385004,-17.751934891420333,259
2,260,0.15685756631459385,180.70862826781084,260
2,261,0.1785794152886376,-28.807268005774436,261
2,262,0.24902256552433943,538.6942342479631,262
2,263,0.24265996537725393,-129.74591305457977,263
2,264,0.21728054805009783,399.12413700460775,264
2,265,0.14412911211257487,70.66449876202209,265
2,266,0.24953447347942748,119.4715005872585,266
2,267,0.21053689782219753,-44.414861915046515,267
2,268,0.24763509305243747,-249.48049754898582,268
2,269,0.20127449916951182,76.45525837722982,269
2,270,0.174676529215134,-2.1326111432997195,270
2,271,0.22854261343332488,-256.1091804338767,271
2,272,0.21162427830857203,-35.992712888361524,272
2,273,0.0979543314345619,-184.97892593997426,273
2,274,0.20985649926253222,-96.34169076919913,274
2,275,0.24880266125993653,79.37633391692992,275
2,276,0.22832124351753913,-142.60427420107138,276
2,277,0.22713604118654318,-110.0627083019125,277
2,278,0.18471229157390556,-8.937511019612712,278
2,279,0.19704080709897898,-2.7998701964153803,279
2,280,0.2495882951111377,-277.5813919962134,280
2,281,0.16645904944612586,-27.813803222649735,281
2,282,0.18677345569636183,452.386437817783,282
2,283,0.20874277111046147,-5.250636928407591,283
2,284,0.17004625796813153,23.311678514680505,284
2,285,0.24909324312365572,-147.68939547522623,285
2,286,0.2446524653960182,173.15772750310558,286
2,287,0.1371744316632961,-32.3559584348467,287
2,288,0.24941355724608028,124.37255319928178,288
2,289,0.23340854107419032,196.52344888325914,289
2,290,0.19458311455943492,167.29238829977004,290
2,291,0.2137706136085457,-30.15980892353852,291
2,292,0.23995329994289405,45.997248741054754,292
2,293,0.22560478971292247,-17.235516837405548,293
2,294,0.24581350524306383,-61.603832796231586,294
2,295,0.24646512595896045,-72.9107385035255,295
2,296,0.2340090439384303,-75.49667432738218,296
2,297,0.23820562041091503,67.29605393430039,297
2,298,0.05096696281454823,28.20313806631411,298
2,299,0.14973112283666024,100.46728571345997,299
2,300,0.24983630252153713,67.9434594352186,300
2,301,0.19493730289472955,81.23339456774285,301
2,302,0.22828735722786977,-10.87629898007203,302
2,303,0.22932678729281278,-26.851263449773136,303
2,304,0.2437811387029137,-159.19856650402025,304
2,305,0.2309318253799964,95.30033198365068,305
2,306,0.10449239681474157,-46.695570635391796,306
2,307,0.1274422079837039,3.7784559937772455,307
2,308,0.24587199537359083,191.45016194316253,308
2,309,0.24404189437569118,83.04850437268676,309
2,310,0.24952440964617614,60.037937774691315,310
2,311,0.13516020228411946,12.424132305293083,311
2,312,0.22948099384437465,-43.43283594212143,312
2,313,0.23119151893958845,125.61769647381041,313
2,314,0.2156920284594875,-32.70329431057953,314
2,315,0.21116917342063846,245.18052613394158,315
2,316,0.21728796684108737,112.97657219546196,316
2,317,0.2480557295946166,22.379306168060427,317
2,318,0.06952350543445489,-33.825614875344954,318
2,319,0.1948487504542533,-23.372785596058577,319
2,320,0.24722161147225216,472.14865437127054,320
2,321,0.11553934629197109,78.8968051411878,321
2,322,0.11485859847058784,89.38029930874158,322
2,323,0.22620963007530062,-248.42883451422944,323
2,324,0.21595322110771786,13.663956671939635,324
2,325,0.1871951980665517,70.31495231272258,325
2,326,0.24840117354650867,66.8562477777746,326
2,327,0.22902923009955561,-12.107941942140247,327
2,328,0.19530973971640853,-58.7822570990758,328
2,329,0.229547161311922,88.92096875116839,329
2,330,0.23199481166154312,-0.5141510353679679,330
2,331,0.21231103893519276,58.33262373290995,331
2,332,0.24474059635226988,-252.70243819565758,332
2,333,0.15483407569569052,-22.883047533852405,333
2,334,0.2482475516319716,39.913969634678274,334
2,335,0.20597790415017234,-33.33915066964339,335
2,336,0.09479088265032652,-3.048232264244472,336
2,337,0.23437801288516016,-449.5540206975904,337
2,338,0.1729281188650185,-65.71735986959017,338
2,339,0.22147288419481523,64.2712301014136,339
2,340,0.21122489928934285,-94.40059737342483,340
2,341,0.23514110574627742,-144.85878365928656,341
2,342,0.24327526342546713,-53.538641665776694,342
2,343,0.2492801048253714,49.50744878492455,343
2,344,0.224415897723241,5.556420803729747,344
2,345,0.20488253863456693,-54.015094173632974,345
2,346,0.2369298651118584,-120.67666944502045,346
2,347,0.24611950391603266,137.2867276710823,347
2,348,0.18487337867781528,156.54045046153806,348
2,349,0.09488731253733082,21.311372887047824,349
2,350,0.23745317728261095,-14.554567216614197,350
2,351,0.24740643375086946,326.5137696798517,351
2,352,0.22075629441751415,65.15618089670265,352
2,353,0.21752761275622218,-9.623640258394238,353
2,354,0.09995027706859111,29.575634906440037,354
2,355,0.23989680694864063,-3.8331756273829227,355
2,356,0.20001222040484823,-42.55872948947045,356
2,357,0.22449950093198934,-238.93636355342696,357
2,358,0.17903820977360904,-22.935614351676335,358
2,359,0.1258425304375727,-8.60626335663782,359
2,360,0.0879790196732572,-66.55095316798078,360
2,361,0.23010862441221702,-22.13071480539424,361
2,362,0.20596733860457722,-18.313899815482444,362
2,363,0.24869244519238445,-185.5278854280868,363
2,364,0.24848216226120134,444.69282286497577,364
2,365,0.1664366302062164,-72.84265106236408,365
2,366,0.16820357374068912,-8.789328169182223,366
2,367,0.248995781367549,-53.5039920152267,367
2,368,0.2186150287711206,-39.28627897402784,368
2,369,0.2449093953161951,-116.72460011042399,369
2,370,0.20387334117684253,-27.0053221447412,370
2,371,0.2356764559523789,88.1450654263663,371
2,372,0.24938310834906202,234.9667993776174,372
2,373,0.1866272199193589,-14.028015003297206,373
2,374,0.16433030264063442,-40.25780123978044,374
2,375,0.1335376511594683,-0.046510517647909075,375
2,376,0.238559254736228,-375.69564893257785,376
2,377,0.17900754281405157,108.07460955732812,377
2,378,0.1695374419872356,-40.65987293613615,378
2,379,0.21210969798741605,28.44384082864351,379
2,380,0.2481843138709376,-152.18838747585124,380
2,381,0.179140557959387,-1.7358116209720467,381
2,382,0.17961152405022074,-294.3024835493822,382
2,383,0.2499957907038795,-333.0785484039488,383
2,384,0.23920906930942648,176.32420103953496,384
2,385,0.2491571264951745,233.98366193240372,385
2,386,0.179523351568644,-7.580285405998897,386
2,387,0.24981541050386036,-110.21599306504393,387
2,388,0.24813119758203578,35.733268672003696,388
2,389,0.19854758413328807,24.870286895576683,389
2,390,0.20058730246034448,-156.06463810811096,390
2,391,0.11147760019911607,44.00702058812577,391
2,392,0.24119377749818743,-123.0201930526521,392
2,393,0.08791573153882908,-4.829144316908856,393
2,394,0.18873692794951227,-35.850153334986935,394
2,395,0.2393499091021669,-327.16669323817604,395
2,396,0.19088517640019217,-9.690272445958382,396
2,397,0.1918616028724539,56.719167680056614,397
2,398,0.10984286105035256,-8.514663453498837,398
2,399,0.23659864105117082,-177.6207222657735,399
2,400,0.2498750471152893,28.759413039904302,400
2,401,0.2497744770321662,-72.96478422252729,401
2,402,0.230481506795782,-7.8513668506261,402
2,403,0.21953749097095832,84.76334089581955,403
2,404,0.24886517701078154,-44.4622143197666,404
2,405,0.15069993918598784,-28.440032091931574,405
2,406,0.2413200284726088,-231.2708902646153,406
2,407,0.23971058873492493,209.42368182750408,407
2,408,0.20274661974763294,-77.42057338699335,408
2,409,0.18961146139234591,76.04917915398276,409
2,410,0.24910993383157837,-181.25527574569278,410
2,411,0.2439671573964987,-53.123526875218815,411
2,412,0.19293746728246783,276.6544057449439,412
2,413,0.18815829696737815,79.4164730894658,413
2,414,0.24024644417177338,145.86944892251415,414
2,415,0.24702855770757717,118.18206486393775,415
2,416,0.2379732357074464,-137.0645285054,416
2,417,0.20007841190891604,135.7471229724356,417
2,418,0.2420801157565601,-7.136882754455387,418
2,419,0.21094223486700484,-342.13927645461774,419
2,420,0.2387143477538925,-204.1868586206189,420
2,421,0.17798923221160656,-18.80672374311898,421
2,422,0.2450016886294419,89.6681263114601,422
2,423,0.23348541239146212,59.61783869945007,423
2,424,0.24390162450379604,87.28894205052995,424
2,425,0.11597075428231803,-9.819999012328681,425
2,426,0.2499397689736293,9.54568336175834,426
2,427,0.16010363633895847,50.340964646397026,427
2,428,0.20835957645109784,65.70370755484502,428
2,429,0.1689085298950358,103.19907274066445,429
2,430,0.17028903956578983,39.57256891204772,430
2,431,0.2448622522285671,96.68729931977003,431
2,432,0.08990613947394427,-0.057245110500395706,432
2,433,0.12949818005311697,-4.912722564422604,433
2,434,0.10013302738106102,207.27397384828257,434
2,435,0.2463937332708288,45.19789624096607,435
2,436,0.24067636647975613,-322.65671546039385,436
2,437,0.20817032314325687,-196.9443923058932,437
2,438,0.1464624264095411,-32.67863985532712,438
2,439,0.24125909546580304,-177.5185619671185,439
2,440,0.24920836812325076,138.09524862889526,440
2,441,0.24998209720652922,-124.32734422804344,441
2,442,0.1385049211413546,72.39118974573955,442
2,443,0.15477306101799412,-17.555487704296166,443
2,444,0.21034095585321544,-143.86140354533734,444
2,445,0.24812986603574644,-51.020876842173436,445
2,446,0.21932724199289527,56.95953793396586,446
2,447,0.09594242551967111,-0.1536227364855331,447
2,448,0.24183573917782913,109.40320898057536,448
2,449,0.16326753572405706,-46.68025354695581,449
2,450,0.24907582050216392,-185.74324339009453,450
2,451,0.23392044246682472,-290.3111402591606,451
2,452,0.13237666900750086,78.88175433165021,452
2,453,0.23450029783706208,44.50905408880424,453
2,454,0.20575189995013604,-13.941171320387049,454
2,455,0.21670329257329393,112.95655692710854,455
2,456,0.24915873012401688,-93.10525045296936,456
2,457,0.2383348586624434,2.170530329657357,457
2,458,0.23036732948053543,-163.83224574662228,458
2,459,0.2499730649985337,119.49135791692599,459
2,460,0.24767668948271093,226.1994123247424,460
2,461,0.1765096417501843,-48.186211223048694,461
2,462,0.24331188762035807,-12.234743053849419,462
2,463,0.07294925916083946,10.512041677639793,463
2,464,0.24921531776990938,-101.62295642812249,464
2,465,0.19349023537080406,-29.031930001128252,465
2,466,0.1641718772656224,-170.15602987890108,466
2,467,0.1968282932286246,-32.63546989578328,467
2,468,0.11928664572851432,26.73449095674316,468
2,469,0.18702429404829232,-57.092601877374065,469
2,470,0.12218998549512414,78.599711745774,470
2,471,0.24057705929923237,35.143482629252745,471
2,472,0.17241445330596428,-205.20752992247859,472
2,473,0.20725917457042548,-19.45851776799139,473
2,474,0.16579024656223584,96.18108122595167,474
2,475,0.24974320471396688,204.3538680092282,475
2,476,0.2369371329182789,-14.828016756035074,476
2,477,0.18564531077304974,31.308598024370255,477
2,478,0.2493326023019772,-146.5821705140648,478
2,479,0.17934309046928532,-14.705370627172133,479
2,480,0.22180910019133332,138.00337768578663,480
2,481,0.12987834940087598,-92.9894741489578,481
2,482,0.24172969465571406,-203.58488862933882,482
2,483,0.18952381688135142,78.23534019934984,483
2,484,0.23001204060745967,-46.28859961856628,484
2,485,0.21367822599207928,-45.48041424032852,485
2,486,0.24931818006010475,-57.38024493488161,486
2,487,0.22651016635627147,-43.86920086407092,487
2,488,0.2119167675847315,44.54007818528141,488
2,489,0.24944905572945167,-32.99124479259998,489
2,490,0.2302039134302856,-140.96055830892288,490
2,491,0.11924178719404721,20.814584422588048,491
2,492,0.2011767344083274,-1.2729711822959164,492
2,493,0.23974982316272472,-20.346076815322316,493
2,494,0.2176549296602767,-140.3088229040583,494
2,495,0.24845128868533634,218.2646038149479,495
2,496,0.22746130350883242,-54.52403974103761,496
2,497,0.24997859190120225,152.22695413268139,497
2,498,0.1101287198954192,8.36012048453837,498
2,499,0.11133199230412359,-296.9681609249182,499
2,500,0.19480966758284668,99.4474907465277,500
2,501,0.24634413362710497,-31.448927222342746,501
2,502,0.21269783309633084,90.09403663264266,502
2,503,0.2392088204584746,32.54636920965761,503
2,504,0.20455342300010296,398.87569825285925,504
2,505,0.2407535682619924,-83.0740415361825,505
2,506,0.20702697775167375,3.130883199233644,506
2,507,0.14251975576774698,66.28214232512356,507
2,508,0.10552328981246561,-14.872581537991453,508
2,509,0.24525800514461668,-243.10446828194725,509
2,510,0.2440790872548981,-342.2886623417137,510
2,511,0.18973187613981982,-18.811320672370506,511
2,512,0.21287647070047255,176.3520653493414,512
2,513,0.22554324942411502,48.23163871024075,513
2,514,0.24987159431078004,51.60172772273617,514
2,515,0.2376532236735604,-34.08544797097054,515
2,516,0.24970023006578276,-211.3518389912225,516
2,517,0.2348807239016736,94.84378172271548,517
2,518,0.1674912365146754,-121.55748086907062,518
2,519,0.20197546112591205,28.40094115338477,519
2,520,0.1376867352275359,48.57422440755272,520
2,521,0.17028946461104952,89.26954342027243,521
2,522,0.17909097209394054,0.07220539427245853,522
2,523,0.22634768641162983,185.0025979534959,523
2,524,0.23778402658314907,188.5300591655799,524
2,525,0.23825486714578273,98.62924142711773,525
2,526,0.21175008709390045,-273.84206718766904,526
2,527,0.22288115861497187,-33.815729571651424,527
2,528,0.18176304783764402,53.69548836119266,528
2,529,0.18661389507959794,-34.68819324136536,529
2,530,0.20739850085269215,-172.50976919554148,530
2,531,0.2496147163418424,259.87782553030297,531
2,532,0.07819974101835751,18.122367192298103,532
2,533,0.2245818377112233,180.645775469825,533
2,534,0.2176291689221218,43.219954006564016,534
2,535,0.24614755838553115,70.65159588177713,535
2,536,0.16418677310089347,-12.989881649703214,536
2,537,0.19259113676576745,-46.08416404379096,537
2,538,0.16418092528599873,74.47077255315472,538
2,539,0.24904015030695323,841.8998685294395,539
2,540,0.14499133346068202,39.14654286916723,540
2,541,0.24911081031451723,52.898273852595466,541
2,542,0.23257336028203518,-11.00380740287067,542
2,543,0.048956603137597324,-18.686830212130474,543
2,544,0.24950807809764866,-94.77266142875068,544
2,545,0.10477673013593944,69.85307801711765,545
2,546,0.16975670808433055,-18.108606334284467,546
2,547,0.24558129460094777,-3.9043075520039476,547
2,548,0.24572746899495929,52.81401214318653,548
2,549,0.22679601100335778,109.82905287895227,549
2,550,0.1650309421224075,57.01851638436882,550
2,551,0.13846777231737165,-21.1690165409664,551
2,552,0.2189328397867093,54.6468854668172,552
2,553,0.15329277505059422,-8.380561383627347,553
2,554,0.18861261441795657,-48.466392818464236,554
2,555,0.24779241609778663,-269.51828129233417,555
2,556,0.16863750307427786,52.15870434583664,556
2,557,0.1600976853777775,23.065584420240214,557
2,558,0.19484057013936587,154.59241835631593,558
3,0,0.2317404557067376,1.3331273738528218,0
3,1,0.18252773952311324,-13.874818792568966,1
3,2,0.16098894624831328,-117.09119827249714,2
3,3,0.16579460766036597,-36.113416525664725,3
3,4,0.19133396586266813,-86.245644266648,4
3,5,0.2496008865792634,-209.01230317855453,5
3,6,0.2484162874295409,7.948132470535054,6
3,7,0.24630245010636,-155.2700247133282,7
3,8,0.23877095018499517,-247.22130483828016,8
3,9,0.24700977444152605,62.234548411464914,9
3,10,0.22887446099409064,54.44450768307864,10
3,11,0.24979102967282923,-86.70551580151718,11
3,12,0.1772244697031142,-13.062951080332695,12
3,13,0.21647403616565586,190.84027413859886,13
3,14,0.1568669140035703,240.37929667389113,14
3,15,0.24996492421061084,230.75940711124045,15
3,16,0.2485186200055746,-77.96513118143353,16
3,17,0.1474471741828785,-111.44186729268847,17
3,18,0.24436752606813705,70.1038396834557,18
3,19,0.23680295231984932,-90.22627117437278,19
3,20,0.17534026636018293,-10.70601580759771,20
3,21,0.22613270819818446,172.9107246605537,21
3,22,0.2469612929727855,-281.90924790425436,22
3,23,0.1700542397464982,35.904440139041085,23
3,24,0.1689029933666173,-3.6696453741780735,24
3,25,0.2391293596784291,67.93946523130847,25
3,26,0.06031746490402603,-0.3163424242800481,26
3,27,0.22202706913243841,189.49324880610004,27
3,28,0.2489961777440817,-32.259361421613065,28
3,29,0.24816881075463748,-29.152364140844135,29
3,30,0.1678734579974493,69.94006941714434,30
3,31,0.17914161507234255,377.97036170230973,31
3,32,0.21033552206018735,23.78785002662765,32
3,33,0.24221405802153226,-200.15466863674078,33
3,34,0.24987156836706395,91.44881633559999,34
3,35,0.1469911980175488,-3.0273612230518596,35
3,36,0.24946751241776777,-213.37457776149904,36
3,37,0.16175590711908824,651.602837927923,37
3,38,0.24999889024552951,218.48479190946665,38
3,39,0.2487286399220206,78.96941482786404,39
3,40,0.24486787798385592,-106.22458010759381,40
3,41,0.226804410703138,-352.6931990691677,41
3,42,0.13568771835589757,-20.027583433058446,42
3,43,0.19143589637541591,31.937483407299776,43
3,44,0.2073869336030483,-26.319748727043127,44
3,45,0.24997762124958633,48.26987873300143,45
3,46,0.23915844388417493,89.00473703900894,46
3,47,0.09987190975086278,53.97216604914722,47
3,48,0.19879491106228683,106.60043222485558,48
3,49,0.24843741562560245,153.22183372110808,49
3,50,0.24302797645915764,297.17109017639433,50
3,51,0.22603501878994556,-189.97497594872812,51
3,52,0.24941268074136866,72.97315677308626,52
3,53,0.22186855729302482,140.0743067130265,53
3,54,0.14767339937558197,-37.74707774923348,54
3,55,0.24981397912132494,137.0129998776104,55
3,56,0.23219105627563788,182.1224730122429,56
3,57,0.23834472268016765,82.55247152498674,57
3,58,0.2432719062806725,281.33026818800886,58
3,59,0.041702001973909386,-3.7687895454896885,59
3,60,0.24993917346568056,-12.126163080608821,60
3,61,0.16757862923552855,50.322225711720364,61
3,62,0.22537667595937244,72.90004291966436,62
3,63,0.1990351527676098,-31.020889390987556,63
3,64,0.2314745759746066,-179.9384574761714,64
3,65,0.24935238847681895,-32.81611962707169,65
3,66,0.23887191869339056,284.81922635685714,66
3,67,0.24931917197100148,285.76847546414524,67
3,68,0.24999275530412599,-165.18339894635955,68
3,69,0.1883873235821685,-7.241163774526888,69
3,70,0.2469595384504744,62.00731787327883,70
3,71,0.23469683841125102,-266.2453483152048,71
3,72,0.20214025930375618,-109.14258516476923,72
3,73,0.10512586072976823,22.569049950835268,73
3,74,0.21731900400924484,-27.27475704710391,74
3,75,0.23178494785022302,55.506995345279826,75
3,76,0.23910827594139955,-279.3432094105218,76
3,77,0.14222034868148858,115.43413928688781,77
3,78,0.2495145826264717,-0.34747042380374044,78
3,79,0.24179957913599504,-221.5662141893444,79
3,80,0.24994123477893676,-104.77396686674774,80
3,81,0.21919969846719006,145.78408503390528,81
3,82,0.17219751556589738,35.456801758952416,82
3,83,0.24854888127482533,126.18410542512396,83
3,84,0.08345844735839215,-12.924211331785472,84
3,85,0.1522106764717851,-16.193006301772304,85
3,86,0.1840558102899009,-82.25483900351573,86
3,87,0.08259859281737235,-4.471800669518569,87
3,88,0.21654816667060614,41.770587102600814,88
3,89,0.2299167015197371,-22.35182473012627,89
3,90,0.24452541981747797,183.26354098612077,90
3,91,0.24937006304376189,51.78892915239843,91
3,92,0.2439135806337369,-134.8235477342366,92
3,93,0.1380150965281025,33.91640286213232,93
3,94,0.23348084741953398,3.4838495221989287,94
3,95,0.20618353625380156,-325.3354465589913,95
3,96,0.2490394433909652,-175.99016104163385,96
3,97,0.1530832068323277,166.91052800606278,97
3,98,0.24746654590789105,-11.487182185468237,98
3,99,0.2485813348066933,-255.35243148890018,99
3,100,0.21349593330395433,189.19083874323553,100
3,101,0.1918960651862338,-126.79997284538243,101
3,102,0.24100029780421303,-249.9314211035383,102
3,103,0.12067634060667021,-5.745959207967598,103
3,104,0.22973622868337076,54.794528881909706,104
3,105,0.18429295324821054,-17.12074898805641,105
3,106,0.22591013778660843,-21.87380037753058,106
3,107,0.21823527291869377,-13.527227487194025,107
3,108,0.23822101167865958,-38.65577350045204,108
3,109,0.23290613943743513,158.22902966919366,109
3,110,0.14302757382308384,-12.439478395903269,110
3,111,0.1709953869987891,-24.993497967343288,111
3,112,0.2288941100234654,181.64400606444408,112
3,113,0.21675901599575534,-54.00063712855387,113
3,114,0.21773446646953973,-36.4838760858204,114
3,115,0.24955263411748185,-142.23802848001282,115
3,116,0.20658009194209562,-107.88664675812974,116
3,117,0.15348310444367463,87.93861942559217,117
3,118,0.14078182399442019,-13.92389294014487,118
3,119,0.12522776519378953,-16.895516575217776,119
3,120,0.24663752992854815,-34.75096592342385,120
3,121,0.16221470609560842,-9.207027835191695,121
3,122,0.20568787710185288,-34.99294939993581,122
3,123,0.22069589775438275,-268.4760979146753,123
3,124,0.24410303995135804,117.57233566347516,124
3,125,0.2499931557875396,-69.67102420461616,125
3,126,0.10479465308800935,-2.3895074546949395,126
3,127,0.22032995924177964,-23.832628085052068,127
3,128,0.24300446434861847,181.54298300035833,128
3,129,0.24942184795849726,79.94298726876346,129
3,130,0.18923792230616637,28.584928909723487,130
3,131,0.23728832881354658,221.70996274614598,131
3,132,0.20955034927034732,-14.929093120054338,132
3,133,0.21655857674991444,-133.88720147868602,133
3,134,0.2448698906566328,-340.79929035624355,134
3,135,0.24664671864742607,-267.36799343382376,135
3,136,0.23208288951789366,-256.4090874524965,136
3,137,0.22058083795519492,253.2866994048035,137
3,138,0.19940754415412595,123.07597360823448,138
3,139,0.13319164062012942,43.936512207591896,139
3,140,0.21217522404264877,-23.369570970410187,140
3,141,0.21323117853623758,-67.67597875286698,141
3,142,0.2436695632086485,11.678376047941509,142
3,143,0.22104594297425548,28.133702993601478,143
3,144,0.249134251895557,-48.35026953126582,144
3,145,0.23643815390548398,70.11174309387026,145
3,146,0.24255417571671567,69.56685444760403,146
3,147,0.23522729574879564,176.71424627137603,147
3,148,0.24591188986415483,-288.06320014425825,148
3,149,0.2400444448654882,-111.14869837385548,149
3,150,0.12246434818853276,8.011736061538667,150
3,151,0.1374614661012621,-4.558158481912168,151
3,152,0.1912998908986527,359.4084325548771,152
3,153,0.11411037916914739,-2.0586366090514083,153
3,154,0.24605640150917724,526.1537250873862,154
3,155,0.24537215012681113,-43.8010358487347,155
3,156,0.11703015775654856,-67.97941892201702,156
3,157,0.15021420292051862,32.706842651523694,157
3,158,0.23593823401679848,-22.644470745585892,158
3,159,0.2187117240440285,109.09028076966436,159
3,160,0.16641049590266033,117.36532292647898,160
3,161,0.1862474553480578,41.13043221768243,161
3,162,0.2025639536181445,44.22928002521682,162
3,163,0.22509726451574372,-358.8238731439685,163
3,164,0.2235587515286659,68.76623190374397,164
3,165,0.18734983249721004,73.91453233439186,165
3,166,0.1923156084631044,102.43525657106136,166
3,167,0.2498149841888264,-195.20833498979155,167
3,168,0.24957725934585567,85.79393546291777,168
3,169,0.24835457083743034,170.63101013627826,169
3,170,0.16780120614110028,57.16897975928826,170
3,171,0.10266526723773958,-10.245450762923102,171
3,172,0.23589745863508005,14.816914097463243,172
3,173,0.24980627424922164,-43.05796583829092,173
3,174,0.24596631766114302,-75.50495638150066,174
3,175,0.24997567338974913,95.85395812594675,175
3,176,0.24993343650347175,26.42256750875479,176
3,177,0.24642022358458343,-92.29892182830045,177
3,178,0.24987579076236036,-210.3710024081021,178
3,179,0.2001195827289773,-15.458631770614797,179
3,180,0.24707443319746494,-275.00146500289094,180
3,181,0.23333266668674252,-59.872133730125796,181
3,182,0.23516385649957441,200.09943245731142,182
3,183,0.2410416239417143,103.67667223364808,183
3,184,0.207579416050011,-62.78517811714537,184
3,185,0.2492159675661945,-2.1761338720089913,185
3,186,0.24389382004397064,41.659394458321685,186
3,187,0.2499228330279951,36.9937611744313,187
3,188,0.23964444085099004,64.2403664967676,188
3,189,0.2460971691704629,-40.18176486307941,189
3,190,0.249862706778352,-84.35643739127303,190
3,191,0.12521137212805097,69.99492885213685,191
3,192,0.24945669291488826,120.01936620987321,192
3,193,0.1901805423474131,-54.68527936577831,193
3,194,0.23352294691840372,-255.89242645436022,194
3,195,0.24896487901698466,155.3837823474309,195
3,196,0.14852823833176557,-3.8730306156849355,196
3,197,0.16378907151011618,-29.08251423152515,197
3,198,0.21508661011605157,171.16568704351542,198
3,199,0.2494630152784845,-269.8310851278992,199
3,200,0.18943636721121757,-14.027892654649964,200
3,201,0.24408260889992384,-12.467531937962585,201
3,202,0.17504994165739368,134.05122456257126,202
3,203,0.17832842026830167,69.99433664997547,203
3,204,0.20311559341346344,105.3177835132984,204
3,205,0.1734163811799416,-29.171032071682554,205
3,206,0.1812613307427499,-88.93307397806856,206
3,207,0.24689927001920753,-213.21786678602584,207
3,208,0.11952751777481811,-14.608222262897725,208
3,209,0.24855799780038373,-29.176492679096775,209
3,210,0.24103273178589452,-54.96872071485461,210
3,211,0.21457575356233846,-146.32780249690666,211
3,212,0.2240962407824665,-52.3562523241158,212
3,213,0.2472184622975051,289.1579986363285,213
3,214,0.24822038024350376,374.38499398590454,214
3,215,0.18612569192427306,119.72240664723122,215
3,216,0.23827946993796362,78.49056800067528,216
3,217,0.20769410971538532,-87.45792228015245,217
3,218,0.24674608927741615,202.01977645629688,218
3,219,0.24892593285589792,99.3684085347655,219
3,220,0.13609997868375087,-24.87162743392409,220
3,221,0.20365612883458223,-47.71374351228862,221
3,222,0.24996160218428656,485.9618181301635,222
3,223,0.10358350502467424,-298.3844361297616,223
3,224,0.21904548358020162,143.8633287512412,224
3,225,0.21906448811990922,211.75352990237542,225
3,226,0.24356519583018474,161.4505290234877,226
3,227,0.24909219817363956,-121.54493563312514,227
3,228,0.18585043971031254,103.1906425262315,228
3,229,0.20940132434592568,29.568537885975893,229
3,230,0.23566100953364244,-14.292858125381183,230
3,231,0.22325780429261724,149.87183890747377,231
3,232,0.1428356573123943,80.64855388016332,232
3,233,0.23998368366735023,-167.74793055865143,233
3,234,0.2393776108102529,-133.2639185629206,234
3,235,0.08811164657225806,-21.743365088029694,235
3,236,0.23384133281750322,160.5779898997531,236
3,237,0.23986024077684243,-505.7705483622863,237
3,238,0.23226622319895826,132.96931065210686,238
3,239,0.24909116447666527,-28.74440692580852,239
3,240,0.2466405794340872,30.59818735081681,240
3,241,0.17826843251067867,215.1344357305317,241
3,242,0.18938107341094415,147.91830483595683,242
3,243,0.10377070903870936,95.7617800741763,243
3,244,0.22823030824573196,40.8862698467814,244
3,245,0.16632660743809954,-254.33230948271373,245
3,246,0.1091644038485333,-7.267264938652733,246
3,247,0.20716222156034944,-29.231427087581025,247
3,248,0.15410325835134742,34.88156622022304,248
3,249,0.2375749235817115,41.63831832344355,249
3,250,0.2225490826083421,80.14773644225761,250
3,251,0.15173312916420284,-0.34548512135868265,251
3,252,0.16087619937062383,-104.64243968938416,252
3,253,0.198285767071936,-33.331576165697705,253
3,254,0.14655617033624335,78.9343836253442,254
3,255,0.23643381135249966,283.452834904456,255
3,256,0.16194098401207427,-13.97124652278887,256
3,257,0.18703625421198647,123.2625177203456,257
3,258,0.2364555907172556,12.557416369930813,258
3,259,0.22653162916876507,-23.51679298067354,259
3,260,0.13811869057824178,113.89830411824597,260
3,261,0.1859784344569686,-24.703840543164336,261
3,262,0.24832062587168027,622.1514559256229,262
3,263,0.23931672796784237,-129.87411784104523,263
3,264,0.21985245357859912,230.3402585186321,264
3,265,0.14842304417533075,67.97523387572738,265
3,266,0.24953456359937587,113.1768949233534,266
3,267,0.2229871714194308,-31.647725175232893,267
3,268,0.24999835239406012,-275.6159259146717,268
3,269,0.21603096858508444,86.95454819728084,269
3,270,0.1726286442973888,-8.559159360563333,270
3,271,0.23054203779404514,-232.1437835672592,271
3,272,0.2059441956263359,-18.30776351979929,272
3,273,0.07550176680078666,-195.14444462638536,273
3,274,0.2174145852892653,-110.6965845230898,274
3,275,0.2498515183533426,120.13288925579329,275
3,276,0.2301067203374356,-118.25981873514665,276
3,277,0.22427485566706057,-100.04114952392034,277
3,278,0.18805773167690468,0.7021933710044035,278
3,279,0.19770293334339442,-12.719435144553229,279
3,280,0.24873512293008826,-252.65887352314056,280
3,281,0.15859441174866334,-22.63196316569127,281
3,282,0.20437160378675456,502.32526983834873,282
3,283,0.20692403849777902,-4.983797476876177,283
3,284,0.1916061492855791,20.790643428492903,284
3,285,0.2439843345029871,-146.3546474790677,285
3,286,0.2492133034785717,180.41105562664126,286
3,287,0.12214043469223439,-23.35522107185691,287
3,288,0.24870720302352833,146.69289805256636,288
3,289,0.15959836183776246,74.10380238915864,289
3,290,0.2182068396510934,211.81436434764515,290
3,291,0.20778918847077837,-28.242095967066188,291
3,292,0.2340215030818015,43.514076445969955,292
3,293,0.22811269566091416,-27.48969512933941,293
3,294,0.2351575880765444,-110.51537637436311,294
3,295,0.24218070057579744,-80.16393389292597,295
3,296,0.2375284603840739,-57.89427424724137,296
3,297,0.22282456963583722,5.239836325788119,297
3,298,0.06170831944436018,34.29289824438016,298
3,299,0.12952959108967557,83.2690659335296,299
3,300,0.24803013647819505,81.83353699241098,300
3,301,0.18789822219406627,76.68198658234019,301
3,302,0.2337234434151369,-10.030870546890743,302
3,303,0.21093692523583896,-24.585277699065294,303
3,304,0.24977732081555284,-151.1299599826522,304
3,305,0.23400265894894662,85.92920978041596,305
3,306,0.13107183656311608,-49.70911202707296,306
3,307,0.12363800905204102,5.482932748797996,307
3,308,0.24507828593835307,198.243959117327,308
3,309,0.24933418965445586,66.99534323159604,309
3,310,0.24995878032309807,47.721304214938314,310
3,311,0.1810037579074662,19.432652743825624,311
3,312,0.21932556122140504,-40.17435365528666,312
3,313,0.23154535549744057,115.77249021549194,313
3,314,0.22352107433681884,-34.34564298612022,314
3,315,0.22878606252923803,198.055719377391,315
3,316,0.2144205151101982,111.31200177611719,316
3,317,0.21132588661338647,1.320568985869965,317
3,318,0.09638785055648326,-45.24856091513727,318
3,319,0.20931889171901333,-16.278785389064538,319
3,320,0.22925835079838608,488.8033900112,320
3,321,0.09730387727727763,64.43687571323996,321
3,322,0.07639705723546525,47.16611356106046,322
3,323,0.20767374572641925,-13.742927636051881,323
3,324,0.23052932951653615,38.499420285353985,324
3,325,0.19820807591091155,90.64327618944664,325
3,326,0.2483208944035309,71.52357678713278,326
3,327,0.22818771099732524,-18.69264002062965,327
3,328,0.1304675110111988,-32.68196531053722,328
3,329,0.22841401583078352,80.97697787734342,329
3,330,0.22398011954651917,-0.12363000276097244,330
3,331,0.20469088462474483,46.428943944641695,331
3,332,0.24670952862665582,-255.33198014884323,332
3,333,0.18306829444629533,-16.50709065165633,333
3,334,0.24992649193353952,13.534028702767266,334
3,335,0.2077001386262126,-35.785782720646296,335
3,336,0.07563071284776832,-3.429698752473045,336
3,337,0.2352170115049427,-474.50331347049286,337
3,338,0.190234985329213,-82.9840246055786,338
3,339,0.20539256583669305,82.72667513170362,339
3,340,0.2160775891584141,-63.2322345453176,340
3,341,0.24287681473383807,-164.740571746246,341
3,342,0.24698825250796588,-57.09022923494345,342
3,343,0.24826873422373755,69.2435785127217,343
3,344,0.20850529693234116,37.27475559277413,344
3,345,0.19799661361599125,-56.75359369593888,345
3,346,0.239882756435248,-124.07152969096124,346
3,347,0.2488311842457437,103.78762597809968,347
3,348,0.19613230320396097,181.49720701685686,348
3,349,0.14220423599421808,25.4071379410113,349
3,350,0.241893688020931,-15.131780190908806,350
3,351,0.24952025949149084,312.978053242927,351
3,352,0.23726079327462293,69.4139874573981,352
3,353,0.2013176423018989,-11.791032019353123,353
3,354,0.07987280303458814,23.53404382608638,354
3,355,0.24056697189895268,-4.565062538580447,355
3,356,0.21282179368906778,-40.15951272014515,356
3,357,0.216896641908769,-263.2317732470618,357
3,358,0.1732432788143498,-24.784584072202783,358
3,359,0.14330081378739065,-15.907681899137112,359
3,360,0.08397583361228271,-34.144005938184804,360
3,361,0.23726502015401937,-29.873385477246778,361
3,362,0.19037566302103232,-13.069532896604066,362
3,363,0.24956076470040478,-231.3828313256835,363
3,364,0.24349888061279368,432.0184799258255,364
3,365,0.15325019445706634,-66.25902138442589,365
3,366,0.17248271614683514,-9.381462474143172,366
3,367,0.24928129144339156,-40.567197173206274,367
3,368,0.20879506848004134,-32.24790400208482,368
3,369,0.24995065046376186,-101.3549225687214,369
3,370,0.20104014596501069,-19.80986915282466,370
3,371,0.23404239082835823,90.38540056353875,371
3,372,0.24930481370664595,236.27046936429863,372
3,373,0.19830452712483942,-24.51530809907721,373
3,374,0.17356890988569787,-41.711985738765954,374
3,375,0.12319535342909153,-2.4386975621214395,375
3,376,0.24352812593976744,-363.95788396097123,376
3,377,0.20650208914781382,131.74453046659153,377
3,378,0.1700476428185258,-34.632352032233435,378
3,379,0.22000802295943003,22.760761857355654,379
3,380,0.24876654582299781,-193.01316693090797,380
3,381,0.15023103880453642,-5.459299407252459,381
3,382,0.15043112043339524,-331.470982914176,382
3,383,0.24997755632673987,-369.43390219706373,383
3,384,0.2392402384391331,165.43248154523081,384
3,385,0.24475589394385328,244.12813482161704,385
3,386,0.18298680069043965,-21.256028783323693,386
3,387,0.249732165691065,-130.62730388373004,387
3,388,0.23660979368677953,28.813182739000766,388
3,389,0.20562288301654943,16.92594625616971,389
3,390,0.20206854552493722,-171.7813453194452,390
3,391,0.11698951239021782,47.37093432303905,391
3,392,0.20820232023416482,-307.0612765168966,392
3,393,0.07641717915029426,-4.238960586117777,393
3,394,0.2070955106024887,-30.143187657095268,394
3,395,0.2477423406351146,-314.41198643224675,395
3,396,0.15684843982608948,-15.746928149662988,396
3,397,0.20008485958449262,52.33853329924024,397
3,398,0.0973833901437001,-4.2321498887966,398
3,399,0.2467115605333483,-182.92407570792517,399
3,400,0.24535874864686352,24.931836961975943,400
3,401,0.2491644691006148,-85.43739409262353,401
3,402,0.24017385332217545,-14.972648998582475,402
3,403,0.22786548175331708,74.70310295613703,403
3,404,0.24901640274639456,-46.99350396931965,404
3,405,0.15447441276543775,-24.207728787604218,405
3,406,0.24988094473322206,-338.56132026857597,406
3,407,0.2284675104413047,174.60309309140635,407
3,408,0.1958041732385121,-82.03217108574897,408
3,409,0.18931758668355012,67.9639398990912,409
3,410,0.249080273377798,-177.20605960043187,410
3,411,0.24996652367297684,-66.75356507894121,411
3,412,0.1799932595769117,283.5781262905602,412
3,413,0.1802544549965105,85.38378436770172,413
3,414,0.24793074797499512,134.6714890778914,414
3,415,0.24951805196991897,83.27813354295023,415
3,416,0.23670340278540372,-152.93629120188913,416
3,417,0.20248854705871996,132.19210978537777,417
3,418,0.21806886843212925,-5.787648194358314,418
3,419,0.20920287242496033,-351.0677994156731,419
3,420,0.24734197699972005,-187.38872099798493,420
3,421,0.1740140241387989,-23.396179013438978,421
3,422,0.24392051347131738,76.94049489015853,422
3,423,0.24450021195588564,46.198585468607966,423
3,424,0.2496888321772161,64.891148232538,424
3,425,0.1294610778623448,-10.639549017322246,425
3,426,0.2367263634699683,-39.96591733152993,426
3,427,0.15018195806079523,46.112640274015874,427
3,428,0.2040852514983983,66.71458104463542,428
3,429,0.16614752232551092,102.35420742929225,429
3,430,0.15126277873329763,65.14209489649431,430
3,431,0.24999972794217165,111.30533918436485,431
3,432,0.07200478011659095,-0.19526501372803762,432
3,433,0.15229035950962808,-5.139980820032235,433
3,434,0.14356579848521206,102.0533713976017,434
3,435,0.24845484417041291,40.48402632657404,435
3,436,0.24309642690024133,-323.3416770444126,436
3,437,0.22961028302033115,-133.70089494680494,437
3,438,0.1444952746451423,-23.96455784530375,438
3,439,0.24255146386482385,-206.04780299396626,439
3,440,0.2476843110768308,149.9491607491063,440
3,441,0.24992911651949848,-133.8257637923666,441
3,442,0.1557122150728109,81.1154708641687,442
3,443,0.15691953810596831,-18.87780199020134,443
3,444,0.21273548052037483,-104.97232228972379,444
3,445,0.24920245164993088,-56.4705368323807,445
3,446,0.20919172637141917,115.29863091126039,446
3,447,0.1350878842006011,-0.11309431280150328,447
3,448,0.23511233854081431,127.45619108606722,448
3,449,0.18009664455079835,-59.681818407550594,449
3,450,0.24338053508796378,-187.13578023390073,450
3,451,0.23934368748521936,-284.38603270437477,451
3,452,0.15830833621872575,104.31023072943483,452
3,453,0.2361010058011122,71.7070848218451,453
3,454,0.21118352888152564,-17.81273411054884,454
3,455,0.2173573088146648,134.86565861226796,455
3,456,0.241175234850133,-138.70983030396715,456
3,457,0.24010898223126542,9.731222963729753,457
3,458,0.2445506822149236,-194.87863038061948,458
3,459,0.24381387781745584,68.06381654401305,459
3,460,0.23656237726944143,298.8586749868865,460
3,461,0.17580019469989686,-36.54499562984856,461
3,462,0.2432333298638929,-10.777285287130702,462
3,463,0.07503190545327969,6.603277367087962,463
3,464,0.24347849323147894,-95.60664416023603,464
3,465,0.22815549780780503,-22.993753783916695,465
3,466,0.14409100440909348,-169.01217402858157,466
3,467,0.18392764880950985,-37.4438622478683,467
3,468,0.12803747199750287,38.69647414553114,468
3,469,0.21188679150793738,-48.69820372593208,469
3,470,0.09435454636612806,58.39112655098181,470
3,471,0.23487348847187214,57.013957413520615,471
3,472,0.17112457392517316,-191.54553768584904,472
3,473,0.20752238232268308,-35.075653603562365,473
3,474,0.17266792889511434,114.97577626647048,474
3,475,0.2472475477606182,195.36435894801738,475
3,476,0.23829929395378124,-12.85774838530772,476
3,477,0.16743805234334508,59.41272402697073,477
3,478,0.24980282646214402,-133.99251094248046,478
3,479,0.1825573545433979,-13.777689084062574,479
3,480,0.22252647197248202,125.60226984979063,480
3,481,0.13325776146563828,-59.40850297183009,481
3,482,0.24754892779896487,-221.14015381600944,482
3,483,0.18705429178190744,68.8092266280579,483
3,484,0.24345536508659793,-57.2098613055277,484
3,485,0.2006750997798161,-43.90703749675646,485
3,486,0.24308685961999163,-62.299009408957275,486
3,487,0.22721362842841852,-45.88885732723697,487
3,488,0.21876074488950725,33.47626322466696,488
3,489,0.24982779904978952,-19.930362239893682,489
3,490,0.19995048248173536,-111.28091845603839,490
3,491,0.08722170243584916,35.82846311451903,491
3,492,0.18279957489776505,-10.74715684615807,492
3,493,0.23361148808696627,-10.143522013072184,493
3,494,0.23640506095485564,-181.49198443668308,494
3,495,0.24632961885166127,282.09529583535544,495
3,496,0.22513796551845044,-21.754754115590693,496
3,497,0.2499635528933267,170.29478084726478,497
3,498,0.12204826827208574,4.459271005884695,498
3,499,0.12030766578381348,-264.2515262017813,499
3,500,0.19306040837752025,87.98649898572519,500
3,501,0.24859202030852984,-43.29887911803874,501
3,502,0.2162054485170747,93.7507876102421,502
3,503,0.24701028928947386,33.50515500448954,503
3,504,0.19016920883897273,404.6626874079712,504
3,505,0.23921553090065523,-61.448625585863454,505
3,506,0.24138553713578378,79.76973184454772,506
3,507,0.13512135595785865,50.659406770367454,507
3,508,0.15081916772208964,-9.786790366193793,508
3,509,0.2289690771591988,-204.73458413661848,509
3,510,0.2468589300090669,-338.17065912612685,510
3,511,0.18039582163491255,-18.35339537873409,511
3,512,0.20433431937702962,213.3567546670085,512
3,513,0.2291926229822847,36.65718006531575,513
3,514,0.24949593313933385,45.72230437862011,514
3,515,0.2314155429096406,-12.370286955588792,515
3,516,0.24999000963750703,-196.0034411880971,516
3,517,0.23674642822934178,89.31482056102176,517
3,518,0.16689552724632448,-160.70844932533805,518
3,519,0.19119889660229486,-55.87551927272672,519
3,520,0.10422360272719577,32.347214363936764,520
3,521,0.19393476216656375,94.67619901473171,521
3,522,0.1837555090671814,-7.746414681828619,522
3,523,0.2311705327137582,183.76693473242898,523
3,524,0.24080346461144325,167.59003457604533,524
3,525,0.227926321141525,122.34035550521756,525
3,526,0.21459408772310343,-264.1784284351958,526
3,527,0.22973023241137314,-34.90613396528292,527
3,528,0.17862952756437483,29.251909440760766,528
3,529,0.18308664717414508,-36.97776768366824,529
3,530,0.2097412917150035,-159.34129004970745,530
3,531,0.24566016853668352,234.96178649250032,531
3,532,0.08525069552640238,17.328273469802863,532
3,533,0.21963287253464311,168.35770049301954,533
3,534,0.20104495535809322,35.74973082171585,534
3,535,0.24877202086427036,92.67033399480925,535
3,536,0.17199708085917992,-21.892996095557034,536
3,537,0.18523631073603036,-55.151684839400176,537
3,538,0.1743661055674247,73.01806968412309,538
3,539,0.24827454997072199,923.7951085910466,539
3,540,0.10777945759351605,29.423170328161945,540
3,541,0.24892857816577035,55.26778322845519,541
3,542,0.22443970678156103,2.4713817028284417,542
3,543,0.10427695659409618,-45.405368350701494,543
3,544,0.2439000910801223,-76.37238794039753,544
3,545,0.07844783041302199,62.68778311589283,545
3,546,0.16840859654248483,-17.805922265348162,546
3,547,0.24751837525514425,0.19574579026762073,547
3,548,0.2485977485456774,42.6714262517947,548
3,549,0.20809187471747548,96.33061172665424,549
3,550,0.16002847578416335,59.85445090166464,550
3,551,0.16673593915383056,-30.089865068628974,551
3,552,0.20419585179633776,23.806178120703983,552
3,553,0.1354317850562128,-9.293642804704954,553
3,554,0.1980506186939355,-78.00479945355738,554
3,555,0.2492552682484922,-240.43136056705782,555
3,556,0.17360204145821118,54.333978654250544,556
3,557,0.1432368738529516,23.36803927729607,557
3,558,0.1954559438271616,194.64182991765634,558
4,0,0.2320967776173054,-1.1904596681737143,0
4,1,0.18941773295963388,-17.240339743287006,1
4,2,0.1529641867117401,-91.76084191499308,2
4,3,0.14198882411151756,-28.032595219814663,3
4,4,0.17584723016635212,-78.84470709635349,4
4,5,0.24997622273041636,-208.97958788791232,5
4,6,0.24911637223713984,11.61932769680089,6
4,7,0.24887451549204884,-163.89211572232017,7
4,8,0.23664551573568954,-233.4391456226735,8
4,9,0.2485022146109249,51.95416660598324,9
4,10,0.2466638907396754,78.3120241483611,10
4,11,0.24714912798484573,-96.82121817814765,11
4,12,0.19430085455354706,-11.740444934782747,12
4,13,0.2149998078495592,398.9076151455625,13
4,14,0.14424764113066807,220.67152007399937,14
4,15,0.24464376489959014,198.8597323530338,15
4,16,0.24995652595773113,-53.60420988818703,16
4,17,0.1195953847645014,-99.69049746941367,17
4,18,0.23492277192975752,68.15587739740447,18
4,19,0.24170623840760513,-114.24788092941333,19
4,20,0.1825540808200938,-6.426911037603681,20
4,21,0.21766903950662328,166.39099161183597,21
4,22,0.24873745490594087,-358.1312057797691,22
4,23,0.16219928454203608,39.02138021306213,23
4,24,0.20109264185923054,-3.8067494308749845,24
4,25,0.2400154427930418,64.06881935294179,25
4,26,0.056876950298851696,-0.7979337867215821,26
4,27,0.20928143834393884,163.96086447591716,27
4,28,0.24999596570291777,-45.76240837851002,28
4,29,0.24532947298667174,-17.968820901175242,29
4,30,0.22133113847188982,94.62017968969062,30
4,31,0.17503770225654744,573.8914212877618,31
4,32,0.1868175192182961,21.30082836071965,32
4,33,0.24999978759518726,-234.52543784894127,33
4,34,0.24855115128563043,17.682044649916218,34
4,35,0.18946291347441402,-5.85779511976796,35
4,36,0.24713568238067374,-199.45232842096925,36
4,37,0.10206686637485653,745.7742207649968,37
4,38,0.24991560302238916,220.872188681207,38
4,39,0.24145248338185427,67.22061203004279,39
4,40,0.23828953133226066,-130.16123819893724,40
4,41,0.22012862770345054,-362.2254631167549,41
4,42,0.11835713877241899,-12.370685504495944,42
4,43,0.1794538770895147,41.44896237490342,43
4,44,0.2072598314289414,-27.096012513715444,44
4,45,0.2466697791523927,48.702220436000275,45
4,46,0.23687726782786153,60.32296128379913,46
4,47,0.09281367119096302,54.27490691063059,47
4,48,0.22535933311228787,133.69489103598625,48
4,49,0.2204425615368653,98.76074071811905,49
4,50,0.24996522216684866,251.28239029308403,50
4,51,0.23040293069608053,-187.4816104485417,51
4,52,0.24921161361531705,83.46056587362295,52
4,53,0.22564376660199117,141.52830641478624,53
4,54,0.11747839402255793,-16.834085397007193,54
4,55,0.24988139607581447,139.5159118064606,55
4,56,0.2379039090311105,183.22102222761578,56
4,57,0.24687715001734745,86.51385120672018,57
4,58,0.24997078743927714,227.1217353127417,58
4,59,0.050137023405934136,3.29891465010136,59
4,60,0.2498410852058931,-31.780773170293546,60
4,61,0.1338194030698542,33.94898819055213,61
4,62,0.22364481261293007,85.07955230303095,62
4,63,0.2037550082659173,-38.68010396981868,63
4,64,0.22120566449993845,-207.6481646849429,64
4,65,0.24612878962337528,-13.183604475487346,65
4,66,0.23053767885041482,289.2030090385634,66
4,67,0.249556921384294,237.34328214515597,67
4,68,0.24962798163659888,-141.03980141955748,68
4,69,0.18919371871305626,-11.771673669217057,69
4,70,0.24962691424403113,66.61036297322735,70
4,71,0.22853743732920223,-276.72689147027694,71
4,72,0.17544887188220112,-85.17190045612436,72
4,73,0.1077646395484379,22.214874959832095,73
4,74,0.2092798659916106,-42.19218714662996,74
4,75,0.2349435232669278,48.75741984240093,75
4,76,0.23793259097002262,-361.6493038226091,76
4,77,0.12784945575141005,102.49640882551714,77
4,78,0.24620964093485104,-11.307858362892025,78
4,79,0.2395306960483404,-239.63971480932335,79
4,80,0.24746750001655546,-107.05421300197463,80
4,81,0.20461542133434424,128.0386483701292,81
4,82,0.1850536944418969,29.185647100771394,82
4,83,0.24848666909348965,157.62853593359753,83
4,84,0.10694856148300222,-6.96371867745027,84
4,85,0.07248578142805988,-7.722623920869056,85
4,86,0.13509609449738857,-93.10374747038752,86
4,87,0.087958557717294,-4.8644007260001505,87
4,88,0.2256869826495749,43.05935083854342,88
4,89,0.23125378955439926,-17.061337058005293,89
4,90,0.23542221341988429,167.3559146115176,90
4,91,0.24925609694821477,57.20359869002452,91
4,92,0.24723269154566097,-156.56216347720482,92
4,93,0.16170196886124197,40.77682711139486,93
4,94,0.2284082099042208,12.059425772159404,94
4,95,0.2330314963404674,-248.62101464731052,95
4,96,0.2485387918421157,-171.87542008869912,96
4,97,0.1317092072654549,179.1795870772267,97
4,98,0.24995366290784823,-12.252497311108424,98
4,99,0.24997622273041636,-248.61548738043956,99
4,100,0.21396110223977752,192.88359157828145,100
4,101,0.2186455557907169,-158.23062658733835,101
4,102,0.24071977290238955,-253.56208961572665,102
4,103,0.10314699274634131,-6.67011853204173,103
4,104,0.23592783379391832,54.97214724529849,104
4,105,0.1992581032689769,-19.810461174280945,105
4,106,0.2277033319695789,-36.90376960505585,106
4,107,0.20718380526582478,-6.433127350542868,107
4,108,0.24065306713533335,-34.633293699320795,108
4,109,0.23473068408333828,173.11981145172464,109
4,110,0.16341440512253308,-15.960179328977974,110
4,111,0.16146066885524246,-16.560752911781716,111
4,112,0.22671497655137865,181.82603108740958,112
4,113,0.2132872404871324,-60.48409246471836,113
4,114,0.24127961163882897,-49.369384430061594,114
4,115,0.24987770195415912,-131.90989126617515,115
4,116,0.201352596485771,-91.31387990591267,116
4,117,0.14048919437000207,80.80548401169845,117
4,118,0.17528741339672274,-16.932377042222903,118
4,119,0.08350983222712358,-12.719492587383673,119
4,120,0.24373195025532532,-30.951464073962462,120
4,121,0.15618836427621421,-7.479079599070568,121
4,122,0.19991733525365304,-33.80295061678002,122
4,123,0.23678047314777192,-315.07743107073384,123
4,124,0.24645944272418774,122.26671687669257,124
4,125,0.2458715537399512,-56.335419388245604,125
4,126,0.11516350494627917,-2.5428437970969995,126
4,127,0.2319808719656404,-18.07720057470213,127
4,128,0.24480002614436994,185.96529492592197,128
4,129,0.2467510094380084,43.8030136602852,129
4,130,0.20212967162152887,28.893132136258465,130
4,131,0.2257440688309263,209.51423217353795,131
4,132,0.19407442185164206,-25.96066978576816,132
4,133,0.23060330474348137,-92.95842254700358,133
4,134,0.23199178321132133,-413.1360215016008,134
4,135,0.24262889118416886,-273.21169606552866,135
4,136,0.2455678287539533,-214.90127007650514,136
4,137,0.2133943828655949,318.72837610289105,137
4,138,0.20592975023814541,136.8955905168636,138
4,139,0.11028318816967664,34.57174470914184,139
4,140,0.2163471171061055,-20.50276958845929,140
4,141,0.21410167067967567,-60.343475614243346,141
4,142,0.24838908272527058,35.369142560836615,142
4,143,0.23612054948706046,210.63347329596616,143
4,144,0.2483283882416014,-45.66183286353213,144
4,145,0.235423789703421,88.04524793327592,145
4,146,0.24137198516012306,65.70070342038727,146
4,147,0.2183300105619855,172.55040331426983,147
4,148,0.24180479631940677,-306.2257057949558,148
4,149,0.2445446446974605,-154.1036556257097,149
4,150,0.18304232060874692,7.655300714071427,150
4,151,0.17160179844469736,-3.235561209544475,151
4,152,0.17989539812702504,361.09324301664384,152
4,153,0.11368811014182707,-2.039898309435765,153
4,154,0.2478683275571753,438.0051747585421,154
4,155,0.23899805494210374,-43.5769161460065,155
4,156,0.1419664209306507,-87.34326908827137,156
4,157,0.20853996689641513,52.05576269822234,157
4,158,0.22698226058895785,-48.149225621709256,158
4,159,0.22003216498135936,108.7687336312813,159
4,160,0.17410267755498562,125.71933451189112,160
4,161,0.19976471480067245,31.751302363887316,161
4,162,0.2058885915090015,46.69066598567943,162
4,163,0.2210244049644672,-401.53866769667076,163
4,164,0.2229153943032383,62.97842902186254,164
4,165,0.19573651761703742,73.451647990694,165
4,166,0.19073358462248594,102.83787824945448,166
4,167,0.2496332441913374,-204.74441600429319,167
4,168,0.24178791323625023,68.581764821784,168
4,169,0.24983678781579416,176.21514851542096,169
4,170,0.19738678662516188,78.5282243785482,170
4,171,0.1143919669013058,-9.415364599670145,171
4,172,0.24216167953375503,1.5051018032894419,172
4,173,0.15350413660894763,-8.977366383871697,173
4,174,0.24313364869045476,-75.13626855501437,174
4,175,0.24938217937482185,44.1944563815464,175
4,176,0.24929759383345437,49.49018947920398,176
4,177,0.24616668608833966,-50.85198448783757,177
4,178,0.24995523981620948,-204.37487616525462,178
4,179,0.19724809889516942,-14.21628864871936,179
4,180,0.24350312944448996,-269.7140296339079,180
4,181,0.228582559254482,-63.03207096945665,181
4,182,0.24676063325434897,165.40824280786143,182
4,183,0.24921178190956128,118.86584615154871,183
4,184,0.1866487452075519,-55.39243107920787,184
4,185,0.24625223322467457,3.7026210669372537,185
4,186,0.2355194145469437,44.792400272405715,186
4,187,0.24780058080583314,43.050885172212205,187
4,188,0.2452514485384434,68.53182100585906,188
4,189,0.24736132084189502,-56.25640620322922,189
4,190,0.24999992806478266,-103.60382541294338,190
4,191,0.14615901421387706,85.67431201537177,191
4,192,0.24999999125435082,123.55646618546358,192
4,193,0.2223596353118285,-58.76852017731562,193
4,194,0.23645425512293727,-294.2952552438112,194
4,195,0.24380314434609096,155.811598080571,195
4,196,0.171825199138053,-0.2620512952288632,196
4,197,0.14369355291725333,-19.02171723172806,197
4,198,0.21526538619913396,160.0314271833599,198
4,199,0.2453639600749902,-274.85311578872387,199
4,200,0.1540486438332855,-7.907828243200266,200
4,201,0.24728305140098597,-13.372926640400184,201
4,202,0.18131329560491335,135.98783909429596,202
4,203,0.16051747008758727,65.50326809430823,203
4,204,0.1894779177491694,95.99391630693707,204
4,205,0.18980669374909537,-33.833876148426526,205
4,206,0.21239565709233038,-94.46587091943263,206
4,207,0.2422358124173104,-224.62901647712889,207
4,208,0.15484596078387164,-16.693041393359337,208
4,209,0.2458401027777307,-40.53831584627482,209
4,210,0.24073471072497052,-40.97433822535927,210
4,211,0.24417652091075082,-181.2605850482173,211
4,212,0.230248338270767,-40.88000376268601,212
4,213,0.2462476372837001,237.2218692968968,213
4,214,0.24555620654410806,310.1193405982123,214
4,215,0.18304978393259724,108.44507182244132,215
4,216,0.2469196121831262,61.55297837422789,216
4,217,0.2074977696601643,-117.11434851870592,217
4,218,0.2406745368873495,199.6118751690418,218
4,219,0.2495816488725768,47.127071999133875,219
4,220,0.18928931621112324,-40.817990187795694,220
4,221,0.20457313437092375,-40.71581906853899,221
4,222,0.24966218261278275,480.620472697348,222
4,223,0.11445746387757419,-304.7142744845807,223
4,224,0.22818506047623335,164.27854501885633,224
4,225,0.22288043101693922,222.62422437357014,225
4,226,0.2492941872365389,138.05780524508572,226
4,227,0.23866834366959347,-97.78280981297095,227
4,228,0.19681631361195,122.42187366243564,228
4,229,0.2239779972037809,30.979218479370857,229
4,230,0.21956977861896168,-10.35834810225369,230
4,231,0.22442236400002466,161.09270562901753,231
4,232,0.16644889470459814,27.75439384825151,232
4,233,0.2430712596325843,-171.77572920252769,233
4,234,0.24153361648392474,-125.86907759734054,234
4,235,0.08615030005593037,-21.653738466449205,235
4,236,0.22854057852427204,164.724722271921,236
4,237,0.2478180803062208,-540.9358903977362,237
4,238,0.22492924386759752,142.90308259506438,238
4,239,0.24998279520445932,-38.12294611135336,239
4,240,0.2454193186348555,15.596618974774708,240
4,241,0.21381969261995531,218.97372529403148,241
4,242,0.13834548098839297,99.09285418383931,242
4,243,0.08591682413091409,79.60131662810942,243
4,244,0.2176142524941351,46.72548433028921,244
4,245,0.21667146268769025,-160.59711408612554,245
4,246,0.10275515418956556,-4.919007330082011,246
4,247,0.19973679007594697,-36.13909212921395,247
4,248,0.1394270142343734,30.740103840616086,248
4,249,0.23741917523741868,51.07202388921401,249
4,250,0.22141943765903904,66.24775305376237,250
4,251,0.1874837180624226,-0.28419695468546474,251
4,252,0.18666158587848547,-130.99251832339573,252
4,253,0.2188064543145683,-30.658378732193622,253
4,254,0.1439218291347803,77.75264219683864,254
4,255,0.24942794194656795,242.14989879354155,255
4,256,0.18080657308554934,-6.326965657156991,256
4,257,0.14425253393529794,65.79187443852226,257
4,258,0.24432866488353974,13.670000622877637,258
4,259,0.23493642859781272,-24.810779540774696,259
4,260,0.13873318623471736,237.90240459359083,260
4,261,0.18128144427604218,-22.75546723928263,261
4,262,0.23974786998605382,507.51975558705345,262
4,263,0.23557233591532675,-93.74499885046666,263
4,264,0.23519795012648598,352.47003842912414,264
4,265,0.17406822946352216,84.36571359214994,265
4,266,0.24961480544120576,104.11387750570364,266
4,267,0.21018387009365488,-40.37356127267085,267
4,268,0.2495030525080363,-292.7239061207811,268
4,269,0.17419877735716918,61.40422915804676,269
4,270,0.14713932753471912,-1.8556623918932775,270
4,271,0.22769684831541176,-258.3786172712294,271
4,272,0.23647803593051844,-40.0774933059028,272
4,273,0.06129025584188172,-185.7534149761055,273
4,274,0.21098248597348057,-129.06185801627046,274
4,275,0.24787550733132743,91.70388154495099,275
4,276,0.22482549576188302,-120.79394182826601,276
4,277,0.2180443232238119,-79.79163104470629,277
4,278,0.1886478711498131,-7.628242442387528,278
4,279,0.18772957957077147,-10.46434133242829,279
4,280,0.24931120453362624,-218.93059005115472,280
4,281,0.18290502082264368,-29.153193419284065,281
4,282,0.16519331492680106,618.364659357123,282
4,283,0.19950816981133648,-3.115726882587353,283
4,284,0.18497305072649745,23.992381270236287,284
4,285,0.24717724768895502,-139.71105449873244,285
4,286,0.24944294714029666,192.89240703978905,286
4,287,0.14661404195892203,-28.406880980042637,287
4,288,0.24983331467608627,132.2176217294064,288
4,289,0.2078272940892311,169.02373717467106,289
4,290,0.2207099385308107,211.52196322676198,290
4,291,0.21934374954297384,-32.59085317235011,291
4,292,0.22956431298020488,39.602608190465546,292
4,293,0.22332863177022858,-0.5408791339801908,293
4,294,0.19269766740888286,-52.355291312210554,294
4,295,0.24774641316374071,-82.90330214072833,295
4,296,0.23965835154777448,-73.7842883209894,296
4,297,0.24398160606979497,-0.559731886887171,297
4,298,0.07837653417794467,44.39619146187264,298
4,299,0.1602874237504815,106.24334869708385,299
4,300,0.24986854116284457,91.9116694354756,300
4,301,0.1969554429628408,74.58983682798586,301
4,302,0.22265546162232094,-9.953234089818437,302
4,303,0.23851500506696072,-34.051963127454066,303
4,304,0.24975264698999464,-138.0593558194951,304
4,305,0.23864886395903157,99.42261996967093,305
4,306,0.10910399028785955,-48.523797082946885,306
4,307,0.1469826827226913,12.249508926980873,307
4,308,0.2488142992153221,201.086175601004,308
4,309,0.24936903069945832,64.61328594473974,309
4,310,0.24988646715910767,70.82812286008101,310
4,311,0.17050427485626188,14.19882847238912,311
4,312,0.2229946319270064,-32.37807024245673,312
4,313,0.2427076555951705,130.97160273060737,313
4,314,0.20586389173902156,-29.109748631661546,314
4,315,0.23651605516037502,213.30662503424765,315
4,316,0.21861918333104807,104.28729408021947,316
4,317,0.21294660650247438,-13.428524632398663,317
4,318,0.11030929161860156,-43.35970678008105,318
4,319,0.19150729906538272,-15.617455502102976,319
4,320,0.23418580408529777,512.5393143566762,320
4,321,0.10544370583241859,69.42902816372283,321
4,322,0.05167008986425515,37.062542679127446,322
4,323,0.24996031795174511,-90.51832335216861,323
4,324,0.22750370974449374,14.168675871943613,324
4,325,0.18370775997638153,87.24997271772224,325
4,326,0.2398977118259345,64.64361571382427,326
4,327,0.2261561460639539,-13.058750516529603,327
4,328,0.21391416139233668,-82.1969753986853,328
4,329,0.23369520454233625,93.2680831187456,329
4,330,0.20093862152916164,-0.3203832302700815,330
4,331,0.2069081789530961,41.858780768103124,331
4,332,0.2499981799297015,-300.55099520335006,332
4,333,0.20409718766148022,-38.09483112647036,333
4,334,0.24956195719661511,28.099920253816904,334
4,335,0.2061527702321444,-38.930414695409624,335
4,336,0.10671071778715405,-5.692636917370114,336
4,337,0.22684593727509028,-346.53872374461326,337
4,338,0.18492513155412893,-79.68337978644061,338
4,339,0.21193142130771628,79.5855673546916,339
4,340,0.22529224777326207,-78.16740772643949,340
4,341,0.2487238155802943,-181.4456805666791,341
4,342,0.24906935172854264,-48.120320652932186,342
4,343,0.2499055234474571,68.88486247626584,343
4,344,0.11284389831445443,-13.999724921884072,344
4,345,0.1874756297960453,-48.4295993658005,345
4,346,0.24955837771021358,-157.31577683795388,346
4,347,0.24454552153540016,109.54283513970218,347
4,348,0.1752463996280813,8.047514548679938,348
4,349,0.10253220949121254,18.047070931365187,349
4,350,0.24049147072328808,-11.173160415599405,350
4,351,0.2488220013350301,319.91117794416243,351
4,352,0.2189278923803881,79.54052084139829,352
4,353,0.1983057479913541,-11.093266941997483,353
4,354,0.09895627935875949,19.96536562420945,354
4,355,0.2429028298269206,-8.170523531518267,355
4,356,0.21663113806177142,-42.86312679114848,356
4,357,0.2244173201697341,-239.772694346763,357
4,358,0.1766741641252757,-18.422312853999152,358
4,359,0.1419154585547783,-11.74491326742087,359
4,360,0.08360017307928286,-55.18915944012099,360
4,361,0.24136521198946412,-36.294301105238375,361
4,362,0.20418811373763565,-16.535618212542765,362
4,363,0.2498170253443342,-221.68566480420768,363
4,364,0.23495761527581524,399.0801485558359,364
4,365,0.1546955936172259,-68.41487696804404,365
4,366,0.1520902343632902,-9.765950524612201,366
4,367,0.24962750247669488,-32.21974592524914,367
4,368,0.21470991167376013,-35.82703212490776,368
4,369,0.24722365386261108,-133.42729857099084,369
4,370,0.20887925423302037,-23.33102430526066,370
4,371,0.2299829550258174,89.65753395768222,371
4,372,0.2460662377430824,226.25973449140952,372
4,373,0.2093444573569784,-17.01559525832228,373
4,374,0.15269139967106085,-33.38961670815313,374
4,375,0.12440515481509905,-0.04646481557539496,375
4,376,0.24414098722065902,-360.8315135353678,376
4,377,0.1899540342076137,116.74475177285518,377
4,378,0.15056988487780334,-29.686188271467536,378
4,379,0.20909771086758105,17.67862409366737,379
4,380,0.2483204007007658,-168.72008705952214,380
4,381,0.20049429778955494,-2.1133705538330143,381
4,382,0.14392598634066145,-360.03365743524364,382
4,383,0.24573936067261512,-279.8095291063925,383
4,384,0.24342609028479437,175.81459113824488,384
4,385,0.24977615836983075,212.47222655183472,385
4,386,0.1900978648364309,-13.830983581687804,386
4,387,0.24906371607853525,-183.90624599630846,387
4,388,0.23834750386192793,39.37487489418423,388
4,389,0.20578394593428123,20.300076671700854,389
4,390,0.22748787300783754,-112.37535780004886,390
4,391,0.13297245574975036,49.831275459679524,391
4,392,0.23344128045046716,-222.07720300840037,392
4,393,0.08803902437116089,-4.769074338907522,393
4,394,0.16488922250159374,-28.332866853581407,394
4,395,0.23772497304126353,-204.42946767420858,395
4,396,0.22530932443317858,-36.58931981924991,396
4,397,0.18175985840940304,54.623874488917224,397
4,398,0.13554258850301665,-7.798299263526522,398
4,399,0.2432658903051782,-144.41609171039485,399
4,400,0.24632313053798263,43.30032735975607,400
4,401,0.24737628204218778,-76.721469255866,401
4,402,0.23510403666777482,-9.786281927986181,402
4,403,0.21987359417449204,76.15962044667303,403
4,404,0.2474131751779472,-22.790661217158416,404
4,405,0.13074088087970956,-27.28290379107168,405
4,406,0.24822380063283053,-247.2602014049999,406
4,407,0.23088988327739426,196.96511375923708,407
4,408,0.22951191266763712,-88.22073773749744,408
4,409,0.1928057373958032,79.76004409304011,409
4,410,0.2497694887100804,-170.63990381650032,410
4,411,0.24616694631771208,-53.91650618162914,411
4,412,0.22064608335531954,322.60130774242236,412
4,413,0.19226555378029409,63.52801886104568,413
4,414,0.2426511555866773,184.98662438286763,414
4,415,0.2484476560486475,84.25663627284342,415
4,416,0.23333535910195768,-131.71485260578822,416
4,417,0.19178770751428928,125.54180719586674,417
4,418,0.24102009820478132,-15.382457425604496,418
4,419,0.20322419421591242,-352.2349932701715,419
4,420,0.2453779615923374,-179.38006534918543,420
4,421,0.18505433927210538,-27.264215953355247,421
4,422,0.2398570241228727,85.75264935406238,422
4,423,0.24738507139629573,73.2466389289174,423
4,424,0.24764497361060417,67.90555113605724,424
4,425,0.10106313698016069,-9.163423303009553,425
4,426,0.2360810075293945,26.675463635238966,426
4,427,0.16577859652917987,52.51525518434818,427
4,428,0.21734027782939344,71.9893839530296,428
4,429,0.16941528559976587,103.09817370704728,429
4,430,0.16943868204207796,42.44226576556534,430
4,431,0.24906507601496417,99.17235688233765,431
4,432,0.10726201170733062,-0.03995790556315111,432
4,433,0.13812839701475468,-5.441777464656326,433
4,434,0.12410979178889352,142.4119922877597,434
4,435,0.2465263524408303,40.96124907643188,435
4,436,0.23647400665516916,-332.93975161986947,436
4,437,0.2315245655390079,-133.18257653608032,437
4,438,0.144552730826038,-21.378196478125872,438
4,439,0.2442793015126367,-177.083593044985,439
4,440,0.2472682751339148,127.82500201613809,440
4,441,0.2486791948018119,-141.65106389505647,441
4,442,0.1195659251074289,55.7679860895285,442
4,443,0.1530236989136557,-22.258406366343024,443
4,444,0.2249819125878934,-128.38001669659175,444
4,445,0.24617673620150562,-54.46748770934205,445
4,446,0.21235241908963196,103.10139952130724,446
4,447,0.12037799232072158,-0.19819931587271622,447
4,448,0.23945572615549926,95.99641855410424,448
4,449,0.16512009137040737,-47.854124879178485,449
4,450,0.24716088593827357,-179.16841727981327,450
4,451,0.2351423401032007,-282.8676816953549,451
4,452,0.16109649686498265,105.45226179310208,452
4,453,0.24766007906029835,60.3632605354578,453
4,454,0.19600428527957345,-17.588317765314798,454
4,455,0.2208655748084487,119.5355659063359,455
4,456,0.2372151118182831,-105.30192795213898,456
4,457,0.23246023188594117,-13.20832439104348,457
4,458,0.24932397236908102,-218.99371964274312,458
4,459,0.24794329801231588,93.99931163029213,459
4,460,0.23843696553064134,228.1084433924585,460
4,461,0.1659190810469821,-40.332981636389846,461
4,462,0.23628418773405394,-10.80969776383444,462
4,463,0.06605917078633344,7.813259889597388,463
4,464,0.23851475361615493,-77.68978141912115,464
4,465,0.20567886262241517,-24.427871971100345,465
4,466,0.11116853296582359,-167.10803147216123,466
4,467,0.19433147636770698,-34.55217629085968,467
4,468,0.13585614884199074,43.7074608062437,468
4,469,0.19843936798674786,-39.994598756581595,469
4,470,0.12450702427509865,80.66056698076359,470
4,471,0.23995963176213322,43.18306596538319,471
4,472,0.17044937311497824,-150.41942840215708,472
4,473,0.21623587823954235,-64.48066095920481,473
4,474,0.17641475313746705,115.41836331136187,474
4,475,0.24788291707201,192.87452176919993,475
4,476,0.22982962242211447,-13.411690929214494,476
4,477,0.16499018817701253,67.86701667206158,477
4,478,0.2499389163517558,-120.64254723817268,478
4,479,0.1811646119646097,-14.86802081008949,479
4,480,0.22221267269229716,143.4495115005323,480
4,481,0.07180507032017928,-54.18770379222316,481
4,482,0.2446417549533351,-194.35637314092682,482
4,483,0.18634846051110937,68.47513797590362,483
4,484,0.23350554579229438,-60.586891241277065,484
4,485,0.2205325764264785,-44.96770703089339,485
4,486,0.2472557031385579,-63.97018532158769,486
4,487,0.22017795640816532,-54.189307595331634,487
4,488,0.21097067509374884,52.239846053154025,488
4,489,0.24995125253623698,-18.7104814247123,489
4,490,0.22151323981002813,-129.62805413497153,490
4,491,0.08944072180561109,31.41646734176597,491
4,492,0.20129868548095114,-0.3167360117535591,492
4,493,0.22651596326511922,-9.161186211547555,493
4,494,0.23127390810881937,-201.84991521780694,494
4,495,0.24990337199242846,244.92416057753948,495
4,496,0.2231359318420252,-26.923537726098132,496
4,497,0.2460426128662234,162.76941408405523,497
4,498,0.0855590598027514,-4.824665752576152,498
4,499,0.14553284379912748,-298.05502849404735,499
4,500,0.2058771120212218,106.18735943494272,500
4,501,0.24610729716314847,-42.873748371231265,501
4,502,0.21150212006088365,96.55759345556784,502
4,503,0.2460592762336725,25.19662154212291,503
4,504,0.1997718070310485,359.41640661459644,504
4,505,0.2326451685180499,-59.252773531073935,505
4,506,0.2378691173753149,81.21847737207676,506
4,507,0.15665985408826344,46.60484747084335,507
4,508,0.16070225162070162,-19.69619399687194,508
4,509,0.23904459681638654,-197.99464261516815,509
4,510,0.2453906530399547,-332.67427227193565,510
4,511,0.19828187206096218,-24.1075275661296,511
4,512,0.1805431254853937,224.2405450020435,512
4,513,0.2220489443602387,40.81641445042994,513
4,514,0.2471667230854144,30.590683691310108,514
4,515,0.22607887659379208,-45.137527599983805,515
4,516,0.2495540579294326,-218.00796296302403,516
4,517,0.2369656704444156,95.41123623226913,517
4,518,0.19388620333876996,-111.86530231631124,518
4,519,0.1938669234633114,11.483361678219097,519
4,520,0.1606114364724304,57.564088340770496,520
4,521,0.21949228876322724,119.11511134082892,521
4,522,0.1782401530447791,4.471296535706373,522
4,523,0.21191304575108588,174.51210525720668,523
4,524,0.2398445096176965,121.11940090062437,524
4,525,0.22885764489867244,128.6421824708071,525
4,526,0.18402897427320597,-284.87326948655345,526
4,527,0.22857206131743266,-40.92143586328079,527
4,528,0.18561311914095327,27.93059610216927,528
4,529,0.1813516094236506,-29.203790039843483,529
4,530,0.2177623486539098,-190.88655697273057,530
4,531,0.24382397025796443,246.63339852553858,531
4,532,0.07782363960567518,20.541838665277865,532
4,533,0.23957366399157104,135.7097633588547,533
4,534,0.20921561745293138,38.33404323159158,534
4,535,0.2496348103615512,80.10515203587386,535
4,536,0.18100035549003285,-20.55023168182067,536
4,537,0.23138385708059886,-71.4751911348756,537
4,538,0.19113656242591187,96.17367424945813,538
4,539,0.24986120656960883,826.8029625522531,539
4,540,0.15731647169384896,43.36086948185574,540
4,541,0.24812807197809025,39.8186641808791,541
4,542,0.2252227953405372,11.942632983557523,542
4,543,0.03644875159825913,-16.615571459938554,543
4,544,0.2399651590546921,-83.94572118003386,544
4,545,0.0916922337707506,59.80208220974741,545
4,546,0.18774772380456461,-19.707710951797775,546
4,547,0.24719923926109758,0.8672974213035722,547
4,548,0.2488840797740671,42.49888470232028,548
4,549,0.23087029225849917,114.09500001312257,549
4,550,0.1596454445892206,54.869305006814756,550
4,551,0.1568467717991567,-28.260210154636514,551
4,552,0.21400818524244505,58.68398273985224,552
4,553,0.12517800660577427,-9.613718073489482,553
4,554,0.17583149582704993,-66.79775257086179,554
4,555,0.2485633484275082,-276.26255800298696,555
4,556,0.1566405226025576,38.374212796621464,556
4,557,0.15611819968659565,39.73241790142087,557
4,558,0.202960906523889,140.81157269883875,558
5,0,0.22962422740016697,-3.4295328240889003,0
5,1,0.20465486208909953,-24.120324330850806,1
5,2,0.16973599991345734,-125.00069380547015,2
5,3,0.17403781263933543,-37.41896497619668,3
5,4,0.18840897622463518,-99.77491986790106,4
5,5,0.2484843034118333,-234.0190871959786,5
5,6,0.24640324211285364,-7.4640698583623095,6
5,7,0.24994901232405084,-184.17662107311878,7
5,8,0.2362418480356071,-251.9163949236749,8
5,9,0.24810428323521888,57.778104274193254,9
5,10,0.24620282218579026,73.073252957403,10
5,11,0.24800829290169496,-90.38826500269457,11
5,12,0.2200339582493589,-19.87933183663784,12
5,13,0.2484619493643281,286.65708573480356,13
5,14,0.14207814421327344,445.2524966195757,14
5,15,0.24330498443858137,195.58485649488432,15
5,16,0.2494869679072036,-82.75439247722427,16
5,17,0.15507996564200519,-144.6030957930435,17
5,18,0.23099666489732554,68.19939008238455,18
5,19,0.24164429625024994,-104.22069096319156,19
5,20,0.1899386672393239,-3.3343575873504943,20
5,21,0.21632306246470137,169.80207944369747,21
5,22,0.24197604793962513,-303.8508157027792,22
5,23,0.15983306380407886,35.68443041949407,23
5,24,0.178890828070668,-2.522392620526466,24
5,25,0.2414084646465409,70.80107331037001,25
5,26,0.06075346971343637,-0.6370596528023427,26
5,27,0.214238982026579,165.05072572584422,27
5,28,0.2499933315296159,-50.86463026948212,28
5,29,0.24788414823795213,-28.007063880062613,29
5,30,0.21391194114423326,77.12766969175728,30
5,31,0.19551520771773032,383.4330488313799,31
5,32,0.2109277384633296,32.66197801646635,32
5,33,0.24975767749708402,-224.96220164018234,33
5,34,0.24950749389825852,82.63418097184946,34
5,35,0.1746620701497308,-3.1334566943801794,35
5,36,0.2487441984469537,-244.23085284933046,36
5,37,0.17790133702567457,915.7784768639376,37
5,38,0.24998763350037118,229.9807424512866,38
5,39,0.24461988198769247,81.94683176350274,39
5,40,0.2434884372939826,-111.57273377744305,40
5,41,0.23170875602919308,-344.09663124444626,41
5,42,0.11175953856936083,-14.430215791190538,42
5,43,0.19056937060973364,24.913032379524562,43
5,44,0.2083376537309558,-28.49890535612314,44
5,45,0.24366755073526603,58.15047443382089,45
5,46,0.2462414027937674,49.30382279981362,46
5,47,0.10918493391278428,65.00919299729524,47
5,48,0.21094772426097388,115.28658318224007,48
5,49,0.2195560749228675,83.881736072921,49
5,50,0.24785786371671048,273.93027739607766,50
5,51,0.21888593559564928,-224.70074036809766,51
5,52,0.24636204194068792,98.03795469290928,52
5,53,0.2264461726113329,146.49143998183484,53
5,54,0.12166471900513903,-38.53027202147727,54
5,55,0.24954125055025494,121.74540145210199,55
5,56,0.2325213797118984,165.44110721848028,56
5,57,0.2440862464420516,87.19335756764298,57
5,58,0.24999910061252983,239.09307513792945,58
5,59,0.06846947794464846,2.1418275084349236,59
5,60,0.24990571267666511,-26.614621754974685,60
5,61,0.15927769484134005,54.36308819168698,61
5,62,0.23231640791151703,96.78788383199175,62
5,63,0.1992735753338381,-33.767667960403585,63
5,64,0.2306515003828063,-147.92236559475506,64
5,65,0.2467422412234181,-34.20576889580744,65
5,66,0.24915081418597076,257.17031357756406,66
5,67,0.249504443097641,223.72023077984713,67
5,68,0.24937326316852834,-166.64150041313465,68
5,69,0.21533834675712665,-6.687396749708386,69
5,70,0.24857438422340078,81.56523649468751,70
5,71,0.23199450402724164,-265.27671293684966,71
5,72,0.22912990063871233,-82.67028176313666,72
5,73,0.11900573477186902,18.85040283755428,73
5,74,0.22514648643496885,-38.115120815341086,74
5,75,0.22850913436909312,48.4468215256628,75
5,76,0.24983777111540437,-254.28793865428983,76
5,77,0.13277315750645993,106.60539982180849,77
5,78,0.24986558554617957,-4.855996208109991,78
5,79,0.2362535398706236,-275.6352557105805,79
5,80,0.2484391181777663,-84.83370248099573,80
5,81,0.2126359995153773,138.96568465656802,81
5,82,0.20115614546096525,46.091511964001086,82
5,83,0.2499777191086112,176.4449611829864,83
5,84,0.10531575795177615,-6.285438097572218,84
5,85,0.12187694958216494,-13.73448205468685,85
5,86,0.1573537802347985,-81.01456226682845,86
5,87,0.13405864799514725,-6.68480507343706,87
5,88,0.24134643779660073,36.52907365205218,88
5,89,0.22721815679662002,-21.468940115654988,89
5,90,0.23558661495165614,165.28939162774785,90
5,91,0.2486362680322375,62.86436807160917,91
5,92,0.24426090955607369,-157.14740502858803,92
5,93,0.1613647619398367,42.335222637225776,93
5,94,0.23360060893557497,17.823295289724324,94
5,95,0.24841930625682965,-228.59886557842634,95
5,96,0.24998365864904049,-152.05178149316444,96
5,97,0.14661629574141258,88.97629636820055,97
5,98,0.24999718770560864,-42.68568065535615,98
5,99,0.2484843034118333,-276.5829952825871,99
5,100,0.22528058702377435,196.32716442270197,100
5,101,0.22624191713000458,-195.9825966391256,101
5,102,0.23414615556691665,-270.78477890537164,102
5,103,0.13215315429196434,-6.554568820586365,103
5,104,0.2372501252001819,38.50215949121723,104
5,105,0.19887431420851348,-21.672190460182684,105
5,106,0.2135728941401997,-24.108654624271512,106
5,107,0.2126539642721855,-8.944692158536949,107
5,108,0.23295381465260037,-22.09156544610107,108
5,109,0.2345512413807166,157.95146244144803,109
5,110,0.1613172112206853,-13.855265130340147,110
5,111,0.18276594811288668,-26.499526798019005,111
5,112,0.23386660714521187,189.73289091376034,112
5,113,0.22325366116818432,-57.925498583661174,113
5,114,0.22787384352516493,-29.964250066682872,114
5,115,0.24975598397156612,-112.31698932322246,115
5,116,0.23785697942746725,-125.57721062977606,116
5,117,0.14090911496741154,79.9410793731937,117
5,118,0.16543960934965884,-12.145003930248885,118
5,119,0.12423810260996232,-14.700043208218323,119
5,120,0.24511524943119495,-38.098589824894034,120
5,121,0.1803303540944398,-3.34030610765714,121
5,122,0.2026838964267385,-39.08494135269987,122
5,123,0.23978752769997577,-243.43281553246064,123
5,124,0.24602449562321116,102.40718062892444,124
5,125,0.24668912519964878,-64.40333079921916,125
5,126,0.09391750433683001,-1.7404365818383971,126
5,127,0.2317390141399207,-4.61153915873219,127
5,128,0.24080021303693758,212.45744514736526,128
5,129,0.24771418439071222,69.45079354309578,129
5,130,0.19533561415345072,29.302981638908765,130
5,131,0.23450473318484885,210.27326570878148,131
5,132,0.20568889197194376,-27.171321409270572,132
5,133,0.22686765433182257,-70.58718680354312,133
5,134,0.24295432629536146,-386.75239673957833,134
5,135,0.23891346727245263,-293.63636565810384,135
5,136,0.236965224798982,-285.17070656125117,136
5,137,0.21970221183680586,249.5841673899182,137
5,138,0.20312191448558828,118.81776228779127,138
5,139,0.13407290023532117,44.835348112105976,139
5,140,0.22344538393962,-26.337820072743376,140
5,141,0.2203226090077038,-51.81241962616134,141
5,142,0.24938143731293674,36.80894092261794,142
5,143,0.24789279013661863,184.51974867886355,143
5,144,0.24915527257474315,-38.36953604087074,144
5,145,0.235161573318121,82.80994484819927,145
5,146,0.22841092078935119,65.38456383593397,146
5,147,0.22861140419606388,170.1001111087553,147
5,148,0.2428278716166306,-311.33965196502925,148
5,149,0.24472662972639214,-142.2415040822099,149
5,150,0.19355193873659832,-15.830927860850991,150
5,151,0.16414246820556538,-6.41612657532394,151
5,152,0.1997120187029705,379.7388798831452,152
5,153,0.14248333492750512,-3.1539312948453198,153
5,154,0.24999802023510753,535.4284843929205,154
5,155,0.2430558536206139,-43.80285694492702,155
5,156,0.13536838615911095,-79.2865655358829,156
5,157,0.14822835477112026,38.02681325302881,157
5,158,0.22097276614346956,-10.83155478006698,158
5,159,0.2258755276428807,112.62260908425294,159
5,160,0.15971163463812896,112.81020437578792,160
5,161,0.19765624495732573,37.75156763514932,161
5,162,0.21273774131848727,53.63792132764623,162
5,163,0.22307793503369663,-371.43663559110826,163
5,164,0.22816991636228184,76.04094482407099,164
5,165,0.1925241479061205,79.06114328215934,165
5,166,0.1989560471907113,117.96631032612643,166
5,167,0.2497089514201628,-209.1275566397569,167
5,168,0.2499703938639394,86.80655943355481,168
5,169,0.2469017003335357,162.32000428311463,169
5,170,0.18564487078206846,76.16998559577449,170
5,171,0.12846903941683316,-12.850653699688198,171
5,172,0.23432351778454585,-6.349934143344285,172
5,173,0.23889967510593837,-42.09689920948037,173
5,174,0.2428936718291625,-83.96019010134896,174
5,175,0.24920222373900278,82.34646129949516,175
5,176,0.24648282584873776,26.060871487913715,176
5,177,0.24906135188055525,-63.474389831820815,177
5,178,0.24986189335608752,-209.2950470691177,178
5,179,0.20862632810758464,-19.365016302118132,179
5,180,0.24585207935447026,-271.1100234292855,180
5,181,0.2233803175703015,-57.66272131715673,181
5,182,0.2434915119930198,211.01278477498573,182
5,183,0.24264759189821988,117.87097679721465,183
5,184,0.2048450239076708,-48.82417270076028,184
5,185,0.2439186448953073,-3.9535452388673313,185
5,186,0.2474341210034443,63.449131969214136,186
5,187,0.24993137847870428,42.22349937241704,187
5,188,0.24360017812924023,86.504334928514,188
5,189,0.24904630866567262,-34.1492426783426,189
5,190,0.24959178124605955,-111.76018532312955,190
5,191,0.15055163382587533,86.94193228080674,191
5,192,0.2499894452200692,137.97935112167409,192
5,193,0.2110484941803229,-34.5309704163222,193
5,194,0.23396998685318454,-231.4342751106774,194
5,195,0.24996279652161235,122.37344334303685,195
5,196,0.19958272165458527,-4.2008740827491025,196
5,197,0.16848019823456364,-27.791547035021033,197
5,198,0.22494365925007895,162.37026570285002,198
5,199,0.23968850563969793,-339.6358825113513,199
5,200,0.1441052430645548,-5.8659554832940906,200
5,201,0.24653759704123077,-19.903161091928915,201
5,202,0.17664744121075204,131.8257870866364,202
5,203,0.18107580917034213,73.24427607632231,203
5,204,0.2026684798481445,108.46433173360307,204
5,205,0.1892299220127797,-44.215343226342135,205
5,206,0.19526772652761412,-96.37549854496271,206
5,207,0.24847043878183328,-210.9970800320059,207
5,208,0.14899653154559916,-12.83625508112161,208
5,209,0.24705177454177948,-27.241652752430937,209
5,210,0.2444625447475207,-48.65367652792015,210
5,211,0.2395359293415066,-192.15336375190512,211
5,212,0.22591997182408882,-43.606516201600094,212
5,213,0.24092351208231655,237.30508743782178,213
5,214,0.24906803647252496,396.3284912681853,214
5,215,0.19703993909989587,126.87712978297264,215
5,216,0.24907841715572418,139.42339578241476,216
5,217,0.21557967719196627,-114.23763816326216,217
5,218,0.24234810215752717,180.78310619033059,218
5,219,0.2494171700263731,48.85761641187843,219
5,220,0.18237792019196034,-34.88084422337339,220
5,221,0.22582060455104933,-32.222076439415936,221
5,222,0.24925285074227269,410.0933184506672,222
5,223,0.13073192175293435,-314.2191819873448,223
5,224,0.22688209797980635,150.75460842120424,224
5,225,0.20170041198804506,188.21995788081534,225
5,226,0.24514734210688452,137.63891530667425,226
5,227,0.24525596970125982,-72.57292929138156,227
5,228,0.19370269098633947,106.01497016216076,228
5,229,0.20511496396668855,31.781169113797496,229
5,230,0.23003436953675085,-16.007267869787032,230
5,231,0.22218678949731935,157.76650950627396,231
5,232,0.15627235319912577,35.656256551649804,232
5,233,0.23576295880148593,-151.4617166590795,233
5,234,0.24602472393336086,-96.64772293762165,234
5,235,0.09421692883037897,-21.073120050797307,235
5,236,0.23071398514062502,167.44712081509456,236
5,237,0.24995798897715088,-488.2576313613361,237
5,238,0.23221344416508388,156.47916209085287,238
5,239,0.24988917211339756,-36.88211616465483,239
5,240,0.2470708011150022,9.253066319001764,240
5,241,0.21204490607837775,200.7741113996382,241
5,242,0.17797810817354015,141.55480457116585,242
5,243,0.12152287447410702,65.6603304514374,243
5,244,0.2172749246900318,72.37721113312035,244
5,245,0.21434833288683305,-168.23702455743546,245
5,246,0.07920404206125334,-3.546821217391958,246
5,247,0.21896637266019944,-49.501153143854005,247
5,248,0.18299709876453185,45.82730530451456,248
5,249,0.23605746427135832,54.62238450089625,249
5,250,0.22450766979223089,76.4123758467141,250
5,251,0.19350665146144702,-2.314467057185324,251
5,252,0.1761338785160595,-110.71545536978225,252
5,253,0.21367499377586338,-35.1812180287758,253
5,254,0.14017419814604065,74.59860572134379,254
5,255,0.24973800647737418,211.61511161036825,255
5,256,0.18873664475020785,-9.483010289648536,256
5,257,0.1713704562155154,96.85228858065213,257
5,258,0.24727779878294387,18.803034076211567,258
5,259,0.23445330463279115,-22.33287534140414,259
5,260,0.19762173663334745,169.1067984182122,260
5,261,0.1785472229148162,-28.11333099520288,261
5,262,0.24672948964953362,675.2405336849924,262
5,263,0.234238333867611,-104.89212865101926,263
5,264,0.2150560494962587,500.38904621298076,264
5,265,0.1565535611547685,77.35913685521213,265
5,266,0.2494170664529736,111.64189391734146,266
5,267,0.21612609258862123,-36.0006318115149,267
5,268,0.2497907102927976,-289.37147112594494,268
5,269,0.21676332772627224,84.84319701178265,269
5,270,0.18713176525207853,-1.6777869018077316,270
5,271,0.22679520623641214,-265.8462362209009,271
5,272,0.20969338739488788,-27.589585239872626,272
5,273,0.0890968028640694,-188.7528701857312,273
5,274,0.21997979979306717,-131.72894459435935,274
5,275,0.2498437039974562,92.67480231075677,275
5,276,0.22805774058843725,-141.64310719873828,276
5,277,0.2234242144946227,-75.2826442509029,277
5,278,0.1888255041318181,-4.0754887275059275,278
5,279,0.1993879163397415,-20.82814414289851,279
5,280,0.2492032908955778,-284.3156886524136,280
5,281,0.1825661195234643,-33.09804602301295,281
5,282,0.18334515523179964,719.1517318158284,282
5,283,0.19526134320022448,-4.259010308929929,283
5,284,0.16196970152465212,17.866686932890996,284
5,285,0.24458492749124094,-160.5978247796024,285
5,286,0.24730652454479718,168.88044576691388,286
5,287,0.1624517669898388,-27.260593700463467,287
5,288,0.2489310773711612,120.31166913620895,288
5,289,0.24638875070140936,244.7571607347363,289
5,290,0.22290735630429057,213.59273830939267,290
5,291,0.21271854814962946,-34.40321698366991,291
5,292,0.2322870252726109,44.28087556878968,292
5,293,0.22147984325827505,-18.42713433229645,293
5,294,0.24868381791084312,120.04382034716531,294
5,295,0.24185143394361944,-83.98216518420345,295
5,296,0.23866810620242415,-68.90245931689952,296
5,297,0.2429396517345584,-3.4446601214364847,297
5,298,0.10531878293928838,61.65898234294416,298
5,299,0.13994058821119246,91.42380525025527,299
5,300,0.24725431595246397,86.78514396116536,300
5,301,0.2028769069435245,78.88325848642414,301
5,302,0.22369872383188336,-7.561618073119713,302
5,303,0.2242062239491394,-20.82515159196535,303
5,304,0.24671424144061405,-134.74556767204817,304
5,305,0.2368446516984625,85.93104110885179,305
5,306,0.11620019520928301,-39.445702269840424,306
5,307,0.16051826384916684,7.252258786775178,307
5,308,0.2481295704522325,195.46324539180037,308
5,309,0.24999704391436092,90.3324040499956,309
5,310,0.2499099079057019,61.65045257458267,310
5,311,0.13614656838979944,4.59591424709086,311
5,312,0.22416939242065387,-45.709066541522034,312
5,313,0.24242296561813093,143.71026564537686,313
5,314,0.22300649246475873,-24.25562768972574,314
5,315,0.22426838670198224,226.47781294482925,315
5,316,0.22202996667505887,102.05462049227096,316
5,317,0.21717134921576922,69.95050019430941,317
5,318,0.10690749306931739,-50.1150985300125,318
5,319,0.2105843753819055,-19.427864984583046,319
5,320,0.2397890116263789,450.66059129254074,320
5,321,0.1093271935435343,73.18356998656198,321
5,322,0.10672001121039673,82.06423739986921,322
5,323,0.24999672924836538,-150.35839222678715,323
5,324,0.22887270149206546,25.66604488579239,324
5,325,0.19432311984846998,52.1117499972041,325
5,326,0.24186467197634215,60.11533361282861,326
5,327,0.23035608940824248,-20.202249099609737,327
5,328,0.1949446373525035,-74.03663831284928,328
5,329,0.23156659493760773,91.22767171977638,329
5,330,0.2142539669701532,-1.8017383173281183,330
5,331,0.2171649665564909,60.0539807678802,331
5,332,0.24999590546891634,-295.36685453142684,332
5,333,0.17051592887176342,-15.904500928244344,333
5,334,0.24984232622085784,23.539437694268713,334
5,335,0.208246562575021,-37.255258640218265,335
5,336,0.09240606096867204,-3.5480871460687418,336
5,337,0.23550169155660616,-400.8120873007247,337
5,338,0.1804911266092963,-68.9370517415147,338
5,339,0.22786571583016604,78.84141648398543,339
5,340,0.22242444756115376,-78.4742868689154,340
5,341,0.2310022297482156,-154.65618992258504,341
5,342,0.24747825405264864,-52.674016567862886,342
5,343,0.24997148170249966,61.089848926576984,343
5,344,0.18572495514800424,58.96507474464877,344
5,345,0.19962086397538015,-40.45161519917605,345
5,346,0.24943574960640583,-152.25702767463773,346
5,347,0.2484686786532024,98.32492067908228,347
5,348,0.1877535949852132,14.918606120842373,348
5,349,0.13070336422530862,22.385238189611172,349
5,350,0.2384373647639274,-17.363507302217297,350
5,351,0.24999933818583406,295.81416090752776,351
5,352,0.23906471704671253,100.24953205534062,352
5,353,0.21867607827264285,-12.681740732635818,353
5,354,0.0926282765670919,21.752143616471397,354
5,355,0.2360364870033193,-13.716207942153174,355
5,356,0.213810476610867,-53.53228104622485,356
5,357,0.22490079378178252,-231.8946365847892,357
5,358,0.1807660688355795,-16.228673374936413,358
5,359,0.13682192733742368,-11.213817160946842,359
5,360,0.09794370320515582,-50.528750038401384,360
5,361,0.22906880393264012,-23.356797879889925,361
5,362,0.19940595220495974,-15.931745819576854,362
5,363,0.24998664565722434,-201.49419481212374,363
5,364,0.24547024425689032,466.33468672728037,364
5,365,0.16940956696486326,-58.41330506325855,365
5,366,0.1651935073089631,-10.739858988283938,366
5,367,0.24971790260092627,-60.93582542267028,367
5,368,0.20199532484285912,-41.31337725257298,368
5,369,0.2491721871613606,-127.92287463304304,369
5,370,0.2070731757383909,-27.30088716639454,370
5,371,0.23199048027447575,91.65822260541412,371
5,372,0.24977095792877654,236.89490527273517,372
5,373,0.1926382821165029,-11.932216669008103,373
5,374,0.1685665556143585,-53.39582960395713,374
5,375,0.1891557544176255,-0.09412686563181123,375
5,376,0.24321931239664352,-358.053954767323,376
5,377,0.20823502884116807,136.9632329196022,377
5,378,0.16918411507833403,-34.083611392299375,378
5,379,0.224377995049045,7.647042099277843,379
5,380,0.24934776169062223,-197.7872075795822,380
5,381,0.1809029018391654,-0.8287798076523715,381
5,382,0.1939157917240061,-307.03736103598504,382
5,383,0.2475878496006934,-354.23080630289684,383
5,384,0.2393867047561888,157.3806710685995,384
5,385,0.24955518827412912,211.14357832366602,385
5,386,0.20972960009241184,-24.134607422514208,386
5,387,0.24946929887396704,-131.45847564806428,387
5,388,0.24152751832144398,28.777631960585563,388
5,389,0.21272511259186566,18.90270545444314,389
5,390,0.22104191279874566,-103.94643929689143,390
5,391,0.13853003729378702,54.73419099188707,391
5,392,0.23659312866884605,-250.51844018059424,392
5,393,0.10736213213978067,-4.744344261407278,393
5,394,0.19026236905001098,-39.3124291267047,394
5,395,0.24959730834341806,-263.2657061028685,395
5,396,0.147174210977284,-29.816384644665924,396
5,397,0.19082136937403993,46.18249085726047,397
5,398,0.12926963686935158,-7.485550495965718,398
5,399,0.2401404037356794,-149.02631042181378,399
5,400,0.24463094346281625,36.34954802237449,400
5,401,0.2494136698796813,-72.68136127773982,401
5,402,0.23688266392102814,-17.16984841906447,402
5,403,0.22312192032825223,82.70915092210078,403
5,404,0.24786881841218775,-17.414478475607684,404
5,405,0.1520206992050709,-34.02564702841812,405
5,406,0.24934986653338298,-287.7847269302114,406
5,407,0.23205855168077585,198.43822463595805,407
5,408,0.22281486157667688,-101.83557313088828,408
5,409,0.192525042474326,73.04642972431229,409
5,410,0.2499062282092459,-192.25957748490845,410
5,411,0.24350192163872217,-59.551385647868415,411
5,412,0.18684940753226278,263.8845742497275,412
5,413,0.19365907724956535,57.77303039868968,413
5,414,0.24335284235967528,190.25004203496857,414
5,415,0.2484952571768323,84.2284814567086,415
5,416,0.23237635184629704,-111.4812259604916,416
5,417,0.20531506802845023,128.46931121593948,417
5,418,0.24529457760593432,-13.206285746070709,418
5,419,0.22411338350164067,-310.5206434640822,419
5,420,0.24773754506063053,-194.63064699518324,420
5,421,0.17238226289398878,-25.097984622826317,421
5,422,0.24464739369264873,90.99922329799102,422
5,423,0.23217875748174308,39.29816861036119,423
5,424,0.2494262155347097,67.57983524609922,424
5,425,0.11911329647730462,-9.521217156743582,425
5,426,0.2429762313457607,20.152468914040362,426
5,427,0.15579444197175557,57.541455130784065,427
5,428,0.21233725187301924,69.65029246268921,428
5,429,0.18616670196946375,113.37135617163466,429
5,430,0.16051645878767268,21.01520429803268,430
5,431,0.24979128988940003,91.05347326205872,431
5,432,0.10034600904677762,-0.04266857659054736,432
5,433,0.14818113275953013,-5.871813230913716,433
5,434,0.13062078831483218,196.7681422202741,434
5,435,0.24693148296679387,50.014859547345374,435
5,436,0.2387992606111278,-335.4044757848143,436
5,437,0.22076980537999086,-129.64384360074553,437
5,438,0.1669622582826121,-26.800607098787985,438
5,439,0.24516359369865068,-194.5825220592023,439
5,440,0.24932206066416152,157.911566282594,440
5,441,0.24790358288858158,-145.266251445311,441
5,442,0.15296528635275902,86.45804341889087,442
5,443,0.1796446498852123,-31.97831423452824,443
5,444,0.21718826485264,-110.75929655976346,444
5,445,0.24874063267778138,-40.43124510011697,445
5,446,0.22177258737117783,67.54547094677885,446
5,447,0.10702759956250636,-0.19883264166699485,447
5,448,0.23712488351840674,130.7364276237608,448
5,449,0.1706407320646032,-65.19170520303273,449
5,450,0.24600080945640457,-201.87651755242192,450
5,451,0.23493931375646765,-296.3339668040991,451
5,452,0.1488864481886687,96.65026479375983,452
5,453,0.24792855621411575,101.29913548691724,453
5,454,0.21355265372081814,-22.50604300287405,454
5,455,0.22184234811630735,136.68790494516418,455
5,456,0.24379323383845458,-99.91876936436847,456
5,457,0.2423535943985156,-11.943155279839669,457
5,458,0.24658706821213486,-209.41300959766832,458
5,459,0.24987375883287483,84.29321392341771,459
5,460,0.24369915136940629,294.6658530615139,460
5,461,0.17309595219918403,-44.30006334045559,461
5,462,0.2426587456404503,-18.989410687365773,462
5,463,0.09099297348707153,12.8090892021442,463
5,464,0.24602370862757966,-97.03654877372563,464
5,465,0.1939131878542316,-30.912007559374793,465
5,466,0.19099803862161738,-148.91597187798257,466
5,467,0.2162318035376223,-47.58094971092738,467
5,468,0.12086673051144593,34.35209576642454,468
5,469,0.19654834803863988,-59.45558658668726,469
5,470,0.11315754444147519,71.51748713479383,470
5,471,0.239457008748301,35.16656061483361,471
5,472,0.17774036257418466,-203.4911155520866,472
5,473,0.21106940121437812,-49.88467419289848,473
5,474,0.18185935739471829,118.28325467634326,474
5,475,0.24363252909224628,172.9354021372953,475
5,476,0.23205869499610715,-16.948453775326865,476
5,477,0.18197858837089345,37.75549871718357,477
5,478,0.24999509826500188,-126.4400846221522,478
5,479,0.1985441165241277,-17.393575520283946,479
5,480,0.2212939229735054,149.0497446758798,480
5,481,0.13314271187624666,-61.90817441119199,481
5,482,0.24807727938120352,-224.14645692667438,482
5,483,0.19380167719517652,85.03632144491196,483
5,484,0.23876458960102287,-4.6734312071875195,484
5,485,0.22753464898990616,-58.40266602311938,485
5,486,0.2450300852843438,-60.507877546789445,486
5,487,0.23143944049426454,-58.172629865178635,487
5,488,0.20250414991943205,36.03737663373116,488
5,489,0.24862297681631873,-20.21133976249546,489
5,490,0.2295073989985844,-165.783490020052,490
5,491,0.10981957097631138,27.629313759030662,491
5,492,0.2239639020153806,-3.78200827161695,492
5,493,0.22647400827675762,-12.641615598382169,493
5,494,0.23692159324429266,-187.53892884720517,494
5,495,0.24993175950816282,229.39431374706777,495
5,496,0.2206911006786008,-25.10354464062754,496
5,497,0.24961932119765873,127.83670766951003,497
5,498,0.10051287998104506,3.058371790541763,498
5,499,0.1398821116772222,-302.9805376254066,499
5,500,0.19553589093276452,95.95557841884914,500
5,501,0.2452096669492534,-40.572516297656804,501
5,502,0.21729869912162925,100.44792151111344,502
5,503,0.2456519674229044,31.332289110345926,503
5,504,0.20912624235698524,378.31587230857576,504
5,505,0.2386205974252081,-69.47870191616185,505
5,506,0.23750423898078843,92.28016785352602,506
5,507,0.1468318449449986,45.858934695870985,507
5,508,0.12352441601893673,-17.832189896235207,508
5,509,0.2254646922890912,-202.65182143039476,509
5,510,0.2434284026629856,-341.9661081784818,510
5,511,0.20396519767832966,-23.289357279604484,511
5,512,0.1948043940070702,158.76988045370146,512
5,513,0.22980651549829362,56.81441777786186,513
5,514,0.24956474116224364,38.73543253475525,514
5,515,0.23237121142753922,-37.951737389720904,515
5,516,0.2499631673798621,-211.20241817052616,516
5,517,0.23481841469733836,94.39904063287085,517
5,518,0.17856543908426797,-133.39755371713716,518
5,519,0.1978478091770466,32.37876264528653,519
5,520,0.1496389069386575,56.78684930925642,520
5,521,0.19400300998756304,94.58367057918194,521
5,522,0.19934604549791862,-11.145236749560077,522
5,523,0.21719184318256876,174.46159175293354,523
5,524,0.2374717329546153,273.5249688087875,524
5,525,0.22553148698866665,88.3983447832434,525
5,526,0.2298320615613112,-247.13154661943636,526
5,527,0.22226554023966788,-32.87643759118402,527
5,528,0.18431868350143024,53.143249670467746,528
5,529,0.18731768767856305,-52.20837477878827,529
5,530,0.21559295585283286,-188.76010805738466,530
5,531,0.24484047213470908,177.65265812014343,531
5,532,0.11139391602274593,20.779407990780214,532
5,533,0.2231927039176157,93.59490781648942,533
5,534,0.20944335159639943,33.95477209558165,534
5,535,0.24999399346204604,82.01257551162988,535
5,536,0.1577427332185546,-17.329742832435265,536
5,537,0.23144258639647172,-80.25438146247699,537
5,538,0.19706689882455417,91.37804832247701,538
5,539,0.24976355749785606,967.081184959708,539
5,540,0.15357347503942267,54.40235961231132,540
5,541,0.24961813491698162,37.95591582498977,541
5,542,0.22757319948882537,-5.625623953439973,542
5,543,0.07307768755362887,-37.033759171230685,543
5,544,0.24697103341593066,-86.20880767528952,544
5,545,0.11405266464693219,50.34724523735026,545
5,546,0.18277213941348125,-17.81287370018834,546
5,547,0.2478497484247265,5.586197429954911,547
5,548,0.24921627955508244,48.65012014241461,548
5,549,0.21520464735240588,92.67409507359378,549
5,550,0.17151574878404247,66.45555815017374,550
5,551,0.1639508925761181,-26.19869911464442,551
5,552,0.22007718890591296,51.14517314277394,552
5,553,0.16021790187327892,-11.063759831407866,553
5,554,0.20241570467013642,-65.40017032013887,554
5,555,0.24820423338435924,-275.1134691351057,555
5,556,0.17893306555398686,57.29969088126431,556
5,557,0.16986156228918003,25.031045444062503,557
5,558,0.20210619228693127,112.22322856450596,558
6,0,0.24143999358257834,0.4847255337359213,0
6,1,0.17093230894369207,-10.828466920277446,1
6,2,0.16697162845095526,-107.96103652825472,2
6,3,0.17848431290630065,-33.627191614579154,3
6,4,0.1561901716230065,-68.0727103166714,4
6,5,0.24993553644120323,-221.90820211610668,5
6,6,0.24874780389302986,5.095394117427013,6
6,7,0.24743724656072033,-166.0173544224158,7
6,8,0.2367126731414358,-216.66796261248567,8
6,9,0.2441167333422935,60.34066352537114,9
6,10,0.24424656744144435,77.64347718990528,10
6,11,0.24721022121884234,-80.34331098907653,11
6,12,0.20327036702607193,-19.333953071820908,12
6,13,0.21962717230520898,395.939128326754,13
6,14,0.14592775749962716,291.398220110078,14
6,15,0.24780014593814767,201.1482052241876,15
6,16,0.2468029265667685,-87.66314284417818,16
6,17,0.16658511770390017,-138.51045622402293,17
6,18,0.2385659620852922,77.701724185244,18
6,19,0.23879408345573994,-89.27044542920449,19
6,20,0.2074499591823622,-8.274932419841399,20
6,21,0.2338764370889252,212.99056082952603,21
6,22,0.2423123811753392,-315.87653187469596,22
6,23,0.16067321284640715,35.923723749436405,23
6,24,0.1608793892556495,-3.7083637314471094,24
6,25,0.24294977192477948,58.99749835048997,25
6,26,0.08017724797108901,1.3027925461304375,26
6,27,0.21990033017449065,200.12969183670668,27
6,28,0.24998829790849086,-56.56079928898382,28
6,29,0.24054932999827075,-33.82351896058347,29
6,30,0.22675144275992853,99.51953713875233,30
6,31,0.19022707074867676,528.7722874906434,31
6,32,0.18594152845932727,9.627638853686227,32
6,33,0.24988010126645632,-233.34270722435826,33
6,34,0.2498545407742114,17.70749746818001,34
6,35,0.1719965962776696,-3.445948689133636,35
6,36,0.24979612406538487,-218.82878895029648,36
6,37,0.17695732899593414,703.0537144247803,37
6,38,0.24842227241869042,201.62169053166562,38
6,39,0.24850535660587875,45.66214501695859,39
6,40,0.2329249896319951,-101.35068973111909,40
6,41,0.23610359704943268,-333.14360012917757,41
6,42,0.10535942938789854,-13.128526815386474,42
6,43,0.1927546256528543,27.751971992170837,43
6,44,0.2128437728377444,-24.429251459077832,44
6,45,0.24824401666785118,58.53124295502147,45
6,46,0.24365431282072808,40.98905692300323,46
6,47,0.105657880891436,59.120997664819825,47
6,48,0.19319880514769594,102.69682750535156,48
6,49,0.22657045043166021,103.64202852699349,49
6,50,0.2483552085786312,269.23979431252974,50
6,51,0.22563844674131264,-223.88125202373465,51
6,52,0.2443173988240717,66.40710163859778,52
6,53,0.2306776030945888,140.31383497139666,53
6,54,0.11899424785101714,-16.192730909683284,54
6,55,0.24879745979214488,140.40574449917483,55
6,56,0.23934130080929847,198.07710626241766,56
6,57,0.23328304716153433,60.4947761672467,57
6,58,0.2472867298234331,265.9700246036627,58
6,59,0.07009911858533603,0.5475716745839019,59
6,60,0.24999342942600286,-34.33558545226111,60
6,61,0.1798237667339711,64.39187074864113,61
6,62,0.22371615636463504,118.14478753847392,62
6,63,0.18713553886070164,-25.329189070880307,63
6,64,0.22948766781464983,-161.2590367418657,64
6,65,0.2499647814691302,-32.85481229194778,65
6,66,0.2447530170982126,250.80503990352761,66
6,67,0.24983016661546198,193.31671241957017,67
6,68,0.24999491114617348,-161.01382342804064,68
6,69,0.21647599967594439,-9.972025190730381,69
6,70,0.24982728308788896,76.71589758433547,70
6,71,0.23017856379958657,-289.259078680177,71
6,72,0.22400736945168515,-100.88826672110338,72
6,73,0.09558312829235638,21.533247278767135,73
6,74,0.22397060441101446,-39.8442879404745,74
6,75,0.23231210781850187,32.619399651670925,75
6,76,0.24692817493744035,-251.2670719843322,76
6,77,0.11825163994579498,92.92299479871275,77
6,78,0.2494475086951584,-6.577725603765652,78
6,79,0.23542960339296806,-271.2421149212865,79
6,80,0.2482887973014318,-78.68811781483245,80
6,81,0.22134727073072621,147.40852215519675,81
6,82,0.1725403977086583,17.78965550241998,82
6,83,0.24793910882138392,215.79822727361537,83
6,84,0.06403749454948182,-3.115684208807151,84
6,85,0.11619350094125593,-8.497161785874072,85
6,86,0.15592428839289144,-80.29646617317658,86
6,87,0.07847921182145842,-4.178949425965253,87
6,88,0.23706942688437604,44.41263768829937,88
6,89,0.21224819135211548,-10.151392022842252,89
6,90,0.2432019058448879,179.6746273191494,90
6,91,0.2420666194408634,40.445730981355226,91
6,92,0.2421136552788149,-194.0431539111347,92
6,93,0.17524014031812882,48.16572343139816,93
6,94,0.22232360098654336,8.19269756549108,94
6,95,0.2145363798069709,-390.78554903331917,95
6,96,0.24955481169724925,-179.06906960320637,96
6,97,0.12138612869579421,93.74281613883262,97
6,98,0.24895518734559366,-1.4271498442970625,98
6,99,0.2499908767222013,-243.45605012583286,99
6,100,0.23343517451274243,138.9469118834097,100
6,101,0.21015789041521396,-160.0672074538584,101
6,102,0.2330792112531622,-261.9790997972719,102
6,103,0.13153333648724908,-8.14773932399316,103
6,104,0.23596771282952375,36.57813809146063,104
6,105,0.21194737659984955,-25.92796018739106,105
6,106,0.2174038989386468,-23.65473451043081,106
6,107,0.21928488623905878,-7.421246597228269,107
6,108,0.2422255390200076,-27.12163274026672,108
6,109,0.23105007426485816,159.2239596838813,109
6,110,0.15904823998248865,-15.227269709313562,110
6,111,0.15893826738684097,-10.154606623917593,111
6,112,0.22803775765888204,170.45575545029195,112
6,113,0.21934871589550836,-53.43918832869082,113
6,114,0.2201191004443483,-29.30510552939932,114
6,115,0.2488804565104927,-100.22000430312859,115
6,116,0.22178837790467593,-120.0518638503244,116
6,117,0.13049758610642143,73.11385477169142,117
6,118,0.1688550162427304,-21.468513663865707,118
6,119,0.09899925759933773,-13.666627954703054,119
6,120,0.24888173734761526,-32.04772722686943,120
6,121,0.18668891024372145,-1.6583110808448047,121
6,122,0.2047878060331616,-46.301285439042296,122
6,123,0.2317103283778622,-353.9695957818558,123
6,124,0.2465904573451052,110.59085408964847,124
6,125,0.2493067107285978,-64.67873176215092,125
6,126,0.09070190962266156,-1.5434239446043674,126
6,127,0.2095704424411061,-37.52137742786345,127
6,128,0.23853569836263996,188.16808045956,128
6,129,0.2476765982324557,76.0483247465078,129
6,130,0.19072075639624936,33.75389051001513,130
6,131,0.23408397485815724,214.29895727580003,131
6,132,0.21169404338871156,-20.858206546239785,132
6,133,0.22233318146419823,-100.80432466516419,133
6,134,0.24806696132935807,-318.092274907833,134
6,135,0.2405129234268526,-286.6629342254784,135
6,136,0.22889405254512063,-275.3525289795548,136
6,137,0.21906293415899486,309.083041279156,137
6,138,0.20560372192626358,134.0977363202368,138
6,139,0.13802069532127673,45.198103972735204,139
6,140,0.18600878877143392,-11.209927104667251,140
6,141,0.23009686981764516,-39.91839260751039,141
6,142,0.24999287033304943,31.048090619586993,142
6,143,0.24302118599628442,391.0289438031204,143
6,144,0.24938362817941198,-35.8551444026519,144
6,145,0.2410922336599064,97.10514040316801,145
6,146,0.23432400836083636,75.51960381535955,146
6,147,0.2200620492091497,215.4435035336065,147
6,148,0.24519671913168367,-272.8184063067709,148
6,149,0.22953645348457932,-100.23959413025898,149
6,150,0.18595757928768125,10.1892645736782,150
6,151,0.15541450992723188,0.06396723837017682,151
6,152,0.1453379417652831,237.77191769352797,152
6,153,0.14512071265803667,-3.17743580734453,153
6,154,0.2498920740049418,518.8771776101681,154
6,155,0.23768510863395478,-37.64664305230138,155
6,156,0.11413792623775877,-72.8452773811977,156
6,157,0.18698309512930641,47.67176186292264,157
6,158,0.24143174483419488,-51.993355210552714,158
6,159,0.23420358144730044,141.22206294920676,159
6,160,0.14199791635727949,96.23885446643656,160
6,161,0.18444237353050294,29.111775552491316,161
6,162,0.22929621690041857,61.40652912066429,162
6,163,0.2181160587833466,-446.23798564530716,163
6,164,0.2196311785767048,59.41105124227699,164
6,165,0.16890587328691303,89.4137648363842,165
6,166,0.20271955234607225,80.07529620693138,166
6,167,0.2476034140716804,-187.92731624849642,167
6,168,0.24882706979793728,75.44632290275742,168
6,169,0.24960508452966518,172.17330336335337,169
6,170,0.22512796397202173,103.68947160436167,170
6,171,0.12725726314127053,-11.84476178384162,171
6,172,0.22358588796412893,-3.4669522027962074,172
6,173,0.24850659376977552,-89.36657796354271,173
6,174,0.23773975673818618,-83.0068816242023,174
6,175,0.24981590584834729,86.33787455691795,175
6,176,0.2472046806185597,32.92832087714071,176
6,177,0.24994438291314677,-12.91774634986979,177
6,178,0.24681152129979242,-197.11142394712007,178
6,179,0.21535629384807783,-15.856352950539303,179
6,180,0.2332059202042039,-309.3476981456516,180
6,181,0.22845843682240732,-66.75142614663113,181
6,182,0.22697325581945013,166.36373176714628,182
6,183,0.24462803900293453,127.28213099761237,183
6,184,0.209834553153192,-54.354814024574665,184
6,185,0.2496559012243606,-0.8596232925344076,185
6,186,0.24876161034436595,74.68351745692462,186
6,187,0.24951174391460224,35.87495732578873,187
6,188,0.24102446630407648,78.95789831435935,188
6,189,0.24537678227768353,-48.42094784519866,189
6,190,0.24446153432536,-91.93972972544003,190
6,191,0.13535467233574328,77.5318138151073,191
6,192,0.24984715486944328,111.19975937247223,192
6,193,0.2087581052935545,-43.87942280656932,193
6,194,0.22950506797699874,-275.00281844668774,194
6,195,0.2497291235936346,138.9039414051204,195
6,196,0.1425328515739673,-0.20249093868498513,196
6,197,0.16983301314842109,-33.17026174618379,197
6,198,0.20883887099000967,141.9402854571528,198
6,199,0.2430805458403828,-287.42852800905547,199
6,200,0.16031719483266374,-2.547185765787006,200
6,201,0.2415088134527105,-7.688897014282043,201
6,202,0.1633453453854781,117.98027459904563,202
6,203,0.17589177331693623,65.45321179972316,203
6,204,0.196517090309156,99.73884317076752,204
6,205,0.20107075043334174,-31.61160749311218,205
6,206,0.19664303655518853,-71.62927548861136,206
6,207,0.2495325617285639,-209.58456074364483,207
6,208,0.15109994926683395,-17.13675291699527,208
6,209,0.24780302189014333,-35.22603035351989,209
6,210,0.24809120191661702,-41.361140967072316,210
6,211,0.22847517573874265,-161.52437585252375,211
6,212,0.2223375725502963,-51.72003812480661,212
6,213,0.2448467005194126,267.8776319849392,213
6,214,0.24738289865227348,421.71071467464776,214
6,215,0.21201711146191382,147.99652957149294,215
6,216,0.23859950438816832,57.192689640068785,216
6,217,0.20897914141808527,-116.42318223079936,217
6,218,0.2441558674860164,198.54251151629336,218
6,219,0.245689594021467,33.33872647318992,219
6,220,0.1294967480570986,-18.75841684537861,220
6,221,0.21576991309656743,-30.994887791931184,221
6,222,0.24999786357732776,386.37726905880976,222
6,223,0.13001114867750038,-251.3098477686677,223
6,224,0.23428851043889978,177.48648307155634,224
6,225,0.19967806258067902,186.84588841284778,225
6,226,0.23966875839103816,131.76214676640788,226
6,227,0.2483010303676219,-117.88437443355849,227
6,228,0.18651875361791748,111.61247073233486,228
6,229,0.20514947730455746,61.47113883674987,229
6,230,0.24308100602982172,-13.710589599403033,230
6,231,0.221990219469872,150.32277273185719,231
6,232,0.18144545738084983,22.155425741892127,232
6,233,0.23719124175772702,-167.93025432149594,233
6,234,0.23526342170822878,-113.04266188054345,234
6,235,0.05898804648837166,-12.910532183203557,235
6,236,0.2385697909146945,185.3819724764604,236
6,237,0.24792956781643996,-637.2649377567378,237
6,238,0.23384788443838006,163.64239479083415,238
6,239,0.24986426743594484,-41.41358230215509,239
6,240,0.2478420315344298,26.41254653907544,240
6,241,0.20438501370262063,245.75889908066293,241
6,242,0.12425718517603217,89.25758701466262,242
6,243,0.12890742618474546,60.50441708922119,243
6,244,0.21603876007170528,48.68666253874838,244
6,245,0.23728245104567133,-162.29539824370136,245
6,246,0.065786862515989,-3.683880881494334,246
6,247,0.2336069320132911,-40.02028861548134,247
6,248,0.17746439905912323,42.655049621165205,248
6,249,0.2254756750799731,61.627587473756826,249
6,250,0.22975630215347548,82.25116255057209,250
6,251,0.1719654179326816,-0.2567237918957508,251
6,252,0.17598149883653585,-159.02688813108477,252
6,253,0.21555584864022437,-34.58658455935854,253
6,254,0.1205165032668282,62.23701015461387,254
6,255,0.24834442942606563,242.52079251904482,255
6,256,0.18051404091422554,-6.190908477774024,256
6,257,0.19114678884408226,113.32407458166736,257
6,258,0.24851815848988043,22.582701202313075,258
6,259,0.20850832201703373,-10.45117802532467,259
6,260,0.1770871389161993,153.9648541728237,260
6,261,0.1648205232958382,-19.781295105204954,261
6,262,0.23833326596601143,764.5646305805956,262
6,263,0.23889151381731002,-90.46080717559201,263
6,264,0.22727151465060735,311.00214262123484,264
6,265,0.1769737963540618,91.94232394399687,265
6,266,0.24997342472101033,93.92943500968696,266
6,267,0.20778405376836095,-32.202712376665964,267
6,268,0.24754709696173494,-252.6503870315324,268
6,269,0.2341863062147105,98.50207035012406,269
6,270,0.19461725559811874,-3.617061430429512,270
6,271,0.23330985420542522,-263.6968917756822,271
6,272,0.19626295639569635,-25.34387340880555,272
6,273,0.05766529667659882,-191.9602048297151,273
6,274,0.21454167421084208,-125.4728774969549,274
6,275,0.2497625664682106,127.60244132849397,275
6,276,0.2390116999532232,-128.45989651304745,276
6,277,0.21789432418515975,-76.43581124194061,277
6,278,0.19152223448259986,-11.090505685160863,278
6,279,0.17131550383235972,-5.5721103801824015,279
6,280,0.2482286315947807,-212.05255445653017,280
6,281,0.16013060579780947,-18.61346720946865,281
6,282,0.18854253011079153,519.5706207419368,282
6,283,0.20687525421775949,-7.67197642609427,283
6,284,0.15802370756405115,14.31607365911204,284
6,285,0.2456649450467718,-149.03873276072036,285
6,286,0.24996703296593337,195.63361825605432,286
6,287,0.16832730107882005,-33.01887863433138,287
6,288,0.2497144558486634,105.87890294639887,288
6,289,0.23037888725267017,180.46583991732797,289
6,290,0.22339239415466158,219.8834195138299,290
6,291,0.20813894043328177,-38.2305642497428,291
6,292,0.23281791482171835,41.26429008894462,292
6,293,0.22343982188716277,21.625906811998377,293
6,294,0.21554233498103942,93.7258139867196,294
6,295,0.24011107504517373,-79.05074519452538,295
6,296,0.23720525811056484,-73.52150679457263,296
6,297,0.23694734670643564,63.800437584118,297
6,298,0.11095792263708912,65.40432210182205,298
6,299,0.1358374465931597,89.3335493532144,299
6,300,0.24965810461700116,94.43156332779998,300
6,301,0.19754766283836608,71.34726751745076,301
6,302,0.19602225347908556,-6.1350576103398975,302
6,303,0.22789604069060004,-32.63202943551353,303
6,304,0.2447045741368423,-155.13785312592353,304
6,305,0.23433402480210874,82.40049411635098,305
6,306,0.09773791475731611,-39.021033781334495,306
6,307,0.16351331866363605,11.952324138551948,307
6,308,0.24332946000763972,196.34851035608648,308
6,309,0.24771077744808093,89.90469964331811,309
6,310,0.24707451706416098,75.50052500653457,310
6,311,0.19106170277726542,19.518426812649725,311
6,312,0.229400486921021,-40.85567276986367,312
6,313,0.21834860511849466,100.63555385711369,313
6,314,0.20404945285146886,-34.349228366507155,314
6,315,0.22239516385073582,192.24018720912187,315
6,316,0.21887517154615696,106.94009054669252,316
6,317,0.2392167974101872,27.765601973725687,317
6,318,0.0872536737356247,-61.956579511734375,318
6,319,0.18413232938757618,-16.84493139838549,319
6,320,0.2394715542817686,565.02249238503,320
6,321,0.13285978944812996,92.65524637027427,321
6,322,0.10128703813834133,77.41601817598504,322
6,323,0.24712308414631406,-188.3279359629061,323
6,324,0.24471041547586805,43.56030760989942,324
6,325,0.19081397435386102,88.44464308944309,325
6,326,0.24342457914235313,77.15643486228973,326
6,327,0.22683401846646853,-20.1221011850001,327
6,328,0.19492886249793254,-60.27699987693216,328
6,329,0.22632845035632457,84.18370142941183,329
6,330,0.22518237050596335,-2.5816790820176383,330
6,331,0.21307530161924548,64.13640597143167,331
6,332,0.2486770493374921,-267.5643389466017,332
6,333,0.13026630638472525,-14.547572968738152,333
6,334,0.24961920298946608,25.10605607277088,334
6,335,0.2102982117043513,-33.359464853192364,335
6,336,0.10346391203182972,-4.704701783136175,336
6,337,0.2349825832448208,-369.803668954887,337
6,338,0.18610009344767547,-89.49774020576525,338
6,339,0.2211908746977298,83.19940287359461,339
6,340,0.20947451427056216,-74.53793600150257,340
6,341,0.24097054040271354,-161.37821165812994,341
6,342,0.24970639814099962,-31.765553681336385,342
6,343,0.24999018347579174,72.7407229819997,343
6,344,0.10753041505988396,34.67577054651336,344
6,345,0.19061819743466538,-38.480980726294135,345
6,346,0.24429583497066285,-131.35579197205954,346
6,347,0.24456470822537207,129.99154334087575,347
6,348,0.19468555674589402,120.78330027940893,348
6,349,0.1666721121893903,44.408219365260926,349
6,350,0.23155335833470164,-8.570994831301118,350
6,351,0.24998902429836342,305.23004497948125,351
6,352,0.2448156820547563,83.33809406378047,352
6,353,0.1981548476817608,-16.828099725965075,353
6,354,0.09544602411504026,23.794198083656216,354
6,355,0.23772040400115846,-8.242514758924319,355
6,356,0.19778961944675458,-35.78782688356801,356
6,357,0.2290452264147348,-298.61801871369335,357
6,358,0.163837738919376,-19.558369416514243,358
6,359,0.14781577609563898,-15.738585436893485,359
6,360,0.12767268453811348,-50.482436580171296,360
6,361,0.22462902680297406,-19.734766883903475,361
6,362,0.19200615025543047,-13.887451553262329,362
6,363,0.24998213775678899,-193.98868471312846,363
6,364,0.22977666031402286,306.7800431336404,364
6,365,0.19474135050985014,-66.7828774466013,365
6,366,0.16442510870042762,-7.7215570006074685,366
6,367,0.24968392346195648,-52.54450142080886,367
6,368,0.2114645658643429,-34.43442048375299,368
6,369,0.2460506638796823,-115.4069620379139,369
6,370,0.17754550368610764,-15.214508994425891,370
6,371,0.23005534772585898,93.32705401825706,371
6,372,0.24990485278139724,256.35464059897464,372
6,373,0.21607423825482092,-19.54749345511226,373
6,374,0.131791164458181,-31.285341467933026,374
6,375,0.17894894656224433,-0.07019266464852489,375
6,376,0.24345425840201373,-352.4750952517826,376
6,377,0.2003754742913564,129.62060177942155,377
6,378,0.17797905944461737,-32.25974838396931,378
6,379,0.19788176267824617,7.202402414952607,379
6,380,0.24911149004742758,-171.2281881957419,380
6,381,0.18462050314518594,-0.5131099824658136,381
6,382,0.15543926981598616,-345.1077277262614,382
6,383,0.24995967847043474,-283.7722045921043,383
6,384,0.24472390081364576,193.94922684368697,384
6,385,0.2381839189022948,269.8432634201485,385
6,386,0.1974152984796209,-11.988125263208527,386
6,387,0.24844614177843355,-168.1926791953217,387
6,388,0.24240305361216605,29.553672162965302,388
6,389,0.18734409674773217,21.127637524358384,389
6,390,0.2161893033198359,-103.85102899422981,390
6,391,0.13435258285772206,56.34870720869271,391
6,392,0.24457356665512006,-231.76341630081856,392
6,393,0.09914283033996069,-4.598951407663037,393
6,394,0.18277278676763853,-30.04101884582209,394
6,395,0.24896140975272912,-273.0319962555984,395
6,396,0.24513085849957192,-54.87578569490917,396
6,397,0.19862805901812478,52.979764508036475,397
6,398,0.10147696498589508,-5.7827423742236395,398
6,399,0.2390662909914185,-170.9017011819755,399
6,400,0.24973741201825453,44.294380407381155,400
6,401,0.24881898987445158,-81.1162741620181,401
6,402,0.2286263068802717,-7.966521581052766,402
6,403,0.21734838921478866,68.65073897384147,403
6,404,0.2477414383979783,-60.128135281647076,404
6,405,0.1567760618085664,-26.911348937276927,405
6,406,0.249066388041764,-285.8681661410557,406
6,407,0.2435215242982957,231.09242898274923,407
6,408,0.24236887815502436,-104.94410146121427,408
6,409,0.196933531497334,78.28526138213911,409
6,410,0.2499216250561276,-194.00625396646814,410
6,411,0.24855152733058872,-62.208361415636645,411
6,412,0.17189161540367226,311.8815158618142,412
6,413,0.17068293114093258,66.74607775063244,413
6,414,0.2410635997082316,175.0116577507982,414
6,415,0.24892530728653314,106.42674723636637,415
6,416,0.24618588911765732,-119.3410026104373,416
6,417,0.1973427892986211,135.00106210934442,417
6,418,0.23231244957145294,-4.814565805851647,418
6,419,0.21710834168580773,-341.2462531588651,419
6,420,0.24760191733152417,-182.25099993401838,420
6,421,0.18855530810854684,-25.532611719081693,421
6,422,0.2414074041931037,64.36840725482534,422
6,423,0.2467872891353991,71.2924209929702,423
6,424,0.2496540569806933,78.41621021014858,424
6,425,0.12863880733886682,-10.128889167181946,425
6,426,0.24981632852679606,36.86050771673203,426
6,427,0.15468057420634343,44.9268653107129,427
6,428,0.20491889415912046,72.55351412710999,428
6,429,0.18024269976273669,116.29965137093271,429
6,430,0.11287766421058097,27.38630684037774,430
6,431,0.24990816067495342,109.0999691190078,431
6,432,0.1012840667297787,-0.027035001478265895,432
6,433,0.15563421266469968,-5.960076980788499,433
6,434,0.07364420715433401,164.14056912265002,434
6,435,0.24094435083597612,37.40687961556981,435
6,436,0.24016765091525416,-308.9400337432596,436
6,437,0.22002362120010827,-160.4631379674479,437
6,438,0.17971914329673178,-30.508100694334214,438
6,439,0.24653209138636195,-223.0233694362796,439
6,440,0.24359457409705618,147.01481973957323,440
6,441,0.24956345087566856,-130.63833670431467,441
6,442,0.1606663098148456,84.96651117094237,442
6,443,0.16256631689287465,-23.71444840632693,443
6,444,0.21515828222438801,-107.17894336686213,444
6,445,0.2465467382507717,-71.26971181821648,445
6,446,0.22192896056607878,78.99635211690413,446
6,447,0.14334206601332108,-0.25948998467786205,447
6,448,0.23352373757990688,133.04431735126678,448
6,449,0.1520160380990184,-51.930513085848546,449
6,450,0.24818179734021703,-203.02693469110744,450
6,451,0.22490922638501895,-314.46178539743613,451
6,452,0.17647827954744102,122.38814141346423,452
6,453,0.2494976979336983,92.05675734090738,453
6,454,0.19647983566028573,-20.7711623806054,454
6,455,0.22559324680370518,141.02237621874085,455
6,456,0.2430513688646174,-92.52470243675236,456
6,457,0.23670160068730728,-16.117226231195044,457
6,458,0.24021165648518125,-187.89734762442703,458
6,459,0.24645536633939455,76.70411371823569,459
6,460,0.24085415498033488,269.881181407415,460
6,461,0.19523764663488738,-58.31694606026811,461
6,462,0.22915331765104954,-8.071327036964218,462
6,463,0.0932187966995731,13.470101893001235,463
6,464,0.23174880791628394,-80.5337163580205,464
6,465,0.1888980936273716,-23.632868871320127,465
6,466,0.1858231560826457,-146.56048883940974,466
6,467,0.1957706765739045,-26.76178925311062,467
6,468,0.1254110155361837,36.06519985022205,468
6,469,0.15347862634208198,-39.455250005383704,469
6,470,0.1283184940092086,83.80999811934433,470
6,471,0.2320046884927477,29.633362426610915,471
6,472,0.19527863516611546,-168.24107510204755,472
6,473,0.2125777603400523,-39.56033251043281,473
6,474,0.16181801268833715,102.97454157267639,474
6,475,0.23405259425165287,157.3120113560329,475
6,476,0.2350617653950358,-16.475525700756524,476
6,477,0.1861051321079202,40.36759079309555,477
6,478,0.24989232544278972,-139.8949375211887,478
6,479,0.17317830091711903,-9.931412256829443,479
6,480,0.22347208398635446,149.28310050650038,480
6,481,0.12432555991075739,-79.46350869310444,481
6,482,0.24199909597703234,-205.02960592152704,482
6,483,0.1956579157803849,79.68365582178018,483
6,484,0.2310351051800682,-43.99561282348266,484
6,485,0.23837125788137098,-44.0048195409369,485
6,486,0.24446086259098226,-46.26953148218115,486
6,487,0.22989094015873593,-64.6354574446818,487
6,488,0.2112731478911178,51.30546683692344,488
6,489,0.24854179300712165,-18.250934529916268,489
6,490,0.2448922033862348,-128.90629617830717,490
6,491,0.09124334665987428,26.779702715342292,491
6,492,0.20881280421772616,-0.5944957329667324,492
6,493,0.23124972811057815,-15.518647816950272,493
6,494,0.23443921929034528,-166.74288963720505,494
6,495,0.24914373403450263,223.38311334549525,495
6,496,0.2158266351907864,-40.939117557452235,496
6,497,0.24999997429443163,149.53830027547417,497
6,498,0.0929805388761319,5.663829637350728,498
6,499,0.09825626283700416,-316.94016738887393,499
6,500,0.20739230471027684,107.71947564536747,500
6,501,0.2445201451653483,-25.573451248526545,501
6,502,0.21378063644014716,91.49916948242031,502
6,503,0.2483603240335373,24.69508398583167,503
6,504,0.18645335476427363,397.96206624645293,504
6,505,0.2434177384907074,-66.694351130436,505
6,506,0.23773710580944,112.03944642798513,506
6,507,0.16973173133967778,47.713261904255624,507
6,508,0.13540788345249935,-10.341743955736568,508
6,509,0.24928342520426838,-261.93503877766386,509
6,510,0.2379950511191238,-340.08683530660664,510
6,511,0.21357252676664742,-24.5489830582936,511
6,512,0.19145852819802728,164.79442968958702,512
6,513,0.22558429441522876,53.27030632263231,513
6,514,0.23636726363157987,49.07638349773435,514
6,515,0.23964332601991287,-16.669478046693985,515
6,516,0.24629747842705,-193.37510901521617,516
6,517,0.232490508509384,87.26035484150118,517
6,518,0.19867036368673127,-188.45216353439102,518
6,519,0.1893074670167496,-45.986565987278084,519
6,520,0.17658752072851158,67.26700410488479,520
6,521,0.21208483482423077,115.71189603617007,521
6,522,0.18527656529422185,-3.806256813468928,522
6,523,0.2097852110775961,162.32834719599705,523
6,524,0.24104912914919643,252.7340371354718,524
6,525,0.23185896303307638,70.77455739552877,525
6,526,0.22749643689854854,-256.5217796794326,526
6,527,0.2367021666368384,-39.55361140043944,527
6,528,0.19099693989647187,53.80850529041536,528
6,529,0.18460964087650927,-48.35702067530659,529
6,530,0.2078725669506428,-204.29072657272326,530
6,531,0.23317137747908012,173.96139520297265,531
6,532,0.08653142529832165,14.573121470550927,532
6,533,0.23937734893032367,110.98795191061453,533
6,534,0.19723783960402902,36.88203583441366,534
6,535,0.2490967846293193,98.23466127567254,535
6,536,0.1480377359465212,-16.85521495411877,536
6,537,0.24099867882977521,-62.92580045540994,537
6,538,0.1802255604455718,76.71120835024068,538
6,539,0.24997576533116908,677.2346057026457,539
6,540,0.1817360034550704,63.679764685311966,540
6,541,0.24597216213495074,50.84619926497443,541
6,542,0.23759245369399007,16.822922220972433,542
6,543,0.07697282076375432,-29.281086134686674,543
6,544,0.24576559950955557,-89.4860967899775,544
6,545,0.1105051875267924,61.93775687613268,545
6,546,0.1479771568228705,-15.88685612360946,546
6,547,0.24867034550414938,11.377321519656611,547
6,548,0.2484685936386282,35.86244061558095,548
6,549,0.2074540688154478,101.43466202490589,549
6,550,0.17754293959117057,61.09704534079493,550
6,551,0.17424546807827726,-29.640933989746337,551
6,552,0.22589040754042677,47.45002040749783,552
6,553,0.15912604408787656,-11.961043408558593,553
6,554,0.1518644894095525,-42.963734465512744,554
6,555,0.24969723007525407,-244.37098321686062,555
6,556,0.18207616405420426,60.91965469857077,556
6,557,0.11920316274345526,35.66189345107628,557
6,558,0.2129653873738822,166.44080176966966,558
7,0,0.231665063243237,-1.4418151204289873,0
7,1,0.1769014010442445,-17.263134415847144,1
7,2,0.13586024671320632,-90.08808869169295,2
7,3,0.18401595797009965,-30.078650328621006,3
7,4,0.1755873319207463,-76.9103293076453,4
7,5,0.2499292038518158,-218.38548065413795,5
7,6,0.24635618780482763,11.477346390140276,6
7,7,0.24988688106433557,-152.74079780002424,7
7,8,0.24084156286813133,-226.1255649473819,8
7,9,0.23538204134383472,54.45237163753754,9
7,10,0.2349939308419168,61.080607989008435,10
7,11,0.2466700506822623,-85.14084398097027,11
7,12,0.2117451405609634,-17.207902254763347,12
7,13,0.20746653661263492,424.6994172417035,13
7,14,0.1345705663377151,271.9323425721827,14
7,15,0.24817936217262893,213.3538877274344,15
7,16,0.24869198608297619,-70.44622859044652,16
7,17,0.16269836877808447,-156.73984207416777,17
7,18,0.23268891313469464,76.76299375913747,18
7,19,0.24591003913071108,-125.93478353994668,19
7,20,0.18296066362350655,-10.390505108846535,20
7,21,0.23317498594213487,193.20241385587545,21
7,22,0.2485568131679243,-396.11634438266,22
7,23,0.169909371650565,40.41700939501744,23
7,24,0.18193285644097185,-2.2855210760969573,24
7,25,0.2322803789829528,40.421676210138074,25
7,26,0.05671060615195779,-6.238584712453429,26
7,27,0.22476190482745972,196.52508113428453,27
7,28,0.2482730083623105,-63.508047383853985,28
7,29,0.24450365581143166,-17.646022408793275,29
7,30,0.24086576824031708,132.59920990573227,30
7,31,0.1963122631774877,430.36424726006186,31
7,32,0.19571227330441904,6.48954790991451,32
7,33,0.24889986868436856,-211.75543744166933,33
7,34,0.24994155163021586,44.792176828591856,34
7,35,0.16369907139863732,-4.673010217729259,35
7,36,0.24808599817381302,-196.34398764483646,36
7,37,0.19070998820704022,609.4486463319735,37
7,38,0.24581042556606547,213.86806075620856,38
7,39,0.24419048826613643,59.12677667671981,39
7,40,0.23797308929321054,-108.30238537147696,40
7,41,0.22567827465829618,-354.93223299782994,41
7,42,0.13090522594734383,-11.892772366429567,42
7,43,0.18209661755924358,32.733858822329196,43
7,44,0.21505849888114206,-27.326116755404918,44
7,45,0.24719524466389128,49.36718112145928,45
7,46,0.24802386919698666,65.15414322202646,46
7,47,0.07592981248653312,43.69057969607124,47
7,48,0.19546361040355018,109.34331286063922,48
7,49,0.24201695281942853,114.27211119143858,49
7,50,0.24999714971678302,239.52370693718353,50
7,51,0.22558301388465396,-201.6752045123882,51
7,52,0.24976522793863018,101.14974862344063,52
7,53,0.24027671581275584,160.84983852113277,53
7,54,0.10016965978201667,-14.081458254273656,54
7,55,0.24812086680129386,154.3287580791701,55
7,56,0.24326372124149098,207.28841170557018,56
7,57,0.23609200996966032,83.52172157887475,57
7,58,0.24987793203666867,220.25293190423722,58
7,59,0.03995067457976331,1.4506887338189203,59
7,60,0.2498723075049422,-34.390390800258785,60
7,61,0.15463192075971843,47.22639371691539,61
7,62,0.2267415518455621,98.34606211109093,62
7,63,0.19284183571250582,-30.719265574910818,63
7,64,0.2046958597540798,-163.26152358936736,64
7,65,0.24138703584886928,-30.763662230163476,65
7,66,0.24392052713711698,285.11559423740727,66
7,67,0.24752093459046662,211.26030734286647,67
7,68,0.24948717743209348,-139.47383268160564,68
7,69,0.2123153511238515,-8.472384315202353,69
7,70,0.249987671063219,64.81413942670704,70
7,71,0.2249825443906323,-268.4220707012429,71
7,72,0.1869537012071774,-90.61620162883771,72
7,73,0.10667679118707765,27.30437349325982,73
7,74,0.21980013544939472,-38.476923829659135,74
7,75,0.23833993050900099,51.78645149569741,75
7,76,0.247127530594819,-255.64535023726373,76
7,77,0.11867102626186211,93.46135093235657,77
7,78,0.24515243059243313,-2.878780537895723,78
7,79,0.24254324494074256,-231.84911066532808,79
7,80,0.24903524332293295,-108.27879437560108,80
7,81,0.208085788869056,128.64887178608376,81
7,82,0.1847738371519353,29.46325562735809,82
7,83,0.2483745253135661,197.34200681048364,83
7,84,0.10279961392243259,-8.25749456185709,84
7,85,0.14530807809641116,-13.498655926390224,85
7,86,0.19208460760316626,-95.1601649792443,86
7,87,0.07095425673855173,-5.2745551025528,87
7,88,0.23411309875733424,38.21542817298958,88
7,89,0.23472263840188123,-22.504426118438722,89
7,90,0.23839246343755127,171.57337848987612,90
7,91,0.24987888183622506,58.09601387833175,91
7,92,0.23586626081497405,-217.6621265514899,92
7,93,0.155109951596759,40.301969478440796,93
7,94,0.24600053740760802,3.2121317697957643,94
7,95,0.24907648781668087,-237.24680445564087,95
7,96,0.24942149936361135,-159.58871454232454,96
7,97,0.15003926653841249,109.30546707067971,97
7,98,0.24611863727830954,-13.1847001249376,98
7,99,0.24962534342516018,-254.59268431437178,99
7,100,0.2220105687158585,151.1998766753408,100
7,101,0.20217559084128764,-138.18344213610152,101
7,102,0.2486799620167181,-277.1501223563916,102
7,103,0.09426386564339695,-4.7636536569432835,103
7,104,0.24111826867076086,43.14800269111825,104
7,105,0.17737284855011798,-15.215770723135812,105
7,106,0.237632342888481,-35.96532666978579,106
7,107,0.1995401543007524,-8.73231737079466,107
7,108,0.239275491843555,-29.887983457482115,108
7,109,0.22375076612120462,148.21411673912365,109
7,110,0.16842064906215198,-17.316161014952023,110
7,111,0.16991832679472146,-16.75472048106626,111
7,112,0.24178584070111364,209.31113242374147,112
7,113,0.21244973596826958,-49.218523658478375,113
7,114,0.2322539786729947,-44.53664400055811,114
7,115,0.24995538904585424,-109.78074769833258,115
7,116,0.23314228065838916,-116.54716994338823,116
7,117,0.13127514866478787,73.12731252335924,117
7,118,0.13309628070839916,-12.706712647319797,118
7,119,0.12832062517979526,-13.557715933022404,119
7,120,0.2435128009917062,-32.596590321018965,120
7,121,0.18871261647251575,-4.244877463199458,121
7,122,0.1825317758802638,-39.62503099913542,122
7,123,0.240181924713385,-282.84594368835826,123
7,124,0.24833474664701424,106.38827763930637,124
7,125,0.2485320681281423,-60.52942390650283,125
7,126,0.07297512574012267,-1.463071544694977,126
7,127,0.21752532823554976,-4.091924175389007,127
7,128,0.24282226291276127,150.58424687983546,128
7,129,0.24012611611118972,76.87697886128034,129
7,130,0.19077938883172582,26.143978597393787,130
7,131,0.242083313570071,242.54459315234536,131
7,132,0.2137230761492625,-25.274626003193706,132
7,133,0.22394872449003278,-76.84609686162293,133
7,134,0.22943103246336863,-422.6008359642726,134
7,135,0.23355500956178704,-286.3203103455613,135
7,136,0.20582081755262355,-270.7486793627176,136
7,137,0.218741609894862,295.47472052580827,137
7,138,0.21026027627766322,129.74493390002525,138
7,139,0.1339689133886959,42.322582550324555,139
7,140,0.2152664315631061,-22.63516068979167,140
7,141,0.2161218760028639,-51.15156402332333,141
7,142,0.2395783631973052,18.636880828214743,142
7,143,0.2492015199292979,302.39061270233674,143
7,144,0.24999705472220088,-36.01822038124402,144
7,145,0.23909079124354093,78.41200455292476,145
7,146,0.2391340006684682,71.1531627206079,146
7,147,0.22534434418863644,175.13493731363545,147
7,148,0.23870136815377294,-310.94851726794207,148
7,149,0.2481223615824749,-126.00199346694836,149
7,150,0.15938470391361803,-2.159156524908312,150
7,151,0.1573998981263991,-5.717619993096797,151
7,152,0.13851060252083844,452.9073925070129,152
7,153,0.09916729175293784,-1.3085571120267234,153
7,154,0.24997480351670692,523.4062368856711,154
7,155,0.24038639136981405,-42.92496275991701,155
7,156,0.09628112402538934,-53.42509767663159,156
7,157,0.1830117348404861,52.19787039639357,157
7,158,0.21204465802934708,-38.26989161678969,158
7,159,0.23010227978467812,133.3712427857023,159
7,160,0.18574258241583624,138.11183348091566,160
7,161,0.1760580886174204,29.73938719303044,161
7,162,0.19878415097779298,41.5344812714001,162
7,163,0.23233918971224138,-284.42359308312746,163
7,164,0.2171126248005107,60.41294114390914,164
7,165,0.1958440156261135,78.57146157431038,165
7,166,0.22115690266818563,71.53755149662265,166
7,167,0.2499999975392009,-208.42192542571559,167
7,168,0.2499947280215453,70.41165688066596,168
7,169,0.247674793157549,201.81351854778168,169
7,170,0.2152436314375748,91.58708671061137,170
7,171,0.12879555607886703,-10.84684588081797,171
7,172,0.22411628428721575,3.939537779002073,172
7,173,0.2436593860541331,-55.689961078533614,173
7,174,0.23395107670444937,-83.6573042472386,174
7,175,0.24524478329598343,89.39803566936638,175
7,176,0.24989142881595172,24.843671509149146,176
7,177,0.24988684872875278,-68.10010505479383,177
7,178,0.24581510047365127,-182.30062421532116,178
7,179,0.20946172403778396,-12.486584972811817,179
7,180,0.23770848447268886,-283.5501428512287,180
7,181,0.22163689557812497,-60.2249204709573,181
7,182,0.24361414478391344,186.38680823462127,182
7,183,0.2481478396213586,113.70130009599205,183
7,184,0.19017776241173465,-45.37923182088401,184
7,185,0.24544743874455688,-3.355847149517862,185
7,186,0.23906790859839494,61.60763507853512,186
7,187,0.24988495791433177,37.17854546291633,187
7,188,0.24079386750708331,77.50933858752502,188
7,189,0.2393861312354708,-48.35913552073107,189
7,190,0.24876214641657723,-83.49714412107457,190
7,191,0.15006593114654826,86.62022333181412,191
7,192,0.2435008472552892,123.46651285593116,192
7,193,0.18007770937686401,-31.61221192567372,193
7,194,0.23734539071642388,-259.3743990009019,194
7,195,0.24967983733792726,139.04126048216517,195
7,196,0.15314307454046344,-0.2447294394489025,196
7,197,0.13941682160507718,-23.98364194961539,197
7,198,0.20559241723804558,143.4818206659425,198
7,199,0.2382430286412071,-299.12165499371724,199
7,200,0.17859441616018085,0.5549168442972299,200
7,201,0.2363715271129226,-9.77446634909163,201
7,202,0.1580858758398844,112.80454766514455,202
7,203,0.15738079035673377,61.39440887095282,203
7,204,0.19396940171462024,101.54269456275838,204
7,205,0.17070029977077492,-29.07103049812602,205
7,206,0.18782395875532773,-111.34700951084332,206
7,207,0.2465272578833068,-226.89058651201057,207
7,208,0.10937855752232145,-11.045894439228224,208
7,209,0.24412909282316514,-26.75076204043254,209
7,210,0.24271544464340244,-53.67184323620276,210
7,211,0.24280414548943605,-181.69662314612702,211
7,212,0.23744317743781163,-40.63131923812292,212
7,213,0.24821963361995475,258.6719864071133,213
7,214,0.24806217343064432,356.4936763307679,214
7,215,0.20287203328332945,135.0899723854097,215
7,216,0.23606752242187032,78.55547146448129,216
7,217,0.21508245689714883,-109.11030034886394,217
7,218,0.2444482513547898,208.89210539936735,218
7,219,0.24150138877170954,71.69774781000793,219
7,220,0.1434615104455872,-27.389205398084286,220
7,221,0.21794593932489784,-26.94719400895035,221
7,222,0.2489042114176007,515.5473952120444,222
7,223,0.1399039344141257,-223.0063836926451,223
7,224,0.2313119337670181,162.46846405227882,224
7,225,0.20360550289527693,188.62600891011277,225
7,226,0.24938106890836537,144.87046877284013,226
7,227,0.24057417642944415,-122.97687964843703,227
7,228,0.20223593392112435,122.92709913273107,228
7,229,0.20667209896490635,43.18020530036595,229
7,230,0.23920652123952726,-16.17302014362829,230
7,231,0.22395447219386994,161.90841891445154,231
7,232,0.1694737621128601,34.82720402516763,232
7,233,0.24309646422258951,-197.04277486000683,233
7,234,0.24531184375897402,-100.97760616783347,234
7,235,0.07813799291681958,-18.847479575500937,235
7,236,0.22294465691717943,146.1478587664556,236
7,237,0.24952210337737576,-541.0748642287485,237
7,238,0.2276004609151137,135.70694826787349,238
7,239,0.24797250025121556,-43.8484337376544,239
7,240,0.24626648068767493,14.264803181711176,240
7,241,0.19756996608871313,262.0229280699102,241
7,242,0.1962738635137384,165.2981665556056,242
7,243,0.10604405380986359,58.16081743272257,243
7,244,0.21692960415217996,49.24980727314914,244
7,245,0.1819238259681381,-150.4224474788306,245
7,246,0.08920931252130473,-3.8311862976697313,246
7,247,0.19557297723106862,-34.93549316439263,247
7,248,0.13793762698732323,30.00907559401001,248
7,249,0.23555893983370213,50.622994800726445,249
7,250,0.2256249597108545,77.94560935136302,250
7,251,0.1867202401050975,-0.32261880328233594,251
7,252,0.15563588773299597,-121.86530874652011,252
7,253,0.19757432466056657,-29.537316889801367,253
7,254,0.15715821491101373,86.50426040044603,254
7,255,0.2312071999908985,290.95724352062007,255
7,256,0.1809185046314749,-7.7470441883397445,256
7,257,0.2097612974603504,145.40810425356628,257
7,258,0.24662173930079434,13.823772713924203,258
7,259,0.22044503029076726,-19.64488756527811,259
7,260,0.1645607556012944,171.1960749205664,260
7,261,0.16959300755192855,-25.16612517406253,261
7,262,0.2377800379952699,749.7997408468378,262
7,263,0.2467594809502477,-103.76211551561528,263
7,264,0.22300059277399756,295.89860955907403,264
7,265,0.12360786891330824,50.99566815463497,265
7,266,0.24724334678549614,135.35823976572874,266
7,267,0.21758215588949043,-50.20199251211403,267
7,268,0.2499738725854849,-286.5966967311931,268
7,269,0.2403673316012525,107.52825609407903,269
7,270,0.18590612321764724,-1.7863019672683176,270
7,271,0.23115850550430567,-253.10842985599828,271
7,272,0.20767065226205558,-28.508083718496817,272
7,273,0.09029759342197702,-174.74998352969962,273
7,274,0.21726494639235303,-132.23145063258843,274
7,275,0.24952776220346798,113.62240424515394,275
7,276,0.22088613497663853,-129.02644157717225,276
7,277,0.22510890619383817,-96.43479698648477,277
7,278,0.19831914001647416,-7.439636524478262,278
7,279,0.20136098893337512,-6.6286780275192925,279
7,280,0.24975974453526403,-272.89342074470136,280
7,281,0.16313775345338916,-25.501661752748912,281
7,282,0.16102971262543106,471.89000510878947,282
7,283,0.20227071788502257,-1.6393892268538675,283
7,284,0.13478252758748913,15.643658319329944,284
7,285,0.24784648811251114,-141.04738672106163,285
7,286,0.2476231034587138,182.88196687605262,286
7,287,0.12211456258050432,-30.496342230049272,287
7,288,0.2473372278313602,133.51966944928623,288
7,289,0.09476728776292102,8.075696491798102,289
7,290,0.21246924461066038,195.12033319507754,290
7,291,0.21869808633310017,-38.1146196604044,291
7,292,0.23896787486917087,45.645782346248524,292
7,293,0.21833132508036945,24.888170465006326,293
7,294,0.22839828558132796,-48.001691476690375,294
7,295,0.2430559603370644,-73.04971732773622,295
7,296,0.2449749243239824,-73.54834665005698,296
7,297,0.22424248138879985,16.12440834027733,297
7,298,0.10525328445346895,61.36067704344157,298
7,299,0.1293321129662517,83.02669603101698,299
7,300,0.24999406902955496,73.469577184258,300
7,301,0.19487209813203846,76.7188397839145,301
7,302,0.2097376992110869,-9.898532833137615,302
7,303,0.23240669232592132,-30.922798829605625,303
7,304,0.24524692692928182,-154.47497129016614,304
7,305,0.23456550217571048,85.00580053720807,305
7,306,0.11653568866185793,-49.66975351911067,306
7,307,0.1428101711218696,6.007868158153098,307
7,308,0.236810044199192,169.8757780352043,308
7,309,0.2473854685268745,74.69463966754378,309
7,310,0.24967576995971444,70.64519299739042,310
7,311,0.18401506105096913,16.320542108912925,311
7,312,0.2109606221573806,-41.33169539834919,312
7,313,0.22324168836588618,95.24841480904149,313
7,314,0.22867024780711176,-29.767454113383106,314
7,315,0.22555568855026553,192.3415106384458,315
7,316,0.21969123217463105,111.47739388568284,316
7,317,0.22032762019794996,5.340756783892722,317
7,318,0.09936528476830148,-51.752020722987034,318
7,319,0.20694009694150398,-18.131192811230292,319
7,320,0.24645194317083832,392.20406959717957,320
7,321,0.11017856106102156,69.61529483447973,321
7,322,0.12680266870495752,99.67463465737762,322
7,323,0.22079338176630536,-29.32017366000673,323
7,324,0.2034762146124358,6.106445765221162,324
7,325,0.2000122908425759,64.4525709076769,325
7,326,0.24770713284687562,56.142862496363044,326
7,327,0.2248225076789581,-13.173551388533198,327
7,328,0.15100140512040736,-57.523943941777716,328
7,329,0.22355249430347224,76.60252141585256,329
7,330,0.21093567481088682,-0.2688265317721401,330
7,331,0.21231412264338004,56.17375782445975,331
7,332,0.24981890534417922,-295.7878943944919,332
7,333,0.16785784776262552,-22.31299394800456,333
7,334,0.24999985513460504,35.49585036998847,334
7,335,0.21368630042214037,-37.992339893623935,335
7,336,0.07115905238103663,-3.5969988286032724,336
7,337,0.22439854145269644,-358.3627909857644,337
7,338,0.1763779568803888,-73.92374420452478,338
7,339,0.21120978098862866,58.64140632507123,339
7,340,0.20933159926516018,-70.2396127985074,340
7,341,0.2423496487604882,-187.3078160629627,341
7,342,0.23579010370417505,-53.31906243638093,342
7,343,0.24986356297902554,68.05476291211653,343
7,344,0.22011628258114826,34.93121694897533,344
7,345,0.19977257720535704,-59.76432047181275,345
7,346,0.2444195516827961,-142.41689334187592,346
7,347,0.24984234183024095,109.56357586990985,347
7,348,0.198988242960971,19.971653405880467,348
7,349,0.10074524530354362,21.998267478930774,349
7,350,0.23754075073097952,-13.091197583856658,350
7,351,0.24733194262508557,339.94734780570343,351
7,352,0.22828431851711242,112.72288140861946,352
7,353,0.1915650199894522,-11.127077150707155,353
7,354,0.10229603782692331,17.989434205247633,354
7,355,0.24944372885275434,-6.583222632689094,355
7,356,0.20901434025084903,-41.868434084695544,356
7,357,0.23840902461354585,-245.21813880656927,357
7,358,0.15621127091368514,-17.28776334135882,358
7,359,0.12681349557710453,-10.482595017714587,359
7,360,0.10957145937315219,-63.83551044086705,360
7,361,0.2352035708944041,-25.62376395776313,361
7,362,0.1956112427249638,-13.59482920793129,362
7,363,0.24869049404322077,-246.42282403990626,363
7,364,0.24320620512122207,408.0034032835721,364
7,365,0.15375451510201682,-59.06215134331542,365
7,366,0.1628146689304014,-11.863743133806647,366
7,367,0.2483423028936745,-39.02270039475205,367
7,368,0.20953046406429915,-41.49744890781563,368
7,369,0.24669995082217985,-115.45358966733198,369
7,370,0.20397564325685308,-25.41316500979797,370
7,371,0.22709435388793764,79.18511675161835,371
7,372,0.2499995159608163,253.30355645717674,372
7,373,0.18450171273965899,-15.751194061825363,373
7,374,0.16083285616491347,-33.27864846780814,374
7,375,0.15145440063347246,-0.08300157187919423,375
7,376,0.24545772985479758,-356.67610775301233,376
7,377,0.18074689954365353,112.50064051103647,377
7,378,0.18518731926972362,-37.301917219007706,378
7,379,0.2062268803954728,6.458400945950702,379
7,380,0.24963096054463832,-179.89592427792115,380
7,381,0.15799644605065316,-1.2364897429801003,381
7,382,0.17664037202941107,-308.73028925016405,382
7,383,0.24576100125093298,-321.91130580258454,383
7,384,0.24470952271260027,186.01140815399393,384
7,385,0.2433712119664493,225.12061059706426,385
7,386,0.20720077043166485,-20.485561112400205,386
7,387,0.24915820143549622,-209.4586602228381,387
7,388,0.24298465059622557,26.411520115815453,388
7,389,0.18709908502078257,32.486840853729234,389
7,390,0.2242263744689518,-103.30054602178585,390
7,391,0.12495118586423797,49.08021221158763,391
7,392,0.20311691155359227,-131.8278691861033,392
7,393,0.10746408296093027,-4.764546986532438,393
7,394,0.20519276687877028,-34.264497503046044,394
7,395,0.24976677561179333,-264.83078960707473,395
7,396,0.21848507228290984,-22.94265297253527,396
7,397,0.17147118884002002,58.55610729231445,397
7,398,0.12416537852895927,-4.368588840379772,398
7,399,0.22082342710508412,-187.04689009207507,399
7,400,0.24991925638017634,50.20193430378369,400
7,401,0.24920962927131837,-79.3377979950229,401
7,402,0.23363320794945916,-14.214828908471803,402
7,403,0.2238465032458359,86.66938006557807,403
7,404,0.24681742548096983,-19.937388635303044,404
7,405,0.15334808936935704,-29.97241408873991,405
7,406,0.2499274207590183,-316.4380301935711,406
7,407,0.2413722473150444,221.60673244060345,407
7,408,0.22169262517530397,-81.72259823589422,408
7,409,0.2020503772895238,82.32317552962553,409
7,410,0.24982348360020198,-169.8158665218705,410
7,411,0.2495477390871628,-58.30318669774693,411
7,412,0.16243809011529264,294.0208979110105,412
7,413,0.16785009220521016,74.7419761058874,413
7,414,0.23821329324245633,168.24057634729033,414
7,415,0.24898647442980193,79.64519341172264,415
7,416,0.24325796112800777,-114.46247537706992,416
7,417,0.2026539762181092,136.63063265812892,417
7,418,0.24625799309987503,-15.197904769495906,418
7,419,0.2258905157605021,-315.9310879059406,419
7,420,0.24676579397771736,-184.0282454436657,420
7,421,0.16934502022077952,-23.691972974780274,421
7,422,0.2348302296361014,92.93960101266589,422
7,423,0.2162630701639896,24.033445618791703,423
7,424,0.24996071499264513,78.8307933082416,424
7,425,0.11374419881532966,-10.38771505541664,425
7,426,0.24969431217659163,5.703383200220797,426
7,427,0.1529502755494086,46.49660159804162,427
7,428,0.18764321613203794,54.52847372486089,428
7,429,0.15257356297445443,93.99977799698976,429
7,430,0.15889831256885853,31.817058764355476,430
7,431,0.24785462397609181,89.12674335535031,431
7,432,0.10009444221885146,-0.7417982203924867,432
7,433,0.13737679858891969,-3.5925588961937818,433
7,434,0.08326087637602617,214.77006098936377,434
7,435,0.2394210511677724,37.210656572655964,435
7,436,0.23753721973104613,-322.1234347424382,436
7,437,0.19885557597781287,-151.34312747222413,437
7,438,0.15744896449025061,-28.561216382638513,438
7,439,0.24955297932408477,-247.56528067640193,439
7,440,0.248192735134077,151.76017646599084,440
7,441,0.2491405720285026,-121.56554514617886,441
7,442,0.1460722965741245,77.11626991353835,442
7,443,0.17461872717836346,-33.193012645635335,443
7,444,0.2144859775034667,-107.23401671483316,444
7,445,0.24975956258767443,-55.80143940411847,445
7,446,0.21867120056646658,70.14488942046293,446
7,447,0.11159623758901517,-0.15167652130512727,447
7,448,0.23474257349706132,120.88092919813971,448
7,449,0.14801484249198255,-42.57145885890552,449
7,450,0.24774616233433852,-185.10067797031502,450
7,451,0.23988461501831268,-281.53833264868126,451
7,452,0.14746887770971479,90.68834830654956,452
7,453,0.24638255704895234,61.7382518085864,453
7,454,0.2195701725849053,-21.642257269209175,454
7,455,0.22101977659146457,131.07109029426857,455
7,456,0.2293805547371559,-93.73374950467009,456
7,457,0.23953394319045349,-13.082541178013651,457
7,458,0.24947728083296325,-220.8217392127944,458
7,459,0.24762681451762505,94.73812135402213,459
7,460,0.24569587346772404,229.87626163332126,460
7,461,0.17839159613950686,-49.48492381232941,461
7,462,0.23908863239119474,-12.710137287684782,462
7,463,0.10328336717838271,15.559903473924633,463
7,464,0.24267609077920094,-88.15887971773213,464
7,465,0.19080401369827935,-22.42881990984047,465
7,466,0.18956665884219107,-137.25349195460436,466
7,467,0.20414406079576367,-33.30194976083207,467
7,468,0.13041208738846038,32.186198829351824,468
7,469,0.17421235160027757,-49.949717132646555,469
7,470,0.09806995012168507,61.17078731405455,470
7,471,0.235413589019117,50.87935252491078,471
7,472,0.16450666504273748,-172.0554772746007,472
7,473,0.21715874097867585,-24.87419231446647,473
7,474,0.18685165707090692,126.01269300943353,474
7,475,0.24992829132270672,214.58785127716166,475
7,476,0.23472492779258655,-16.166499630754636,476
7,477,0.18805095983210482,46.42104462482745,477
7,478,0.24861454202772693,-145.3195555491624,478
7,479,0.18952857374574955,-14.71872804310472,479
7,480,0.22338317025666224,140.49200099570336,480
7,481,0.11131439968948979,-73.4105079227699,481
7,482,0.23559616308719894,-195.82697863125725,482
7,483,0.19319546683380417,78.95096082082944,483
7,484,0.2423355604502529,-37.23502546913612,484
7,485,0.21703803900531188,-50.08711937476508,485
7,486,0.247645406737293,-58.15792926428529,486
7,487,0.23317146586501114,-45.56286637952847,487
7,488,0.20414903670222775,50.299868042075914,488
7,489,0.2467853403630107,-30.102956515803786,489
7,490,0.23360431888898844,-137.9345450323653,490
7,491,0.08020765434929283,27.649015643722173,491
7,492,0.1972598636171667,-0.3845855408974494,492
7,493,0.23120522629868712,-15.482330635693692,493
7,494,0.21748975073421042,-154.61721888126098,494
7,495,0.2498763088911771,257.57738376621865,495
7,496,0.22680220215773925,-29.993995626542176,496
7,497,0.24423692400390215,184.0911506168489,497
7,498,0.10308000624011016,1.5436037045070377,498
7,499,0.12419548198753293,-301.8572118189301,499
7,500,0.19287485449929048,93.14468534365135,500
7,501,0.24290872904625999,-37.42098213602051,501
7,502,0.2129681370659417,92.09444647972623,502
7,503,0.24487590195434802,17.74622387415357,503
7,504,0.17892989285095948,428.2442475268072,504
7,505,0.2395273199975904,-78.47059120905796,505
7,506,0.24145024922456165,58.978975677439955,506
7,507,0.15635473580790554,48.936806319426395,507
7,508,0.13690561257282968,-10.258075150776353,508
7,509,0.24067888784444413,-193.06805788684434,509
7,510,0.2416709327762612,-330.01278397353536,510
7,511,0.19366843215016166,-24.385109531374717,511
7,512,0.1835799054805308,192.35486288805018,512
7,513,0.21846566996337224,49.33354248200873,513
7,514,0.24967782948967712,49.92072937575874,514
7,515,0.23548920345362784,-25.949484807312075,515
7,516,0.2492533586954859,-179.22339806510368,516
7,517,0.2286760026876829,86.16690145952322,517
7,518,0.19236057657656017,-134.20866764886225,518
7,519,0.19895103982280657,-52.84217522663853,519
7,520,0.12425996857968838,42.277411357911106,520
7,521,0.1836890011856608,89.46522926110417,521
7,522,0.17688562240432582,0.8016394946237142,522
7,523,0.2180964636298529,165.66478550380756,523
7,524,0.23207139045989422,172.86972949197775,524
7,525,0.236698236569265,100.29576711029819,525
7,526,0.22816226448445887,-235.58707893152862,526
7,527,0.22785680518208268,-47.07881630586894,527
7,528,0.18752645943131138,71.98299506275768,528
7,529,0.17516852487876097,-23.65239741186594,529
7,530,0.22206206314192212,-186.09662825715938,530
7,531,0.24547596652326217,268.1907204309684,531
7,532,0.11679709838462395,23.396769816991938,532
7,533,0.22341913245676948,151.91362959990684,533
7,534,0.1980511978619782,39.901960088277136,534
7,535,0.24220551188584427,63.34711891506535,535
7,536,0.17313005586371563,-20.537491799290045,536
7,537,0.19583963425103543,-38.442547398788165,537
7,538,0.19512357279623352,95.331848143006,538
7,539,0.24861645659007944,851.6016807827889,539
7,540,0.16570327782926342,48.779283874243184,540
7,541,0.2497617318326873,87.40197222678623,541
7,542,0.22811754057979558,1.7826148431396067,542
7,543,0.057104928022706204,-15.609409746253547,543
7,544,0.248694981342566,-100.35605120013598,544
7,545,0.09922239643552459,62.99252777777011,545
7,546,0.16653198222521715,-18.075476096640188,546
7,547,0.24957306521574577,17.37362322533337,547
7,548,0.24877047453614454,38.21712554879562,548
7,549,0.19479775284427772,99.45374430457196,549
7,550,0.17715912924174787,66.07305625611438,550
7,551,0.1371226230161839,-28.19047507677007,551
7,552,0.1914452474658589,32.35295151463826,552
7,553,0.15428406724586968,-8.20638861580876,553
7,554,0.1766526239180046,-53.664398237779494,554
7,555,0.249963006161854,-254.32786206840072,555
7,556,0.18282070419023952,54.02087531318981,556
7,557,0.11484665044439993,40.0593761772087,557
7,558,0.19486655064338057,178.32534816821706,558
8,0,0.2244260455218053,-15.485096916047773,0
8,1,0.21313706130028778,-18.28715569074286,1
8,2,0.14868319986340492,-101.15234223519428,2
8,3,0.1654827389612527,-34.53560552264065,3
8,4,0.17144312639198753,-62.66383948143311,4
8,5,0.24711244417172862,-240.42658029281253,5
8,6,0.24990146223099513,10.34098624088191,6
8,7,0.248933572696603,-226.12359197207923,7
8,8,0.24085280526219105,-235.0098677234572,8
8,9,0.24540438990513314,67.59397220224427,9
8,10,0.2487881408845428,63.038570563278526,10
8,11,0.24972183814458904,-78.42706976152436,11
8,12,0.21563683875357048,-9.41572859574973,12
8,13,0.2108957152028382,420.2835538174736,13
8,14,0.12594068578271647,363.62928884525166,14
8,15,0.242084009995991,188.05331335429742,15
8,16,0.24730514159232367,-95.40227708755701,16
8,17,0.1842183048227093,-138.25242059180673,17
8,18,0.23564410755157117,81.45363519636928,18
8,19,0.23970324006275265,-118.95625471335701,19
8,20,0.1795662029241591,-8.726792902276026,20
8,21,0.21200590203897954,165.56520129086763,21
8,22,0.2499370111237943,-402.03836903667246,22
8,23,0.12402618391907971,28.084838750784925,23
8,24,0.16323499580065973,-4.933204927480723,24
8,25,0.24115174707360568,70.63316607401067,25
8,26,0.07918400294902019,-3.378990915585712,26
8,27,0.21904257143827674,189.1081555657889,27
8,28,0.24950694056788625,-62.32749936566338,28
8,29,0.24348589472594107,-20.200337069010338,29
8,30,0.21960012135810378,115.07926903372241,30
8,31,0.1830950810563851,317.36344228963264,31
8,32,0.2190225402992649,6.455133496092946,32
8,33,0.24861229648825625,-223.10320450175357,33
8,34,0.24995052967475848,112.538522733986,34
8,35,0.18214680626819169,-3.323517000285242,35
8,36,0.24984707079094562,-201.75739805692405,36
8,37,0.19102567133013754,554.9490488218754,37
8,38,0.24999408844672338,211.5006223436422,38
8,39,0.24927659552793582,73.11182173180343,39
8,40,0.2418349701698584,-90.37280521893834,40
8,41,0.22752626341679633,-335.97645158027,41
8,42,0.11388385187480875,-11.801878734297096,42
8,43,0.20081837247072998,32.72452579953608,43
8,44,0.2022980221517332,-22.145053413297422,44
8,45,0.24479782586117455,47.62842401594524,45
8,46,0.23739489407942976,69.98046978065484,46
8,47,0.09340427161629059,54.6125858503644,47
8,48,0.20198111090567175,122.40145334258003,48
8,49,0.2454937231719381,136.94645128390846,49
8,50,0.24932750324084957,237.65713866389913,50
8,51,0.23905826170459796,-176.72804175248683,51
8,52,0.24907763487206377,96.89706657559266,52
8,53,0.2319513286939989,158.99753458670415,53
8,54,0.1391315285872679,-24.660956591050244,54
8,55,0.24665762198675348,134.94884300896533,55
8,56,0.24246773731033844,197.39257954398443,56
8,57,0.23830701853713673,67.15324775449577,57
8,58,0.24695365552347343,260.61616407651877,58
8,59,0.04516957942498468,1.5142539347476056,59
8,60,0.24860213302762313,-32.625985087802995,60
8,61,0.13989737201054042,46.57183724411482,61
8,62,0.2317187458363181,81.94971851353125,62
8,63,0.18463362676713896,-35.233428859647276,63
8,64,0.22517594643155228,-203.78686273325934,64
8,65,0.24305855170660487,-29.384524335585112,65
8,66,0.24368487644135386,267.7355466312431,66
8,67,0.24833885816463142,229.64738901534898,67
8,68,0.24965978507848566,-134.9372219862746,68
8,69,0.2076638783042166,-7.961374884023741,69
8,70,0.24999679075988968,65.09051485947401,70
8,71,0.2287364285957844,-267.5739784837827,71
8,72,0.20830644265875356,-83.69065518632001,72
8,73,0.14096682862238546,19.678545387558966,73
8,74,0.20719253189488224,-36.84518401461141,74
8,75,0.2321201749382041,48.667064431572356,75
8,76,0.23599474075070348,-420.73888548622205,76
8,77,0.15949532411443676,133.15195000458797,77
8,78,0.24926598888222198,-0.9508882983796111,78
8,79,0.23997012328114747,-252.5712546489746,79
8,80,0.2484449192151008,-92.47194273143191,80
8,81,0.1989234482206258,120.24525803868056,81
8,82,0.20110507922305196,23.217679297974044,82
8,83,0.2498632711990314,170.1860027220216,83
8,84,0.06911764748623592,-10.39910391745012,84
8,85,0.13656420257033286,-17.161624501801082,85
8,86,0.18779019141839168,-128.0382544479223,86
8,87,0.07664995613707482,-3.4211842872989005,87
8,88,0.2318452076112986,39.31306244954686,88
8,89,0.2310145746400131,-21.42620810431424,89
8,90,0.243447305625871,186.54556939199816,90
8,91,0.24231972666853607,25.274142398033447,91
8,92,0.2486874974685925,-149.12114054098913,92
8,93,0.1467022610561049,32.77222241766745,93
8,94,0.22752327694619717,15.427610047115518,94
8,95,0.2492326503339058,-295.41532035462495,95
8,96,0.24599190680928076,-176.53824744798752,96
8,97,0.15271523321025385,122.88312281180282,97
8,98,0.24855170778791427,-10.457620727794092,98
8,99,0.2499130305071594,-264.61852445001466,99
8,100,0.2130653776664692,157.2885531006976,100
8,101,0.21777003085276142,-140.9803957982266,101
8,102,0.24442447044018867,-353.5456082615497,102
8,103,0.12205733836441698,-3.943366796522482,103
8,104,0.24038809151430818,53.38007518647288,104
8,105,0.1749534342640334,-9.414684052924455,105
8,106,0.2263776550911171,-24.743668316918416,106
8,107,0.2118907978882136,-7.935299791988459,107
8,108,0.24223633039273346,-35.675770228342984,108
8,109,0.22606487049347693,161.373869555357,109
8,110,0.16742739933771184,-16.96009820824351,110
8,111,0.180614736322491,-15.319703292858726,111
8,112,0.24212446348780112,201.96306655684572,112
8,113,0.2144904295763434,-51.29450296943147,113
8,114,0.22199604783301105,-43.974466834938184,114
8,115,0.24728121441442955,-108.45261911429607,115
8,116,0.24475979123134137,-154.23286823432102,116
8,117,0.15164180528769977,87.60676436627487,117
8,118,0.1532586197197687,-11.84504375342246,118
8,119,0.11345717840677232,-16.519158695134756,119
8,120,0.2469200183943008,-30.410334070201216,120
8,121,0.1642023909370209,-3.67463118610235,121
8,122,0.18857316272877897,-32.948595096163636,122
8,123,0.22979989033807222,-276.4008871768506,123
8,124,0.24959318668821506,104.12289717501994,124
8,125,0.2447501073854073,-52.97794534523976,125
8,126,0.07768305020310622,-1.8286732119833538,126
8,127,0.213553917875823,2.544860314464179,127
8,128,0.24114751098113046,196.86447257847922,128
8,129,0.24977974958092758,98.67499535274705,129
8,130,0.1979813721066226,28.547769413248613,130
8,131,0.2467380658037403,182.4103162475832,131
8,132,0.1955688670182487,-17.384118142167154,132
8,133,0.19252245623180242,-74.62802493612452,133
8,134,0.2257929756623561,-394.12184833241963,134
8,135,0.2384640020693156,-276.38925721374414,135
8,136,0.24830539515973696,-340.8594946482365,136
8,137,0.21592648828721475,298.0470700785907,137
8,138,0.1963044878371133,127.7330411336773,138
8,139,0.10890463840478525,35.27729570641007,139
8,140,0.21039900549558532,-19.99446905942858,140
8,141,0.2295752488200078,-64.20222678439703,141
8,142,0.24320190703395522,45.300163732771956,142
8,143,0.24810834350501698,277.06572992499304,143
8,144,0.24999984676493872,-37.08637488870406,144
8,145,0.23508082234282526,79.61883198160942,145
8,146,0.22965593619058575,60.29469947710087,146
8,147,0.2312713664684362,208.19840297046565,147
8,148,0.2487119882517311,-263.30653686706233,148
8,149,0.24091423692698954,-182.81523468481436,149
8,150,0.16295866646464355,10.36887408704709,150
8,151,0.16214305630759668,-0.5362305932283427,151
8,152,0.15826763256307502,385.75371994468475,152
8,153,0.12188475309971218,-2.6359817924512736,153
8,154,0.2457360449060539,444.8960066950182,154
8,155,0.23940647582331215,-42.20629146194088,155
8,156,0.14130012158909572,-94.37696355641486,156
8,157,0.1607599129316591,32.22177115439045,157
8,158,0.17566215911840916,-26.238210788421704,158
8,159,0.238406442097454,139.18181870988718,159
8,160,0.15817312561783917,112.01446552819144,160
8,161,0.19909301957895545,40.1245078040682,161
8,162,0.21600936897281134,46.449361931132124,162
8,163,0.20606631487042482,-218.91897135941633,163
8,164,0.21880447625052735,57.36669032596414,164
8,165,0.16680208845855016,92.60981560220371,165
8,166,0.2057830070597902,60.41643113940478,166
8,167,0.24771764478959782,-189.37252278613045,167
8,168,0.24840577055855437,90.08152092549379,168
8,169,0.2477835909054001,160.36519131993478,169
8,170,0.1975968302392626,76.34324189488733,170
8,171,0.1152784023892634,-5.547107818024198,171
8,172,0.21814254883938017,28.741038196551752,172
8,173,0.23938401290199812,-43.879409863503874,173
8,174,0.24149564207565,-73.84756959051016,174
8,175,0.24910742036709763,17.590994598074,175
8,176,0.24995104389149264,47.12145845819588,176
8,177,0.24636459539315347,-27.577415172540746,177
8,178,0.2491929961791928,-202.41668171174302,178
8,179,0.19529026325314083,-14.81674606195385,179
8,180,0.24347327505216676,-276.3195206237319,180
8,181,0.23756412047601716,-68.92336834368885,181
8,182,0.24604430208152964,142.1858160464955,182
8,183,0.24684011499974368,123.65808513436275,183
8,184,0.19778160883995266,-37.619402934497586,184
8,185,0.24873879429980714,-12.634970304841783,185
8,186,0.24871294277372777,54.08152564284901,186
8,187,0.24999849267238627,37.13745631578663,187
8,188,0.2454469759663736,76.06018590202402,188
8,189,0.24445886953505877,-32.03051076761645,189
8,190,0.2498148219839418,-132.24086197484613,190
8,191,0.1535540007514822,90.51971368645448,191
8,192,0.24832034662472635,110.00266296305874,192
8,193,0.20852026918312605,-55.30813580424088,193
8,194,0.23875294702258917,-247.60036040869272,194
8,195,0.24910913341683863,144.37183042035102,195
8,196,0.18566722281891002,-0.374800658605161,196
8,197,0.16960055541449715,-34.572010031220216,197
8,198,0.2236473136153668,162.15579867580797,198
8,199,0.24170321731549912,-313.57421483896337,199
8,200,0.11745919868268641,-17.95478693001527,200
8,201,0.24169701425440981,-10.213383739206595,201
8,202,0.17849783534141261,133.9307290507105,202
8,203,0.17623865950098186,66.81040896713142,203
8,204,0.1902028725637308,95.53363145658456,204
8,205,0.18261582301036902,-33.78408414136763,205
8,206,0.16857232424858193,-85.98906220356747,206
8,207,0.24999990150333604,-198.53741692521942,207
8,208,0.16245983468666425,-21.91614446209856,208
8,209,0.246597674235389,-27.293473218273935,209
8,210,0.2374662858490673,-40.86516644835238,210
8,211,0.2263883665061879,-143.62316753527134,211
8,212,0.22997036452832723,-39.599112430400616,212
8,213,0.24403427681266684,239.07986085507162,213
8,214,0.2463564997248538,284.03145746885167,214
8,215,0.177629537652477,112.57841800000644,215
8,216,0.23379045276498484,57.42102142923339,216
8,217,0.22121558126608662,-112.47082180720035,217
8,218,0.2494312394809608,218.9312093017194,218
8,219,0.24504036871884713,33.26647241012313,219
8,220,0.18986152500522704,-35.96640942929247,220
8,221,0.216141292926923,-26.917386237075974,221
8,222,0.24995781487274,589.6323514355057,222
8,223,0.1364896966260742,-263.517582419849,223
8,224,0.22294796126813365,150.61667052981912,224
8,225,0.22443299161317243,214.6302096486836,225
8,226,0.2430452396973459,113.53949492698902,226
8,227,0.2354184573247391,-138.82639821479495,227
8,228,0.19151383459486263,116.46829264071295,228
8,229,0.20707580005744147,32.29151121859849,229
8,230,0.21585036643362523,-16.7534491975809,230
8,231,0.21696584153683468,149.26156625069828,231
8,232,0.16059074928011902,35.18682718434366,232
8,233,0.24714647176389248,-200.0204363187011,233
8,234,0.23960164056347377,-139.87058006628328,234
8,235,0.1105408081591077,-30.756416453936925,235
8,236,0.23086636741991715,164.28211938602436,236
8,237,0.23674013569603936,-734.5826793729242,237
8,238,0.23443442717259805,144.9549380550835,238
8,239,0.24817641283362835,-27.433797965551427,239
8,240,0.24584316740771406,23.447884827328597,240
8,241,0.21368149866649408,184.58607442766026,241
8,242,0.199280072390963,161.07352207919502,242
8,243,0.08571965714740883,71.56434377716816,243
8,244,0.2170590884275866,44.724825167170295,244
8,245,0.22504285247656872,-183.1405682630134,245
8,246,0.09893951933109754,-6.818733816598996,246
8,247,0.21702343666253887,-37.18836076468176,247
8,248,0.13542970105988938,23.47117236551759,248
8,249,0.22615648904695174,62.534095529026274,249
8,250,0.21930053213560902,71.16095563452564,250
8,251,0.19018063264615648,-0.3564884595636671,251
8,252,0.1781921232244199,-127.92731976851152,252
8,253,0.19507437617218618,-27.97821619659779,253
8,254,0.14032071509513572,76.37815344287817,254
8,255,0.24779456382957438,239.80253485325247,255
8,256,0.18570365041945167,-12.144573882113706,256
8,257,0.18082998225312655,118.98534603888451,257
8,258,0.24353674347432372,26.12155049069667,258
8,259,0.22116954111959766,-17.527231107689524,259
8,260,0.1484311827371875,177.43183039119708,260
8,261,0.19149421356040794,-30.15336998308225,261
8,262,0.2360066427063203,598.9398174218182,262
8,263,0.23714817424231546,-90.0950698309688,263
8,264,0.22216078560828395,264.79325494375115,264
8,265,0.17041448590317937,82.99700229645823,265
8,266,0.24940990316408934,122.23399964115451,266
8,267,0.22141188124902125,-50.37899280412239,267
8,268,0.24990171793189284,-285.3624003863518,268
8,269,0.1779499993379421,60.64125278801073,269
8,270,0.1816091124957267,-2.6659982732637815,270
8,271,0.2293319789991501,-250.27755538746035,271
8,272,0.21138605144626393,-15.163197434679528,272
8,273,0.05610592479366661,-186.66328296800316,273
8,274,0.21112618482604256,-117.01280209592313,274
8,275,0.24913996341387948,101.53687873502825,275
8,276,0.22121179314512002,-125.53523680524133,276
8,277,0.22780556623674308,-106.92324898783247,277
8,278,0.1896121935195983,-11.997719772728145,278
8,279,0.18348540611465264,-1.3923305384443392,279
8,280,0.24854114334967448,-342.04152609424926,280
8,281,0.17628427739883673,-29.722140242405285,281
8,282,0.19922064582595722,595.3685506976194,282
8,283,0.18760541779669038,-3.5161530652864874,283
8,284,0.15549430020143498,18.1658396617983,284
8,285,0.2454635646705758,-153.5069181572676,285
8,286,0.24726844219683466,180.84493535188318,286
8,287,0.11234390339194315,-18.92634167260809,287
8,288,0.2498897260725838,150.8762251865382,288
8,289,0.17402204449425684,97.50133248561848,289
8,290,0.2290134035637527,229.2534816771924,290
8,291,0.2185898534012715,-22.214434698144547,291
8,292,0.23003863293109472,38.30291347971594,292
8,293,0.22066663608692688,33.175556254479986,293
8,294,0.24788087930848052,259.3462003573203,294
8,295,0.24802835538640094,-84.03725610016468,295
8,296,0.23500023436995027,-70.62999265349094,296
8,297,0.2479225352172959,19.99775650525237,297
8,298,0.0619475799283186,34.30645151253304,298
8,299,0.12569839395231983,81.53997843147211,299
8,300,0.24810078378960815,61.648773898883206,300
8,301,0.19352934114255887,73.08085520434521,301
8,302,0.23743069649674411,-9.309802368700662,302
8,303,0.23101637812012846,-28.11334395896861,303
8,304,0.24831954821166188,-156.0559272774225,304
8,305,0.23835194364119053,98.51558640560076,305
8,306,0.12377192137207418,-49.5336002295078,306
8,307,0.14111576178566232,9.525465358392896,307
8,308,0.245762622579351,195.44798098696978,308
8,309,0.24992288403175755,75.43423896578707,309
8,310,0.24997927015747543,53.8580863672575,310
8,311,0.14273417657535878,5.255434143271213,311
8,312,0.22194180085962253,-34.64400071461186,312
8,313,0.2166687180830131,100.45925697970061,313
8,314,0.21531651118773804,-20.065712972878845,314
8,315,0.21990837673351138,212.8260076449381,315
8,316,0.21613691856410422,101.70019154500034,316
8,317,0.22434045206152994,-7.67094587260069,317
8,318,0.10828287516811404,-42.74765655336613,318
8,319,0.1887735010018073,-15.448123152138548,319
8,320,0.23591640930618377,440.6682062210202,320
8,321,0.09204362795612929,60.56335357137556,321
8,322,0.09721722265305124,74.27646609760396,322
8,323,0.2442613024866776,-17.858870694487525,323
8,324,0.22031906291109143,-6.258084268110197,324
8,325,0.19626615946140974,75.0203448186515,325
8,326,0.24439624865774895,57.05342743135127,326
8,327,0.23599676264342292,-9.656020516819959,327
8,328,0.16262610242488723,-54.84554668432142,328
8,329,0.22491459817788864,86.97250023751592,329
8,330,0.23009691361190548,-0.40685026322398615,330
8,331,0.21853240382167607,57.123325340439756,331
8,332,0.2447853758012665,-241.3179729774472,332
8,333,0.16968533789430978,-32.4987614286314,333
8,334,0.24894041175662782,27.204059618703102,334
8,335,0.20628763265047798,-31.387435015497275,335
8,336,0.09874259906027896,-5.658560727269359,336
8,337,0.23267136138649752,-440.5025407732211,337
8,338,0.17475170479030977,-82.12315140793089,338
8,339,0.20848044329838658,83.15980500916342,339
8,340,0.22302587475619587,-90.65543053899236,340
8,341,0.23384342539799136,-171.84178801236078,341
8,342,0.2437787442945145,-52.56929605474234,342
8,343,0.24999814235330825,75.82964626193672,343
8,344,0.13186011419549265,-3.2795850742364396,344
8,345,0.20732173042219282,-49.16319273722093,345
8,346,0.24999701214865683,-157.44234792109236,346
8,347,0.2483974091999385,128.60356313631013,347
8,348,0.18010639622271213,68.3374743231407,348
8,349,0.14309503745934685,31.600885965387732,349
8,350,0.2255344622620989,-18.749363292040186,350
8,351,0.24958140297194847,297.6571003719287,351
8,352,0.2437111607786286,83.45202833773087,352
8,353,0.20799692353026283,-12.479622716874239,353
8,354,0.07729723013358697,20.464020565762866,354
8,355,0.24070618697324034,-4.643533718128245,355
8,356,0.2028956416970976,-49.3783733137773,356
8,357,0.22599594102453854,-261.5731383414772,357
8,358,0.17464277116450858,-18.44975012674084,358
8,359,0.14177640960478588,-9.739208963182922,359
8,360,0.1100765175100376,-58.493871270522106,360
8,361,0.23274661502595487,-31.067572946615755,361
8,362,0.1879533737180697,-18.153247927427465,362
8,363,0.2498845369093145,-284.2264068039213,363
8,364,0.23890016968451797,371.29866913966276,364
8,365,0.16617241983817965,-70.23115758262549,365
8,366,0.17565178548619106,-10.255562465536142,366
8,367,0.24822019064741424,-67.47458700432037,367
8,368,0.20831596382858006,-35.04683846511661,368
8,369,0.24995981576830442,-109.44366364783788,369
8,370,0.1873574596722255,-26.967072210792576,370
8,371,0.23811999193089708,92.75994391698562,371
8,372,0.24602947183639395,238.5895101347952,372
8,373,0.1734265212007776,-17.840859995831224,373
8,374,0.15578201820126847,-32.3291058178772,374
8,375,0.1441160422066904,-0.06499440760473434,375
8,376,0.24552658553758613,-369.5860692024363,376
8,377,0.21537969054574724,146.70673887830264,377
8,378,0.16559573545056835,-32.336476588325205,378
8,379,0.19423098416816967,36.26922541102876,379
8,380,0.24920413750400042,-200.10734274502752,380
8,381,0.14517893177019525,-0.4532772414724154,381
8,382,0.19917493110981022,-264.41643703073714,382
8,383,0.24892178354386163,-349.3790823878794,383
8,384,0.24538294417628556,187.22499037292494,384
8,385,0.2428183373131189,235.15895082211114,385
8,386,0.21084358872519823,-19.235743017209003,386
8,387,0.2499928748590556,-103.14587495499191,387
8,388,0.24314627114972415,34.700517967849976,388
8,389,0.18891422596189655,19.671449730812228,389
8,390,0.2179520290683354,-151.89693800841957,390
8,391,0.1274992738015511,54.0277981577367,391
8,392,0.2137439999011706,-147.8332833700844,392
8,393,0.08204013372694831,-4.37769093762198,393
8,394,0.18560668616081852,-37.079771244933,394
8,395,0.24886722140822415,-296.10836803149846,395
8,396,0.2127864426384372,-25.668344472721323,396
8,397,0.18605969215925203,53.167322422682275,397
8,398,0.0869111054603162,-8.30407086853797,398
8,399,0.24195162052411073,-205.8462968116103,399
8,400,0.24420357176634963,39.21020626982318,400
8,401,0.2499409406168796,-52.654205047816696,401
8,402,0.23827866616736423,-11.979764071858554,402
8,403,0.22269582972776203,82.9503367718969,403
8,404,0.24755075182740205,-29.843137779739124,404
8,405,0.1631127496761807,-29.87026619628497,405
8,406,0.24693849096064574,-269.9615604285615,406
8,407,0.23704126666678577,204.03745178083483,407
8,408,0.1937657699388189,-70.32792782759286,408
8,409,0.1788308457000559,69.95847806872926,409
8,410,0.24928941976852537,-199.74762342430674,410
8,411,0.24886203606529236,-60.64420206069764,411
8,412,0.137616708691335,286.44810677817566,412
8,413,0.1840009954969728,80.0940574849472,413
8,414,0.24355886964758874,154.16556597613294,414
8,415,0.2461260865529971,87.53077185894217,415
8,416,0.24239285380353826,-159.96950546158865,416
8,417,0.19469596236115821,133.21891658191282,417
8,418,0.24303694754224903,-2.7971825398704757,418
8,419,0.19867002795733898,-363.06033833103714,419
8,420,0.24066045341699596,-217.0536488231009,420
8,421,0.14538546507144767,-18.290636245519867,421
8,422,0.24538276860876412,78.92835535389786,422
8,423,0.2319460284615852,31.617166394662867,423
8,424,0.24606133574434047,67.61583912244073,424
8,425,0.10011417350704863,-10.000845706756204,425
8,426,0.2355260657667542,12.606356916310201,426
8,427,0.11563426704455022,35.612600997209306,427
8,428,0.19558310664377546,60.797124933956,428
8,429,0.1396048088506494,85.82116564793276,429
8,430,0.16627725398199306,51.99471843515812,430
8,431,0.24999890556267798,99.43285459349146,431
8,432,0.0700515512733457,-0.022493169239411123,432
8,433,0.13570869791876664,-5.465338466036373,433
8,434,0.08567260568990778,254.24420558858174,434
8,435,0.2428542602739022,41.299062271160146,435
8,436,0.24267657492754852,-308.5330186867864,436
8,437,0.18937002915526321,-162.86327274106355,437
8,438,0.14919662997547337,-34.11316510895131,438
8,439,0.24798432118597144,-213.3057044932177,439
8,440,0.24160817510744345,139.7050957028131,440
8,441,0.24998937984106911,-134.64189783417817,441
8,442,0.14549857798139423,79.12143336520077,442
8,443,0.15683661240838667,-31.553300583057194,443
8,444,0.2257046431166697,-88.13841097197643,444
8,445,0.24282332295771888,-54.755667365230245,445
8,446,0.2240895198113201,62.90130067327715,446
8,447,0.07957690265601369,-0.11794749544737529,447
8,448,0.22456856644850184,130.23439480273404,448
8,449,0.17080375641481604,-44.62635751315304,449
8,450,0.24856423272559933,-182.44322362544912,450
8,451,0.23030922583569008,-294.0384535743481,451
8,452,0.15819344526723836,104.45765116929934,452
8,453,0.2345425097915348,75.26090575182944,453
8,454,0.19750559225259218,-25.39078249300973,454
8,455,0.2124132061210195,115.36999557523444,455
8,456,0.24192828966379024,-141.0966124953398,456
8,457,0.24197586494967113,0.886129155494249,457
8,458,0.23736070335088208,-181.07397904165066,458
8,459,0.2477518653311107,90.04357320505086,459
8,460,0.2353763378781189,236.8610549342029,460
8,461,0.1938525902240133,-68.79191504947761,461
8,462,0.23828726876135187,-15.121273548407142,462
8,463,0.0963004343095916,13.519028633482563,463
8,464,0.2345526899110976,-82.28794932385799,464
8,465,0.21297784233504655,-27.253777039637068,465
8,466,0.1953106751534317,-139.6172255389448,466
8,467,0.20387446602969195,-42.166682020779625,467
8,468,0.133413100660652,38.46136316670567,468
8,469,0.16989890493369394,-42.10199501969764,469
8,470,0.11579518695534904,70.9451241411103,470
8,471,0.23590419501303797,41.45335835645738,471
8,472,0.16352913805873612,-185.13033253094503,472
8,473,0.1921152447849101,-12.725536707705693,473
8,474,0.1835437936988424,125.5320142565748,474
8,475,0.24475540628302764,183.70193140825543,475
8,476,0.23951815161454837,-12.846239359308328,476
8,477,0.16680893331109892,37.18048213236327,477
8,478,0.2493916237609263,-137.47908831159697,478
8,479,0.1707978677638686,-12.579579837475666,479
8,480,0.21780996565929156,137.52332682023066,480
8,481,0.1314639574648408,-102.23355076112502,481
8,482,0.24458128808587892,-210.07563687764653,482
8,483,0.191846129631315,77.69334143599151,483
8,484,0.23814078701281485,-50.04733073455103,484
8,485,0.21535930521037067,-45.3643717797303,485
8,486,0.24898973576155212,-61.87230846475246,486
8,487,0.2309031024374286,-53.84893206340438,487
8,488,0.21962398853754017,46.46273512296976,488
8,489,0.24765049533008066,-15.953191196750945,489
8,490,0.20806855125313553,-152.90463134787876,490
8,491,0.12633716359245198,32.40596421560964,491
8,492,0.17124950494935653,-0.370752737696725,492
8,493,0.22890544365776178,-15.283955364455242,493
8,494,0.2346941562965954,-185.3312327000204,494
8,495,0.24965126118030517,251.36599456765788,495
8,496,0.2253868768629083,-71.70879611913995,496
8,497,0.24685384274950734,179.81635713303632,497
8,498,0.1076263666103522,-1.059851047613403,498
8,499,0.11414927591959528,-314.1901114102618,499
8,500,0.20919981719014516,105.65804244502186,500
8,501,0.24701990956333889,-43.96105508493448,501
8,502,0.20703931687090715,90.9389673463659,502
8,503,0.24594747226702043,14.055889430546136,503
8,504,0.19100809729563753,376.71132640273964,504
8,505,0.2408491232024659,-68.64189013984335,505
8,506,0.2287351089907041,70.59762872405338,506
8,507,0.13119546857093106,52.00829605289449,507
8,508,0.12472247039100925,-5.424641328012292,508
8,509,0.23764051691064816,-360.1739922070009,509
8,510,0.24820539736609504,-320.9260704510476,510
8,511,0.20196625266481033,-17.25407258904779,511
8,512,0.19651532502670913,168.34723659839534,512
8,513,0.22204718643697707,56.515704659517176,513
8,514,0.24988202876678275,9.411194163101145,514
8,515,0.22622221042016114,-31.20708139761641,515
8,516,0.24852805260369074,-186.8790946871512,516
8,517,0.23772900037321787,86.75372673220703,517
8,518,0.20172339792007937,-166.41751887322994,518
8,519,0.2090788930982023,-55.479667293278744,519
8,520,0.16346571269121848,59.26791053329191,520
8,521,0.1907862047188394,90.12860407952482,521
8,522,0.1705696463347966,-3.5808956806469823,522
8,523,0.21084967572958205,165.67016776188945,523
8,524,0.23312410144528267,148.0687382042194,524
8,525,0.23526956304204144,100.09705724886929,525
8,526,0.24013438283391098,-202.85844809120454,526
8,527,0.23536325493427718,-48.04028235094672,527
8,528,0.16807161248979022,62.9845808625579,528
8,529,0.17871364075099608,-10.824539403079582,529
8,530,0.20899454976967866,-192.44590559281468,530
8,531,0.23898131893116265,231.48484535410458,531
8,532,0.08916935528138455,16.781611053805374,532
8,533,0.23303623148338248,149.51563674378227,533
8,534,0.20968218463906266,43.2340155260257,534
8,535,0.24993220133303093,83.99353974153956,535
8,536,0.17771321120103342,-18.158922472166815,536
8,537,0.19438589631895145,-31.102342029107813,537
8,538,0.16476550775326407,71.75641705399228,538
8,539,0.24997120713350862,727.4101687328447,539
8,540,0.12520617908653112,30.560438224052895,540
8,541,0.24999906974546834,29.96783633532256,541
8,542,0.22754409853945426,-9.081869118481006,542
8,543,0.08959743202673881,-31.16767955892739,543
8,544,0.24767601083030838,-82.44413121141652,544
8,545,0.12055043928634582,67.51229512042298,545
8,546,0.1868559769398523,-18.370814746515926,546
8,547,0.24993993652234026,10.935643468602624,547
8,548,0.24999645659753786,49.746684987866956,548
8,549,0.23205213987428663,141.05810284615566,549
8,550,0.1715445280705958,60.31788969634102,550
8,551,0.17260274234636439,-26.976732217589934,551
8,552,0.21787048394786843,51.10537397045131,552
8,553,0.1366452916319066,-10.909718162843719,553
8,554,0.1750294061974943,-67.98004046530791,554
8,555,0.24693310693573242,-279.8383275361512,555
8,556,0.1699246002751482,53.15599088846073,556
8,557,0.14146289076889473,21.67027405129255,557
8,558,0.19217622501998338,174.35345438490208,558
9,0,0.23798777846960167,-9.235749865298445,0
9,1,0.20111581185093366,-19.769476844328665,1
9,2,0.1666990056199901,-82.59561264826748,2
9,3,0.17268801480036805,-34.358131456417496,3
9,4,0.1765389531414828,-76.11879467249614,4
9,5,0.2499721166854942,-224.4828664997523,5
9,6,0.2490618581871875,-13.908570046661708,6
9,7,0.2499817001798374,-153.33465537150792,7
9,8,0.22519809821779913,-269.51923458418185,8
9,9,0.24292904925552905,77.05415115485022,9
9,10,0.24757805294950846,82.9965238782561,10
9,11,0.24876912610231391,-95.94114892718417,11
9,12,0.2036159896864239,-23.150961657996923,12
9,13,0.245342136971219,311.4894218859431,13
9,14,0.1245459247797812,259.5592376833258,14
9,15,0.24681844101409403,207.88343507934047,15
9,16,0.24707067526510404,-68.54486545285644,16
9,17,0.1268435882939317,-109.13193097989664,17
9,18,0.2371711020068217,67.26474051720207,18
9,19,0.2435329520394835,-128.40084281562775,19
9,20,0.1424560976871796,-2.1104998272885145,20
9,21,0.2221738284355354,172.36467830907407,21
9,22,0.24514865842255934,-305.4578506483198,22
9,23,0.1753143617368111,40.55727545695535,23
9,24,0.19039151411055125,-2.8460082246768597,24
9,25,0.2423470559644526,42.77802246486976,25
9,26,0.05381228009189107,-4.037456366198649,26
9,27,0.2180641737733713,193.27787153753115,27
9,28,0.24832993981367446,-41.30065387734828,28
9,29,0.24273712982728754,-32.07427362035735,29
9,30,0.21409304192606582,94.01182977884243,30
9,31,0.19736353465267553,488.511255480005,31
9,32,0.20529900441203147,9.449010930759341,32
9,33,0.24546728691890582,-205.68303960667376,33
9,34,0.24786259584837628,38.86741624562804,34
9,35,0.15931741773710967,-2.8992947917518426,35
9,36,0.24967322940163683,-227.62777013308045,36
9,37,0.17402837019305853,578.0051498361998,37
9,38,0.229713246685262,246.07225637769307,38
9,39,0.24445753130016554,46.8804970303064,39
9,40,0.2385481617330018,-117.52935141656928,40
9,41,0.20609806288717591,-386.8325601261854,41
9,42,0.13650189036843333,-21.94397582090258,42
9,43,0.19879703626224055,26.183433053167462,43
9,44,0.20083527370465754,-22.513609851730482,44
9,45,0.24623049733842017,50.69417101051704,45
9,46,0.24309248771905217,37.93389510298614,46
9,47,0.1205764538242425,57.0470471338939,47
9,48,0.14550564258163118,75.58072602739496,48
9,49,0.21266909687164617,92.67229688247124,49
9,50,0.24936897291810156,269.18790503426357,50
9,51,0.22738927925397578,-204.23308336775654,51
9,52,0.2499928859633377,61.51497781136615,52
9,53,0.22447289028184378,145.68722711930462,53
9,54,0.08928624886022427,-11.83268303251701,54
9,55,0.2487781357122931,156.31291767770287,55
9,56,0.23121385817744836,171.30004938940718,56
9,57,0.2366368173984893,68.81604611418382,57
9,58,0.2499875502757147,235.65946532474075,58
9,59,0.04215810543428129,3.1808143747199678,59
9,60,0.2499342927736266,-35.73569572578388,60
9,61,0.1692561490658637,54.383450614219086,61
9,62,0.22606258066133145,81.5753465176571,62
9,63,0.17909770368627367,-28.195149819783055,63
9,64,0.2105005159330013,-186.91354933962378,64
9,65,0.24883507983197645,-30.806824383415996,65
9,66,0.24675629940231966,260.51147498085186,66
9,67,0.24996328898895903,252.23852510487885,67
9,68,0.24994247585549847,-164.28297841054118,68
9,69,0.21404889166519095,-14.670148902236132,69
9,70,0.2499337374009881,59.313360331445864,70
9,71,0.22819510559197972,-286.0825594737322,71
9,72,0.2203082794761678,-98.70226690901089,72
9,73,0.13613796663162833,14.547724348773981,73
9,74,0.22617677618424104,-48.83556600288208,74
9,75,0.231456917008823,45.73468572851408,75
9,76,0.2488280747907184,-278.47911771391375,76
9,77,0.11851323567093697,78.64870736705659,77
9,78,0.24860394433731203,-3.9288891477613834,78
9,79,0.2374937142267184,-248.4773215292713,79
9,80,0.24802872156059708,-76.36490299921728,80
9,81,0.20506935218082026,131.62596847036951,81
9,82,0.18931895034183924,42.74948768180013,82
9,83,0.2495829301766915,181.67082889211622,83
9,84,0.09338384288934111,-11.951381145290114,84
9,85,0.12463821072008922,-11.591035593737557,85
9,86,0.1901151702079354,-137.20704166547554,86
9,87,0.11747318228235136,-9.899576394663299,87
9,88,0.23296035704809975,53.159206971837165,88
9,89,0.2335231435103537,-14.610091218679266,89
9,90,0.24132151890146702,181.8100815801522,90
9,91,0.24675521137275522,54.33347854825908,91
9,92,0.24712853716927446,-164.62648784453003,92
9,93,0.1511192217378784,37.022040921866456,93
9,94,0.23424228235862546,8.84251020161382,94
9,95,0.2454279231897973,-217.70119116391402,95
9,96,0.2499412491177761,-164.74218241154702,96
9,97,0.17721576103278075,97.758140000995,97
9,98,0.24992331112377855,4.761382935528097,98
9,99,0.2499721166854942,-264.8555881804169,99
9,100,0.221028676326872,146.08136116873195,100
9,101,0.18162035858234096,-113.78618402557323,101
9,102,0.24619345903375708,-294.6904068539069,102
9,103,0.07888439878890093,-3.5819929950602942,103
9,104,0.2401227125151861,66.02936601945396,104
9,105,0.1874375704174562,-22.66653145211636,105
9,106,0.22756562083592544,-31.449282166243595,106
9,107,0.2199458972736366,-3.2658337957420756,107
9,108,0.2458674425134498,-38.333721953373484,108
9,109,0.22608645224431628,159.00428670643285,109
9,110,0.1523186032436585,-14.820849497405753,110
9,111,0.17329600212029456,-25.195591658425037,111
9,112,0.2297169067432607,183.28428730078394,112
9,113,0.22206783083400117,-50.61147787358592,113
9,114,0.23868606381825014,-33.62563606704256,114
9,115,0.2496296157031686,-155.34916181417805,115
9,116,0.23164671734488806,-138.45707545776096,116
9,117,0.146120083470599,77.00046610860893,117
9,118,0.11322204679806462,-7.5062443909854375,118
9,119,0.12403121411727237,-18.187108866718894,119
9,120,0.2420837210324082,-47.21193243432987,120
9,121,0.18489953145571209,-2.5293981181916156,121
9,122,0.20387067218126587,-40.36671608672068,122
9,123,0.23866455287060276,-316.64005804855327,123
9,124,0.2491579178918537,121.5680569109007,124
9,125,0.24716847622799112,-52.79503465363537,125
9,126,0.09812417189723696,-2.3242633963666455,126
9,127,0.22667320455574388,5.188677032706941,127
9,128,0.24408926736380848,158.1717437141007,128
9,129,0.24936350840790178,54.50630284068927,129
9,130,0.19626461498527498,26.916729088196508,130
9,131,0.24655033211125207,176.9546884214386,131
9,132,0.20863300926159345,-25.23030761462118,132
9,133,0.20234133867829815,-68.6876780767102,133
9,134,0.23372451188205431,-431.38854464690195,134
9,135,0.24427169103027777,-269.91944269195045,135
9,136,0.24834090529677713,-266.8481729969968,136
9,137,0.20380282392740204,245.95621369376283,137
9,138,0.1867508432686399,118.27820876616086,138
9,139,0.1401826496188062,42.62417350077345,139
9,140,0.21122250524723335,-16.4450432378717,140
9,141,0.21896638754152448,-42.9745107893374,141
9,142,0.24855548145703993,14.122660541767505,142
9,143,0.24696204913289224,239.57140538248564,143
9,144,0.24882643600239626,-56.700858911493654,144
9,145,0.23851188301200762,89.39091405338475,145
9,146,0.2368501713116385,64.79041355261775,146
9,147,0.20524478430282916,197.6326281528691,147
9,148,0.24819255724068365,-279.5828953049659,148
9,149,0.2331110984353988,-150.1623132880104,149
9,150,0.14592251866933767,-11.585910669064214,150
9,151,0.1600771719192233,-6.328865665014675,151
9,152,0.19115144787236663,369.37548494772926,152
9,153,0.14562325961958517,-2.0564376796756365,153
9,154,0.24939057849693064,462.3076395644158,154
9,155,0.24284262590963318,-39.36467125563617,155
9,156,0.13059996566118662,-87.72014053101732,156
9,157,0.18196302967811118,47.75551530998022,157
9,158,0.13511568901293905,-29.816274667885438,158
9,159,0.23237367679010532,123.14698966791505,159
9,160,0.1839575202782797,131.36958104325237,160
9,161,0.20317722653442372,30.502297816921498,161
9,162,0.18547469987765872,37.750084082986206,162
9,163,0.20786934010721209,-338.04655864790374,163
9,164,0.2249806215175645,65.03787528866191,164
9,165,0.18138728966975448,72.75003465196693,165
9,166,0.20949145821798956,67.58873990253728,166
9,167,0.2498869453780473,-206.06049126925038,167
9,168,0.24986101991896814,77.60909733149079,168
9,169,0.2499753174500326,175.62812606174523,169
9,170,0.19464258125962028,68.4088497544521,170
9,171,0.07592289371562945,-5.182140783676888,171
9,172,0.21303735701180274,-10.048750196226024,172
9,173,0.2457672524530873,-29.144802696671178,173
9,174,0.24824179600323226,-87.52512197566912,174
9,175,0.24895070773088213,0.14681497229403417,175
9,176,0.24810021343926958,47.80107007587111,176
9,177,0.24648376168346467,-29.79210941107986,177
9,178,0.2406688409465696,-174.66200212691288,178
9,179,0.20918992130943845,-20.475553224976842,179
9,180,0.23473007109392172,-273.07441982808325,180
9,181,0.23132826144966237,-59.66012765189356,181
9,182,0.24817905858016373,195.08379843781773,182
9,183,0.24827844573473112,128.5692002781002,183
9,184,0.1847016564750197,-40.379986038535485,184
9,185,0.2496885226771429,-21.656410272824882,185
9,186,0.24830423659654685,64.5188213420963,186
9,187,0.2490636204278187,62.91235512551671,187
9,188,0.24232053583043273,68.71901122264161,188
9,189,0.2469665694137445,-21.5624508611985,189
9,190,0.24992328923368162,-100.05177883707071,190
9,191,0.13368485526821314,76.0620228290885,191
9,192,0.24953529039650788,122.0171194785088,192
9,193,0.2002790451851428,-43.24482961405781,193
9,194,0.2431464001935094,-321.5734292065475,194
9,195,0.2495100645968382,151.13847525457388,195
9,196,0.16419052011091304,-0.2881709298630676,196
9,197,0.15642969850049465,-25.23956692451535,197
9,198,0.16793836423103387,113.8462375671739,198
9,199,0.23826134108589023,-316.6053950837147,199
9,200,0.13475501002731938,-6.878779968070225,200
9,201,0.24257596964139488,-19.70143706410297,201
9,202,0.193436349936327,150.92979729612358,202
9,203,0.18697589368399659,76.190341943689,203
9,204,0.18129271477496764,95.2707719152911,204
9,205,0.1872199304624069,-36.46660781054278,205
9,206,0.20878643081602888,-138.51256213282656,206
9,207,0.2473937477002862,-202.46055787211645,207
9,208,0.1513711418502859,-22.51869399819365,208
9,209,0.2495853614300807,-32.20881567933364,209
9,210,0.23859075188009604,-38.485719229993215,210
9,211,0.24135467387264675,-199.0588980761362,211
9,212,0.23097517006466942,-64.1692907821099,212
9,213,0.24998441629520698,202.48802755413507,213
9,214,0.2479472665031378,384.96626433975155,214
9,215,0.19937756702378928,127.6038620708625,215
9,216,0.24764794154017875,51.89462671340115,216
9,217,0.20575763013770934,-104.06585477465673,217
9,218,0.24218813103539164,189.78620541689543,218
9,219,0.24838976471266577,44.406473587918676,219
9,220,0.19080189520099106,-41.31732048521755,220
9,221,0.21288034939531297,-26.605288149073942,221
9,222,0.24996360979456014,584.6060951541635,222
9,223,0.07721098275534516,-275.9479894269434,223
9,224,0.2296010599061988,156.09074387443692,224
9,225,0.21749188460224467,212.49934372082492,225
9,226,0.24104384953161637,144.19164431698147,226
9,227,0.24889439791332987,-74.21666336019183,227
9,228,0.1997105507855252,122.47303151744524,228
9,229,0.21291811537558883,42.61403238353667,229
9,230,0.23736185447538521,-8.540688630059226,230
9,231,0.22349019734446382,152.20136697923172,231
9,232,0.1598966151548623,37.54081651769672,232
9,233,0.2346171951609894,-138.04797331028814,233
9,234,0.24471025072847674,-146.8185441669672,234
9,235,0.09972524287033942,-30.09980027798199,235
9,236,0.23025443002183366,168.12426730062657,236
9,237,0.24894392258534748,-527.9809464072157,237
9,238,0.21744649489660386,137.01738519012272,238
9,239,0.2499571777931024,-48.70531235900593,239
9,240,0.24572631995339658,16.416145223003888,240
9,241,0.21052193409640932,207.24512797621696,241
9,242,0.18335958740840788,143.21160000559257,242
9,243,0.10499890062678748,70.78272221872277,243
9,244,0.2182399955542707,63.44826106551814,244
9,245,0.19399191980572486,-179.650277964056,245
9,246,0.08891531196182906,-5.855451202505755,246
9,247,0.1847995824193052,-24.584813699514996,247
9,248,0.18836523334950014,45.20360694694841,248
9,249,0.23173111005877853,45.55627263271923,249
9,250,0.22554926740065312,79.61771817804993,250
9,251,0.17715719457647222,-0.3594286875671877,251
9,252,0.18556785728158007,-152.19896685424612,252
9,253,0.21460465314465726,-41.769483570858235,253
9,254,0.15832619098220255,84.2618561356931,254
9,255,0.23607185613930237,273.2390610593154,255
9,256,0.1760213733556054,-8.263872631336417,256
9,257,0.19955258917343446,120.16065204848329,257
9,258,0.24932307039295734,12.760314955919267,258
9,259,0.2232816245828374,-27.350654601209882,259
9,260,0.16584405473861602,125.27091231637075,260
9,261,0.17545907855450776,-26.073770229995265,261
9,262,0.2432888763938321,681.3801107669891,262
9,263,0.23422022752468788,-103.25822482390329,263
9,264,0.2282295390087351,305.7535710547446,264
9,265,0.17523375167807648,64.08935579349655,265
9,266,0.2494864368283112,120.93644074387315,266
9,267,0.2270187918869487,-40.62208021141614,267
9,268,0.248675639365468,-257.7346410935307,268
9,269,0.20735254605360506,81.14016017999155,269
9,270,0.17448941308854873,-1.3429024082134635,270
9,271,0.23277634266661107,-259.4891314007629,271
9,272,0.21597699363737138,-33.36880391448402,272
9,273,0.09051824330259158,-171.37771363926115,273
9,274,0.22609041382057576,-146.32827505100448,274
9,275,0.24867953918801106,86.93654021204452,275
9,276,0.23085334188924783,-134.26423192174718,276
9,277,0.22440795934198388,-99.20049145693204,277
9,278,0.18826864322626516,-3.9593671162036586,278
9,279,0.17386773389490282,1.2775218004287474,279
9,280,0.2495115071229071,-243.55509438947442,280
9,281,0.17931234137847513,-28.522016766533255,281
9,282,0.19871165974998925,486.2473748958296,282
9,283,0.18123195244508034,-1.7407951557409713,283
9,284,0.13935132029587247,18.2550929517181,284
9,285,0.2435752229487544,-168.6101024855328,285
9,286,0.24874358116156023,171.43000232980037,286
9,287,0.16981754244275765,-23.885429378405895,287
9,288,0.24967166431172155,164.38369062613287,288
9,289,0.18674582825490893,124.10972150638055,289
9,290,0.20271027479987822,177.49578814723137,290
9,291,0.21671113186842872,-34.592313378182496,291
9,292,0.23779203084776343,37.2902349495679,292
9,293,0.21153458120949292,-3.9778446507652516,293
9,294,0.1993769991804677,-106.38395138388357,294
9,295,0.2412637081113553,-63.28210967884178,295
9,296,0.22551469958059897,-56.988080312768744,296
9,297,0.2482856085519908,-13.704873044540825,297
9,298,0.11377575356185399,67.76734196763239,298
9,299,0.13815825318773137,88.59952916949533,299
9,300,0.24909806324523354,96.73262983649917,300
9,301,0.20334006141147118,80.62750461872939,301
9,302,0.22418590924707724,-12.6937347367763,302
9,303,0.21958262337621617,-17.40099718815822,303
9,304,0.2498965535825338,-122.46276966732611,304
9,305,0.24009216241946102,101.81140680499578,305
9,306,0.09943369625149565,-35.63342973461279,306
9,307,0.15600298220506398,8.404426234657077,307
9,308,0.243687169284251,188.96665538667523,308
9,309,0.24672079649355974,53.94817739087607,309
9,310,0.24621995607790187,22.883785047849464,310
9,311,0.16908960348830943,4.519907900557994,311
9,312,0.2238581631665021,-36.14735460902365,312
9,313,0.23520798212527336,106.46975413957298,313
9,314,0.21254788264157473,-28.159408131526163,314
9,315,0.22858839578935064,228.3068848239991,315
9,316,0.22270487474368114,111.13283356927536,316
9,317,0.21895363854791702,-22.68961055099674,317
9,318,0.06740116220067394,-30.359827366938358,318
9,319,0.19483013140606162,-17.61392213765844,319
9,320,0.23879675464955946,483.4716765955228,320
9,321,0.06529021800860126,41.47617853889683,321
9,322,0.09613652689358926,73.15934437436879,322
9,323,0.24967755637645533,-98.84504545651234,323
9,324,0.2288268012878867,11.748697006027761,324
9,325,0.15202909251070487,56.42932310101932,325
9,326,0.24704867429663363,48.085656880288425,326
9,327,0.2342302574608168,-10.946956568889162,327
9,328,0.1903209686731226,-70.45045419092067,328
9,329,0.2342822831646307,97.03537225118076,329
9,330,0.22769125946187116,-0.35101886621142664,330
9,331,0.2082112052554971,47.39548635136237,331
9,332,0.24987700749701483,-290.23590364751215,332
9,333,0.18204490753396532,-23.370769848644947,333
9,334,0.24975362994446534,27.454811316440153,334
9,335,0.20105668369603782,-34.89035574249323,335
9,336,0.09219260063272407,-5.615556336618587,336
9,337,0.23958467161141442,-317.56606348578816,337
9,338,0.1609702722869289,-57.60757745000143,338
9,339,0.2314254975606313,52.94709480249072,339
9,340,0.21619218341619836,-79.43674157846291,340
9,341,0.24489765679485367,-168.6927767604067,341
9,342,0.24865998282761076,-45.01947551864594,342
9,343,0.2499999249544471,52.627029501672,343
9,344,0.16474276559342674,10.515652595592037,344
9,345,0.21316916459833432,-51.376855871222716,345
9,346,0.24711584851149132,-124.19377835990508,346
9,347,0.2495111447616328,77.93051349650179,347
9,348,0.159435068960927,21.241411889611506,348
9,349,0.10373714317152782,23.890597934822015,349
9,350,0.24001081838883145,-12.03937116822765,350
9,351,0.2493513831807914,317.10108207194077,351
9,352,0.24240433187102134,86.63643952957696,352
9,353,0.23133006043403298,-12.043762282878642,353
9,354,0.06565673829617558,23.31542516368783,354
9,355,0.24583903115135955,-13.224079657831146,355
9,356,0.21700503597657195,-50.898510885384,356
9,357,0.22978065714911514,-268.4327065574704,357
9,358,0.18507390640383092,-26.762558825407723,358
9,359,0.10560751632860302,-6.576478843675935,359
9,360,0.11841403493735118,-62.19518503952057,360
9,361,0.23757311525945463,-28.537380624017942,361
9,362,0.1829786236295504,-13.197885091220769,362
9,363,0.24999817310285716,-232.29720475680728,363
9,364,0.2369502429111212,415.455443663345,364
9,365,0.17833130897910263,-82.5764736184418,365
9,366,0.16605933247611548,-12.235793548363159,366
9,367,0.24995221954327007,-56.67735386178224,367
9,368,0.2116260130085449,-34.301769332208615,368
9,369,0.24817499175595908,-134.26973512437,369
9,370,0.20823574104781348,-37.564107407609725,370
9,371,0.23253411401663562,82.56864953137747,371
9,372,0.24901433362883452,261.2272089282838,372
9,373,0.1969028406371248,-11.964793793811788,373
9,374,0.14180362614987368,-27.239174164413328,374
9,375,0.14809466839479313,-0.060264745823243066,375
9,376,0.24596508329507652,-351.97239116464283,376
9,377,0.20996758655508574,145.1479662989906,377
9,378,0.1496093538096827,-26.78890072396718,378
9,379,0.21554182897748667,33.82321114213188,379
9,380,0.2496322286683062,-192.9480506239238,380
9,381,0.17861392320522043,-0.6371153041087448,381
9,382,0.18415992073690368,-278.1771702786258,382
9,383,0.2495385162262189,-337.3856678899966,383
9,384,0.2479458475342992,184.71451889914437,384
9,385,0.24930412913251956,209.76393151955028,385
9,386,0.20834626666424075,-23.91242939419462,386
9,387,0.24960660849241956,-134.34056959533947,387
9,388,0.24614542779311016,23.602157789384137,388
9,389,0.19176933003166288,20.540948431409298,389
9,390,0.21576590042961413,-147.22343125870444,390
9,391,0.13721155884823377,55.23084745896534,391
9,392,0.24515004549290606,-127.88396904594423,392
9,393,0.10037502505542001,-5.270087018554449,393
9,394,0.19722018899664814,-31.173963629935137,394
9,395,0.24990726261127047,-283.12552973977796,395
9,396,0.2295760344665119,-23.713839508095887,396
9,397,0.1969286781471527,58.02808858983548,397
9,398,0.09933116284647175,-3.124309368322098,398
9,399,0.24812505049103456,-161.2828514330224,399
9,400,0.2494247911958732,46.06882311746998,400
9,401,0.24987082383488385,-76.10998260828809,401
9,402,0.24076426784661806,-9.815911623319744,402
9,403,0.22451453147136483,70.95118314195479,403
9,404,0.24726781148160878,-9.051785463010813,404
9,405,0.15182302765247208,-28.476302586446213,405
9,406,0.24977615016946833,-245.59971283449153,406
9,407,0.22886723838307368,198.96013262699176,407
9,408,0.23211415219103967,-84.67755539311489,408
9,409,0.18110077890892176,71.17183157344928,409
9,410,0.24993529016028795,-188.79200436966792,410
9,411,0.24591279875682603,-49.81482105762825,411
9,412,0.18025813990285264,193.09844647322416,412
9,413,0.17887479844740195,57.037972711111095,413
9,414,0.24240969077693628,142.4461438700828,414
9,415,0.24845297240655284,117.2814902757071,415
9,416,0.24206744736064298,-128.90850620670665,416
9,417,0.20824467116459316,140.4368667272455,417
9,418,0.23877022598323813,-6.043451920750188,418
9,419,0.20691401852928615,-348.65214172071484,419
9,420,0.24323937862575565,-213.15391176974663,420
9,421,0.17398112803239904,-23.684450339194306,421
9,422,0.2415056855209969,87.43840918429557,422
9,423,0.23782263708467224,53.426090706851305,423
9,424,0.2499487548781165,88.55371567358304,424
9,425,0.11640788223570517,-9.620811459339723,425
9,426,0.23717027419560857,20.729658098941876,426
9,427,0.17443243775415057,53.45344197505831,427
9,428,0.21970866239235678,78.0252181268067,428
9,429,0.15277560784447428,96.0315437992657,429
9,430,0.17071087623683073,63.00065050485397,430
9,431,0.24959724745966785,98.22976257972601,431
9,432,0.10070221833946039,-0.04691157665042394,432
9,433,0.1220659639384931,-3.531066277018292,433
9,434,0.1011477694450466,171.13966417622137,434
9,435,0.24796795242768932,38.32283443553773,435
9,436,0.24150692491780512,-313.2175131718683,436
9,437,0.23012876373389884,-162.8355487064567,437
9,438,0.1022032466899197,-14.679100565581788,438
9,439,0.24905960697472757,-247.64633971072132,439
9,440,0.24600669998038818,139.51323331921213,440
9,441,0.24843335210753045,-139.13008752872835,441
9,442,0.1396462963485621,72.71437171881317,442
9,443,0.13450756837426478,-22.571042612984606,443
9,444,0.22177454132177357,-110.18843292576317,444
9,445,0.24896168515865993,-54.12567802039821,445
9,446,0.22164566778058992,90.54586958803205,446
9,447,0.11286302072296199,-0.25471265350227656,447
9,448,0.20234622471680583,147.39926995216683,448
9,449,0.1851277804280856,-56.80492234412485,449
9,450,0.24368997833562683,-205.499480852955,450
9,451,0.2248144814927337,-316.6569303332072,451
9,452,0.16195050804140138,103.57507287251872,452
9,453,0.2333766952829709,91.75182252124607,453
9,454,0.2001004924029256,-14.716231487416724,454
9,455,0.2213506119254853,131.94589082812323,455
9,456,0.2420789175064967,-96.98957944141338,456
9,457,0.23641558133580318,0.23983332504800803,457
9,458,0.245571242413811,-184.3831193449094,458
9,459,0.24738389797603735,72.90103687317246,459
9,460,0.24290575710037957,227.66647640669999,460
9,461,0.18445117077517767,-42.50693140617334,461
9,462,0.23459640685770117,-12.542426122854959,462
9,463,0.0683643443342067,9.286099242368817,463
9,464,0.2444643316461688,-112.2357860787513,464
9,465,0.18783866414035716,-20.215274739166695,465
9,466,0.13923651807768575,-164.04852632568412,466
9,467,0.21763821246542903,-34.96955677888408,467
9,468,0.12431710102902235,24.675621034159903,468
9,469,0.17344291909252338,-48.264926602624314,469
9,470,0.10517078673331064,66.25914307091384,470
9,471,0.23360642618503097,35.42991563339825,471
9,472,0.13594639293516345,-183.00393166347104,472
9,473,0.21712193968854748,-34.4030517922419,473
9,474,0.1825834602611554,115.62031088798959,474
9,475,0.23482540020165563,165.844836746975,475
9,476,0.23782851426293863,-23.204778143788783,476
9,477,0.18862231381431496,39.47007837882367,477
9,478,0.24986953726840605,-137.92156374564374,478
9,479,0.17601454733382108,-11.679935691632073,479
9,480,0.22956765614741304,152.37932035117325,480
9,481,0.12120935097682865,-57.259601581862,481
9,482,0.24643706848329922,-215.87498547969105,482
9,483,0.20102299684063582,80.7165388427426,483
9,484,0.2428787091408058,-19.212517700602017,484
9,485,0.22617034886072834,-53.5075245254914,485
9,486,0.24564266196809284,-52.028637179367536,486
9,487,0.22759160868354383,-45.65550359753718,487
9,488,0.20631594888763222,32.626439304089494,488
9,489,0.24997373012406343,-27.85173847526962,489
9,490,0.23165666387274716,-132.7745728798086,490
9,491,0.1094243599360506,32.45785872988516,491
9,492,0.2054366558430548,-0.36609762165957094,492
9,493,0.2347895929716367,-10.530438908673059,493
9,494,0.2213978234641319,-138.90123915593173,494
9,495,0.24877138826624465,246.50727921854113,495
9,496,0.23141300546606489,-47.96483290091646,496
9,497,0.24699035141860567,161.87036905091344,497
9,498,0.10104363591429494,-3.496353536397904,498
9,499,0.1028964052322664,-322.2926891998978,499
9,500,0.2050127672936835,104.52211188838706,500
9,501,0.24806407510901013,-55.05497947180025,501
9,502,0.21613984520228005,93.36562654416085,502
9,503,0.24391283382462223,25.87422672775253,503
9,504,0.20049329589977619,376.5571046154622,504
9,505,0.23557347148646895,-65.61658692842806,505
9,506,0.24460073092920917,63.5619229822215,506
9,507,0.1574517900777969,55.38275396389922,507
9,508,0.11354918691338045,-13.14193322603569,508
9,509,0.24817306209532186,-298.48096519887207,509
9,510,0.24559822345343996,-341.4835867465248,510
9,511,0.19563795292422778,-17.08416549483704,511
9,512,0.22296274074852193,154.8147887278967,512
9,513,0.23327290467992226,63.95526071198154,513
9,514,0.22497624603574837,23.352892342205656,514
9,515,0.2296454985421468,-30.569833841058067,515
9,516,0.2499952759030617,-202.47518247255226,516
9,517,0.2396936319063511,101.53010925867522,517
9,518,0.19651224410205897,-153.0848790437011,518
9,519,0.21850358115579124,-14.428013381829944,519
9,520,0.14554270911774883,45.51961486072401,520
9,521,0.18305229892158684,85.55288999409672,521
9,522,0.20946996796984532,-2.869870124849557,522
9,523,0.225082920070217,182.79678383145114,523
9,524,0.24173476038278074,227.10770931857053,524
9,525,0.23173910204081066,84.46839141274823,525
9,526,0.23723596814412037,-216.49945648064502,526
9,527,0.23181658896114588,-57.461038557455055,527
9,528,0.19449933155288796,64.83167750420202,528
9,529,0.1620065108955102,-10.89885041916551,529
9,530,0.21322820562819125,-177.91838648545558,530
9,531,0.2428800458681311,222.5663263111716,531
9,532,0.11708703866059038,15.711316982498088,532
9,533,0.22836744106822102,169.7691860446371,533
9,534,0.16388457198779152,28.066111386534402,534
9,535,0.24900140991246,65.75982151559062,535
9,536,0.15964453226670672,-16.047487803635768,536
9,537,0.23053563809018468,-42.07801778908637,537
9,538,0.14916778448722345,71.2667537044948,538
9,539,0.24966217244372438,784.6472382146999,539
9,540,0.10665261741625895,29.981845751231315,540
9,541,0.24928841197158583,53.438530509589114,541
9,542,0.23139048444828797,-8.627481041857532,542
9,543,0.07063752085460363,-24.963069036187164,543
9,544,0.24480021507380367,-73.39428014897285,544
9,545,0.1003335246813579,60.33039214276569,545
9,546,0.18269396688674455,-18.981088107064984,546
9,547,0.24669381061491166,-5.886218563752905,547
9,548,0.24861198743327395,46.241747897019124,548
9,549,0.21905282859064568,115.80415716582182,549
9,550,0.16467062217300263,56.09826493507834,550
9,551,0.15922725857028142,-32.187301530154635,551
9,552,0.22447138086249832,59.068708837493986,552
9,553,0.1533989487892912,-11.432998875766598,553
9,554,0.21263910566382663,-62.98592814924037,554
9,555,0.24935781949534294,-220.79495328902118,555
9,556,0.18817101841121553,58.54729991216459,556
9,557,0.1224946766654876,28.154407341184026,557
9,558,0.21294382831387446,179.94381654033975,558
10,0,0.22780951136493488,-7.295723545393708,0
10,1,0.2131603638375887,-21.127225229839137,1
10,2,0.1450392175010794,-77.18744779411757,2
10,3,0.1602160232113254,-26.186452171485826,3
10,4,0.16785553429899944,-66.80466662630269,4
10,5,0.24981754092595135,-211.9616981901197,5
10,6,0.24616280821427544,0.29888196749617535,6
10,7,0.24995706500237225,-190.1999956665943,7
10,8,0.24160348209716012,-233.59283469450318,8
10,9,0.23994085637314452,51.11635625026793,9
10,10,0.24490464475416818,84.94378578061297,10
10,11,0.24962795384523773,-106.24665677201725,11
10,12,0.22568185415084865,-13.783155686702623,12
10,13,0.22226433566629583,386.21485803289795,13
10,14,0.12712115626334067,288.25385511242877,14
10,15,0.24810984577118345,218.97053017292882,15
10,16,0.24788960725719836,-90.68206924231835,16
10,17,0.14188695600310108,-122.843296494706,17
10,18,0.23237391368327504,91.57775694657322,18
10,19,0.2407106573222287,-116.91664494592179,19
10,20,0.15515125956272915,-2.7783153438076313,20
10,21,0.22735653649300405,192.66241526636568,21
10,22,0.24720260788815282,-371.30895713413577,22
10,23,0.14757319518142492,36.36724273076403,23
10,24,0.18770586354717084,-3.908569458640119,24
10,25,0.24773979752052,60.18828973502894,25
10,26,0.051039878162619116,-2.978102489725937,26
10,27,0.227351014636396,209.94894628093118,27
10,28,0.24663904992379304,-69.88444430256048,28
10,29,0.24325834519007855,-26.134697478305938,29
10,30,0.23808053434375978,104.84143510373832,30
10,31,0.1897883077780361,346.9780252745001,31
10,32,0.1634118093958411,36.459552181927144,32
10,33,0.24776178894419087,-225.43683632913255,33
10,34,0.24991056325774466,16.164937227195644,34
10,35,0.15746193686209747,-2.6771469566966823,35
10,36,0.24860515837784564,-249.3481703981897,36
10,37,0.16934116356647777,777.1778332446734,37
10,38,0.2486269463358832,210.56592846249924,38
10,39,0.24789289613208718,59.72575331014403,39
10,40,0.24741798015231795,-95.51962382725509,40
10,41,0.23013083276736385,-337.6782104511272,41
10,42,0.08484428788535367,-6.401533039578178,42
10,43,0.14429040697462872,23.4010665274062,43
10,44,0.19783638848453802,-27.39125235370855,44
10,45,0.2486540078763454,29.139065007891677,45
10,46,0.23314393598563563,51.98105415249963,46
10,47,0.10617372851182647,62.94906220024985,47
10,48,0.19217982411559004,98.36585297249864,48
10,49,0.24395610455127728,110.7427975237528,49
10,50,0.2481989867303096,283.3924053632994,50
10,51,0.2381056509072794,-189.57906979472222,51
10,52,0.2462426114435983,100.71482454913854,52
10,53,0.22772110800340736,146.42912271791948,53
10,54,0.10841915838561438,-18.99902143062549,54
10,55,0.24491713428588813,145.53115388111723,55
10,56,0.24078401562838686,201.5649671427702,56
10,57,0.23844268587494286,81.62195834320521,57
10,58,0.249907997093828,233.8925935772234,58
10,59,0.0492604265341503,1.3006360925757772,59
10,60,0.24983884782685747,-30.508043573280446,60
10,61,0.18359002929598536,64.22114182457008,61
10,62,0.20729118790702147,104.71115191431385,62
10,63,0.1859249265869291,-34.361103091371305,63
10,64,0.23154580726299398,-201.51358570974173,64
10,65,0.24493616557209175,-28.381759918304404,65
10,66,0.2447497696138719,275.78080850457127,66
10,67,0.24920704756095893,264.8200767995263,67
10,68,0.24945241353664754,-142.21774017809653,68
10,69,0.17914771244366504,-13.973191124247403,69
10,70,0.24935763488560736,37.8071247397219,70
10,71,0.2410849075979806,-253.39546698221983,71
10,72,0.209251881239449,-87.26001570458538,72
10,73,0.1100463367313791,24.163711351420055,73
10,74,0.20702858585513745,-41.46186722526383,74
10,75,0.23510596921491134,28.370591836771588,75
10,76,0.24695147163978443,-305.75933726866964,76
10,77,0.10558986170065075,70.18155176513217,77
10,78,0.24992306201268152,-16.367094353152517,78
10,79,0.23491804312475736,-266.3057591592481,79
10,80,0.24691333681938107,-102.76653365936687,80
10,81,0.22761717926602315,157.3917094122939,81
10,82,0.18755618120448725,46.439686276032575,82
10,83,0.24971798585505026,172.59678617008396,83
10,84,0.12762224238395806,-10.390668852375256,84
10,85,0.12709113002709127,-12.326927611261084,85
10,86,0.171680761648582,-95.51995384417566,86
10,87,0.07905309892212652,-4.525980849204236,87
10,88,0.2099542757126557,48.088010405021485,88
10,89,0.23405479569519813,-21.013742127225484,89
10,90,0.24028692340662042,188.67685967940758,90
10,91,0.24924985866229984,28.200883884792546,91
10,92,0.23761379246598635,-224.13116934478123,92
10,93,0.14581620052093694,35.54871366017451,93
10,94,0.21156280641892716,25.68177930076028,94
10,95,0.21693844491302566,-294.3717142876198,95
10,96,0.24767041324363154,-174.6429376160389,96
10,97,0.16759211731800688,97.71589869208725,97
10,98,0.24670022044276438,-24.770030499911194,98
10,99,0.24997361932741013,-265.21655693767644,99
10,100,0.22187003373045197,190.60288510931048,100
10,101,0.2336064592693713,-160.6760044379947,101
10,102,0.23396761884481146,-216.237083008536,102
10,103,0.11489596618374028,-5.272464165976198,103
10,104,0.2456189991704514,49.743729928898375,104
10,105,0.15534367215498318,-8.508742148949093,105
10,106,0.2179387228348839,-19.691871848474396,106
10,107,0.2149264285893524,1.0269776870325487,107
10,108,0.24559672158655158,-39.089851872109605,108
10,109,0.22781050220681895,160.29505668315036,109
10,110,0.1450040298106635,-10.898800844234435,110
10,111,0.16529007737211002,-13.652730697576526,111
10,112,0.23854983585360479,202.7574944064841,112
10,113,0.22217740775283043,-54.82931779330341,113
10,114,0.21295846317458816,-35.04116746362736,114
10,115,0.24999999580968327,-115.43431559500024,115
10,116,0.2213175015172381,-125.50810770514913,116
10,117,0.137107823963332,77.60574284259846,117
10,118,0.1353852791271911,-9.987422967460992,118
10,119,0.1183601571677087,-17.163634657977887,119
10,120,0.24821937402636696,-28.545737478037204,120
10,121,0.18710416066289365,-2.503207911471061,121
10,122,0.21797806339322542,-46.650849900724204,122
10,123,0.23702706059088377,-346.53368177920987,123
10,124,0.24507712128191764,114.96844374147409,124
10,125,0.24988352750061657,-69.50487591219897,125
10,126,0.09093092593574717,-1.7118501257981849,126
10,127,0.21867632409465498,-47.85748807919046,127
10,128,0.24270594517847807,184.38060780325551,128
10,129,0.24198395183015378,69.95395076269436,129
10,130,0.18339630033598486,24.27974724585907,130
10,131,0.24260704661089028,232.5650757890678,131
10,132,0.2267418803060678,-25.383653490229534,132
10,133,0.2202551257584842,-116.37117749561426,133
10,134,0.24201390388840652,-389.6579686565427,134
10,135,0.24664704987668284,-256.4325946144076,135
10,136,0.2440922146803315,-334.8192361137268,136
10,137,0.21753114735411175,238.6292644199348,137
10,138,0.19744839403585113,132.01901205398926,138
10,139,0.10581046958938589,32.64441761282531,139
10,140,0.22920913826014466,-19.51715792213277,140
10,141,0.20878470286694364,-42.39620807080952,141
10,142,0.24996189136677344,29.350247302632223,142
10,143,0.24975327382517878,164.7782457537933,143
10,144,0.24970651362908103,-42.08625182855543,144
10,145,0.23535679550575397,89.23818092435582,145
10,146,0.23565133321940096,78.86052439543977,146
10,147,0.22821274104249284,187.8724939273782,147
10,148,0.24114835342748425,-310.2566561548097,148
10,149,0.24318410060654874,-190.76034429615095,149
10,150,0.16448511779073385,10.8517025186022,150
10,151,0.14667804165914503,-2.3171165441786368,151
10,152,0.13183067857529648,367.0888336536148,152
10,153,0.09572125039821966,-1.5549945124790083,153
10,154,0.24565584926740747,486.1127298295734,154
10,155,0.2478020950489555,-36.981428607217,155
10,156,0.1515358241366018,-108.75235535159229,156
10,157,0.1680211153499462,43.620526952355334,157
10,158,0.23684089210978213,-41.20121163658115,158
10,159,0.22308215475836038,120.73763129683869,159
10,160,0.16761843774917834,118.72767711227272,160
10,161,0.19060836422106658,20.48089634875633,161
10,162,0.226535093843006,58.60119058280198,162
10,163,0.21176197458508286,-459.6278412684744,163
10,164,0.2182539501359644,59.14443935107998,164
10,165,0.17448408439512,90.70663373360203,165
10,166,0.19838417185132565,78.98321887139815,166
10,167,0.24937372457114038,-200.32571302978016,167
10,168,0.2490505958623787,80.97077592484601,168
10,169,0.2497994019887628,178.01104734661206,169
10,170,0.18146447076514594,83.80681422761036,170
10,171,0.10997731776001873,-9.565026574714157,171
10,172,0.2261593299035192,10.297593870294591,172
10,173,0.2320260276668984,-33.09844830165998,173
10,174,0.24149120513989675,-80.97443276830754,174
10,175,0.2482875255613185,77.28561184607543,175
10,176,0.24716484688291443,29.291570715626573,176
10,177,0.24982593886082538,-76.4172638893609,177
10,178,0.24587627492917052,-186.58767389920155,178
10,179,0.2313955976280075,-23.285848344195657,179
10,180,0.24570553363066422,-248.3401886699796,180
10,181,0.2273795068786488,-65.91991461532415,181
10,182,0.24614867763592005,171.10693617505837,182
10,183,0.24135576872674808,108.95174361389388,183
10,184,0.19592032214449911,-31.05209181498628,184
10,185,0.2498480936866003,-4.3302087467344474,185
10,186,0.24861964169777379,61.45406685270962,186
10,187,0.24901522904213788,38.666535340207844,187
10,188,0.24104124620193665,69.36069305073347,188
10,189,0.24314272800110642,-30.43332536288555,189
10,190,0.24662259668065725,-84.09677624926775,190
10,191,0.1293753954076679,73.49937145961533,191
10,192,0.24410582207536752,144.51188309348115,192
10,193,0.19442782293345734,-39.786830314228965,193
10,194,0.23149508804742938,-234.45947998988552,194
10,195,0.24995980534649306,132.8325653605635,195
10,196,0.15362665198164413,-0.1596200482837534,196
10,197,0.14531680634058267,-35.005199149725875,197
10,198,0.22197379487757782,175.14561219859442,198
10,199,0.2309250246865839,-348.0751598243011,199
10,200,0.15328783527212814,-23.796010052367244,200
10,201,0.24701277906904445,-16.16261013519935,201
10,202,0.17846317945494852,144.06358311397528,202
10,203,0.18475773060505973,83.30215127050508,203
10,204,0.18899371761040498,94.53187623073936,204
10,205,0.1808703391131407,-28.401170887333556,205
10,206,0.1808559586522544,-65.77380209207331,206
10,207,0.24885849619152758,-205.46336001515755,207
10,208,0.1521018945830749,-19.994771204022662,208
10,209,0.24140822303899462,-39.845945180000015,209
10,210,0.2453759977875683,-53.51507275113088,210
10,211,0.22903604747328996,-156.7041740055416,211
10,212,0.22116040544599358,-83.26744286664291,212
10,213,0.24942584457611527,237.48458355114374,213
10,214,0.24496998056102323,363.74041640227983,214
10,215,0.20801235227667236,142.54529014532636,215
10,216,0.24128458158849003,92.14377191663613,216
10,217,0.2130280042802374,-92.35944140995298,217
10,218,0.24741141528159677,208.20419659573815,218
10,219,0.24690054314331875,41.07146910450307,219
10,220,0.20347602875236032,-39.275287349688575,220
10,221,0.21045611346403076,-38.2163405715244,221
10,222,0.24995375811795437,462.0343777426856,222
10,223,0.10768325681883932,-258.64565190544056,223
10,224,0.2209211163639825,156.04436458208716,224
10,225,0.22237173365147134,221.68179804696553,225
10,226,0.24059576558053228,130.42663533607876,226
10,227,0.2478004466142818,-61.72067322724715,227
10,228,0.1822993793622347,103.03023849638262,228
10,229,0.18915542660988777,60.483845984760684,229
10,230,0.22860804220953515,-8.524343262728376,230
10,231,0.2161743484671333,141.23755875333958,231
10,232,0.13515437034665673,38.51482180002794,232
10,233,0.2442385497640569,-176.96650089384008,233
10,234,0.23793223450336312,-153.66615539235116,234
10,235,0.05456952900015268,-12.803763199828875,235
10,236,0.23074133940372296,171.5332624183719,236
10,237,0.24215090661599392,-617.5533569986479,237
10,238,0.23986597515902694,171.1953352517111,238
10,239,0.24788137133173074,-52.9409814483558,239
10,240,0.24997926681451316,21.52674877302435,240
10,241,0.20847505827753915,247.03150363938954,241
10,242,0.16325412084442673,125.28307672186966,242
10,243,0.10950471790092098,84.87971148702529,243
10,244,0.22304410095033825,51.876894203329755,244
10,245,0.19539821823393833,-172.61904456999974,245
10,246,0.06586919371549005,-3.3536040717574913,246
10,247,0.195061851245376,-31.69951383682509,247
10,248,0.1829118969462963,40.16789363625162,248
10,249,0.22206959801862014,72.45816992061081,249
10,250,0.2227838443807484,76.35366276176076,250
10,251,0.18752118031369225,-0.3325388099323778,251
10,252,0.15559029453092246,-131.44092927581448,252
10,253,0.22443913821539677,-35.749260728703334,253
10,254,0.13910318772488725,74.74795633167527,254
10,255,0.24367688485872474,267.46733850365524,255
10,256,0.18447855290543583,-8.906692841355788,256
10,257,0.17857950377454168,114.0105064492364,257
10,258,0.24842382093437218,14.892351373161818,258
10,259,0.1942386635382925,-17.162634130669836,259
10,260,0.17176998314994243,158.31765626288492,260
10,261,0.17200119465898717,-22.985554526558705,261
10,262,0.24378136296043584,643.0091445725246,262
10,263,0.24769145054873914,-117.82317607425493,263
10,264,0.21416624246312055,316.93918443384007,264
10,265,0.1721828150065236,71.17286875454593,265
10,266,0.24900543713406004,105.61911988260849,266
10,267,0.23156498863101446,-42.9200507791233,267
10,268,0.249991067076824,-278.5086912751303,268
10,269,0.17863932678923372,59.777728504482255,269
10,270,0.16864396697146025,-1.2769095351286077,270
10,271,0.22955336914324093,-262.7514862725228,271
10,272,0.20161071854794294,-33.76465370772193,272
10,273,0.07176907740917021,-188.24818651487897,273
10,274,0.23081845882841603,-132.2167967296896,274
10,275,0.24984349820563995,91.24915930401654,275
10,276,0.23857044935228808,-154.11049757145463,276
10,277,0.20869114112525833,-80.20949571676549,277
10,278,0.18562283236238694,-1.0494101983138053,278
10,279,0.18070343624017063,-4.467170718212225,279
10,280,0.24970893960653162,-213.60827463641797,280
10,281,0.1724114025957874,-25.33847069233149,281
10,282,0.1717725165315674,766.9488049391769,282
10,283,0.20143845398174903,-2.3610052036841096,283
10,284,0.14462494103497936,14.343055453870846,284
10,285,0.24715076063942518,-162.878796039668,285
10,286,0.245082291814991,169.95902404046936,286
10,287,0.1662634340381306,-36.24806553274155,287
10,288,0.24976737644631614,134.88937580640228,288
10,289,0.1006864417078774,22.11927575031638,289
10,290,0.23495566899302062,247.57493473187733,290
10,291,0.1950935464178115,-26.842173311418914,291
10,292,0.2434058730379379,48.384599377528176,292
10,293,0.21779179349843747,-50.41592217271805,293
10,294,0.22841328524151833,-35.47542911791406,294
10,295,0.2475220798412772,-77.34940327161601,295
10,296,0.23988863638795188,-79.64785371728951,296
10,297,0.19248987914913893,-10.940289451289782,297
10,298,0.06391606657535738,35.64159544420044,298
10,299,0.12731378486036166,76.66435462199252,299
10,300,0.24998336398816617,39.81146082161849,300
10,301,0.20672622559277284,88.7345576665456,301
10,302,0.22486028463778965,-18.259382664326058,302
10,303,0.24049033768224243,-23.58574266032913,303
10,304,0.24977622192932622,-147.59109516636545,304
10,305,0.23617846175514748,88.46180512533262,305
10,306,0.11897860560659176,-40.11780445395436,306
10,307,0.13592983822072574,9.288024527617175,307
10,308,0.24732819183326954,199.04382333805225,308
10,309,0.24704686923032332,93.64532164673193,309
10,310,0.2492324595631162,72.8041223321282,310
10,311,0.18057218618393647,20.014646986321107,311
10,312,0.20753402131079082,-31.38488974902211,312
10,313,0.21343655142286763,105.72531349351797,313
10,314,0.21445081114308448,-28.127807635805887,314
10,315,0.2268778718222749,206.29210598833092,315
10,316,0.2192449084370702,114.8604956256005,316
10,317,0.20049251921182482,14.093231753880723,317
10,318,0.061251951308104076,-27.97766065690965,318
10,319,0.17070461588029726,-13.29042502759742,319
10,320,0.24266553792636952,581.657461641416,320
10,321,0.102602401857272,67.88950940138028,321
10,322,0.08564485394011748,64.43187486653015,322
10,323,0.20333432729897216,-264.19799943483065,323
10,324,0.23108541620192866,-0.29805436086590475,324
10,325,0.19708011351776883,70.53386707654646,325
10,326,0.24559525826051135,58.58078441708267,326
10,327,0.24021885531959897,-12.991823427045741,327
10,328,0.17643521077400112,-56.01434585321577,328
10,329,0.22666875867415232,85.6355960498947,329
10,330,0.22224356466659012,-0.31586615010042607,330
10,331,0.22567145847307132,62.87638448735154,331
10,332,0.24747628494995488,-263.93273601495673,332
10,333,0.18274686687549418,-23.072478198126817,333
10,334,0.24615928390783381,36.12730499256536,334
10,335,0.2006115208681972,-30.588469299199406,335
10,336,0.08912109676414018,-3.7611587925241157,336
10,337,0.2390842867360333,-437.6560537183517,337
10,338,0.18126051983451794,-70.02335323642667,338
10,339,0.19956874349361256,74.9300475788817,339
10,340,0.21569379974072997,-58.673703160323456,340
10,341,0.24172559121065126,-159.65169492416507,341
10,342,0.24498519263867438,-62.75585998186028,342
10,343,0.24943689068760408,68.9159341247039,343
10,344,0.1963256957574628,-9.567207718243964,344
10,345,0.20756393710546248,-53.3186839045314,345
10,346,0.24371262452000464,-138.72963439273494,346
10,347,0.24823964009382726,88.97579546122985,347
10,348,0.20140947898008377,30.604222048948614,348
10,349,0.08868826098629978,21.922100762090878,349
10,350,0.23770428194510607,-13.734603497247614,350
10,351,0.24998449976075113,303.7493487899765,351
10,352,0.2371746627435502,74.56219192284989,352
10,353,0.23309429049818092,-19.446646241570754,353
10,354,0.074202098069559,25.37247366177228,354
10,355,0.23857929016637924,-15.504068708602121,355
10,356,0.19624258380372042,-40.75643213463343,356
10,357,0.21619073044471537,-315.86605605938985,357
10,358,0.20425863453805,-24.436698114619144,358
10,359,0.0890349126202566,-3.822772686977447,359
10,360,0.09774733924263182,-60.52935054238801,360
10,361,0.2397653867394686,-33.84992680457333,361
10,362,0.21163992495920125,-23.368279065846274,362
10,363,0.2498385554408679,-259.1281930788484,363
10,364,0.2356634990393887,420.6509723325304,364
10,365,0.1685744809847353,-61.446095926056515,365
10,366,0.1594120114145406,-7.233268586123289,366
10,367,0.24941933636296643,-43.38291783937635,367
10,368,0.22399655033760346,-50.45863687471201,368
10,369,0.24999047365204258,-104.01886736645484,369
10,370,0.19036195401088357,-21.935909431264538,370
10,371,0.238558597569092,98.1355933457467,371
10,372,0.24992686488122406,249.06725147514243,372
10,373,0.19308325679613075,-21.35667769696964,373
10,374,0.1423886848468255,-30.831062358014286,374
10,375,0.19263062432220998,-0.36423964110332296,375
10,376,0.24363489230346727,-380.46794418229575,376
10,377,0.18874043615617292,126.04581842575266,377
10,378,0.16685577595625806,-31.54800708357952,378
10,379,0.17619511148593708,34.57835972627035,379
10,380,0.24913138372123114,-173.34750374791489,380
10,381,0.18280469239861427,-2.042262265114852,381
10,382,0.18951986365399232,-284.1717749293737,382
10,383,0.24848069965280925,-336.19633450378166,383
10,384,0.24517856474217262,182.27806212380415,384
10,385,0.24992125592275966,195.44102453637504,385
10,386,0.22014260489589155,-20.305636879926254,386
10,387,0.24960841911288678,-169.78010635627476,387
10,388,0.24392912152478688,33.10102958633628,388
10,389,0.16739417833614975,33.575606944176336,389
10,390,0.21885793518449945,-133.65638406643916,390
10,391,0.11826165664141425,47.81694471710097,391
10,392,0.20621969658090167,-126.15265025242368,392
10,393,0.09938237405600335,-3.925895689774533,393
10,394,0.18580381820464575,-20.622976545420258,394
10,395,0.24799004505091454,-297.026368802927,395
10,396,0.22816650570316005,-22.492331624133094,396
10,397,0.17707638254804892,49.60752875854176,397
10,398,0.11457493589864905,-12.355252051434203,398
10,399,0.24581125866311532,-156.74064019665198,399
10,400,0.24986528634283914,40.80628427975397,400
10,401,0.2481091719018209,-74.6259510273709,401
10,402,0.24250684183463858,-19.304941145630572,402
10,403,0.22499197456895742,85.88914811002039,403
10,404,0.24518616481367467,-42.54351364526138,404
10,405,0.17200117330794817,-37.32031458393564,405
10,406,0.24940696712091243,-315.11340841663315,406
10,407,0.2377975906222493,198.71933675565202,407
10,408,0.22709190115615402,-88.16222508549195,408
10,409,0.18532897694551811,72.11241691017142,409
10,410,0.24980288359258476,-193.56384318851983,410
10,411,0.24843860455500724,-39.79280211262854,411
10,412,0.1634452229260068,176.33288964050627,412
10,413,0.16523249378087093,63.789520834702785,413
10,414,0.24047205587863968,154.58776645466583,414
10,415,0.2494923061067937,101.55138794919677,415
10,416,0.23750733587835737,-127.21477842878046,416
10,417,0.194561733477551,130.7267529461685,417
10,418,0.24672468109156184,-7.287815081071406,418
10,419,0.20298453993365384,-356.9191819972843,419
10,420,0.24582246996414192,-219.72543955625613,420
10,421,0.1619086091751745,-24.003345016041433,421
10,422,0.24743692029599917,60.59500843239305,422
10,423,0.24415179789781163,68.9983862802133,423
10,424,0.24821246897856594,82.95873539508626,424
10,425,0.10329242758584273,-7.8211892697406,425
10,426,0.24618693912434603,8.541162575701104,426
10,427,0.13896849942312517,51.37756592009758,427
10,428,0.20607280815920992,66.1118031635706,428
10,429,0.162492006853688,102.36190721725053,429
10,430,0.1383219137313443,30.95435348463525,430
10,431,0.2495908413046244,102.06727596976104,431
10,432,0.13595660774978438,-1.7110464823895004,432
10,433,0.14135211944510742,-4.451934407303087,433
10,434,0.11239536620399426,206.1132799113651,434
10,435,0.24422247645485573,37.84541786044927,435
10,436,0.23711338871588353,-336.7540054370911,436
10,437,0.1908760656751916,-172.4590858509314,437
10,438,0.18477733907245147,-29.584125379628425,438
10,439,0.24821123131541636,-235.37013381631343,439
10,440,0.24739613934026505,166.64098163056548,440
10,441,0.2499998744797348,-141.78449656527445,441
10,442,0.14536561281878502,81.3326985175279,442
10,443,0.1271244377482009,-10.887530551115686,443
10,444,0.22780365802814392,-105.80783116690984,444
10,445,0.24938267878562662,-65.43174921564945,445
10,446,0.2228522865942797,63.3335058454251,446
10,447,0.11202036402770209,-0.2014356794183937,447
10,448,0.2423837318643598,86.78538677359477,448
10,449,0.16723303494304306,-51.74644597320835,449
10,450,0.24642634504087624,-204.23471665868334,450
10,451,0.24338444100829182,-280.944747963446,451
10,452,0.1361260233963756,80.55443749822926,452
10,453,0.2376583602104847,69.23480951713334,453
10,454,0.2168055037755807,-16.655761058646753,454
10,455,0.21721989066523376,132.19112429054428,455
10,456,0.24325460752871744,-107.04924268171149,456
10,457,0.23820041823116891,-9.059701745808361,457
10,458,0.24195278768556694,-182.8297036758235,458
10,459,0.24999999920882093,85.72389192153764,459
10,460,0.23947225617599957,240.7503719594403,460
10,461,0.21347961939664187,-71.5407920111711,461
10,462,0.24197951686678404,-2.896207863396491,462
10,463,0.07835232617183135,9.591735260311266,463
10,464,0.2395701128540748,-84.46528304555267,464
10,465,0.19082221177337227,-29.680651425949563,465
10,466,0.18455630240032575,-137.98165624011193,466
10,467,0.21363526809071767,-38.72281218134596,467
10,468,0.10202555714084578,23.14544249187112,468
10,469,0.17565925636164895,-45.370600300277644,469
10,470,0.11154398587007075,69.90057535220512,470
10,471,0.2349481863111487,27.53888851711325,471
10,472,0.152295610022135,-201.77508827481702,472
10,473,0.21152205078204558,-34.69471816920954,473
10,474,0.18886976139195386,127.21958996342033,474
10,475,0.24369032658168044,180.53869719201813,475
10,476,0.24295924973719357,-21.56104535458217,476
10,477,0.18649874218908516,37.8441973249705,477
10,478,0.2496893610783052,-124.35062282512914,478
10,479,0.1575474145999336,-11.610857633996503,479
10,480,0.2174765019654039,135.01516098968554,480
10,481,0.12793258327234153,-79.50823260299862,481
10,482,0.24425063170990832,-203.49635559299256,482
10,483,0.2095112843033842,96.80878488640427,483
10,484,0.23529920480952282,-71.83283292718872,484
10,485,0.19774931894740103,-41.82339831407488,485
10,486,0.24427235965308775,-70.84876912113083,486
10,487,0.23467106461541815,-56.09225158738441,487
10,488,0.22967589705281038,45.79803066020101,488
10,489,0.24931947048178377,-18.861538886952527,489
10,490,0.21796859335700217,-150.4201125330758,490
10,491,0.10487902818166567,26.171927017466423,491
10,492,0.2231706497287494,-0.7147775351145614,492
10,493,0.2328299380896214,-13.638504666751546,493
10,494,0.23464895464998028,-191.23300239940846,494
10,495,0.24962407724685623,267.4537196114323,495
10,496,0.22861686540657292,-36.487950118491206,496
10,497,0.24982257418390758,151.81720180345616,497
10,498,0.09930304119901458,-3.120533099353729,498
10,499,0.13847024373240144,-303.80891414480783,499
10,500,0.18492295006237602,81.38518849841326,500
10,501,0.24886323236452104,-44.80106117460117,501
10,502,0.224393463855723,106.64351030849124,502
10,503,0.2467693657160117,35.909824726260666,503
10,504,0.20370529824397923,385.4358809657506,504
10,505,0.23181939732843615,-78.53798934492086,505
10,506,0.24998011586204041,38.58157336566926,506
10,507,0.13808040502514612,60.34954573609636,507
10,508,0.10000923788142867,-11.862024202612464,508
10,509,0.24973961737008804,-275.0455608980147,509
10,510,0.24211647916869225,-337.18295080556874,510
10,511,0.19019699289158615,-24.674420345520833,511
10,512,0.20107212428837795,127.65800671954187,512
10,513,0.22776108202330225,59.3265457571398,513
10,514,0.2455720606493871,53.334555118339104,514
10,515,0.22626288882356077,-7.184540965663653,515
10,516,0.24845954644403248,-192.08175986668607,516
10,517,0.22550533930824437,88.3517710510541,517
10,518,0.17132230747516214,-125.76039496615834,518
10,519,0.19780456403591018,-57.300792858300355,519
10,520,0.10957186592121061,35.42080314767928,520
10,521,0.20857054840794184,92.52782467045469,521
10,522,0.20769132145373817,-2.9001700828098858,522
10,523,0.20304418114608278,162.19282353209914,523
10,524,0.23694788589513316,251.81523505323526,524
10,525,0.23521593156352807,120.33506442883397,525
10,526,0.2263786860184626,-230.57535146265056,526
10,527,0.23681946981330065,-46.240432682066974,527
10,528,0.17900406741981256,98.30165364316323,528
10,529,0.17830823275225244,-15.62221965130098,529
10,530,0.22323021019885708,-207.61373319733462,530
10,531,0.22701107892200834,191.47599762227864,531
10,532,0.1048777824406692,15.920749833046719,532
10,533,0.2294841301464362,149.6460972600367,533
10,534,0.2095408587008468,41.331553504786875,534
10,535,0.24760062020167192,61.00192938050393,535
10,536,0.17454442849956842,-14.834083365600998,536
10,537,0.19247997061178612,-44.78239105216997,537
10,538,0.17977030764234012,91.99593254230982,538
10,539,0.24980420600133868,895.3008844179666,539
10,540,0.13494402700714425,25.62791343938561,540
10,541,0.24948496550827004,72.77427545003724,541
10,542,0.2245738107825648,2.0187662894336853,542
10,543,0.07159975044621293,-21.36082787586345,543
10,544,0.24624216388932813,-85.23669450367639,544
10,545,0.08637741229169703,64.48119913429096,545
10,546,0.17716850019141017,-17.746477097444014,546
10,547,0.24970971433639572,2.8185176299203665,547
10,548,0.2479085511100516,55.94297801631166,548
10,549,0.1986141717524432,89.15917048053214,549
10,550,0.15363646857400076,54.733869883160004,550
10,551,0.17330346189204207,-35.25987536923002,551
10,552,0.22218702380131863,57.30580326929872,552
10,553,0.13641105882930218,-8.604522115809269,553
10,554,0.18553212712977143,-70.55579267344424,554
10,555,0.24959060517638704,-258.67003659452917,555
10,556,0.16433930750901557,47.58499628978906,556
10,557,0.18141811010311337,28.542311735229934,557
10,558,0.2034238883030634,201.88073013423286,558
11,0,0.2324735647585525,7.891877969020441,0
11,1,0.20076082820637464,-23.58810294271101,1
11,2,0.10333589243053914,-64.16753077953128,2
11,3,0.16211027988344257,-30.980597522570992,3
11,4,0.16700234843163828,-72.43576900387647,4
11,5,0.24988267093114822,-216.16056448961496,5
11,6,0.22862992239533123,-14.216017098944983,6
11,7,0.2499338208021719,-205.11413475826487,7
11,8,0.2187645262532782,-266.31285457416635,8
11,9,0.24992090869734018,67.54134427086517,9
11,10,0.24891530475538226,71.80580729800376,10
11,11,0.24974352613596607,-90.88429683990174,11
11,12,0.21299656829752778,-17.49630920626918,12
11,13,0.24018879509240365,326.04475822309723,13
11,14,0.12477181091488505,275.76749892192515,14
11,15,0.24993227391406042,247.2921563670871,15
11,16,0.24589982957112946,-74.31224608847063,16
11,17,0.1796814569336121,-181.25048828191643,17
11,18,0.2384636495779412,65.24507604986755,18
11,19,0.24861985659276536,-143.31836257481726,19
11,20,0.14799597279456259,-10.701855617424581,20
11,21,0.2089288241431127,154.19737017749802,21
11,22,0.24503460947371314,-345.88607451290716,22
11,23,0.16426050933193215,42.878892502084696,23
11,24,0.1657621760802925,-2.093884351950503,24
11,25,0.24978425209353428,114.01434688832171,25
11,26,0.0655967805298025,-0.2951497711139375,26
11,27,0.21186484245973414,186.11366428197042,27
11,28,0.24691391120131814,-26.94671076224121,28
11,29,0.2493276141895891,-36.88747334517526,29
11,30,0.204313983309041,61.73590501387606,30
11,31,0.19804738740834357,416.9932116401676,31
11,32,0.1826109828062428,44.52182089913563,32
11,33,0.24730054497488804,-207.55936666240245,33
11,34,0.24982308943272752,93.64941866736643,34
11,35,0.1339394982432617,-3.530393593553537,35
11,36,0.2487319780204056,-249.94639260572455,36
11,37,0.14362958720052968,566.4477045412132,37
11,38,0.24709746592162868,191.2099876232694,38
11,39,0.2492205146506938,56.10959291080237,39
11,40,0.24788453688484863,-95.70637016054368,40
11,41,0.22891562016653846,-331.73811955898447,41
11,42,0.09363032545542542,-9.746255911272169,42
11,43,0.1938496987647723,46.81525078974847,43
11,44,0.20590458974439863,-26.528443052381622,44
11,45,0.24488727538856028,55.959924531127086,45
11,46,0.2392355170200839,60.32461098434531,46
11,47,0.091215742664051,52.3696602915381,47
11,48,0.2141862028327445,119.96989365541722,48
11,49,0.2488153281447563,177.91524531824655,49
11,50,0.2400029852231716,320.6473850116411,50
11,51,0.2283329687743902,-197.28183987350366,51
11,52,0.24521316144874902,100.25370986154707,52
11,53,0.22255149575744354,130.84997179107577,53
11,54,0.10504860719451593,-17.771270925346972,54
11,55,0.24991544047356284,138.5421378162625,55
11,56,0.23143113438262278,183.66410225709203,56
11,57,0.22555270810152012,85.86917728095159,57
11,58,0.24237909228960944,294.42616214747574,58
11,59,0.03451753192482611,-6.121314841841032,59
11,60,0.2499910935154663,-31.18336068489135,60
11,61,0.1693719097524179,53.70413609321613,61
11,62,0.23250474768589927,79.94550699434367,62
11,63,0.18232713478325455,-34.832230495064394,63
11,64,0.2255250558599664,-136.7841062733094,64
11,65,0.24249257946241132,-40.08120998836499,65
11,66,0.2232670110661775,348.79330215839184,66
11,67,0.24997843067378234,246.78598349728557,67
11,68,0.2494804257200164,-170.66967705887603,68
11,69,0.21635392237330395,-11.509289762836175,69
11,70,0.2493059356631589,59.083818489772625,70
11,71,0.22547983876779285,-261.4083255100901,71
11,72,0.209497123481683,-111.42420665634708,72
11,73,0.1319581844585058,23.61594482770753,73
11,74,0.21406878729223466,-27.991277157789817,74
11,75,0.23649732277468993,50.553999003743215,75
11,76,0.24870344097381708,-311.13380561435986,76
11,77,0.15698306755928082,131.16144125190752,77
11,78,0.2443414154193261,-0.49894940192520904,78
11,79,0.23879978778569577,-258.7579892541631,79
11,80,0.24979344315336,-105.775462859858,80
11,81,0.2131438547456287,133.685858112444,81
11,82,0.16253503250730628,32.36514560127513,82
11,83,0.24972244718946443,201.35282665042203,83
11,84,0.13861025983783143,-13.269312822927233,84
11,85,0.09872958956313684,-8.05323128297337,85
11,86,0.17067919766188955,-105.6630818560194,86
11,87,0.07456328997703612,-3.6905325699682003,87
11,88,0.23257376086269568,12.57345496574946,88
11,89,0.22983417957645202,-20.174356318217505,89
11,90,0.23524873736729082,163.95149085969456,90
11,91,0.24992151710562668,74.79005916640386,91
11,92,0.22710505577882611,-239.60099532890877,92
11,93,0.1353785668436143,31.699130254123055,93
11,94,0.23588970344151008,16.274114271505336,94
11,95,0.2481342639185594,-164.94444033901613,95
11,96,0.2499876844247857,-141.29824636570854,96
11,97,0.12130052407533294,143.6570724780857,97
11,98,0.24686937000337095,3.4373763728530307,98
11,99,0.2493455521185307,-282.89324533811634,99
11,100,0.23101367999348452,138.68285478680028,100
11,101,0.21858743474751674,-138.2944586440187,101
11,102,0.2371100714467421,-299.37878894530667,102
11,103,0.11968393590696297,-8.423289170278956,103
11,104,0.24275546844619625,50.37724435305377,104
11,105,0.17880798411367735,-7.960780361331192,105
11,106,0.2204912988329785,-21.06295518751449,106
11,107,0.2195634379137399,-0.7579687375675288,107
11,108,0.23456613885166117,-33.405166285872724,108
11,109,0.2314242682593003,153.9479835520938,109
11,110,0.1722822410235854,-15.885992821113746,110
11,111,0.17443640724682527,-18.35337546228576,111
11,112,0.22482025224848898,166.46177406550083,112
11,113,0.22625367157499116,-49.846719151847104,113
11,114,0.2297136204943744,-40.15774661926852,114
11,115,0.24981730490717194,-97.63883162316725,115
11,116,0.23541512011358984,-128.75171978627452,116
11,117,0.11259288834953429,60.259700041730056,117
11,118,0.1631338320264923,-18.56502919590503,118
11,119,0.11198977913285763,-16.381625751043323,119
11,120,0.24475475442728825,-38.42173856367035,120
11,121,0.16740870861099458,-4.7432897800310645,121
11,122,0.19156108536119498,-33.55157443502444,122
11,123,0.21291391205215238,-491.46741941174366,123
11,124,0.24426059563522437,105.03310770054843,124
11,125,0.24986203632232784,-57.40024423611848,125
11,126,0.10840046512374338,-2.916045436805649,126
11,127,0.23095364485649558,-34.63228516992393,127
11,128,0.24733311025607566,197.97310407208286,128
11,129,0.23377818697499897,139.55817524232947,129
11,130,0.19225387511972625,29.146006031939763,130
11,131,0.23892115334915076,245.84434311999038,131
11,132,0.20386475369275306,-19.52832983766237,132
11,133,0.22125686767871272,-94.54346351793562,133
11,134,0.22111655908949537,-502.54440438722554,134
11,135,0.2444544004367019,-262.8264818606277,135
11,136,0.21755719024847495,-196.95497714399357,136
11,137,0.2043639308546317,266.0230724031915,137
11,138,0.20531092850508517,139.12717124121133,138
11,139,0.09627195333436027,30.717226814253575,139
11,140,0.2180711492406548,-24.097672331159487,140
11,141,0.2204240616275895,-47.00751491860265,141
11,142,0.24999921271883813,17.25033688260632,142
11,143,0.24232883058952484,121.26012706204062,143
11,144,0.2499720128365129,-51.94582860472671,144
11,145,0.2365635271257154,98.7774961669214,145
11,146,0.23665458298491812,62.72120672257977,146
11,147,0.24379048233593395,136.3791638427696,147
11,148,0.24383205158287363,-305.90705555851474,148
11,149,0.24228973591400954,-158.785712097084,149
11,150,0.13947270609256293,-8.716271370355155,150
11,151,0.15800412378293335,-6.961364699608303,151
11,152,0.17531452603823902,399.51225726445483,152
11,153,0.1410403581148945,-3.1452545702814714,153
11,154,0.24205836136162598,468.20000172248535,154
11,155,0.24036380000397056,-30.311973782004255,155
11,156,0.13105039424084636,-69.36857943402445,156
11,157,0.13459168924701617,26.52168088790096,157
11,158,0.157236692416763,-17.63389237739646,158
11,159,0.225248108104561,126.0461240900454,159
11,160,0.17447600487080184,125.90115940947652,160
11,161,0.16514950523890973,14.02688768575955,161
11,162,0.21131438055839566,52.513950963454384,162
11,163,0.21989001248937465,-323.38948247475105,163
11,164,0.21786011186090634,72.8210516520042,164
11,165,0.19354430751591956,73.28282247983063,165
11,166,0.19883621132679927,71.84809707722196,166
11,167,0.24984331990154413,-189.1274182041696,167
11,168,0.2497545084271596,35.45559033224255,168
11,169,0.24426918615164947,147.29343665321454,169
11,170,0.2071430592463423,92.24007574644295,170
11,171,0.11694531564538112,-11.714603857417233,171
11,172,0.23601661744849195,7.259230210342473,172
11,173,0.24485754962249004,-40.1732702908683,173
11,174,0.24212702816207393,-92.93094852697574,174
11,175,0.24424376654589547,20.583047045352117,175
11,176,0.24838886213416547,37.912596203061014,176
11,177,0.2442052071575298,-13.96063136587511,177
11,178,0.2387364150726464,-155.36416661643804,178
11,179,0.2160532845016425,-15.30106540187636,179
11,180,0.2388808434016064,-290.5286001378424,180
11,181,0.222696784575964,-54.435686978146144,181
11,182,0.2428196403463323,141.51634510635543,182
11,183,0.24766688059200764,116.0065303204926,183
11,184,0.2104779468298516,-48.295043570768755,184
11,185,0.24727728930165616,-5.770883419972354,185
11,186,0.2448966674447196,52.18771779482776,186
11,187,0.2498890630277068,23.599015721487348,187
11,188,0.24185517967872994,70.51772721155656,188
11,189,0.23151927100953226,-62.99594349474172,189
11,190,0.24916794166243172,-91.66195399033055,190
11,191,0.13865690568656203,79.13746904691455,191
11,192,0.24829448163081003,92.9418152078653,192
11,193,0.18854632381962513,-37.52422231308165,193
11,194,0.23455792572654932,-222.77090974244805,194
11,195,0.2487401907676653,156.8862880273208,195
11,196,0.1482143240686223,-0.24710236682366826,196
11,197,0.15041301462179793,-18.183735435809517,197
11,198,0.22320369932468864,183.50426058967844,198
11,199,0.22827338174036252,-359.8226347729475,199
11,200,0.1486824969779989,-2.4239121680660674,200
11,201,0.24995147272098614,-3.4992111601085103,201
11,202,0.1405318693570337,85.7262276511339,202
11,203,0.1753118240299638,79.37841349228347,203
11,204,0.19607483722885466,106.87211227445874,204
11,205,0.18969936275691177,-37.93084637739662,205
11,206,0.2072435047804561,-66.23699043213432,206
11,207,0.2496636666127423,-213.33079390411567,207
11,208,0.14282728357002042,-17.260886351641368,208
11,209,0.24521969680673725,-31.890493634533037,209
11,210,0.24196713214301763,-50.12426735995198,210
11,211,0.22036171835230187,-160.68140420040933,211
11,212,0.23111109406362645,-54.96587389740745,212
11,213,0.2438500345346006,287.7947358833415,213
11,214,0.24693860981417248,338.85210050053416,214
11,215,0.20016512000571896,138.1007544941214,215
11,216,0.24786251598795858,52.21730135216073,216
11,217,0.21810618853609162,-102.50206800633376,217
11,218,0.24815219789813722,207.86003633171808,218
11,219,0.24960798910019422,21.109998075828866,219
11,220,0.16245079963925171,-29.814305597657956,220
11,221,0.2068744615822991,-30.62572826657463,221
11,222,0.24999584801599395,472.8534476603644,222
11,223,0.13059116444805285,-209.9532872041352,223
11,224,0.2329702354079374,163.54453624875956,224
11,225,0.20537676177623218,196.1835836393433,225
11,226,0.24035038421353463,122.4409752543472,226
11,227,0.24958319816918456,-124.20618522525248,227
11,228,0.17886873700065103,106.41372411695065,228
11,229,0.1917419350802572,42.99924447235021,229
11,230,0.23490492590582812,-2.3137986105138597,230
11,231,0.21883775700661265,144.2591351195752,231
11,232,0.15274829156194789,51.2937547327428,232
11,233,0.2389287185003007,-175.6256185473251,233
11,234,0.24835536664141694,-104.63913191551714,234
11,235,0.09455885409717077,-19.80898697375623,235
11,236,0.24350060429114972,204.2026492185938,236
11,237,0.24866248624046638,-645.2422789556721,237
11,238,0.23216894257490286,154.45698406789703,238
11,239,0.24571717645641955,-48.024027616354125,239
11,240,0.2426287171647444,24.450852359045633,240
11,241,0.20259373703672942,178.3986303172182,241
11,242,0.15824184704487554,119.37351702555682,242
11,243,0.11937744544740647,72.48480876883247,243
11,244,0.22610617258216492,55.57348617896152,244
11,245,0.22061728192202584,-187.78369958396965,245
11,246,0.06938100158246681,-4.247066994338901,246
11,247,0.20573443435805888,-40.550715204205865,247
11,248,0.164193664288929,40.5979423096962,248
11,249,0.22727864541755677,63.55725350062653,249
11,250,0.22521006403116972,70.72539402133059,250
11,251,0.2044940584262626,-0.19970247191441726,251
11,252,0.18483050097893006,-106.45868161852238,252
11,253,0.21031894984504626,-28.25973640471954,253
11,254,0.14435722330576314,77.78042149525014,254
11,255,0.24917861186887838,235.60525396820552,255
11,256,0.1876654594301481,-6.327487748324083,256
11,257,0.18670415916424427,126.15479470793431,257
11,258,0.2370173923169378,35.460729212576936,258
11,259,0.2199154029289288,-17.66722281207693,259
11,260,0.14361735334374748,192.32585198763357,260
11,261,0.17813067316525696,-24.590171100692654,261
11,262,0.23650985961966137,958.2256582427899,262
11,263,0.23715881018594973,-103.20412941191148,263
11,264,0.2386442548633444,370.3191082803404,264
11,265,0.1322213281138278,60.199337623004354,265
11,266,0.24963112446518707,123.6197703687972,266
11,267,0.22541063694094648,-53.95539626635978,267
11,268,0.24876709511458375,-262.4982839451143,268
11,269,0.2071260420332927,75.96114395329515,269
11,270,0.14234545569713775,-1.0179064567981213,270
11,271,0.2264237077309693,-247.1776617557326,271
11,272,0.2070913561267534,-38.62256302072815,272
11,273,0.07000871022327167,-180.0692439982377,273
11,274,0.22303816605041402,-107.67160320319513,274
11,275,0.24886876585229403,83.10464813050595,275
11,276,0.23039713143629034,-148.34493128201004,276
11,277,0.22508381502798486,-101.10530238579061,277
11,278,0.1840769757500719,-4.606831093753053,278
11,279,0.19829664859665055,3.1367506538022916,279
11,280,0.24889428190566343,-309.48439002464033,280
11,281,0.18061467379401144,-32.33124225717892,281
11,282,0.18305813796065457,477.6951390581767,282
11,283,0.20849851247516635,-2.518709881514753,283
11,284,0.17425407675024487,25.226954753794114,284
11,285,0.24142667012161098,-171.27911093762197,285
11,286,0.24780026080659642,182.3830093866124,286
11,287,0.1587763813274308,-38.789738116695645,287
11,288,0.24889239208635025,112.11698628118945,288
11,289,0.13180553893980695,76.95958771242151,289
11,290,0.20133944922075134,187.48037484600945,290
11,291,0.19883757311960318,-26.000450950834775,291
11,292,0.23210512227903246,35.179930808838066,292
11,293,0.22557145445659266,-25.604823890928643,293
11,294,0.2463475382438567,-7.0932235389756215,294
11,295,0.24836799756258587,-65.4988897901668,295
11,296,0.23737519757329603,-75.11406071759879,296
11,297,0.24376951537613678,-12.661923286840697,297
11,298,0.10569443150209508,62.53469167752898,298
11,299,0.11696167550947599,69.86831095138159,299
11,300,0.24977833488878093,73.87999117780915,300
11,301,0.17776713235505195,69.04494925335872,301
11,302,0.22086085373660855,-14.715812591523372,302
11,303,0.23356720189227018,-28.70019660550012,303
11,304,0.24983642656896363,-126.47559538702073,304
11,305,0.2362971085206662,103.67737116658338,305
11,306,0.1307902849830937,-49.582257875033875,306
11,307,0.12042338146235512,3.6371470477037393,307
11,308,0.24507059212989205,198.552703491806,308
11,309,0.24989320810395335,99.1036444884351,309
11,310,0.24953643434214745,69.75709256302522,310
11,311,0.15725219001848434,6.156502185413663,311
11,312,0.22995802434044021,-33.72045908077091,312
11,313,0.227133020707673,136.9350185636883,313
11,314,0.19001411641616647,-21.890012733638855,314
11,315,0.20353870586223208,264.32293918673287,315
11,316,0.22382678924944718,113.02112874199737,316
11,317,0.24865562117732776,-27.435198581508708,317
11,318,0.08542039031236313,-49.32165829946236,318
11,319,0.18532703328348735,-15.672116538592746,319
11,320,0.23192446185237375,628.8357380740174,320
11,321,0.12237659783608193,82.79638727186085,321
11,322,0.08037753472865482,59.32994095295467,322
11,323,0.24779089459823622,-114.2589614846573,323
11,324,0.2424825051753195,45.29603609718727,324
11,325,0.18671652828377694,76.87118415205757,325
11,326,0.24389636641630685,59.70104703481246,326
11,327,0.2302212874188953,-18.09363366268051,327
11,328,0.18001721099079687,-49.23309751891892,328
11,329,0.22744192075051956,97.71620392644297,329
11,330,0.2272322628433219,-0.4091005283254923,330
11,331,0.2133100884689149,57.43248595085484,331
11,332,0.2494748228764734,-318.755074966408,332
11,333,0.13623260081811453,-15.136759642484012,333
11,334,0.24947513571477092,24.277064298712308,334
11,335,0.20125717260581405,-33.993388490353546,335
11,336,0.07085194157314843,-3.071669849844766,336
11,337,0.24023183275897347,-508.2588796411928,337
11,338,0.18351546804021363,-72.5280572515764,338
11,339,0.2164460879876733,71.35678989649433,339
11,340,0.21446475510762442,-66.7979728675528,340
11,341,0.2472951113126131,-207.4985811995293,341
11,342,0.24782818563134754,-57.175253709480515,342
11,343,0.24976675982009477,61.65149809442242,343
11,344,0.20914094269875022,53.86044027379813,344
11,345,0.21275842879482496,-67.7202474233515,345
11,346,0.24923546814902622,-168.12365845993472,346
11,347,0.24812517074670257,88.49856548246655,347
11,348,0.18170718937093153,127.60209554224406,348
11,349,0.087125357114039,14.13370172889541,349
11,350,0.23821837536033952,-17.263766095882726,350
11,351,0.24998463075913033,309.93514220304235,351
11,352,0.22664549365860182,83.7842827805301,352
11,353,0.20461173898730184,-14.150414962272116,353
11,354,0.07676946586022497,31.619828977662937,354
11,355,0.2453199673116965,-14.83130831616047,355
11,356,0.2115165725846457,-54.78088326840294,356
11,357,0.2315770215220165,-288.4392474846688,357
11,358,0.180596524240602,-18.911544080713853,358
11,359,0.14239476237583798,-12.990240839558876,359
11,360,0.10312293921126693,-51.58198198002884,360
11,361,0.22615818167413473,-30.28705219045766,361
11,362,0.2136199371427739,-15.719500405196158,362
11,363,0.24795843739567314,-209.5338126151205,363
11,364,0.22829516904039124,436.37167856640724,364
11,365,0.18170563975616558,-84.38489367559033,365
11,366,0.15664692927784724,-9.89554660728744,366
11,367,0.249824223458157,-50.391618246037474,367
11,368,0.19940053470317248,-32.972476371469526,368
11,369,0.24927368456908952,-118.86313091658447,369
11,370,0.19825316207227894,-20.871630217261252,370
11,371,0.2336457331762882,85.69428078017401,371
11,372,0.2496410660110991,209.07624601034527,372
11,373,0.18625027095746527,-11.569232169401069,373
11,374,0.16038349056013498,-35.415282929766605,374
11,375,0.1355265236775161,-0.04945763390118213,375
11,376,0.24391585999126073,-382.71782467541493,376
11,377,0.18454157334417237,116.29078032242236,377
11,378,0.17092184889055265,-33.73913446942582,378
11,379,0.20940467723964964,15.701217202880603,379
11,380,0.2466389314004562,-174.1935207193108,380
11,381,0.20053722014361802,-0.3788339634678758,381
11,382,0.1730481563763747,-314.1337231406974,382
11,383,0.24791082755418675,-354.6552908407102,383
11,384,0.2457666582948969,181.70077158354187,384
11,385,0.24369848624070953,244.45229529212614,385
11,386,0.2090889769180987,-12.394968903419716,386
11,387,0.24953180345862544,-97.4055596139931,387
11,388,0.23874330017698694,33.14674178679868,388
11,389,0.18822490733757083,21.928470878329755,389
11,390,0.24200945077974245,-104.68858140288584,390
11,391,0.12154847948699728,49.633752904134795,391
11,392,0.24977693223931,-147.72889324406964,392
11,393,0.10905437881635294,-6.467439446669457,393
11,394,0.20688616008610297,-40.80812230457495,394
11,395,0.24884068979855029,-286.8139623862994,395
11,396,0.16621106425111967,-5.4309286989720995,396
11,397,0.1710004171443174,58.37192253625634,397
11,398,0.09990662636720792,-8.120692534204863,398
11,399,0.24226955588038193,-209.62178967961978,399
11,400,0.2499430469558225,59.462939072707655,400
11,401,0.2468935055943008,-86.02145203323855,401
11,402,0.23815257944373477,-18.329167815586874,402
11,403,0.22444473998032408,81.43338596698474,403
11,404,0.24920770539580078,-20.088309098157445,404
11,405,0.14151295098480265,-25.08511786987317,405
11,406,0.24748417692133642,-254.16521520562367,406
11,407,0.2374067604496972,208.5728232177214,407
11,408,0.24155627159255785,-129.2963223129708,408
11,409,0.18851898366129463,72.3151569800462,409
11,410,0.2499092827051346,-197.92120874146468,410
11,411,0.24919631866609973,-53.84271225927771,411
11,412,0.19114565094310523,347.822355733387,412
11,413,0.19494747356188727,72.84253656245338,413
11,414,0.24295691778723275,179.38201098273922,414
11,415,0.24898370920132779,85.80524824216579,415
11,416,0.24054430146672892,-153.360770808644,416
11,417,0.19571495115922827,126.58192078845191,417
11,418,0.23744372342326814,-14.5380463673878,418
11,419,0.21357261661574603,-347.0312452488441,419
11,420,0.24091373496000143,-187.8961246558052,420
11,421,0.16924117040713252,-21.516341349294436,421
11,422,0.24525940628411352,98.97762638302669,422
11,423,0.2493844494394761,87.17849461455788,423
11,424,0.24787937321732037,78.44204375319914,424
11,425,0.09988167758963304,-7.031437239567179,425
11,426,0.24536529746988395,12.464161438092175,426
11,427,0.14638084042719052,44.203863314198074,427
11,428,0.18415766887827228,52.29871001844128,428
11,429,0.17995452385211447,119.88059526560868,429
11,430,0.12628529737790853,20.350704990898407,430
11,431,0.24820665409261497,97.74493730407269,431
11,432,0.06289499613586834,-0.2985511858072454,432
11,433,0.14585347454498918,-5.1128609555155204,433
11,434,0.08012444106379041,221.28999192807962,434
11,435,0.2417525964792229,54.60994237420054,435
11,436,0.23364552239845068,-327.7678075454956,436
11,437,0.2084972981266318,-188.13985500150906,437
11,438,0.1410095948101118,-28.907343984586035,438
11,439,0.24669581556374626,-211.11092918710335,439
11,440,0.24432984577262676,128.44764571570138,440
11,441,0.24985123157794442,-138.00360952175188,441
11,442,0.1585870459513148,86.72312489426447,442
11,443,0.1620100601455963,-24.378310031829635,443
11,444,0.22846412095918212,-135.92072955830724,444
11,445,0.24222165428837855,-64.83070260394088,445
11,446,0.2140109047867509,67.13745922753502,446
11,447,0.06988332053482786,-0.5357579540622694,447
11,448,0.23279142479344914,153.39780991708025,448
11,449,0.16249909993047343,-43.47514545724662,449
11,450,0.24995624359333943,-190.9680422559715,450
11,451,0.22050663337149592,-316.3568372235642,451
11,452,0.16209379989202702,105.52180789458704,452
11,453,0.24974802552519937,73.70263041166864,453
11,454,0.2069956148099897,-18.925884773553143,454
11,455,0.22311153594346095,127.4389171345399,455
11,456,0.23973714622045544,-84.13178947224985,456
11,457,0.23666266458861304,-10.374460194382724,457
11,458,0.24137775248029789,-198.061955797338,458
11,459,0.24999452335537312,82.96005340566828,459
11,460,0.24278342582647236,257.30240788230645,460
11,461,0.16402385261331903,-46.6662635522009,461
11,462,0.238002672146187,-15.939724788135646,462
11,463,0.09460611765950384,14.659661977372284,463
11,464,0.24863742570001784,-118.28100132218805,464
11,465,0.13181444218739866,-23.376268283508175,465
11,466,0.18117255746503158,-152.3532957703007,466
11,467,0.17745072554790123,-23.85168929917675,467
11,468,0.1216718612223458,35.49601071682575,468
11,469,0.1578698892376865,-39.45606673286352,469
11,470,0.12491744882299242,79.85652163107451,470
11,471,0.24458786755221368,62.710236841169234,471
11,472,0.17589985995015955,-184.1781345416209,472
11,473,0.20372159410197324,-44.59815195808524,473
11,474,0.16152852843562635,93.02877700655769,474
11,475,0.24871114820912296,236.7290322915631,475
11,476,0.23407797583426673,-17.766418541037034,476
11,477,0.16926365672651245,47.975286628614604,477
11,478,0.24978556729065127,-126.51935042056941,478
11,479,0.17557055494854779,-11.959812552653089,479
11,480,0.23563104874440785,174.70204284478217,480
11,481,0.10364800258314004,-77.75311171674693,481
11,482,0.23776977281072784,-174.48886439484397,482
11,483,0.19698292723295788,89.89123458853359,483
11,484,0.23869474762420964,-43.626664939214685,484
11,485,0.22803539221803962,-47.16264490337083,485
11,486,0.24874973353632315,-52.32981057583265,486
11,487,0.22461619384207548,-52.82918206672781,487
11,488,0.2118666306641915,50.22618242863287,488
11,489,0.24453777146208017,-4.0015342219285985,489
11,490,0.22827225826787598,-124.00047252796828,490
11,491,0.1152581351633571,30.96707479814212,491
11,492,0.1974803697111319,-2.7249217234358873,492
11,493,0.22855453488619615,-16.523100960974915,493
11,494,0.24427863244782594,-201.2369480878544,494
11,495,0.24540573058333096,296.7218537372711,495
11,496,0.22322396128034125,-13.500398431603672,496
11,497,0.24968657796561894,132.91155518262326,497
11,498,0.07039335857661651,-5.376023555048894,498
11,499,0.10298375973358892,-297.25970193456305,499
11,500,0.19684932220110563,102.0315834320194,500
11,501,0.24721074034369042,-52.24953766236837,501
11,502,0.21095090688127802,97.07373877816214,502
11,503,0.24378561660514642,26.505412676667756,503
11,504,0.17517198458835806,362.0774160011439,504
11,505,0.23384250394178346,-58.6058086230703,505
11,506,0.23442205849552278,68.18161959487212,506
11,507,0.15926714496289598,47.23480787501913,507
11,508,0.12680177731822634,-14.317447081102959,508
11,509,0.24669141499125297,-245.32623829422005,509
11,510,0.2378088263616821,-377.538666108839,510
11,511,0.17841831457512405,-13.150995997983106,511
11,512,0.18704062356225232,172.7931135318909,512
11,513,0.22314453290297528,51.98636753850993,513
11,514,0.24365736494713786,42.51752889182943,514
11,515,0.24089626271628345,-14.134943277488077,515
11,516,0.2478335465847507,-181.37405588812598,516
11,517,0.23501869428810845,103.57822442630453,517
11,518,0.19681731188338425,-207.3944579537885,518
11,519,0.225810802559218,-11.098308095215721,519
11,520,0.12673935182336526,43.812600583216984,520
11,521,0.19951974947318193,97.06967453321819,521
11,522,0.16267897228808303,-13.386505369153827,522
11,523,0.21573726539135957,175.52558888637978,523
11,524,0.23391167566091914,46.37865413289414,524
11,525,0.23359573571321915,89.1599472872602,525
11,526,0.23325303334948258,-246.59176589569617,526
11,527,0.21893200582671407,-33.638936289099846,527
11,528,0.1873731965226585,48.76673742647333,528
11,529,0.1720474202853545,-24.83876295580952,529
11,530,0.21844699646161841,-176.0080059799179,530
11,531,0.22566174994659674,237.3457017271581,531
11,532,0.11575710480460803,22.160717476417922,532
11,533,0.23012837449305992,113.79125953945727,533
11,534,0.22811509840726948,41.253623349430555,534
11,535,0.2491333468897579,76.49591434975895,535
11,536,0.1631571164361299,-15.759380020685082,536
11,537,0.22701248143561467,-69.20121133745295,537
11,538,0.19275644221922977,104.10983432294331,538
11,539,0.24985247142439307,859.5587404692129,539
11,540,0.11489525178560593,24.857900902642236,540
11,541,0.24999945121595782,76.8119195667799,541
11,542,0.22946625994667227,-4.609783179708643,542
11,543,0.056074914400679354,-28.913856629208773,543
11,544,0.24024794626499446,-79.37367812619082,544
11,545,0.10518771137698585,61.63461200607081,545
11,546,0.16416388646276406,-17.04918814871707,546
11,547,0.24996757548534604,7.9644061001610975,547
11,548,0.24968927983642303,51.45964117320608,548
11,549,0.22454604566246067,125.72468788497432,549
11,550,0.17082925816056055,65.37764958652548,550
11,551,0.16046899708444406,-33.043153984592834,551
11,552,0.22634915539910894,49.14641464746973,552
11,553,0.1469013458920993,-11.863910653386236,553
11,554,0.16504757761423922,-56.03237009179165,554
11,555,0.24527208135525405,-232.82213610569207,555
11,556,0.17574627931028455,53.088221569173626,556
11,557,0.15193150272007025,32.31158863939732,557
11,558,0.18007016959078895,171.45096944841063,558
12,0,0.23220558968728208,-29.965478477953454,0
12,1,0.18325721250864008,-15.891463279576358,1
12,2,0.17481397640808413,-93.91188811055346,2
12,3,0.15462117488030827,-28.04380044657368,3
12,4,0.1760774964206233,-65.59070866218697,4
12,5,0.24765133713300702,-182.94285177713542,5
12,6,0.24884413178333145,-8.552979602029435,6
12,7,0.24886868152344926,-224.62992296541802,7
12,8,0.2309434670337736,-255.2789548631054,8
12,9,0.24998797676141832,82.71940839974499,9
12,10,0.2335199744888947,59.409347195174625,10
12,11,0.2495059105700505,-87.11543517987272,11
12,12,0.2079092601180476,-13.35312367282603,12
12,13,0.20922192839869277,396.2981379004525,13
12,14,0.13061324673604985,265.4610311968336,14
12,15,0.2498882460054667,211.98043213359833,15
12,16,0.24695198275010896,-91.67772718442754,16
12,17,0.15844974151348742,-147.35960304861868,17
12,18,0.2406453297108661,84.38160880409154,18
12,19,0.24159913876491337,-97.97489680216091,19
12,20,0.1724277816142133,-6.287565653498554,20
12,21,0.21880155214006472,172.88548792393863,21
12,22,0.24882553679031932,-372.3868083532735,22
12,23,0.17441136219820347,42.81617895157356,23
12,24,0.1815768802205804,-3.547150355676618,24
12,25,0.24779372241546394,63.00632709777754,25
12,26,0.06782421376452835,-3.7624416496405075,26
12,27,0.21714414225280554,188.7603473662581,27
12,28,0.24965599009738065,-46.26803453754776,28
12,29,0.2441681734922373,-29.56991954906809,29
12,30,0.22884190435867072,94.22915769030456,30
12,31,0.18866770407204092,486.78693331361063,31
12,32,0.2046017488510441,16.906558470052648,32
12,33,0.24289633800648425,-185.25243131362825,33
12,34,0.249385753635243,12.313459080557665,34
12,35,0.12604423351801725,-5.809941010580217,35
12,36,0.24862766855110202,-220.70772386623406,36
12,37,0.13391913734136304,968.4358414759544,37
12,38,0.24871665239881588,205.39606603343023,38
12,39,0.2480281082235495,69.04455187444891,39
12,40,0.2494995747152153,-130.83914188269026,40
12,41,0.22921205552258553,-345.82626854433545,41
12,42,0.12305403414049854,-10.941623413971339,42
12,43,0.19230497295866458,41.458298107903985,43
12,44,0.20590026951111845,-26.59397265485656,44
12,45,0.24458462352165977,55.23306197278451,45
12,46,0.24842967078146785,50.24395447570963,46
12,47,0.07082939850235787,40.591834728830186,47
12,48,0.20576880560442323,121.9875549313042,48
12,49,0.21878431852672434,106.95591969809162,49
12,50,0.24958581208234085,258.4888980054967,50
12,51,0.21593458025615392,-221.21155893479752,51
12,52,0.24877082845646828,86.44424049746635,52
12,53,0.23227294975230128,151.05989507529162,53
12,54,0.09285227976067517,-10.857387078333517,54
12,55,0.24358705461055988,131.17161599770455,55
12,56,0.23970269771160446,196.77036633860808,56
12,57,0.24824643762162077,96.69808148612161,57
12,58,0.24994152059559738,237.16546130714903,58
12,59,0.05691919108201303,-7.97501869050427,59
12,60,0.2499891178125633,-15.900569746787333,60
12,61,0.1344219970673089,37.84418294699909,61
12,62,0.23015763350815388,123.90082107348762,62
12,63,0.19080815848936214,-31.166468632645056,63
12,64,0.2177952719125156,-171.80360510649345,64
12,65,0.24919076397871837,0.5224957474164462,65
12,66,0.245591975599412,268.30158092555337,66
12,67,0.24936807691247778,230.55503916071663,67
12,68,0.2495690275798275,-162.81141606233913,68
12,69,0.2065049881171723,-9.117138046676388,69
12,70,0.24865545276776888,79.6561237960466,70
12,71,0.2307783130862839,-270.05028472847243,71
12,72,0.19561779565898516,-84.92978696562322,72
12,73,0.09469380360068107,17.82733647992393,73
12,74,0.20849103773940778,-26.86961323159661,74
12,75,0.23560852354270193,65.20834459901755,75
12,76,0.24826505688569225,-260.8431702124293,76
12,77,0.13675827234688812,108.0765935802121,77
12,78,0.24834718768597117,-0.976633346680986,78
12,79,0.2396414434697849,-255.94232879524054,79
12,80,0.24836380165097907,-102.28777835964857,80
12,81,0.2121960757190799,135.88495305827794,81
12,82,0.18691009155503158,29.045699312628223,82
12,83,0.24851840648969786,184.35846926468076,83
12,84,0.10313497056919257,-7.942234779228117,84
12,85,0.11723665986012788,-10.15666996838151,85
12,86,0.20211556888145138,-140.4062486663549,86
12,87,0.11887971400198799,-7.209759429691179,87
12,88,0.22591854554617655,46.43146496253149,88
12,89,0.2291495516988377,-17.405372959609235,89
12,90,0.2437618277745619,185.29197890706143,90
12,91,0.24025052515642972,38.471730939278935,91
12,92,0.24087218539247687,-148.1269138469865,92
12,93,0.12957624953059851,28.596121067366393,93
12,94,0.23599371499442623,7.555071310058077,94
12,95,0.21536346487526806,-284.2753151071738,95
12,96,0.24900447817663154,-176.90829190450188,96
12,97,0.17535114596017448,100.81057444426062,97
12,98,0.24999990402091296,-21.905833852984934,98
12,99,0.24835412027917128,-281.9810390932956,99
12,100,0.22265153444649652,169.73326191663264,100
12,101,0.22807320850616425,-209.1344818721121,101
12,102,0.23388318222728216,-301.86198068516916,102
12,103,0.09725214540371412,-4.429397588511481,103
12,104,0.23776327041235248,47.365757999372065,104
12,105,0.20911185840036145,-16.099627848888137,105
12,106,0.2313873459680586,-28.057101109565195,106
12,107,0.2142571647195535,-7.0542581758130645,107
12,108,0.23195043148452993,-40.40433850320396,108
12,109,0.23139973380321802,169.29674486083735,109
12,110,0.15567770385964178,-15.662064702916963,110
12,111,0.1610330400762527,-19.619717961456747,111
12,112,0.22043086064924533,173.26011205065402,112
12,113,0.21993879726284762,-54.78942385612702,113
12,114,0.23224092758611573,-36.50958164086707,114
12,115,0.2496321219244509,-156.32766452466043,115
12,116,0.23674042967071274,-130.79929294222933,116
12,117,0.11701276041837302,65.00834243133345,117
12,118,0.15767134252782064,-11.799867784667292,118
12,119,0.116794323539821,-17.99362430522789,119
12,120,0.24633111936518268,-40.81568074223271,120
12,121,0.20440761477825928,-7.24752579966783,121
12,122,0.20732402203601338,-42.11833426036442,122
12,123,0.20846503473252306,-398.854082411929,123
12,124,0.24190800885274455,102.98143286490327,124
12,125,0.24995973905155247,-67.26291962947049,125
12,126,0.06821020107163232,-1.1765325869320544,126
12,127,0.23024333396791558,-11.716841866242888,127
12,128,0.24486243327008786,143.10594395631935,128
12,129,0.24931031850745172,84.06382352005338,129
12,130,0.18889354739485173,29.84576510969805,130
12,131,0.23624613951176646,234.1674020791373,131
12,132,0.21764926842984236,-24.64553157754814,132
12,133,0.21903180063697944,-72.66507256230975,133
12,134,0.2227836873013851,-430.21018939631335,134
12,135,0.24305086387475144,-272.8988997202701,135
12,136,0.23714080342569782,-311.99886888481706,136
12,137,0.2110264554244113,233.90582846806822,137
12,138,0.2119315099042518,141.15739245081608,138
12,139,0.10099026423935568,32.08812299317087,139
12,140,0.19464126127882284,-23.509079995403027,140
12,141,0.2233674052968709,-47.3670303114275,141
12,142,0.24998130188675566,20.150882329196783,142
12,143,0.24976654239873772,129.91467474880832,143
12,144,0.24988238248034295,-42.1511676255205,144
12,145,0.23656700835546401,70.08285677907635,145
12,146,0.23911629722484015,71.55982068044725,146
12,147,0.2302742099345627,170.06111635787315,147
12,148,0.2446576425153269,-294.45075591355715,148
12,149,0.2490451812846369,-208.00275068810114,149
12,150,0.16894930462134122,2.390392469513456,150
12,151,0.163393231732129,-7.521580364074943,151
12,152,0.16935124729622228,377.48977756684576,152
12,153,0.1447876136768604,-2.996398554811618,153
12,154,0.24939074803532763,306.9515538815948,154
12,155,0.24431591415874399,-51.628742284906494,155
12,156,0.10782100676230748,-81.46825063156548,156
12,157,0.1817975865942391,46.647578203570994,157
12,158,0.17813804528303007,-6.1592944716446585,158
12,159,0.2098119165632309,116.08502148799161,159
12,160,0.18857197104501766,140.09732524139855,160
12,161,0.17188407391414084,30.238216920945256,161
12,162,0.21950192597270157,41.16562365005338,162
12,163,0.21627169091983556,-258.3122243506475,163
12,164,0.22088858485177956,68.22918142223124,164
12,165,0.17212026662051283,76.16948231126794,165
12,166,0.2052252146353072,58.900324435277554,166
12,167,0.24997211509138237,-199.14533087288166,167
12,168,0.2497931869710096,79.85145157884395,168
12,169,0.24767825845102398,152.624166642729,169
12,170,0.1803409892037888,72.3794253909301,170
12,171,0.10784056358357115,-7.942379954887558,171
12,172,0.2387231270667629,31.216640439873967,172
12,173,0.19012129461651528,-41.79331271182447,173
12,174,0.24266897788051253,-93.18403807253759,174
12,175,0.24953384543803195,70.18923473232208,175
12,176,0.24997641416535246,44.54908474048668,176
12,177,0.2498371029406943,-76.02824408639566,177
12,178,0.24988647350909343,-210.52024126257288,178
12,179,0.19438728822613313,-12.660973429769633,179
12,180,0.23737218797931306,-271.4110743997569,180
12,181,0.22647696000200537,-59.42629800859937,181
12,182,0.23668434123030935,201.94754065867542,182
12,183,0.24517285361769384,118.94498589622287,183
12,184,0.1937223374371003,-45.30770557410704,184
12,185,0.24999448754021827,-7.411609173340004,185
12,186,0.2412824221596258,38.023303305456054,186
12,187,0.24654566725579108,49.10468116704358,187
12,188,0.24140462357484843,70.07071236795443,188
12,189,0.24362737645906793,-43.33424581915761,189
12,190,0.24988793698702355,-93.16840267481558,190
12,191,0.12718930195198427,71.66561360567954,191
12,192,0.2366997476156876,135.71626969793786,192
12,193,0.1948151300917434,-42.30053532066762,193
12,194,0.24143198115597583,-237.3986338944012,194
12,195,0.2498897100023484,130.50883228094156,195
12,196,0.16473800897092747,-0.3069667567882287,196
12,197,0.14786629013588778,-39.84839983394451,197
12,198,0.21313791244584937,159.95346570442544,198
12,199,0.23884309851558327,-316.5307296104642,199
12,200,0.12670626522782386,-7.231989124120874,200
12,201,0.24155886555347278,-10.19858428952873,201
12,202,0.1522512839060177,96.5022148212827,202
12,203,0.19026680017141412,82.52395658626119,203
12,204,0.17848398589290976,85.91394245779676,204
12,205,0.17966327295010584,-37.85846742630548,205
12,206,0.20408565788583904,-83.01030672889833,206
12,207,0.24984000291727948,-200.37175748864973,207
12,208,0.11420046623482974,-10.849643904568271,208
12,209,0.24524603303707454,-29.792309911485805,209
12,210,0.24437363585382943,-55.697016692699336,210
12,211,0.21926172136509023,-143.6942017513648,211
12,212,0.2326342383347681,-47.09524473883375,212
12,213,0.24932674283223408,263.6852985474407,213
12,214,0.24750664402489234,294.88071282427165,214
12,215,0.19185882975268767,112.55261174465309,215
12,216,0.235689566902706,61.510653624743675,216
12,217,0.19659248413147795,-95.61113374767726,217
12,218,0.24322072777963333,194.74453570648015,218
12,219,0.24311359414275888,109.76812023118589,219
12,220,0.17168013849559247,-30.10095529034637,220
12,221,0.231297189583955,-42.04709304504158,221
12,222,0.24983952866017936,468.2718867410753,222
12,223,0.11921183278520622,-261.4231141518138,223
12,224,0.21796587075992976,146.00904677892987,224
12,225,0.2185489092385046,218.64955248742626,225
12,226,0.24837008829640306,106.92874663711436,226
12,227,0.2485468809225193,-77.77434957239299,227
12,228,0.18249546618180731,92.20306828176119,228
12,229,0.21845891428436404,31.47802121051003,229
12,230,0.23677170216853602,-12.956165895641927,230
12,231,0.22365121386237988,148.33052378395539,231
12,232,0.18837997919511063,42.790063383399556,232
12,233,0.24312741570683624,-186.92463917482115,233
12,234,0.24084850279726588,-112.23653173016316,234
12,235,0.09304137846457865,-24.327535777491534,235
12,236,0.2360740484873918,176.55675274571246,236
12,237,0.23809320803506057,-671.5246919591959,237
12,238,0.2351167461532848,154.8826810432531,238
12,239,0.24873090728415795,-36.79947340115244,239
12,240,0.24970415510835076,4.272801253726971,240
12,241,0.19478396287995461,228.78465164931583,241
12,242,0.17044027705409662,131.31636492982372,242
12,243,0.10531586362224915,60.158925915711635,243
12,244,0.22093687331143136,44.071665730762376,244
12,245,0.20944405150368536,-184.2342112560361,245
12,246,0.10057780944843689,-6.157765299677241,246
12,247,0.2172635202242619,-40.50960447682982,247
12,248,0.13317078975431948,31.744068228401765,248
12,249,0.2265095529260852,48.047830760464294,249
12,250,0.22316629702186608,63.47907875560867,250
12,251,0.1967121273861023,-0.49136559431942345,251
12,252,0.16682861396358722,-124.40338424438768,252
12,253,0.2140405200856433,-25.68531426518208,253
12,254,0.12358927891915021,65.16561415320204,254
12,255,0.2394033085901375,263.11374209310475,255
12,256,0.1961263882801154,-12.868433292998912,256
12,257,0.18771925954201024,111.42739108402837,257
12,258,0.24395017266626473,22.898005284033523,258
12,259,0.2281924574020218,-19.666397794193735,259
12,260,0.16094674785769458,138.9454444356979,260
12,261,0.1760705777581962,-23.609236136323293,261
12,262,0.24881148813894982,615.6240106051929,262
12,263,0.23499596256295016,-113.14121734604804,263
12,264,0.2223420240433215,316.88546366463447,264
12,265,0.12907275861974363,61.96615806858642,265
12,266,0.24978602781033316,106.16839737552763,266
12,267,0.21657615878742287,-40.620631986790144,267
12,268,0.24987108234678096,-268.94307507713,268
12,269,0.2244463687765302,96.33241878909573,269
12,270,0.1747748568153816,-2.0069730224368376,270
12,271,0.23583245703023348,-245.8293029440014,271
12,272,0.18942150983506997,-50.28245329105513,272
12,273,0.060703245507482136,-197.11813658058833,273
12,274,0.2147306218350351,-122.57773075292013,274
12,275,0.24939546230893184,91.67779977053752,275
12,276,0.2333373714492206,-157.49136296231683,276
12,277,0.20781113406124974,-74.16897905345832,277
12,278,0.18619866851385736,-5.43551788816306,278
12,279,0.20320106644632432,-8.798435902558442,279
12,280,0.249060964612207,-310.4782121843366,280
12,281,0.16321439571574792,-26.351040029666283,281
12,282,0.175988553330918,476.62527702894874,282
12,283,0.19773573475147585,-2.7303273507115735,283
12,284,0.15827748111553858,12.370776859966028,284
12,285,0.24102986234672943,-172.84044813291678,285
12,286,0.24986626592857117,190.1974602705236,286
12,287,0.16084594777404773,-29.258339938031494,287
12,288,0.24997717991953694,139.17646553674945,288
12,289,0.22630636524282724,133.26965425954774,289
12,290,0.23765014259142683,256.827655170922,290
12,291,0.20528194133303507,-29.0904802614561,291
12,292,0.2277376216512808,31.832888332626066,292
12,293,0.21769708134203888,9.827364541129377,293
12,294,0.22463344365482896,-66.87813517211501,294
12,295,0.23926937713677982,-62.516723676413,295
12,296,0.2405399306923755,-77.42377608716743,296
12,297,0.24817325804730903,-8.366695074332242,297
12,298,0.11371128336518374,67.18838642076729,298
12,299,0.1422445771978675,94.77358122401394,299
12,300,0.249069498451622,65.90951727105481,300
12,301,0.18396215629366905,72.31105894253284,301
12,302,0.21221581957911495,-8.31130900290982,302
12,303,0.2186919039043186,-29.80406979652659,303
12,304,0.24993013514318552,-135.75287704862487,304
12,305,0.23860431382192843,98.50112645670927,305
12,306,0.10595996926296102,-44.8677663185064,306
12,307,0.11663772386982973,1.6160998728104587,307
12,308,0.2452431925613629,195.0970380808341,308
12,309,0.24721864919572525,72.49008711587518,309
12,310,0.24810272427064226,31.302834455596937,310
12,311,0.18660652591799154,11.413253982961235,311
12,312,0.22413180701340943,-40.6215553891796,312
12,313,0.23438229634899058,118.74602028913466,313
12,314,0.20339123847155383,-18.32292575867939,314
12,315,0.21668072506693334,207.914069219923,315
12,316,0.22186118438569719,104.03212800873936,316
12,317,0.23196313815750513,46.31980505231631,317
12,318,0.07673203439710177,-26.100937916881776,318
12,319,0.1988564392206159,-16.46033733731863,319
12,320,0.23128047444319746,521.1465171566435,320
12,321,0.10603306376877578,59.52448046283247,321
12,322,0.11721278875301147,91.77440641905801,322
12,323,0.2204134960247867,-247.20039359295018,323
12,324,0.22718131636559424,16.19401286740539,324
12,325,0.18280742137112763,61.48889520000821,325
12,326,0.24819518884297026,55.183134723368774,326
12,327,0.22264775194901912,-13.139231222329274,327
12,328,0.15297700785174242,-44.05003935852072,328
12,329,0.22578564923235594,80.44336640743914,329
12,330,0.21913106348062936,-0.3268140388006921,330
12,331,0.20226704799426534,45.59489720329002,331
12,332,0.2434910440073436,-246.83785179464311,332
12,333,0.19201623148985456,-27.922195274392607,333
12,334,0.24992938391888844,22.716952848585645,334
12,335,0.2075373104111809,-33.70059325079279,335
12,336,0.08295539758848751,-5.201523817441293,336
12,337,0.23847274276607064,-316.1330949068291,337
12,338,0.1630085065195227,-68.92924862474047,338
12,339,0.22378227264338008,60.99276276164205,339
12,340,0.21515124744478079,-65.90049304656517,340
12,341,0.2411894261674021,-167.14530842909934,341
12,342,0.24628668598786532,-63.964006558387695,342
12,343,0.24867268301242573,67.7359623329883,343
12,344,0.19572800066338117,-5.623577738823826,344
12,345,0.20324992625724667,-72.28722307734654,345
12,346,0.24613736351294804,-134.21998096567157,346
12,347,0.24842530134576754,111.66027128678162,347
12,348,0.1923178489833577,-16.118799795431684,348
12,349,0.10362529601549367,16.90888728499801,349
12,350,0.23945864392835672,-10.443132550986736,350
12,351,0.24962306226338868,288.88392999367437,351
12,352,0.2441946687852216,84.7706350022283,352
12,353,0.1998708868373107,-15.832656255268882,353
12,354,0.09674439896628613,26.56707291007709,354
12,355,0.2308075936036347,-8.334815351611782,355
12,356,0.20756961382353895,-54.65656417075599,356
12,357,0.22997942611106786,-252.1066374307003,357
12,358,0.16194948177429797,-20.047470894238238,358
12,359,0.09176771428238735,-7.425768692388114,359
12,360,0.09766231026665378,-60.82515324383104,360
12,361,0.23587306005640427,-28.383191690479393,361
12,362,0.21245767613378744,-26.821598910059656,362
12,363,0.24744751403607468,-175.1834349470246,363
12,364,0.23046577940424412,354.29582856976873,364
12,365,0.16190272458917698,-53.29553676858573,365
12,366,0.18266616968310445,-17.251649466778712,366
12,367,0.24997814482066696,-56.98257000302977,367
12,368,0.1986242024910573,-35.696414750445285,368
12,369,0.24949288318276394,-95.37479531930704,369
12,370,0.20327605189778727,-18.167896850040542,370
12,371,0.23286417277138327,90.36683610543648,371
12,372,0.24750041788230737,234.11582336589123,372
12,373,0.20348496320466614,-13.51237867616731,373
12,374,0.1600731560391585,-38.14786014334016,374
12,375,0.13890225808556064,-0.06121461836988857,375
12,376,0.24850394569270084,-333.83994142595793,376
12,377,0.19220917664061427,124.57839231825638,377
12,378,0.1767043634562755,-31.99422858522408,378
12,379,0.22291272947934154,17.81793711866918,379
12,380,0.24675937395587413,-145.63347382525293,380
12,381,0.1858427398227135,-1.9953669459312038,381
12,382,0.17418325932287143,-270.5652026283197,382
12,383,0.2499640600510304,-442.51118196247927,383
12,384,0.23422580893782458,173.2301030365791,384
12,385,0.24831854691120891,219.71527131420328,385
12,386,0.18925459853430804,-25.159764623197823,386
12,387,0.24988143236552585,-110.23191150649734,387
12,388,0.2366727216582506,27.15909800632056,388
12,389,0.18051423442881806,27.04909105547762,389
12,390,0.21246512998540837,-116.35507098664881,390
12,391,0.11772885294055681,44.2272473425538,391
12,392,0.2261973355719875,-241.24981031808792,392
12,393,0.07851789502715464,-3.7201598692384277,393
12,394,0.19181640452122506,-25.75409836963367,394
12,395,0.24999639719334718,-239.409393497888,395
12,396,0.16179002896393527,-14.71342163828831,396
12,397,0.17704548648797952,53.75883461222889,397
12,398,0.12524166003768988,-6.6463887496581,398
12,399,0.24719396232769394,-168.99818060567213,399
12,400,0.24999983129427011,34.5178464188572,400
12,401,0.24925608884123548,-60.77909623830393,401
12,402,0.23757368266743087,-10.213847384743634,402
12,403,0.2205085089981599,85.19377746716579,403
12,404,0.2478337251097936,-37.99149715084005,404
12,405,0.15512851442655684,-34.481270589783804,405
12,406,0.24956823750045254,-342.73386563564236,406
12,407,0.24191594816737425,214.90689180946956,407
12,408,0.23213233742818606,-97.21929249993647,408
12,409,0.18631811136592968,76.19903022176732,409
12,410,0.24801090372417153,-156.84770900595845,410
12,411,0.24935292915065865,-67.14021502733567,411
12,412,0.1393687407420749,588.5391374946748,412
12,413,0.16912478422309205,85.02699996129112,413
12,414,0.24401600079443658,140.46407238335013,414
12,415,0.2493823820106727,85.18825207051418,415
12,416,0.239831699539298,-163.65476902388076,416
12,417,0.1831722752088713,117.6016438182113,417
12,418,0.2277828142242229,-8.073932435054965,418
12,419,0.1971428557157617,-369.46906603113587,419
12,420,0.2467435877316318,-188.8596596515796,420
12,421,0.1848119933125035,-23.48406668809889,421
12,422,0.2412933903465427,105.6228054443601,422
12,423,0.22678613134535358,52.738618923486406,423
12,424,0.24729063073488391,75.65250720700892,424
12,425,0.10338352601489424,-7.804339611739869,425
12,426,0.2497259969519479,-2.88410739570201,426
12,427,0.12277931797507996,40.0569074676741,427
12,428,0.21572050846884963,72.88441442241123,428
12,429,0.16715552412038084,108.52235440577647,429
12,430,0.15856325670855198,29.66705164594589,430
12,431,0.24916831680584695,95.7482216579826,431
12,432,0.11398578886136328,-0.9069114968742467,432
12,433,0.14287601194572502,-7.7372190112488894,433
12,434,0.09690974634090167,179.3096761915784,434
12,435,0.2471825261329071,45.271046108972115,435
12,436,0.24595537893816316,-280.57885307941774,436
12,437,0.20791763248048256,-138.91886797462215,437
12,438,0.1456481676417346,-31.116627983124527,438
12,439,0.24972597705260313,-237.71316514062812,439
12,440,0.24694341696469307,138.04744805559213,440
12,441,0.2486089880730693,-138.9863747014696,441
12,442,0.1207383019730227,59.39049662490129,442
12,443,0.1606653765156811,-25.542947515839174,443
12,444,0.2207968320469723,-125.73346949984739,444
12,445,0.248991345064801,-24.740148023452225,445
12,446,0.23328525184966095,65.73280425050325,446
12,447,0.0698265271858308,-0.11348999600524254,447
12,448,0.2365165620394059,151.53475460545627,448
12,449,0.18415177805417265,-51.830605431738775,449
12,450,0.24862845043744247,-189.04949570766098,450
12,451,0.23561412116623465,-288.8509241253583,451
12,452,0.12550315057792677,75.98720466651491,452
12,453,0.24577374207944025,65.66190256072598,453
12,454,0.20009268047669868,-16.349936330148086,454
12,455,0.2189546831318437,109.33143701385089,455
12,456,0.23949636996514545,-97.05187159560826,456
12,457,0.23363601209507723,-11.705088838584961,457
12,458,0.2485903275392026,-211.14011103919083,458
12,459,0.24557434324274455,94.01409774676509,459
12,460,0.2412542959876552,222.78025926704584,460
12,461,0.16598890595505467,-41.72967535828323,461
12,462,0.23181119624167223,-9.940864291018318,462
12,463,0.07559941502036426,11.179191551140335,463
12,464,0.23009474962707482,-71.98261551162898,464
12,465,0.19152426566261715,-25.617656752768625,465
12,466,0.19567710451913986,-117.89249882526322,466
12,467,0.19476288889600077,-34.240018430716304,467
12,468,0.0989763655349357,5.072400141621176,468
12,469,0.19413247361083028,-49.33850725349911,469
12,470,0.10194498027097776,63.60993524437205,470
12,471,0.21959066473600558,44.574731509417624,471
12,472,0.18803280548968326,-136.9076086040094,472
12,473,0.20069996525733255,-52.19823078038077,473
12,474,0.19508509436782037,123.45915855618954,474
12,475,0.24544762502917455,181.2532155645344,475
12,476,0.2305069727953589,-20.804260719123747,476
12,477,0.18150187035319215,39.18750910196136,477
12,478,0.2499888575366565,-148.76836711648093,478
12,479,0.18733699496816736,-15.565552254085057,479
12,480,0.21686033651940834,142.65944321126992,480
12,481,0.13206065709305345,-79.20168000652222,481
12,482,0.24246663525458262,-191.01757583646273,482
12,483,0.2026548069087792,81.2318726004497,483
12,484,0.22693573320014382,-68.81177897443246,484
12,485,0.20820964958822247,-47.29787409370554,485
12,486,0.24958066680603255,-65.25249725834746,486
12,487,0.22813195266569658,-47.531195806107554,487
12,488,0.2160741873196604,40.46715500343639,488
12,489,0.24813740493443864,-13.54729403231643,489
12,490,0.23337589495729125,-183.9851942209044,490
12,491,0.11007641773985978,46.82033880339078,491
12,492,0.16840304721881688,-2.3394861439409538,492
12,493,0.22471183931503494,-11.25410443328291,493
12,494,0.23177997557067026,-213.15567241201708,494
12,495,0.24762159308359236,259.16367233315714,495
12,496,0.2276125513597654,-41.86354509466302,496
12,497,0.24972027099957908,154.27601953923346,497
12,498,0.08201609126517216,6.02161588982292,498
12,499,0.13112096007405005,-306.4990346178617,499
12,500,0.195416796578886,88.1356573244231,500
12,501,0.24863117147245756,-44.742572066738475,501
12,502,0.21126586380092266,97.8267551462256,502
12,503,0.24113192087668692,22.773545985053083,503
12,504,0.19356837111397782,361.36414532067465,504
12,505,0.2350602256692575,-69.70281497903973,505
12,506,0.23891584743240765,60.226212371397665,506
12,507,0.1568546881441455,55.135116653700464,507
12,508,0.10281871443233183,-7.425975116596842,508
12,509,0.2054466286144597,-166.23149850760714,509
12,510,0.24528730213287628,-327.03411639338907,510
12,511,0.195286807083089,-22.132174738892957,511
12,512,0.20278011013475997,147.4168121893775,512
12,513,0.2315654282733685,53.4008354787635,513
12,514,0.2495607819636037,30.614116786471634,514
12,515,0.22635883795017903,-31.41205562764506,515
12,516,0.24745531128387338,-179.0877670308639,516
12,517,0.23533839335891227,94.55741684158973,517
12,518,0.1586692759584729,-103.79645316074003,518
12,519,0.2039273307932342,-38.32697549574775,519
12,520,0.12655340804267434,37.703009322871054,520
12,521,0.15958398316286485,53.97429982585137,521
12,522,0.1669072643556093,-1.336615938215079,522
12,523,0.22258129382530417,171.6509909839909,523
12,524,0.23619836671327396,110.47067465343343,524
12,525,0.23479308711147726,94.96748256572945,525
12,526,0.2086512875896154,-205.03020558227144,526
12,527,0.22689664551698188,-47.074833066441705,527
12,528,0.16678765595000664,31.8268524848915,528
12,529,0.18313032354959838,-35.71079499950595,529
12,530,0.21144177879422588,-197.0582821525553,530
12,531,0.21953255541042638,200.04539447351263,531
12,532,0.12116879306808437,18.283142085452386,532
12,533,0.2195702846170818,162.8025332969086,533
12,534,0.21266826408403244,44.64868213619281,534
12,535,0.2499661372339258,96.85159261336369,535
12,536,0.16205927937593348,-20.598177166902403,536
12,537,0.17971800720979608,-28.884876812741034,537
12,538,0.17089174842244192,84.25478980293074,538
12,539,0.24869933637276317,784.1485737596656,539
12,540,0.1516740050456221,35.56971008609496,540
12,541,0.24673344201674371,58.688248671636615,541
12,542,0.22842910152426532,-16.333015155669642,542
12,543,0.05382287118636649,-15.520057690897994,543
12,544,0.24844082711444973,-81.05621754475605,544
12,545,0.07225445484676268,56.30038642972386,545
12,546,0.1744710873669499,-19.960354554067994,546
12,547,0.24995669737433465,2.615582146444609,547
12,548,0.24737935572405406,43.44381894108302,548
12,549,0.22472393964056733,137.91029900289894,549
12,550,0.16754846536565257,54.636579968870805,550
12,551,0.12976440157311547,-18.68252154927768,551
12,552,0.23552003467128785,55.28822815692831,552
12,553,0.1534156471827024,-10.400112971821828,553
12,554,0.19737082056996055,-50.06518325309046,554
12,555,0.24807950091672035,-215.7191971586065,555
12,556,0.18567341356874348,57.296134246874544,556
12,557,0.12147149608181558,69.33020852151512,557
12,558,0.217107052072429,131.52239136664343,558
13,0,0.2365380458768003,-2.458614278911366,0
13,1,0.17252719471795577,-12.146075971039426,1
13,2,0.14881364979401274,-113.15393946937019,2
13,3,0.18527311572970528,-33.56101792637275,3
13,4,0.1817291205247583,-73.73718918051802,4
13,5,0.24998499635996665,-226.24652016633206,5
13,6,0.24887392251810436,3.9353421976158502,6
13,7,0.24965759049540517,-231.02646951628034,7
13,8,0.23002466044157557,-270.0103964916663,8
13,9,0.24748347155949402,61.45583065765238,9
13,10,0.23776346688342936,55.088353058710126,10
13,11,0.24929270335372136,-94.00501069360745,11
13,12,0.2054325876608901,-15.286360205975683,12
13,13,0.2499639990886937,251.55222474284713,13
13,14,0.14558848261392027,241.09183714129023,14
13,15,0.24843156094188654,222.10844756829965,15
13,16,0.2434509799156435,-76.82995142911616,16
13,17,0.17160325848923388,-157.7960543311923,17
13,18,0.23509692157875298,64.90095416288972,18
13,19,0.23936196563188925,-102.28217045679139,19
13,20,0.20965859163063125,-6.450646266530569,20
13,21,0.2139367810811196,155.811166747247,21
13,22,0.2407470459020563,-332.49722466782583,22
13,23,0.14426106671544994,34.30455637983836,23
13,24,0.19270262579307446,-4.921751189819634,24
13,25,0.23891833463534273,66.62115524084822,25
13,26,0.031511601270946425,-3.8513857830671556,26
13,27,0.22099431566809277,196.68112626316832,27
13,28,0.24998361531800103,-51.304408612971145,28
13,29,0.23623524019126269,-36.49926383298745,29
13,30,0.2324025207575738,87.25468679568326,30
13,31,0.18058214290751307,555.2795687664106,31
13,32,0.18166734564365628,15.400186741562308,32
13,33,0.24991448226563912,-230.75555936037085,33
13,34,0.2499759089792006,82.87723160389889,34
13,35,0.18003499811016963,-3.8425377739590436,35
13,36,0.2499943509446837,-234.82927339780025,36
13,37,0.1835607433072266,584.1576511333568,37
13,38,0.2494197678283571,205.70275906549932,38
13,39,0.2413779539475387,54.134239761072365,39
13,40,0.24181260856480277,-98.29126773540872,40
13,41,0.22645497089821523,-341.4608731616981,41
13,42,0.12266120679447892,-11.74209491305448,42
13,43,0.194852118060646,36.384417465156794,43
13,44,0.21210411461663112,-26.047396331280755,44
13,45,0.24378478366593456,68.91038876090471,45
13,46,0.24752697827791012,47.90146062214569,46
13,47,0.1100153420699481,57.91081628851089,47
13,48,0.19982154445165096,114.12956678834983,48
13,49,0.24937582850144557,132.77650842674564,49
13,50,0.2499700596555451,247.9366993616094,50
13,51,0.22165745880251944,-216.82427419341556,51
13,52,0.24636133393444518,65.43814446773402,52
13,53,0.2319124327655404,153.51714695452034,53
13,54,0.13496864195079095,-43.35169122118098,54
13,55,0.24865950227092212,149.61074705010535,55
13,56,0.23658322644244228,199.428089284428,56
13,57,0.2449120322574244,80.0771293084676,57
13,58,0.24997210071804385,235.64278917293768,58
13,59,0.06377066404234116,0.5551104250760117,59
13,60,0.2474865745001823,-35.64977664568109,60
13,61,0.14890762855576725,51.16823999950464,61
13,62,0.22683557547344704,109.5474367195514,62
13,63,0.18079491784801596,-40.02971704321924,63
13,64,0.24067192741595794,-124.33929921993416,64
13,65,0.24999999042152546,-39.45104907488326,65
13,66,0.23830273348725883,297.0515304694342,66
13,67,0.24912949884755414,228.60165623455032,67
13,68,0.24963529596978473,-154.4773252241484,68
13,69,0.22568945102103216,-6.614974808124598,69
13,70,0.24937134959296106,101.48568353050054,70
13,71,0.22432448300339314,-269.0741033920192,71
13,72,0.164633552627689,-55.18384498987878,72
13,73,0.11011808769617752,21.46150953315935,73
13,74,0.21879832647315414,-36.75226076642284,74
13,75,0.24198829461679905,36.546438840062535,75
13,76,0.24359737720793165,-331.9048589588578,76
13,77,0.14526302619561499,117.33072624536574,77
13,78,0.24140048293969874,-0.8158380883044836,78
13,79,0.23334197273524301,-244.52223251821434,79
13,80,0.24768964769502208,-92.44556892986111,80
13,81,0.22563208719221556,157.26359914815274,81
13,82,0.16579842127285935,24.815483929706513,82
13,83,0.2498581745347714,158.17519469603994,83
13,84,0.10402181217811897,-9.03664579160955,84
13,85,0.08069406900967017,-7.03945525747873,85
13,86,0.16428786449674482,-90.60241128789309,86
13,87,0.11873785653318729,-6.763776208192573,87
13,88,0.22545780139171176,50.65764114584551,88
13,89,0.24307004511100605,-17.545945913644463,89
13,90,0.23301060893837047,161.81140110603926,90
13,91,0.24308606817294343,53.514737876255154,91
13,92,0.2446390257619991,-162.08216945865848,92
13,93,0.16943090152569856,43.326401426259764,93
13,94,0.2267920251481221,13.52946338415379,94
13,95,0.21410663778078937,-371.19665333605,95
13,96,0.24930139666119047,-180.65403563228102,96
13,97,0.11540964901295793,112.13326638472978,97
13,98,0.24958266748556,-22.190095635351398,98
13,99,0.24949928723282658,-263.81122812175147,99
13,100,0.21055845265501266,168.88788122146198,100
13,101,0.2207356092135979,-177.75979225932895,101
13,102,0.24290177988936984,-366.3082287002815,102
13,103,0.12217680355679857,-6.303617043328403,103
13,104,0.23538141534705304,34.31293414559146,104
13,105,0.17536440834952466,-11.902413194980152,105
13,106,0.2264162420640348,-23.833860211103783,106
13,107,0.21521527968205711,-0.5250894598544384,107
13,108,0.23806843564061436,-36.3111720442989,108
13,109,0.22631100030816634,152.74149808503677,109
13,110,0.1755679047338973,-15.37184324521613,110
13,111,0.14646635495629964,-10.299498026756615,111
13,112,0.23273161981859875,197.85589478560635,112
13,113,0.22824950397830837,-67.75281910723506,113
13,114,0.22218824108929633,-24.073243761893522,114
13,115,0.24933351845079935,-130.73381996239556,115
13,116,0.23322386976851453,-104.12923231541554,116
13,117,0.15166318206904275,87.65985260294214,117
13,118,0.155599161388103,-19.416620213274562,118
13,119,0.12178942954671641,-15.957309780289764,119
13,120,0.24995196760137697,-33.72900330624354,120
13,121,0.18136031120596344,-3.7028167855081477,121
13,122,0.1879227510109516,-43.239358219030656,122
13,123,0.24095793752441008,-243.7449195040101,123
13,124,0.24505381073787227,102.04070046497968,124
13,125,0.24906475374809475,-66.69500244303714,125
13,126,0.0884575744665208,-1.6548110268546026,126
13,127,0.2319350100201118,-26.035321137078782,127
13,128,0.24664818070706798,149.07707578923296,128
13,129,0.2463220198674729,30.95166478824342,129
13,130,0.20022501003569937,32.45985884314032,130
13,131,0.22536635593992305,202.59071600814798,131
13,132,0.1886282337900544,-21.245167811860455,132
13,133,0.20745856617458014,-64.87953893403721,133
13,134,0.24265535873129945,-416.6649119543187,134
13,135,0.2480323339860938,-264.98821875119586,135
13,136,0.20720672349229688,-135.39038901971008,136
13,137,0.2206201464222001,256.9157536618615,137
13,138,0.1900261585984643,111.34252925641852,138
13,139,0.12539213577096225,41.046139261455586,139
13,140,0.23397540981408047,-20.109582123450014,140
13,141,0.2346133455353434,-56.360315293639204,141
13,142,0.2477375308438515,4.275679717691084,142
13,143,0.24716380347708664,119.70592308853125,143
13,144,0.2467398926070204,-54.45971247603944,144
13,145,0.23742960226870174,91.38283891696555,145
13,146,0.22956447461018695,52.74403635094448,146
13,147,0.22668057949640882,173.1553571945169,147
13,148,0.24496031057707807,-277.3341193750402,148
13,149,0.24401819862723562,-157.80716408003047,149
13,150,0.19269338792710425,-5.311295789263429,150
13,151,0.16641788520273607,-3.7179802672619395,151
13,152,0.18810816781879527,345.9123392204201,152
13,153,0.10617832213106515,-1.570210868462227,153
13,154,0.2466265353748104,556.2907853979987,154
13,155,0.24851531414403596,-39.4838750595314,155
13,156,0.11464692041531227,-58.52243600855384,156
13,157,0.1955081678545264,48.7024794603442,157
13,158,0.2223143272661041,-49.39408605953572,158
13,159,0.21523933446508867,113.67349307271232,159
13,160,0.16003932074016927,113.13197888056392,160
13,161,0.1806693912018316,27.529046594582233,161
13,162,0.2054381171063017,42.05992544807743,162
13,163,0.23027104974577575,-311.58106217808233,163
13,164,0.2197847188114941,58.22514285779915,164
13,165,0.18337997520889415,78.2603962425216,165
13,166,0.18390192601522312,96.89625647288108,166
13,167,0.24998620192794463,-198.598099621286,167
13,168,0.24983037029031083,26.218028127453653,168
13,169,0.2494874065461498,191.68365590132368,169
13,170,0.19160540960764794,74.52072174352956,170
13,171,0.12950168540224147,-11.050917444617697,171
13,172,0.2080522599556787,-15.285693273780474,172
13,173,0.2446715060492303,-52.75323155569785,173
13,174,0.24744531463510203,-67.04653079507379,174
13,175,0.24703656505436217,91.52995204801557,175
13,176,0.24797197138683286,45.71415159859209,176
13,177,0.24285904388616253,-26.096749805437046,177
13,178,0.24985073461232746,-210.99214122155604,178
13,179,0.20036933409108626,-14.333631519379807,179
13,180,0.24032988566404812,-306.2584599742543,180
13,181,0.22637651207339146,-59.507926478560705,181
13,182,0.24974705109101278,164.5964966299941,182
13,183,0.24974815056072258,143.9867950906096,183
13,184,0.20365379974894246,-57.11363798518774,184
13,185,0.24988845739173313,7.88162347292984,185
13,186,0.2430574665720513,42.586238668712625,186
13,187,0.24805754008171038,47.11050669943593,187
13,188,0.2417621392511262,75.7336988336267,188
13,189,0.2490947815990025,-56.5929390031943,189
13,190,0.24806294639564083,-101.57394332012679,190
13,191,0.15546635178863258,92.03832745453852,191
13,192,0.24717969674143764,146.3192012370541,192
13,193,0.21250963958565483,-44.682802967853476,193
13,194,0.23684932413391813,-255.12606476180326,194
13,195,0.24995271392009924,109.47844643944254,195
13,196,0.13723404443203827,-0.14597375509647265,196
13,197,0.1495190933499989,-29.85609699530808,197
13,198,0.22200902395268815,165.32432011947475,198
13,199,0.24808644376534705,-258.98218787812993,199
13,200,0.1572131131069066,-17.40587489785195,200
13,201,0.2388485216814281,-14.701005027898255,201
13,202,0.1864610036252911,137.95146906361757,202
13,203,0.17718530973295876,73.0394670864454,203
13,204,0.20069278167788518,111.21610186826337,204
13,205,0.18935940971080262,-36.127736109821306,205
13,206,0.21600046754994004,-111.70284043470743,206
13,207,0.24988045151394098,-190.5050232899921,207
13,208,0.09650467266830866,-9.436536548560781,208
13,209,0.24593633684701008,-30.186576364512163,209
13,210,0.23434281070246732,-52.02604973206553,210
13,211,0.23663588690829584,-185.93782744327547,211
13,212,0.219510240012896,-68.28692897405135,212
13,213,0.24540711838324433,247.2507489735347,213
13,214,0.24903036190817154,395.84492322126647,214
13,215,0.1985868528866068,127.86052465878787,215
13,216,0.2490996562117659,60.72623769895779,216
13,217,0.2148976616138993,-96.32995621670192,217
13,218,0.24667784902940704,199.65461355493719,218
13,219,0.24624123863271755,26.956157357233522,219
13,220,0.14700464368771057,-29.85796253794593,220
13,221,0.22365263894125068,-31.043036997048603,221
13,222,0.24990264333667833,557.8581511233127,222
13,223,0.11825791766221853,-252.75209974031847,223
13,224,0.21835917349681308,142.19699064252697,224
13,225,0.20900547398362454,197.47924841136248,225
13,226,0.24992479980894486,129.60037429134738,226
13,227,0.2496620401502083,-54.8920381753608,227
13,228,0.1644520984850769,93.57247157452213,228
13,229,0.2085445487951857,41.19709701899801,229
13,230,0.24834397588440552,-13.757347889300833,230
13,231,0.22383346337937943,158.02659432703675,231
13,232,0.1801164610060944,38.827350044833565,232
13,233,0.2442726455051754,-192.7538743616933,233
13,234,0.24654378046869552,-148.94902793426886,234
13,235,0.0852925580379418,-17.478112353899554,235
13,236,0.2333988597027998,182.25642218760444,236
13,237,0.24471643956489353,-543.0431614146037,237
13,238,0.2318474157992248,142.7083949605557,238
13,239,0.2497254231368296,-50.18576074148045,239
13,240,0.24275464574446856,26.128671970751657,240
13,241,0.20277870942492285,217.43774245973566,241
13,242,0.14645810000038698,108.60029417218342,242
13,243,0.09580740410454351,68.98663410458047,243
13,244,0.2238312215352379,43.095737298799804,244
13,245,0.1889347620094021,-219.53141548488279,245
13,246,0.1050337130160718,-5.656982586120902,246
13,247,0.23078147625390924,-38.784803765154976,247
13,248,0.13963383371051696,33.29043048031199,248
13,249,0.2237927981005901,65.29553026994375,249
13,250,0.22597911238393215,82.33167357382811,250
13,251,0.17115316988919244,-0.21204720175136618,251
13,252,0.16827945464111715,-152.94072016764022,252
13,253,0.20792757839431808,-32.379876229411806,253
13,254,0.14769736608751385,80.90132187638201,254
13,255,0.2477182430438405,259.14616924804506,255
13,256,0.17415659820241558,-7.5360521796072755,256
13,257,0.14373137616179651,84.70420263818701,257
13,258,0.24450470036855781,6.169513246372545,258
13,259,0.2251019346422917,-21.171238069684886,259
13,260,0.13488448385570603,145.4668768195249,260
13,261,0.180718363478493,-27.924165840277308,261
13,262,0.24776415254979622,766.1000991129114,262
13,263,0.2392071446364122,-95.37152481427313,263
13,264,0.23868757876592814,338.8328508329127,264
13,265,0.17386555094398246,88.2748727116791,265
13,266,0.24674119332120106,135.95948684130533,266
13,267,0.1990495456017987,-25.92097984247247,267
13,268,0.24747084507075034,-310.1169555923204,268
13,269,0.22304633583228095,83.9684824302706,269
13,270,0.20036847808458308,-1.7548483307491463,270
13,271,0.23256659670010926,-256.87612587872053,271
13,272,0.20968979678366603,-30.97308627862382,272
13,273,0.08396501130110649,-186.25218539642472,273
13,274,0.2265092097199074,-157.81023414356866,274
13,275,0.2498537304973349,105.8432012141586,275
13,276,0.22892034322504912,-142.0059320518899,276
13,277,0.21858898718074588,-99.75441603795889,277
13,278,0.19326492544928767,-2.0341908655548693,278
13,279,0.18685711939464428,2.856754970435981,279
13,280,0.24845765925247199,-212.07307596456016,280
13,281,0.15695046173037958,-18.097434875212574,281
13,282,0.17664780541269454,642.17758195247,282
13,283,0.2076586708546681,-5.561030144049864,283
13,284,0.1766103226284049,17.263324403151948,284
13,285,0.2467626308404779,-169.35701280734114,285
13,286,0.24994559316192522,190.34586452624524,286
13,287,0.1206006663895328,-17.051015770522625,287
13,288,0.24932145970028508,146.47087211277378,288
13,289,0.19899182643359953,131.45623729722246,289
13,290,0.22236801704995998,222.90646712026717,290
13,291,0.20313797915145937,-26.12286293095669,291
13,292,0.2311320787762735,25.56060976593626,292
13,293,0.22056628797327624,-15.853650934292908,293
13,294,0.22096797696534548,-85.1039664646225,294
13,295,0.24694538100335556,-71.42032792516625,295
13,296,0.24291002051558586,-64.86825750261409,296
13,297,0.20004305798225908,-18.924107339991956,297
13,298,0.10333554963918665,60.47349380731396,298
13,299,0.14910860307955134,97.80967180316938,299
13,300,0.24991009042729997,70.14184784258389,300
13,301,0.20333219347568746,87.89336642511155,301
13,302,0.2058971400059544,-6.036396140543861,302
13,303,0.22899662010856014,-30.622655545450982,303
13,304,0.24581885648012394,-151.15517282361623,304
13,305,0.23995386427490958,103.20110859118007,305
13,306,0.10916711927832902,-31.4619985898916,306
13,307,0.16141483503898407,7.423919639514807,307
13,308,0.23982413858911292,163.57529601562157,308
13,309,0.24233524539643808,70.86740202199981,309
13,310,0.24995808501438604,50.95587734897688,310
13,311,0.11132312628633127,1.3493767030470083,311
13,312,0.21079185343070228,-37.3087636809583,312
13,313,0.22552334252122966,111.9703119256719,313
13,314,0.20886936769344325,-25.68909762954957,314
13,315,0.22343998730819034,227.470739151019,315
13,316,0.21482732002841265,113.62875071418335,316
13,317,0.1874157914195916,-28.114284381842328,317
13,318,0.12051677150215244,-54.7107133111777,318
13,319,0.19459562757423507,-15.840598806931188,319
13,320,0.2329271776390441,455.55280684529004,320
13,321,0.09451873612843313,62.45504405412392,321
13,322,0.09082450203278071,68.56772267145001,322
13,323,0.24126148099034433,-238.28259072231367,323
13,324,0.2319501873299597,13.706008547704073,324
13,325,0.1986465925095648,80.48515122858021,325
13,326,0.24779069231251558,56.24858061244567,326
13,327,0.21580843966719343,-18.21751592528829,327
13,328,0.12401995866026999,-33.60258955662266,328
13,329,0.23217117526860148,90.44756383001337,329
13,330,0.22116709843197907,-0.3556948909011584,330
13,331,0.21878839176029333,62.93902633385872,331
13,332,0.24998003152332424,-278.95141318212376,332
13,333,0.14652984629970314,-12.302405116375201,333
13,334,0.24903691418508117,22.129048005002414,334
13,335,0.20755220915275957,-35.10008281687534,335
13,336,0.05381528600375871,-2.702548604807718,336
13,337,0.24065361003302999,-470.491043444786,337
13,338,0.19226643162470028,-85.89220123024766,338
13,339,0.2121736136633935,79.96466015661905,339
13,340,0.19616652436965032,-78.8618273111059,340
13,341,0.24419128463374748,-159.95340155767127,341
13,342,0.244803216002429,-62.19143142991342,342
13,343,0.24944468719623616,70.344443193683,343
13,344,0.2077388093333981,4.82334129646345,344
13,345,0.22196367030535705,-49.63227820987356,345
13,346,0.24026267023644116,-128.2240626528455,346
13,347,0.24693255246661963,98.03613739747286,347
13,348,0.20377344626861965,24.717381647423867,348
13,349,0.1298495602145121,27.829575908357242,349
13,350,0.24981064521690952,-15.598364587656857,350
13,351,0.249981203261891,310.82319369815343,351
13,352,0.21762914029302163,76.97499279933568,352
13,353,0.21444290364843044,-9.971626407145305,353
13,354,0.093730877209488,20.121907519223182,354
13,355,0.2461953136885508,-5.703430097458466,355
13,356,0.19794767652539272,-47.01020770843531,356
13,357,0.23642535996674008,-267.63738340029454,357
13,358,0.1640245497322803,-24.39649914042071,358
13,359,0.14272943864356827,-10.342978911360882,359
13,360,0.0878361381613956,-50.21989721628695,360
13,361,0.22234812473950805,-17.964405329787084,361
13,362,0.1744659111761865,-13.215060746948637,362
13,363,0.24968177978094638,-190.10405673148608,363
13,364,0.24438392960988123,505.0934146975166,364
13,365,0.18041158794513512,-61.82580317905381,365
13,366,0.16873427620088938,-10.126506888832044,366
13,367,0.2493183665880027,-43.62341646432793,367
13,368,0.21099745410760862,-30.186614871884863,368
13,369,0.24696737814825437,-109.71312863756032,369
13,370,0.22290932767205474,-18.754695964052786,370
13,371,0.23101181259381295,77.98740466158169,371
13,372,0.24950056011339844,215.13063466312255,372
13,373,0.20524995723971995,-24.80458545942273,373
13,374,0.17631190065620564,-43.25590179636393,374
13,375,0.19780601664549513,-0.10287846519476825,375
13,376,0.2467300415587636,-358.0068818958894,376
13,377,0.17965095860857397,110.0486553292091,377
13,378,0.162884112984376,-28.460761131149425,378
13,379,0.2034794122066596,27.63913126775114,379
13,380,0.24851887446324566,-193.90422067456265,380
13,381,0.15322584932159397,-0.902266963251892,381
13,382,0.1784623125189393,-311.6632685102162,382
13,383,0.2466956790872515,-367.0030928629762,383
13,384,0.23535968553166742,161.1112831314394,384
13,385,0.24984094479032803,213.11167749976408,385
13,386,0.20549109417838485,-27.067418435248236,386
13,387,0.24985404155996493,-103.69079728728914,387
13,388,0.24308030098364006,27.32259639626878,388
13,389,0.20550298177918808,23.738448522841523,389
13,390,0.2363243641997211,-78.98561304547161,390
13,391,0.12166550194011053,48.98090531819354,391
13,392,0.24744550816266503,-190.92981289100828,392
13,393,0.11705330152811987,-6.476637407941448,393
13,394,0.18211069290899876,-27.696114546976844,394
13,395,0.24970244529920693,-263.9233193495185,395
13,396,0.21266027598029127,-24.577807244602866,396
13,397,0.18408838026340327,59.469332663280966,397
13,398,0.12546590516072761,-8.547024772776362,398
13,399,0.24500752647287016,-188.43500407142514,399
13,400,0.2497390032672275,52.789566048276065,400
13,401,0.24872132911448888,-91.0152023930535,401
13,402,0.23181349271206894,-7.676585835033517,402
13,403,0.22962663011643025,89.4357325123493,403
13,404,0.24499278755514753,-15.9772400824026,404
13,405,0.14613414053482857,-25.79106910863146,405
13,406,0.24932162075713105,-338.8602975732762,406
13,407,0.2344761131657939,211.017024962704,407
13,408,0.22008127210282347,-86.93266315237088,408
13,409,0.20053386977584234,84.25608529624921,409
13,410,0.24981230788153339,-193.6112786693952,410
13,411,0.24948888113900702,-53.768410399833485,411
13,412,0.14155368633896076,277.08927448187285,412
13,413,0.17650131989708767,89.4662596526635,413
13,414,0.24163229559248114,158.16898922377484,414
13,415,0.24642004178813434,118.592760911685,415
13,416,0.24446654269499232,-115.18822928488089,416
13,417,0.19820020879964878,130.2315980680313,417
13,418,0.22798390806485463,-11.709703741495165,418
13,419,0.2143366648366302,-339.0789412077328,419
13,420,0.2444014715342519,-202.89776256787513,420
13,421,0.14980981655139403,-17.778400405166163,421
13,422,0.23926217412004677,60.39773299147343,422
13,423,0.24376621425975467,51.01312482115088,423
13,424,0.24744069895821472,75.37484531207181,424
13,425,0.11373672124124386,-9.349280501977015,425
13,426,0.2498822087063973,-6.879398675564378,426
13,427,0.13015452528873347,39.536499654645446,427
13,428,0.19902226469574327,46.67634556193603,428
13,429,0.1829605733758506,121.08561700956592,429
13,430,0.1430535246583214,49.09751618696833,430
13,431,0.24997726950782745,81.35344616196727,431
13,432,0.07719340549560766,-0.07189804255765853,432
13,433,0.12256710091654927,-5.184424115175844,433
13,434,0.13282567599566322,169.25246858588943,434
13,435,0.24400357982514134,53.72195744127608,435
13,436,0.23988329600648042,-319.5324304993251,436
13,437,0.2200276070796355,-143.31014411207306,437
13,438,0.1457108316731301,-16.351850610667963,438
13,439,0.2438111748198263,-218.66358498143978,439
13,440,0.2489316555249117,162.84703657836437,440
13,441,0.24938723830349915,-128.1971948447254,441
13,442,0.1341483205733858,73.72731423062645,442
13,443,0.1781809774091498,-26.650593576835302,443
13,444,0.21329215657257775,-127.1768922274421,444
13,445,0.24679724028475722,-37.86975150600606,445
13,446,0.2257713492277749,59.66743735816712,446
13,447,0.09812075667861228,-0.17742983153412076,447
13,448,0.237891214744111,127.97704873471062,448
13,449,0.18476273664598808,-48.41308690582917,449
13,450,0.245676476866915,-215.50045419524568,450
13,451,0.23783404324773727,-271.7432785284792,451
13,452,0.13082694116540208,83.05534877332619,452
13,453,0.2463178744756834,65.11007282523967,453
13,454,0.19089534712194536,-11.924201748941947,454
13,455,0.21299323805550252,129.79514273450934,455
13,456,0.23961423467193654,-95.03986111391771,456
13,457,0.23823915063044687,-12.198611579204304,457
13,458,0.24780575271257113,-205.09275209239394,458
13,459,0.24989389272331447,114.80978008799214,459
13,460,0.24706135589107353,255.19852960449037,460
13,461,0.18418842301787927,-64.32540570724488,461
13,462,0.24783463954165855,-11.253700084580801,462
13,463,0.09492256369878688,14.47252415628547,463
13,464,0.24739321430284722,-104.43162857267464,464
13,465,0.2192138271267659,-34.59529289582407,465
13,466,0.12384249344335924,-162.90246525210014,466
13,467,0.20963591303713072,-48.39032997683546,467
13,468,0.12130435456067364,35.17602432654627,468
13,469,0.1944259638630164,-56.55865830399996,469
13,470,0.12390880927713506,79.48809458746774,470
13,471,0.22487279362169182,28.935299282514258,471
13,472,0.17059326012585885,-154.50367418860304,472
13,473,0.21447191856849926,-50.57582732045449,473
13,474,0.17184357744797704,112.65103038853383,474
13,475,0.2471316007539153,180.9354569250779,475
13,476,0.22983204515106895,-16.251975975239862,476
13,477,0.1631026898651992,60.62017560831736,477
13,478,0.2496460781032916,-118.23686734627519,478
13,479,0.2034812322453018,-14.93956664174998,479
13,480,0.22350889690847636,151.15476205189697,480
13,481,0.14467901386269813,-89.56018624321906,481
13,482,0.240861315126358,-210.6096429355362,482
13,483,0.1942527109723921,87.55923038547668,483
13,484,0.2370331897329225,-43.68005967470258,484
13,485,0.22149657565867262,-56.803298934203404,485
13,486,0.2427709628538584,-69.92738738962964,486
13,487,0.22890656684590258,-62.78656120289591,487
13,488,0.19959902356721912,50.69720500565084,488
13,489,0.2395513816523739,-22.140089434096033,489
13,490,0.20777483627498963,-82.68657534011338,490
13,491,0.12582262096574712,28.667204396276162,491
13,492,0.22693212017350872,-0.773926850068964,492
13,493,0.23030324466415267,-17.41859543650013,493
13,494,0.24043593698457233,-223.58885698808854,494
13,495,0.2489624988240598,266.40837211751267,495
13,496,0.22596318215839056,-45.20328084265916,496
13,497,0.24351354331610736,128.36196156642805,497
13,498,0.062293395909141236,-1.3902596904283513,498
13,499,0.1528617328158508,-293.14219334256615,499
13,500,0.20174181086520804,101.38722610903596,500
13,501,0.23870742177844284,-39.97039070923368,501
13,502,0.19961226669279752,80.26551158611663,502
13,503,0.24291208979086548,34.4642284937202,503
13,504,0.20707136825979858,399.7475091250221,504
13,505,0.23011912949456292,-53.153047141200126,505
13,506,0.2445418284617676,24.019678750775178,506
13,507,0.16936944924207714,50.58514536986537,507
13,508,0.1359108175823108,-16.456205636657764,508
13,509,0.24966812175074107,-273.3651432282866,509
13,510,0.24551475529464456,-313.3186600270805,510
13,511,0.16994636741861716,-15.900780027600664,511
13,512,0.22348928695058767,157.10159786940278,512
13,513,0.21913765271899857,44.82130005932728,513
13,514,0.2473742987323247,40.40549611922184,514
13,515,0.22913008125765613,-30.050959383222963,515
13,516,0.24998667423242407,-195.61650104379467,516
13,517,0.2251324498175614,76.41840592583647,517
13,518,0.191579915058195,-170.42634251883626,518
13,519,0.1975874784999699,-55.764226434206776,519
13,520,0.11944810298522197,45.66125006977767,520
13,521,0.19663675580220435,99.97546101123174,521
13,522,0.17324438126287972,-13.611276829546304,522
13,523,0.21646733152886963,173.8941882792803,523
13,524,0.23846192388154946,102.93550375421604,524
13,525,0.2301129230496752,91.37099070342026,525
13,526,0.23340278503563805,-225.114764534033,526
13,527,0.2341121956568313,-32.3336352907325,527
13,528,0.18503528782577155,91.70408669751536,528
13,529,0.18642648881783122,-15.870047852577038,529
13,530,0.21775376435817742,-196.69062229315668,530
13,531,0.2461600812286683,212.36614469620667,531
13,532,0.07865918172545373,13.487192806844403,532
13,533,0.2186427362186269,142.46436899048118,533
13,534,0.1958197324686702,37.085678887546464,534
13,535,0.24999914217679728,110.50653741129246,535
13,536,0.17240784253824232,-19.535366566949378,536
13,537,0.22412122140527382,-77.44777628607453,537
13,538,0.1712790825737778,84.57405326412635,538
13,539,0.24944214710137236,780.5376639567346,539
13,540,0.13577463293087125,39.64993527301718,540
13,541,0.2484518950610899,22.7327588760174,541
13,542,0.2406302824907661,-3.6886137784913586,542
13,543,0.07260127866115908,-25.189998413440204,543
13,544,0.24931010098313142,-84.56604244463539,544
13,545,0.12158464299840471,54.62286798346983,545
13,546,0.16095594000591787,-12.179020363082678,546
13,547,0.2487629918308497,22.904404540356254,547
13,548,0.2487213298528183,41.51409160018931,548
13,549,0.22644946610544878,107.54169952929703,549
13,550,0.17575758459590363,69.24802844986584,550
13,551,0.14235228536815897,-22.31146997356175,551
13,552,0.2211551200604196,58.273572775425826,552
13,553,0.14661968144821116,-9.614303572218999,553
13,554,0.19982095883427334,-65.3711971102402,554
13,555,0.2494878364145928,-258.8280170251205,555
13,556,0.16304776264592913,43.19319261388512,556
13,557,0.15310453954350006,26.1785114071255,557
13,558,0.19237991647984368,164.90698438579614,558
14,0,0.23275329681101756,-5.295111043896855,0
14,1,0.20214696175248512,-13.035672912943838,1
14,2,0.14689612802084623,-114.73427978210839,2
14,3,0.18593759006900298,-35.71405313342579,3
14,4,0.15346506772928017,-66.59102094503635,4
14,5,0.24993591478574098,-230.4842591130059,5
14,6,0.24685987418773517,-6.422909307617091,6
14,7,0.24999994819525626,-180.49295632483174,7
14,8,0.2331376690901193,-235.15044593795085,8
14,9,0.23596197597102142,38.3746856433473,9
14,10,0.24048357896805606,55.71855314420046,10
14,11,0.2489483201233384,-101.72604288460929,11
14,12,0.17963023759369934,-15.70872812007383,12
14,13,0.1749020910484914,444.82630319259613,13
14,14,0.13187112357642258,258.1713304580182,14
14,15,0.24518304051027945,182.93880110356983,15
14,16,0.24767997245206919,-99.13855743400535,16
14,17,0.15682365621582386,-132.49951680932094,17
14,18,0.23559358382234272,89.11278304325288,18
14,19,0.24381157590717065,-114.23923447991984,19
14,20,0.147179055067756,-4.753024531221089,20
14,21,0.21922495645813744,177.7394265190046,21
14,22,0.24504348463126513,-283.70295206156675,22
14,23,0.12163022134223705,23.8628000833735,23
14,24,0.18481523851649007,-4.909458879026184,24
14,25,0.245968838894377,62.23856853839772,25
14,26,0.06122689136142028,-8.053225805090927,26
14,27,0.21266588151595847,183.06700411077406,27
14,28,0.24978695829580133,-48.55602871771326,28
14,29,0.24282167481643008,-37.73355712510012,29
14,30,0.2216399496085649,87.0802985339077,30
14,31,0.16602362908965632,458.8069664171056,31
14,32,0.21724555277193006,20.759288854074565,32
14,33,0.24958433997041188,-231.35290311819082,33
14,34,0.24747474183359766,9.700142613028271,34
14,35,0.15816051590734886,-4.676395650647048,35
14,36,0.2498599505903273,-199.67042160027512,36
14,37,0.1604293517365112,656.2647492287531,37
14,38,0.23591113957959334,240.67509655822056,38
14,39,0.24972092931604153,54.9589882631986,39
14,40,0.24590052016109432,-117.7806702862837,40
14,41,0.23342503063477757,-338.5507516817925,41
14,42,0.08011039706038835,-5.784085250122166,42
14,43,0.16549807176746567,23.834335575000953,43
14,44,0.22067487030172422,-32.19063963255526,44
14,45,0.24929961560255318,38.69215114440166,45
14,46,0.24371972619527468,49.19947282724883,46
14,47,0.09192055099849827,54.187588757126754,47
14,48,0.18782344011141763,106.0065455964776,48
14,49,0.23471077950728006,110.26747032317903,49
14,50,0.24941799478845864,270.5106345074847,50
14,51,0.22792855937355846,-219.1248417075855,51
14,52,0.2499923601650233,66.79751722706993,52
14,53,0.24340065113589987,170.78393565299794,53
14,54,0.0832125476858145,-15.186915371439468,54
14,55,0.24999299483546233,132.75322213066488,55
14,56,0.2374760498193134,199.08263494488824,56
14,57,0.24104539060488853,101.73411056840756,57
14,58,0.24999066881093027,219.07325660381068,58
14,59,0.03112902515303271,0.01850379498391197,59
14,60,0.24999855308556235,-28.261194468694555,60
14,61,0.1584988287270216,53.64045648767498,61
14,62,0.22323738724789977,115.13252222132279,62
14,63,0.19122094302868048,-35.092072266197476,63
14,64,0.2069912353386213,-195.13363084776074,64
14,65,0.24695847246379712,-30.132583438151553,65
14,66,0.24610777384312515,274.5669228419781,66
14,67,0.24991811794641747,281.12871147491205,67
14,68,0.24999413523135916,-162.48950866170608,68
14,69,0.1825079313257766,-8.269677928038776,69
14,70,0.24978991713538432,86.90600556606984,70
14,71,0.23368901833049927,-281.5639574320448,71
14,72,0.2291209061163929,-92.87258220294734,72
14,73,0.10648300602092955,21.524582705065164,73
14,74,0.22810045477633228,-40.8169476852017,74
14,75,0.24007687459151297,34.721338263904926,75
14,76,0.24906489103592844,-337.2514122723198,76
14,77,0.10898279724613308,85.25270062751736,77
14,78,0.24321831819723266,-15.043965583945218,78
14,79,0.2408073417845637,-253.5311909399549,79
14,80,0.24796367921964482,-105.95146920836613,80
14,81,0.21139096227063675,134.5136372259858,81
14,82,0.16601358117850917,29.47790577642965,82
14,83,0.24961639029377705,148.74832645833112,83
14,84,0.08461710853853348,-11.769588668534162,84
14,85,0.13031731751344372,-15.040755556022212,85
14,86,0.1734689920855184,-109.25212220397377,86
14,87,0.11209085320947272,-6.047714574579243,87
14,88,0.2297214660178385,28.366486174719967,88
14,89,0.21491338074561417,-23.103455935831924,89
14,90,0.24649988189611702,192.8549058138634,90
14,91,0.24720419154479015,44.25975651648127,91
14,92,0.24054938587604205,-157.59725724421492,92
14,93,0.1537179583543832,35.84141665246211,93
14,94,0.22131111475580378,24.300033559804724,94
14,95,0.22258575379731535,-290.6813928165873,95
14,96,0.2485730026690625,-154.7573675009241,96
14,97,0.1910841056292733,114.37369020341693,97
14,98,0.24990267425846485,-22.717857187730925,98
14,99,0.24933743640940956,-238.0147561394655,99
14,100,0.2172386288160838,164.428927551815,100
14,101,0.21637293395818719,-157.0623960268273,101
14,102,0.24506890234853362,-333.9405678238592,102
14,103,0.12891837146640162,-7.287872771610376,103
14,104,0.24447711609758557,31.05698215356267,104
14,105,0.20459210296889652,-22.871144799127983,105
14,106,0.21472120091726227,-35.74094764607679,106
14,107,0.2114374869054881,-2.450430640120665,107
14,108,0.2467609646413984,-50.201055928768966,108
14,109,0.22453844528937889,153.39025337003176,109
14,110,0.1585628498970188,-14.629719434799393,110
14,111,0.15139631205417278,-11.987384304951767,111
14,112,0.22805980906456022,186.82176133356512,112
14,113,0.21634037606769674,-60.06395656378349,113
14,114,0.22550791508737184,-31.02694405717212,114
14,115,0.24963944603146082,-114.83650421689826,115
14,116,0.23437339876756935,-115.2314723835248,116
14,117,0.1313651335182489,74.78951739752121,117
14,118,0.14852225114442386,-10.905809269104605,118
14,119,0.09936401691282577,-13.327284018369475,119
14,120,0.2359376939348782,-42.40246265087542,120
14,121,0.19808061805493263,-2.8735261982912252,121
14,122,0.20049612634628974,-35.46760228389818,122
14,123,0.23737420659165562,-322.21180386918974,123
14,124,0.24997464648956316,97.52725738087824,124
14,125,0.24932417296358403,-54.19251252164295,125
14,126,0.0931164420079652,-1.4447146470052528,126
14,127,0.2213340164464393,42.9777770034498,127
14,128,0.23816000593159115,170.74095357281584,128
14,129,0.24583069094964521,70.44356582892469,129
14,130,0.18996426652204113,27.707288427227702,130
14,131,0.24792027515311738,175.80138384895122,131
14,132,0.20786249931606351,-16.45615329843269,132
14,133,0.2121858391838089,-84.47024539265273,133
14,134,0.21373986002600118,-393.21236645980764,134
14,135,0.24389291364429438,-266.2617643140562,135
14,136,0.24882876519247543,-276.85071776362514,136
14,137,0.19963399626820352,281.32096931191273,137
14,138,0.19974559293795802,116.103768192828,138
14,139,0.12430062192453763,41.72117022157851,139
14,140,0.19239795026314505,-22.315138585336943,140
14,141,0.22290275650105518,-50.451879532334885,141
14,142,0.24903857773417115,8.972662228871052,142
14,143,0.24483990148670856,237.72975519635605,143
14,144,0.24935285415088013,-30.906290857635078,144
14,145,0.23670489112273585,81.34847864077535,145
14,146,0.2377816574167356,76.3773889565098,146
14,147,0.21561898074037458,209.72168137369397,147
14,148,0.24397788248807784,-285.7310149640125,148
14,149,0.22674970012702733,-102.38298345587822,149
14,150,0.09987026802002455,3.3625550858295745,150
14,151,0.15540233876457327,-1.0518317331541027,151
14,152,0.0899999619359276,465.558236691699,152
14,153,0.13330270925613205,-2.4540212793278684,153
14,154,0.24803370929540702,391.1405753759102,154
14,155,0.2399059929510784,-43.564635345745536,155
14,156,0.138946680448667,-88.26225810287862,156
14,157,0.1921685456050267,50.060536130714006,157
14,158,0.21531291793928503,-34.554547360563745,158
14,159,0.23194454171190435,129.83563564302966,159
14,160,0.16934788337317677,123.30645066868632,160
14,161,0.1869340716676262,29.354170544333975,161
14,162,0.17036339651771004,33.49163369439862,162
14,163,0.2175436900745055,-347.9550165704928,163
14,164,0.22735938839356484,69.46228218290345,164
14,165,0.18944778424391662,66.05525161621176,165
14,166,0.20256649989990372,61.53104683717808,166
14,167,0.24993566984990345,-197.16799987614613,167
14,168,0.2491315240492959,55.16599291231287,168
14,169,0.2493936656090254,189.24157273882815,169
14,170,0.20109234700444817,79.30974410896309,170
14,171,0.14166838724790742,-11.66807675974211,171
14,172,0.23709476033910182,-2.7118836933102557,172
14,173,0.20380791939485343,-20.439629860593286,173
14,174,0.2403960712768346,-88.96224226876117,174
14,175,0.24964601963740943,30.007589873967504,175
14,176,0.24803158981036225,64.95878315986054,176
14,177,0.2472129681043512,-45.3898640368534,177
14,178,0.24994560046194142,-217.92429706017134,178
14,179,0.19937920405600928,-14.951253194774036,179
14,180,0.2396469109583881,-256.60743321762084,180
14,181,0.22297496531258557,-55.62039775026129,181
14,182,0.24662420152900655,152.02025704926388,182
14,183,0.24819986315798806,135.92913764604006,183
14,184,0.18475809540636892,-46.48830291297275,184
14,185,0.24934486074743356,-5.754584403912116,185
14,186,0.24489427926034835,79.55696329744222,186
14,187,0.24987281521114346,42.749090829083386,187
14,188,0.24067436548272528,79.99749688514437,188
14,189,0.2480057701746393,-34.24418832715287,189
14,190,0.24985281973919068,-82.81986576158643,190
14,191,0.14884009242755444,87.22045611245292,191
14,192,0.24536290180012124,123.75882965744793,192
14,193,0.22879830299214057,-50.37505401006211,193
14,194,0.23261242778829722,-266.6522494881614,194
14,195,0.2498245229500141,129.0616122066333,195
14,196,0.18814788026664847,-0.4165894393609557,196
14,197,0.1460159922020111,-21.768407243680155,197
14,198,0.20888309695360588,149.88774357495905,198
14,199,0.23915239027531077,-305.78569262405773,199
14,200,0.1648093694109711,-9.06670448248951,200
14,201,0.24763926894063124,-16.856327456522337,201
14,202,0.12503173250521685,82.35511350104966,202
14,203,0.17007515661799955,70.88622473214147,203
14,204,0.20061947664325125,106.92344227078219,204
14,205,0.17561641361150981,-28.03420645176979,205
14,206,0.1988285814337887,-90.88400344810452,206
14,207,0.24701643258447342,-206.70913111591378,207
14,208,0.14582604371833915,-16.386090911196582,208
14,209,0.2499024745758175,-36.48272905132161,209
14,210,0.24250999720024696,-45.2080034549846,210
14,211,0.24208367720735063,-187.1189038438997,211
14,212,0.21757531466182198,-49.364474051051225,212
14,213,0.24578325200171242,334.37720557018315,213
14,214,0.2434763485739711,338.51015953143144,214
14,215,0.18408072371597273,120.11621879729161,215
14,216,0.24179615664234264,132.1788935702857,216
14,217,0.19049628172542377,-83.76131647340648,217
14,218,0.2488457644513675,224.17322966195695,218
14,219,0.24877583129799033,98.76759586429381,219
14,220,0.17481287315782035,-36.90390608494355,220
14,221,0.2076985987688879,-35.587461338555286,221
14,222,0.24855933234773864,463.8809558924799,222
14,223,0.14649968945006916,-257.66019549829014,223
14,224,0.22855499571603827,164.48224201235186,224
14,225,0.20361764133771826,190.950688261977,225
14,226,0.24635416740598898,105.9067233563035,226
14,227,0.24200429251148264,-62.22196135170323,227
14,228,0.18625275080756634,105.67863084343432,228
14,229,0.21259452912443547,42.92483453113403,229
14,230,0.23789293994823635,-7.750746556201019,230
14,231,0.21810649895172426,142.63637600311054,231
14,232,0.13429931267549777,44.593847475576034,232
14,233,0.23794499155974258,-159.51703454205438,233
14,234,0.2428153618794217,-115.94768178182868,234
14,235,0.07684061189126344,-16.006693815014227,235
14,236,0.2341239552625228,181.43803803673455,236
14,237,0.2492452937269769,-589.2085804659448,237
14,238,0.23242953276372766,145.4093096412659,238
14,239,0.24889863308369511,-37.6046052633534,239
14,240,0.24980576754213568,11.308494681627977,240
14,241,0.19991974505512983,256.76221997343066,241
14,242,0.08656997216523767,59.48437679023517,242
14,243,0.12350592951148072,54.23089743708936,243
14,244,0.21822696040048986,46.70114444958463,244
14,245,0.1582915973123548,-223.39094947945188,245
14,246,0.07470912330869026,-1.8022888965434767,246
14,247,0.19131864260606563,-38.60823803876975,247
14,248,0.17413138005240025,43.36606644053452,248
14,249,0.24220494089812739,50.62805796653913,249
14,250,0.2164074051396516,75.64841805519202,250
14,251,0.16647428981125625,-0.31181155212646666,251
14,252,0.17486037445722005,-130.29274457343126,252
14,253,0.20182372343130897,-37.21741833606571,253
14,254,0.15716080516698372,87.94419405884189,254
14,255,0.2460806423608976,258.4068892056852,255
14,256,0.17251684829031794,-7.781381008629369,256
14,257,0.19401036736753702,111.10480818378053,257
14,258,0.23824149116504498,39.5757069328097,258
14,259,0.21470107422998216,-13.103090611384804,259
14,260,0.11716184613017007,109.38694963605624,260
14,261,0.1692219545447407,-20.809451173621714,261
14,262,0.24009107948042133,835.66150807278,262
14,263,0.2319510244723329,-110.00458451928515,263
14,264,0.22800127139035137,340.40402851909454,264
14,265,0.15991697422544116,67.59548296026354,265
14,266,0.24997057608693518,97.68197620089214,266
14,267,0.20463234809862713,-37.35032590825623,267
14,268,0.24990579755127845,-291.56489811436404,268
14,269,0.16123184468426552,39.14018226870223,269
14,270,0.18880372295328843,-1.6458953555209908,270
14,271,0.22341858011966587,-238.5435823658314,271
14,272,0.19112566784835977,-25.23444426765467,272
14,273,0.06899164479202267,-192.19048435622955,273
14,274,0.2239281382274207,-132.75814659772536,274
14,275,0.24971254103346746,90.78853987887805,275
14,276,0.22498465493242784,-157.51150528055936,276
14,277,0.2271327984106656,-96.25421861003608,277
14,278,0.18270236847454355,-5.617358065441016,278
14,279,0.17435193554825978,-7.682338401327533,279
14,280,0.24982717953436093,-233.42242665803548,280
14,281,0.16884283540801673,-32.16473504501106,281
14,282,0.17936318747030147,539.1992007155366,282
14,283,0.17672988057491182,-8.076488431312207,283
14,284,0.1369193432778453,15.770515145072062,284
14,285,0.24756191906482988,-162.93794111980458,285
14,286,0.24814515126260853,175.21322259962795,286
14,287,0.10064291626080786,-16.415701360151942,287
14,288,0.2498178755770613,156.12289535082306,288
14,289,0.246596377658001,218.14865682770045,289
14,290,0.2290782761923402,231.78425584408703,290
14,291,0.20773807708812858,-31.03269034719701,291
14,292,0.23558103567597363,39.914846429097935,292
14,293,0.22223630062971042,15.742743838433896,293
14,294,0.24549293933869581,-93.67552590267108,294
14,295,0.2398974248064569,-80.8683975130986,295
14,296,0.24312534530841637,-71.44501268456965,296
14,297,0.23949970934066347,0.14011982831404168,297
14,298,0.09222045846204487,53.04148213832438,298
14,299,0.12209106630648246,73.50988310270206,299
14,300,0.24930083010868964,62.61178884730569,300
14,301,0.19156963902025065,79.76166587486004,301
14,302,0.22074362837436307,-8.564290071491687,302
14,303,0.21522704823432023,-30.94934067698275,303
14,304,0.24697869811855677,-125.31794297018716,304
14,305,0.23817926924367705,89.16434129950323,305
14,306,0.10542920524088967,-47.14958442055148,306
14,307,0.14487469589342364,5.5398463747998115,307
14,308,0.2475130888358528,211.52306445449335,308
14,309,0.24996322361388695,78.821093641121,309
14,310,0.24993612222221062,42.66596492953006,310
14,311,0.16190113890028937,1.1430974879854445,311
14,312,0.2281926943627329,-47.440613703900716,312
14,313,0.24817996607207693,129.35020335973175,313
14,314,0.21256910230301956,-27.265912344671094,314
14,315,0.22898604356363297,207.3098329773962,315
14,316,0.2128852697269928,111.21709729718927,316
14,317,0.20603443747710998,47.80309493288822,317
14,318,0.09314519701907384,-46.63232713494341,318
14,319,0.19990588788997568,-18.537370035151426,319
14,320,0.23754237441730383,594.1938727836618,320
14,321,0.10147056033644122,66.90705728429714,321
14,322,0.07738679697477484,53.264338682869074,322
14,323,0.19822095311261653,-58.45899063272448,323
14,324,0.22019114547364424,14.695061391779994,324
14,325,0.19806615254018406,47.580835262697676,325
14,326,0.24399018190181598,76.1681138643784,326
14,327,0.23494035685780992,-8.80998938989216,327
14,328,0.17386628885293776,-75.99546414562806,328
14,329,0.23528035020193822,88.23553681948835,329
14,330,0.23586686473381308,-1.4941405754632986,330
14,331,0.21110779537251345,48.04643218063303,331
14,332,0.23200027624154126,-214.58218299773415,332
14,333,0.1873921054239609,-19.665306373323087,333
14,334,0.24906997317894974,40.714972967999486,334
14,335,0.20612127266241093,-29.9431361068225,335
14,336,0.06954095132205933,-3.454459008753168,336
14,337,0.22679374199082356,-457.62277177275865,337
14,338,0.1789454740643548,-80.99133920658063,338
14,339,0.2106341365483282,86.25478683681783,339
14,340,0.21409816611284904,-67.96080856429171,340
14,341,0.2472612666287731,-176.54394286406492,341
14,342,0.24408120028648655,-55.9210025214459,342
14,343,0.24970329380773784,69.2200133114242,343
14,344,0.15799423596795478,-2.6273185673576407,344
14,345,0.1987841417398596,-50.85619680607923,345
14,346,0.22754097316172106,-100.89701138958922,346
14,347,0.24690751606961234,111.45918291809761,347
14,348,0.19200555562208266,68.27322309534316,348
14,349,0.106394883756078,23.74867548019747,349
14,350,0.24324412204647888,-15.864060582144589,350
14,351,0.24933101291105617,320.7120015449689,351
14,352,0.23167207773736956,125.0340480219985,352
14,353,0.20020877203049814,-11.402498406121913,353
14,354,0.09411969229985456,21.78478135723249,354
14,355,0.23649657147654185,-5.6040927799170435,355
14,356,0.2132343696971154,-45.12612606569105,356
14,357,0.21952699466405662,-269.5855493826595,357
14,358,0.16205216765641037,-16.952415437404916,358
14,359,0.0934748077434037,-8.481823912656859,359
14,360,0.09647037034230087,-69.74448487175964,360
14,361,0.2276546188687476,-22.177647444780163,361
14,362,0.20015878232870346,-14.328878917069542,362
14,363,0.2493220604206529,-183.35122148837894,363
14,364,0.23155655083231502,397.5142739893409,364
14,365,0.16179133671653761,-60.2797322111433,365
14,366,0.14669062768506488,-7.516016668892124,366
14,367,0.24986924145539396,-36.57551296401565,367
14,368,0.20562248308585312,-38.5575537492235,368
14,369,0.24965451195923455,-101.33669748993263,369
14,370,0.20881706376337647,-23.987199900168385,370
14,371,0.2317151157095935,94.49554004693583,371
14,372,0.24991811794641747,281.12871147491205,372
14,373,0.20101510416381846,-20.307641369665856,373
14,374,0.1645621605685578,-31.45201090215266,374
14,375,0.17780273666441787,-0.08249688346002314,375
14,376,0.24635463671843236,-363.93153602573346,376
14,377,0.19535199424627855,123.03473819713727,377
14,378,0.17747495725863166,-31.24308425303434,378
14,379,0.20532096038322242,12.413026389818688,379
14,380,0.24999070806898027,-178.82348013559468,380
14,381,0.17819195230137763,-1.6224721950088137,381
14,382,0.19184941395995742,-282.419656659603,382
14,383,0.2494787222609615,-426.4592705971897,383
14,384,0.24722860824300846,198.6457090326722,384
14,385,0.24838211684588007,171.44888433160028,385
14,386,0.20454686243880724,-27.831430281167712,386
14,387,0.24980508447691835,-166.20886294420833,387
14,388,0.23453132043579464,46.58590867320499,388
14,389,0.18386383504918,20.110341173890497,389
14,390,0.16578033045638801,-177.99810880929374,390
14,391,0.11519517945470897,44.50787742955906,391
14,392,0.2436532859013232,-174.4952469587954,392
14,393,0.08874369733068482,-5.002605820910555,393
14,394,0.21014418039547744,-28.688816999006335,394
14,395,0.22543119099068087,-333.80115141945674,395
14,396,0.2166959302850256,-29.56601312666738,396
14,397,0.1900934716831407,62.239551210031365,397
14,398,0.11996709478199985,-5.752501991613093,398
14,399,0.24531841972877713,-162.97358436442508,399
14,400,0.24909861173366604,31.83785798288197,400
14,401,0.2483505359976085,-60.307770387288386,401
14,402,0.24190125021425316,-15.428514262617337,402
14,403,0.21669737975633985,72.99692713994747,403
14,404,0.2474169966656745,-46.14872817474594,404
14,405,0.11923280282160008,-20.764423110112652,405
14,406,0.24992701740694961,-280.40150280325963,406
14,407,0.2400453926438714,217.81561449476527,407
14,408,0.2249306017139009,-104.97830361506992,408
14,409,0.18206715118666086,71.89582066854,409
14,410,0.24999868747713253,-176.9989608795439,410
14,411,0.24989252223726446,-71.02255116842478,411
14,412,0.20019973950084183,314.84275608011234,412
14,413,0.18997694296473655,57.92822826126617,413
14,414,0.2443037555411499,172.2846220880733,414
14,415,0.24915660130474174,84.37317885056356,415
14,416,0.2339668901680683,-145.74629622714795,416
14,417,0.19963838808518822,131.2080149408282,417
14,418,0.2328508782825875,-3.2827450193432344,418
14,419,0.20448516842742107,-358.3255656480268,419
14,420,0.2466377912324818,-210.58217457674095,420
14,421,0.17056696505550706,-26.523192049781912,421
14,422,0.2406373159246231,113.94380026941185,422
14,423,0.24267801849813594,52.29886510344712,423
14,424,0.2484517381628247,64.34549601347067,424
14,425,0.12097330389130422,-10.382778248979816,425
14,426,0.23964903079851307,13.643899089602114,426
14,427,0.13449407083250575,45.337298943898915,427
14,428,0.1903014376722989,54.60920316619165,428
14,429,0.17024936173981098,108.92887824217276,429
14,430,0.1646825338907042,38.388964595702845,430
14,431,0.24937527942952664,93.94741005820849,431
14,432,0.07075807968134819,-0.2970198183638306,432
14,433,0.14483117429504408,-5.443933339690061,433
14,434,0.10744081665086279,204.93095713230085,434
14,435,0.24405540775201376,51.986503003524966,435
14,436,0.24779315269679142,-286.72793727862944,436
14,437,0.21841687947471403,-185.52547809107404,437
14,438,0.1608078874394666,-15.781010312557841,438
14,439,0.24795176013310707,-208.71131352568793,439
14,440,0.24866608254160388,146.25851674468956,440
14,441,0.2499935725655558,-140.96868086673055,441
14,442,0.1391271860106943,76.37103799374778,442
14,443,0.17531149815116479,-23.179732932069438,443
14,444,0.23361185235280843,-142.56603996957003,444
14,445,0.2467210410826416,-54.65420045240044,445
14,446,0.2153658728761115,83.61721293594836,446
14,447,0.10884387983053244,-0.1903275609924269,447
14,448,0.23060376837012703,152.0817630221575,448
14,449,0.1734690962452138,-56.91268665751696,449
14,450,0.24670846162992494,-207.76170790547587,450
14,451,0.24161841271653883,-288.8475832483793,451
14,452,0.14669599398881805,88.42313577582287,452
14,453,0.2285013113916124,76.08831534600773,453
14,454,0.1884577504770441,-13.38569018899825,454
14,455,0.20764223924010466,122.20500918777462,455
14,456,0.24296579849265293,-106.03427143678405,456
14,457,0.23557841944703414,-12.603464132117931,457
14,458,0.24443012013914678,-201.72305604257403,458
14,459,0.24948549587195548,92.71707433327397,459
14,460,0.24319904989809826,265.06776846686256,460
14,461,0.17870911193589814,-49.52712380176484,461
14,462,0.23861955367279922,-9.156401401157911,462
14,463,0.09181405817615251,14.068166736506228,463
14,464,0.22016180205367492,-75.02532102947447,464
14,465,0.1328167877243312,-13.117145114863105,465
14,466,0.17147207092391267,-160.3659208918553,466
14,467,0.20271070075718595,-45.977110076113455,467
14,468,0.13532479665637528,42.25256193785533,468
14,469,0.195806560347357,-55.78340176947236,469
14,470,0.11451029229581847,71.1095564369127,470
14,471,0.23361556904654812,56.86640868774287,471
14,472,0.15035755987424107,-180.1092811830579,472
14,473,0.20569299294988444,-45.429022383490164,473
14,474,0.19307283220289445,131.57065457812783,474
14,475,0.24661200196180869,187.53615155964735,475
14,476,0.22851729757573033,-18.92641797800416,476
14,477,0.17780531035156197,35.62479488394777,477
14,478,0.2498500737428825,-139.78604913443465,478
14,479,0.17632260983680534,-12.385395638372493,479
14,480,0.2169149142696579,131.33388312779184,480
14,481,0.1305629134296954,-100.03375558793611,481
14,482,0.24444671792470107,-211.68990607222676,482
14,483,0.19178303229589902,72.92881599189673,483
14,484,0.24101952966919565,-43.15659113340353,484
14,485,0.22764389750538416,-34.88059969253324,485
14,486,0.24841031216752368,-51.35390995301173,486
14,487,0.22122382727306936,-53.70513689818948,487
14,488,0.20766753121058118,64.44240972352586,488
14,489,0.24933164651565592,-11.226886848079351,489
14,490,0.222524708682434,-140.09773905476723,490
14,491,0.10439042268614251,30.280750824946818,491
14,492,0.19608433505916562,-0.48958478564849744,492
14,493,0.22779859970079885,-11.495027344960759,493
14,494,0.23846727852360067,-185.22589519496515,494
14,495,0.24993081012335133,228.20278430348526,495
14,496,0.22563795167825382,-31.87793244881909,496
14,497,0.24936656889012068,142.33866109687963,497
14,498,0.09049815636200446,-1.5735773525200614,498
14,499,0.14696039720244897,-300.24921785233613,499
14,500,0.19731785595635384,99.4301334252954,500
14,501,0.24105079821700973,-34.98278598075042,501
14,502,0.21060210377659452,90.01387861054216,502
14,503,0.24565438722288116,24.686394154946562,503
14,504,0.19728039773650896,390.2456317545968,504
14,505,0.23161987698284464,-68.13110568745459,505
14,506,0.19803429345844553,49.339365359481604,506
14,507,0.1512859277695153,46.542559366574565,507
14,508,0.1263477827542231,-17.712715946488807,508
14,509,0.24138900269475894,-221.4054814371501,509
14,510,0.24229730380698813,-341.30388881676737,510
14,511,0.1977532907015833,-24.353749579723107,511
14,512,0.20955104526599783,187.0393482506511,512
14,513,0.22449877161878695,34.47134373750457,513
14,514,0.24694845197722573,63.93830864922792,514
14,515,0.23940570347934817,-37.364045674140975,515
14,516,0.24958037388962084,-209.3461150286632,516
14,517,0.23401621555812877,102.6412021451896,517
14,518,0.17978416378996176,-116.70151594094881,518
14,519,0.1935963011790846,-32.07486471263638,519
14,520,0.08754315074706776,28.03821114197728,520
14,521,0.21040580929100058,96.9252503981685,521
14,522,0.18170584467432987,-0.48365784904723474,522
14,523,0.21188829619701505,156.99506248313503,523
14,524,0.24795422895127625,125.42323547894011,524
14,525,0.23545242773693648,77.61617459450689,525
14,526,0.2122882000931008,-233.66836303638925,526
14,527,0.234598444011276,-47.917753495418395,527
14,528,0.1797590455358657,101.1741178967701,528
14,529,0.19864989939060188,-10.820660866529828,529
14,530,0.20415716559789393,-167.11615569502302,530
14,531,0.24579881810181778,245.5313216632539,531
14,532,0.08123901801032903,20.136467643777543,532
14,533,0.22469678855800587,153.65468129141982,533
14,534,0.22774318285536846,45.29747808356333,534
14,535,0.24907645981917517,79.22669667283694,535
14,536,0.15596921309780623,-13.54392947425794,536
14,537,0.22543064394813808,-52.12965092865536,537
14,538,0.1833785309757191,89.37197156927496,538
14,539,0.24575002366196944,674.841484163745,539
14,540,0.15498337122271058,43.07635326107321,540
14,541,0.24973225886111258,53.805183954200956,541
14,542,0.22293062862878993,-7.598929537778599,542
14,543,0.0812423956027764,-38.58062810906804,543
14,544,0.24539022096751534,-75.71938741728044,544
14,545,0.08601014326358904,61.345703594689624,545
14,546,0.17521877104663577,-18.15566112623252,546
14,547,0.2459526871487147,24.35509422675821,547
14,548,0.24920842361693102,60.120809262632925,548
14,549,0.20952815499976218,113.52318032355367,549
14,550,0.1457619830912939,49.3777211724007,550
14,551,0.1578528120158545,-26.37840778302839,551
14,552,0.2063128254907283,33.22664431580068,552
14,553,0.1437726423491668,-8.612670108703929,553
14,554,0.17557256338496446,-54.095393457028464,554
14,555,0.24946111295011505,-235.56689486105947,555
14,556,0.1802443071342115,57.213868387864075,556
14,557,0.13527040958041806,62.2888546223565,557
14,558,0.19993629558811352,209.68833398991757,558
15,0,0.22500148333863348,-5.94663678797243,0
15,1,0.2006289958817266,-17.838810317102546,1
15,2,0.1639511092102931,-123.43817988272718,2
15,3,0.1679301529525315,-34.95557866481322,3
15,4,0.18524152410577405,-84.02935416712963,4
15,5,0.2475347136155379,-250.7990384852927,5
15,6,0.24995424210014588,13.466471670486598,6
15,7,0.24667065512007544,-152.9433491010487,7
15,8,0.23070508688509356,-253.95339487737283,8
15,9,0.245141917566361,43.23699067089148,9
15,10,0.24944588667053583,79.69268738588158,10
15,11,0.2476635431261817,-85.38612802560904,11
15,12,0.2150016644311804,-19.188839831015926,12
15,13,0.18906808343786316,417.60930407444397,13
15,14,0.142728908452465,285.81965116557706,14
15,15,0.2421084040684749,196.84079912943324,15
15,16,0.24836612777664255,-64.09144589793065,16
15,17,0.12797795007633853,-95.21655651080347,17
15,18,0.23987848453101349,83.21093053829779,18
15,19,0.2405929336291406,-99.5189841331398,19
15,20,0.18302775230010396,-5.693746069897605,20
15,21,0.21529508838450498,162.3054229627114,21
15,22,0.24314561537698703,-293.55452336431495,22
15,23,0.16951190512911182,38.15077769721364,23
15,24,0.20033518677043186,-5.9238278722948845,24
15,25,0.24901357986091963,62.21295917362035,25
15,26,0.04362216210230281,-0.603198659825321,26
15,27,0.2109682845939724,182.46926955217157,27
15,28,0.24864738233813863,-40.550017647876274,28
15,29,0.24189979645780546,-37.821156423295704,29
15,30,0.22523329214335971,100.24528047915757,30
15,31,0.19506884208022188,485.82660661020105,31
15,32,0.20517968285318844,18.82345332639528,32
15,33,0.24907108692882574,-201.3159203034367,33
15,34,0.24853101636951755,1.0199275727224144,34
15,35,0.17119549395439795,-9.033973251295484,35
15,36,0.24790304065602817,-227.8755102670845,36
15,37,0.17488548589906652,676.6666839267197,37
15,38,0.2294987799057414,238.75379286164718,38
15,39,0.24123578528987139,68.23029281880338,39
15,40,0.23499041194797224,-85.53375583678893,40
15,41,0.21671403753494317,-373.85375325541526,41
15,42,0.10415448306173775,-20.6610194229138,42
15,43,0.19398635465876085,48.57352147916747,43
15,44,0.21086437698312116,-22.276876129620575,44
15,45,0.24388596774842158,49.697735220177286,45
15,46,0.24014996548600182,74.6979397778381,46
15,47,0.08246952077828519,47.61857789561562,47
15,48,0.17018014414315327,93.0919673298169,48
15,49,0.2414443814384695,135.59010273116846,49
15,50,0.24985896213572167,251.40417618187246,50
15,51,0.23226745473778235,-176.82117096244426,51
15,52,0.2392019043622753,76.26980660849783,52
15,53,0.22295953773472776,139.46215849639225,53
15,54,0.12268705298847496,-24.889508506220917,54
15,55,0.24773505815938732,150.88288180874713,55
15,56,0.22685351141243024,177.40487157266858,56
15,57,0.242654057343328,99.39622719884746,57
15,58,0.2262245644575081,304.2792127308372,58
15,59,0.06537389182475724,-10.65278064924321,59
15,60,0.24998232202303278,-36.531576547407944,60
15,61,0.12865276030563919,42.84460745663061,61
15,62,0.23335855613452502,103.5569778103361,62
15,63,0.19563449671494212,-39.86940587835466,63
15,64,0.22899517762619262,-175.36362645662743,64
15,65,0.24181701152811488,-44.072985963393876,65
15,66,0.2467698345960444,261.20738289352414,66
15,67,0.24989613086255508,282.11026692878767,67
15,68,0.24997221002188202,-163.6343130015567,68
15,69,0.19845972257511446,-7.354242610301959,69
15,70,0.24999389019550416,86.87123552673033,70
15,71,0.2296099137323314,-277.99941344146015,71
15,72,0.20729260282551618,-97.05054592788962,72
15,73,0.08623536426978115,20.063854333095996,73
15,74,0.21985532073453048,-32.66231690525792,74
15,75,0.22873132460332563,51.665109045548434,75
15,76,0.2474509616728672,-517.6978390084753,76
15,77,0.13614636964405352,109.06696230786628,77
15,78,0.24996364555158376,-0.8715837689099323,78
15,79,0.2330462038470572,-280.1403019001432,79
15,80,0.24853749916866216,-115.66878117623615,80
15,81,0.21913839411625985,144.6487745221501,81
15,82,0.1843775120533871,30.415264799354382,82
15,83,0.24998119338581726,236.565980441105,83
15,84,0.12069091903342051,-5.00083856795181,84
15,85,0.1348578503638263,-15.866840228508512,85
15,86,0.17893882551467993,-122.02474710970425,86
15,87,0.13184923329145323,-6.991421157448076,87
15,88,0.24010632718391212,30.967540785104237,88
15,89,0.2155334577900123,-11.083293330534516,89
15,90,0.2388482426590915,164.8022724415711,90
15,91,0.2485400036994589,0.8683945752052988,91
15,92,0.24941444798814977,-148.2559518749518,92
15,93,0.15948857016252663,34.7246084648239,93
15,94,0.24280822258412685,10.665221464109123,94
15,95,0.24032032240268997,-310.42045255155097,95
15,96,0.24999887668289225,-150.3871899070425,96
15,97,0.1664382862020958,125.94800570858231,97
15,98,0.24966175366302804,-19.079995795460185,98
15,99,0.24363026197434093,-213.66385447338547,99
15,100,0.2153088491605983,130.48629295696574,100
15,101,0.2317452763854813,-206.90456241211223,101
15,102,0.2365410778900295,-250.75978652171278,102
15,103,0.13867056472191305,-8.6495829727852,103
15,104,0.23487783611346888,43.78811832763798,104
15,105,0.20393610018866398,-23.674515770147586,105
15,106,0.21933058026118246,-30.12427796683475,106
15,107,0.18597927627549116,-3.8239469496178344,107
15,108,0.2362935780483621,-26.539320814129223,108
15,109,0.23695523340172805,169.51692690076044,109
15,110,0.16818468822479762,-16.75682841282092,110
15,111,0.17490274871864128,-15.310833028568943,111
15,112,0.23378014519347579,178.5595664957106,112
15,113,0.22587608776653426,-62.23448931786668,113
15,114,0.22264323156028765,-29.281230989563923,114
15,115,0.24959481230074038,-98.50078646926744,115
15,116,0.24458861902015483,-161.25504429873044,116
15,117,0.1527845288457168,75.20919499919121,117
15,118,0.11977527567037412,-7.196380643349657,118
15,119,0.13663946381797037,-24.62112675840268,119
15,120,0.24613732566834653,-33.03990128298328,120
15,121,0.1840468771716858,-3.3756200640760614,121
15,122,0.2047869081374843,-42.66839210602272,122
15,123,0.19328576885360643,-391.6746093278699,123
15,124,0.2450088992882533,96.56984057643032,124
15,125,0.2435303827329262,-58.777945238255164,125
15,126,0.10173923672221474,-2.392285527537177,126
15,127,0.2328819758032249,19.5304840148938,127
15,128,0.24423618140967676,159.95184712938936,128
15,129,0.22274706248259118,73.87876152641441,129
15,130,0.19511022941571618,27.06048298599633,130
15,131,0.23551244957934142,220.3228047635291,131
15,132,0.20908302860179417,-19.325097061848556,132
15,133,0.19042007553657853,-44.82825397356093,133
15,134,0.20499886955223726,-430.11339527167456,134
15,135,0.2357035497072765,-298.57656996071887,135
15,136,0.23252777588971646,-279.33482188414524,136
15,137,0.22218030781149292,285.74828786350884,137
15,138,0.2090156229946947,137.21148823815145,138
15,139,0.12346949898554378,35.341434159237764,139
15,140,0.2189477001964121,-20.76072408862919,140
15,141,0.21842165925459991,-59.238870380946864,141
15,142,0.24999499367122022,19.693406192209274,142
15,143,0.19883056697673357,9.361621173332221,143
15,144,0.24982130841631747,-35.78114132015258,144
15,145,0.23025359938767817,68.36023296277357,145
15,146,0.233381874640554,59.23938669765072,146
15,147,0.22543690592141105,211.5764771350237,147
15,148,0.24669211161080162,-295.5601765680348,148
15,149,0.23936190257841844,-140.57564905087122,149
15,150,0.178064477617695,3.276277500555473,150
15,151,0.16324897903303753,-8.85173828069453,151
15,152,0.22799936757006328,282.2637539285007,152
15,153,0.1318663167809676,-1.8906720589002965,153
15,154,0.2398940478208029,349.6013292732388,154
15,155,0.23506765192662374,-40.1092931983292,155
15,156,0.12731837388138895,-82.33613894392627,156
15,157,0.17078488384126736,31.576689628424237,157
15,158,0.14690915610209612,-19.99935999585515,158
15,159,0.2194513293227517,122.0138785002692,159
15,160,0.17657119543617705,129.11302596829847,160
15,161,0.2093228422684345,29.570875000386238,161
15,162,0.20656510702966083,38.29127729406483,162
15,163,0.2202677917599638,-635.5366406083032,163
15,164,0.2197149086859673,70.74588166555439,164
15,165,0.19116591842140515,86.84272820563974,165
15,166,0.20267140657587807,76.15047771942263,166
15,167,0.249382033253998,-195.1221111583449,167
15,168,0.24531119831335627,60.77353158894993,168
15,169,0.24994569818654713,175.52836354801724,169
15,170,0.19527325648565003,86.96904611363426,170
15,171,0.13418890476702783,-13.920596791921207,171
15,172,0.23740845532508043,14.634290854922526,172
15,173,0.24522823043924208,-61.78444337076917,173
15,174,0.2450088148533428,-97.08855394122162,174
15,175,0.24843812879074506,30.02948600694997,175
15,176,0.24972037576453265,57.91685743987213,176
15,177,0.24806116703084724,-52.657451864399015,177
15,178,0.2221900326791412,-143.16070388407562,178
15,179,0.2114895629712634,-16.898624248851586,179
15,180,0.24090562353327089,-297.2637840494531,180
15,181,0.23043803950380004,-59.13153180275689,181
15,182,0.24701578593971765,142.66083378774852,182
15,183,0.24476460581949475,122.54287566382727,183
15,184,0.21606854490489272,-56.244336934646896,184
15,185,0.2474142805780334,6.935371595762244,185
15,186,0.24450307008296834,72.16270130587503,186
15,187,0.24544712255328394,46.630948206150734,187
15,188,0.24219357906781327,72.64288404441946,188
15,189,0.24217154002395744,-30.468186549841853,189
15,190,0.2495175219363039,-82.92995717601569,190
15,191,0.12772175296057484,71.66110140671944,191
15,192,0.24990924457957678,98.902836779566,192
15,193,0.1964892544136406,-20.63357008693054,193
15,194,0.24778018558332843,-288.6467989267073,194
15,195,0.24999118254390224,145.71556547415534,195
15,196,0.17512520690460062,-0.2045345690431241,196
15,197,0.17169704210759193,-35.135752164317694,197
15,198,0.23138093143421137,172.0587930518359,198
15,199,0.24909333986978735,-228.51474895684854,199
15,200,0.16132836168050085,-4.575645322416701,200
15,201,0.2357860964311515,-16.036479303133124,201
15,202,0.15116964784745207,103.96851983105775,202
15,203,0.18013902608093185,74.88893322142893,203
15,204,0.19792983661239746,96.4283079042198,204
15,205,0.18858280821050297,-35.630491524521055,205
15,206,0.2089003431240414,-125.2884955265792,206
15,207,0.24713924780274626,-224.71061967555434,207
15,208,0.14624946510226608,-15.353191877146365,208
15,209,0.24998405904035262,-36.677427932485145,209
15,210,0.23478290139748278,-37.82440384673997,210
15,211,0.24394687150501793,-196.47726740763378,211
15,212,0.23069341032173715,-97.22982715698953,212
15,213,0.242663287002601,229.9194026231582,213
15,214,0.24627329934734646,430.91436931776127,214
15,215,0.16560406111797998,101.72140324647593,215
15,216,0.24827007919980396,97.14631677240963,216
15,217,0.23200899701473288,-123.2552368167949,217
15,218,0.248846202164893,259.44732567642865,218
15,219,0.24941622815126463,38.06614398125801,219
15,220,0.18053471454914774,-36.7773018115943,220
15,221,0.21618746690667676,-32.424427762970836,221
15,222,0.24973037745050342,428.73641477600506,222
15,223,0.1202490527633372,-270.54594317143966,223
15,224,0.23351113260269174,162.78480237416315,224
15,225,0.20816624142766965,201.53522128433426,225
15,226,0.24156012714301117,151.52789133105674,226
15,227,0.24758918539533384,-211.5722699885772,227
15,228,0.19514646743659253,122.07156083980334,228
15,229,0.2268803124278751,31.729777977539705,229
15,230,0.2262597261118536,-11.964435775709305,230
15,231,0.22393893155174538,149.74973273930516,231
15,232,0.16994366969396524,37.63743959378634,232
15,233,0.24588397697852848,-177.39560010967452,233
15,234,0.24391378710865624,-89.89316763735357,234
15,235,0.11082009848432872,-27.231807501214767,235
15,236,0.22469441928979347,165.2029580072291,236
15,237,0.24910086239758103,-449.711473013105,237
15,238,0.23623068738332217,142.6797211589932,238
15,239,0.24911706472331568,-30.175770739447344,239
15,240,0.24995924484821672,16.05585398179313,240
15,241,0.19332018519857536,172.9902383146187,241
15,242,0.16591795908546944,129.68849686250965,242
15,243,0.14658880532790078,62.04778721694896,243
15,244,0.21566708356174277,42.44458408249317,244
15,245,0.22508183894265166,-192.39557640264337,245
15,246,0.0722320621007018,-4.225414444826576,246
15,247,0.1867443754333831,-29.21470174468789,247
15,248,0.16568892264407875,38.98569052810764,248
15,249,0.22714941663293464,51.79525056761659,249
15,250,0.22165330178482842,74.6801625012272,250
15,251,0.1856746523633793,-0.3340926295690323,251
15,252,0.17551967720932318,-127.88649826356095,252
15,253,0.2139521768619587,-36.370654632157674,253
15,254,0.12055106600795455,62.87328352799252,254
15,255,0.24995735057850346,228.66462296810175,255
15,256,0.18076434248557385,-8.608413106362358,256
15,257,0.20026928529087457,127.32043146159262,257
15,258,0.2487063094050243,4.499217348693994,258
15,259,0.2317635814834968,-18.574131480335897,259
15,260,0.18557856266510994,162.97298281730787,260
15,261,0.17318291565140098,-22.448827658619887,261
15,262,0.24091144042154633,788.2900687892111,262
15,263,0.2488621731811891,-139.06167418289178,263
15,264,0.2225914604040142,348.14722046218304,264
15,265,0.17393328654202786,86.21503406408918,265
15,266,0.2492133774912348,116.89113862751206,266
15,267,0.22097917062266267,-42.28896962902452,267
15,268,0.24862357604844573,-305.5493283964942,268
15,269,0.22205611200190223,98.31953625543383,269
15,270,0.16206493030625602,-1.2299071270592274,270
15,271,0.22267387721627432,-243.07025593639193,271
15,272,0.18735406070764085,-26.03880368547702,272
15,273,0.04784892047296042,-200.39819565664342,273
15,274,0.21224892507480103,-105.66896224642826,274
15,275,0.24871708290873695,69.44853878917925,275
15,276,0.22267431726758247,-111.31254890542688,276
15,277,0.2193636795561522,-99.09890380921867,277
15,278,0.18995447376877195,-8.905132151943834,278
15,279,0.1990552365357343,-14.60831465945914,279
15,280,0.24983395180780674,-211.60978533573729,280
15,281,0.17770483176368781,-28.529116823155682,281
15,282,0.19312579782015202,378.7649384528127,282
15,283,0.22472060875580563,-6.510367653919753,283
15,284,0.1762528022283857,20.55156617524933,284
15,285,0.239531861706469,-176.94602642947027,285
15,286,0.2486641225612497,186.2966273121173,286
15,287,0.07486825974357046,-11.250961235537936,287
15,288,0.24691355067500018,120.6160101740034,288
15,289,0.19876114886355015,34.997843890275696,289
15,290,0.21813710289553578,193.9770755139927,290
15,291,0.22340769604404273,-34.697601461543464,291
15,292,0.24566603450171026,40.97263215723451,292
15,293,0.2183046814922107,12.669899492637612,293
15,294,0.23594374904654453,-77.03435099716688,294
15,295,0.23838866377724025,-67.63283102575217,295
15,296,0.233746804755834,-55.28318243126654,296
15,297,0.22979400529164198,22.188923111967586,297
15,298,0.11087941411357549,64.67686490542384,298
15,299,0.14968793972691757,97.22671283077919,299
15,300,0.24924811574229377,66.9689752607969,300
15,301,0.20866739900024475,76.5841678780709,301
15,302,0.19756794572794384,-6.861102008759564,302
15,303,0.2342230025918146,-33.231507305558736,303
15,304,0.24633495268376454,-174.60281126360402,304
15,305,0.24277076006793938,95.28297205356,305
15,306,0.13456283049412174,-53.4055231784494,306
15,307,0.15601160879055498,8.314688340927479,307
15,308,0.2420734111952406,187.07109210028554,308
15,309,0.24896790863106616,57.88943156367992,309
15,310,0.24904662868051497,52.07198433124487,310
15,311,0.17337857806560225,-0.34347013148352357,311
15,312,0.22590609544159768,-42.20244180862508,312
15,313,0.2440146412413262,133.59998362945703,313
15,314,0.21602233996011433,-23.67224367420334,314
15,315,0.2322675035837255,217.5659633732968,315
15,316,0.21836409108229526,115.57123973922461,316
15,317,0.2455501626032611,-18.257880547157548,317
15,318,0.09116383737628686,-40.5495413651125,318
15,319,0.19977088900962323,-23.353525307976867,319
15,320,0.2402230346306177,701.6766360081332,320
15,321,0.11296373448621837,76.2853412302305,321
15,322,0.1287465721324693,101.34729629561119,322
15,323,0.20463172591194537,-26.572592968857663,323
15,324,0.22382306937931984,43.20768874698848,324
15,325,0.21188170010684676,81.72657147295264,325
15,326,0.240804446135094,68.89355606172627,326
15,327,0.21139912625714408,-9.118044784505688,327
15,328,0.18388971450770128,-81.44255661988421,328
15,329,0.22738282418574282,87.24322378511295,329
15,330,0.23605269548582766,-6.246598361867988,330
15,331,0.21564268960596666,49.36344662747795,331
15,332,0.2226002094009724,-197.65418396265693,332
15,333,0.1914225513771277,-34.25594973340458,333
15,334,0.24971629655300392,35.940549696911795,334
15,335,0.1949545567695026,-24.057829095198585,335
15,336,0.09760152824700863,-4.758117342988111,336
15,337,0.22989762651587534,-379.09429837874427,337
15,338,0.16394291634877647,-56.520856620601805,338
15,339,0.21764342391667477,55.539656388421584,339
15,340,0.21507781067478504,-74.26983424425096,340
15,341,0.24619921694959196,-181.18733410866258,341
15,342,0.2453212872128148,-18.856791889691877,342
15,343,0.2499945001549064,46.43642248179448,343
15,344,0.1827119385581892,29.985020333039103,344
15,345,0.21265639147774681,-72.99724130565016,345
15,346,0.24951169135735077,-162.2651789254868,346
15,347,0.24647587288451603,115.62316349923104,347
15,348,0.17794565146153854,8.987327941155497,348
15,349,0.14132818089961158,37.50065384661451,349
15,350,0.24085394254457887,-6.912696764136894,350
15,351,0.24970223989138338,317.18921595969226,351
15,352,0.23840961147035625,93.51702655396878,352
15,353,0.21729362133626667,-12.286589179163787,353
15,354,0.11208436348321883,30.202445301393823,354
15,355,0.23298336726596558,-17.745527684427515,355
15,356,0.22063207277081115,-54.36336836876595,356
15,357,0.22831937873772712,-300.1167728135981,357
15,358,0.1898665384265046,-22.85934958437348,358
15,359,0.09819253159823707,-6.705541853996945,359
15,360,0.11806422353679577,-57.82162815887773,360
15,361,0.2386967755348899,-29.428953340497245,361
15,362,0.18525779861682215,-12.941344015291108,362
15,363,0.23982040292989698,-314.6957680755009,363
15,364,0.24238967343970505,515.6683568199488,364
15,365,0.17154542023654828,-66.99718145822649,365
15,366,0.1695515252788439,-12.737754076872697,366
15,367,0.2498083577368077,-52.28729110668461,367
15,368,0.205175362680276,-43.07367989699266,368
15,369,0.24666230904513015,-118.04300466149189,369
15,370,0.19682416929856075,-15.125762270340699,370
15,371,0.23257179938568867,92.96516861899246,371
15,372,0.24989613086255508,282.11026692878767,372
15,373,0.19302612242243875,-13.710219093056695,373
15,374,0.16901496869075336,-37.915783066207496,374
15,375,0.1886479224189484,-0.08523874701057373,375
15,376,0.24421325522758855,-358.72468318212407,376
15,377,0.19347730219326598,118.38067312487387,377
15,378,0.15621034262975456,-28.69529828612711,378
15,379,0.22874268962003547,20.1740511972529,379
15,380,0.24791370248875902,-210.45319436486,380
15,381,0.17667248066654692,-0.5191798809431954,381
15,382,0.16019764259320707,-334.39648492912517,382
15,383,0.24726431110542332,-426.71374413852357,383
15,384,0.23753381341486088,177.14036789446592,384
15,385,0.24935125836995284,193.448100879075,385
15,386,0.20200579262844895,-22.454084102308343,386
15,387,0.24971714592175034,-277.36498369494456,387
15,388,0.23675357818159035,35.39246479755008,388
15,389,0.17252820610158928,19.599130455556832,389
15,390,0.22078391240066958,-156.27931988132423,390
15,391,0.14481678442685808,48.075895660435954,391
15,392,0.21944346178267907,-244.01951097506114,392
15,393,0.11946218278996897,-8.428440032279239,393
15,394,0.1792744858610292,-27.425897106786305,394
15,395,0.24999919197106782,-286.7200498236124,395
15,396,0.19637335518910445,-16.24090963366863,396
15,397,0.19093357929647103,48.573471594435546,397
15,398,0.13999344278017736,-11.015958502666814,398
15,399,0.24226906045291388,-172.7695822359879,399
15,400,0.24905677824532266,43.924130599416515,400
15,401,0.24896219465920041,-82.03419109549125,401
15,402,0.23824008264138363,-18.538975664239437,402
15,403,0.22779858713902784,92.23493874666792,403
15,404,0.2428775507644915,-63.28855170158985,404
15,405,0.15638027694506518,-27.88759074644004,405
15,406,0.24987247649937627,-303.2879716865776,406
15,407,0.24025827071118427,200.95221290880167,407
15,408,0.2414826639879806,-126.09629203201983,408
15,409,0.18782980516327688,68.99995677187391,409
15,410,0.2493076166825123,-185.83952483431003,410
15,411,0.24693204566678206,-53.2758528001356,411
15,412,0.1619704744590457,274.3095627717374,412
15,413,0.19417264825498767,77.87434320142036,413
15,414,0.2494298617972476,128.11412861710278,414
15,415,0.24914287331879095,75.81440788256052,415
15,416,0.24194960152813774,-154.1540575413007,416
15,417,0.16396679639489956,102.88967996996723,417
15,418,0.23835865605352904,-13.090900134602023,418
15,419,0.19404375196649656,-361.281418365246,419
15,420,0.24231446888757144,-212.81996209417218,420
15,421,0.18777025154999882,-33.2142213279828,421
15,422,0.24291407205118065,80.24342845347954,422
15,423,0.2350508839199575,60.5366843719799,423
15,424,0.2490616163354563,86.75086734485245,424
15,425,0.0829343590558818,-6.028562518653324,425
15,426,0.23875967077402924,9.948198405756836,426
15,427,0.1278364445472686,47.58760616473573,427
15,428,0.22414335128127788,79.74572369449457,428
15,429,0.17734206977395045,115.6092653862723,429
15,430,0.16475899402795485,28.70580630230537,430
15,431,0.24874922660793183,102.68629299128338,431
15,432,0.12315743027500037,-0.12810982639796792,432
15,433,0.13813004725343156,-4.720515680134687,433
15,434,0.12195907966741291,125.89489850248506,434
15,435,0.24288738661877737,36.97184411848264,435
15,436,0.2343427728011912,-351.86920606425736,436
15,437,0.206431621951218,-190.5895941367222,437
15,438,0.12640166596959485,-16.492124288935774,438
15,439,0.24183175568479243,-164.5015826170682,439
15,440,0.24347628530618645,144.73830597934202,440
15,441,0.24999923780035563,-124.24690210950713,441
15,442,0.14969223320236852,80.76927028635035,442
15,443,0.145331359093904,-22.91786553341569,443
15,444,0.20397340405124345,-135.46477579020475,444
15,445,0.24140170432250568,-69.41488258657868,445
15,446,0.2219029637395306,71.22744679515584,446
15,447,0.11180525665228135,-0.24995015842367363,447
15,448,0.2234344713946817,124.5272985003763,448
15,449,0.19134689267841726,-60.39122368340368,449
15,450,0.24190405807161275,-214.48592982365156,450
15,451,0.22963621933450915,-312.3047325249805,451
15,452,0.11780261203247827,73.21950866708757,452
15,453,0.24769943261183416,69.77355702571525,453
15,454,0.1944606303326832,-13.113559000323406,454
15,455,0.21147556523222646,120.23162437152966,455
15,456,0.24969085233849475,-101.31301158334273,456
15,457,0.2311959065296002,1.6709204424273274,457
15,458,0.2457551252808905,-181.05313093203068,458
15,459,0.24888390856281664,70.62000276899369,459
15,460,0.2365661499823426,209.5992036479663,460
15,461,0.17610532826394157,-51.99420636110592,461
15,462,0.23814864488519374,-17.858554004937176,462
15,463,0.11028570998192555,9.176735650006952,463
15,464,0.24625272593881534,-115.52226876707876,464
15,465,0.1702524750611225,-14.58727807075513,465
15,466,0.19729421708896291,-119.84040117546121,466
15,467,0.21761865084528947,-50.161097966974616,467
15,468,0.12577311836592298,38.31104415105504,468
15,469,0.18780531601384903,-59.14177965058775,469
15,470,0.11241010038451102,57.33897611677392,470
15,471,0.2407169711568606,44.7809975654017,471
15,472,0.16395803187208272,-213.73187241697383,472
15,473,0.2023641086877325,-38.25508371457371,473
15,474,0.17943673117879014,118.5247386701264,474
15,475,0.2367489344134491,151.0745620694418,475
15,476,0.23622832208533126,-15.29721976513822,476
15,477,0.181698170028646,50.20783462079495,477
15,478,0.2496207846351625,-107.56031989164406,478
15,479,0.16859385565957807,-10.595315145315666,479
15,480,0.21969248476158507,148.7770689010117,480
15,481,0.1302387016179181,-96.63453064156596,481
15,482,0.24843189264672505,-233.23703568468812,482
15,483,0.20098940056348694,82.3630758840074,483
15,484,0.24661905897393216,-53.46993786897288,484
15,485,0.2140063197490843,-36.574256362959304,485
15,486,0.24393336544689698,-50.18204172251768,486
15,487,0.21841363166282254,-38.98605992278408,487
15,488,0.21723082041151112,53.78293957829598,488
15,489,0.2483533437942776,-19.896109395013063,489
15,490,0.2185833427044933,-95.80540432504976,490
15,491,0.10360168811173219,31.562260210909372,491
15,492,0.2236474260961256,-3.0319457078590326,492
15,493,0.23022560368487796,-17.50030229570273,493
15,494,0.24522567162302278,-271.2316554400326,494
15,495,0.24834568389413073,234.14020798832868,495
15,496,0.22831320359496354,-92.76315673044861,496
15,497,0.24661378820320617,169.41032811436864,497
15,498,0.0999889393099698,6.387808714778634,498
15,499,0.14372909508226137,-288.86666059161223,499
15,500,0.19903908147865895,96.21963429076597,500
15,501,0.24353652487155142,-45.178870677004284,501
15,502,0.21550966608782018,97.878115993785,502
15,503,0.2430421467563185,14.03833816183974,503
15,504,0.18746286902614587,403.31687010617924,504
15,505,0.23872523072329296,-81.0977565702113,505
15,506,0.2469039548200155,46.402288538114995,506
15,507,0.11408182126561793,46.70158290517122,507
15,508,0.13317333861420755,-18.155130320564684,508
15,509,0.24839140186526443,-309.7272194279399,509
15,510,0.2452298216680418,-309.38361781035803,510
15,511,0.1896921814998378,-25.971470358863844,511
15,512,0.21039099406529993,151.2685096977095,512
15,513,0.23434750872302476,39.437576203648355,513
15,514,0.2491613540858446,11.124338673810112,514
15,515,0.22600363772021065,-31.809186428931866,515
15,516,0.2485949773491085,-228.74859044575086,516
15,517,0.22565967086212937,86.6033605073802,517
15,518,0.19587233923011407,-217.0322621291622,518
15,519,0.19890151252332297,-57.90611041745081,519
15,520,0.15628987880047343,57.52338324625304,520
15,521,0.20741913742013843,89.2216796396511,521
15,522,0.17885670151863406,2.032049971697099,522
15,523,0.20554717697858077,163.31855469274223,523
15,524,0.24163723651720764,105.58340922052284,524
15,525,0.23101954509268632,98.56516094574727,525
15,526,0.1993921686033276,-269.085906432374,526
15,527,0.21973319768607877,-33.30065604070069,527
15,528,0.1740444537042447,81.06176508460021,528
15,529,0.17092702681976046,-12.566561974247469,529
15,530,0.2152346354948016,-242.63154946059012,530
15,531,0.2476047615563146,184.93998653217562,531
15,532,0.11826633033398118,22.846692681838714,532
15,533,0.23334276964649606,162.5668028605545,533
15,534,0.1892921741923081,33.281057976358746,534
15,535,0.24842224953444056,81.91819028251545,535
15,536,0.17144244730351688,-23.546864810404312,536
15,537,0.23869723400276496,-88.99334735152888,537
15,538,0.19361178486937952,85.60369172368766,538
15,539,0.2438551321635054,574.4774353247889,539
15,540,0.14095112189048478,34.374322895439356,540
15,541,0.24966541418176041,40.50942598736306,541
15,542,0.22913885913925375,-18.645964599278983,542
15,543,0.07450658311158469,-25.395860254901837,543
15,544,0.24750881556600193,-72.20200519603466,544
15,545,0.09911605141196676,44.860192204218556,545
15,546,0.18360352766779167,-20.036564017837748,546
15,547,0.24354866474083228,1.7309219318125368,547
15,548,0.24838035256048663,32.26221605807449,548
15,549,0.2213983330351065,109.3746144819549,549
15,550,0.14945825329868181,56.58999528676408,550
15,551,0.16549893514262873,-35.716312029638566,551
15,552,0.22032455338113882,49.384006152375285,552
15,553,0.12092788205810863,-8.094651351664272,553
15,554,0.1917892114728843,-64.71712010496832,554
15,555,0.24750640349798098,-290.8521504982516,555
15,556,0.1819246624166991,53.74122453719808,556
15,557,0.15037979139884686,26.765931732666182,557
15,558,0.20296874810302773,143.86886752175442,558
16,0,0.22434125307821298,-8.910409864021998,0
16,1,0.20652090857849917,-16.762390599271967,1
16,2,0.15260294795355128,-105.52815202327803,2
16,3,0.17944551098938008,-39.19727459705028,3
16,4,0.18794087346540775,-75.46165039184903,4
16,5,0.24793953464079127,-192.00168308280004,5
16,6,0.2497741940563279,12.100715358536782,6
16,7,0.24802501243349342,-161.21071733987282,7
16,8,0.23549706119056077,-261.5918830979535,8
16,9,0.24978472007900432,81.86441744687373,9
16,10,0.2435361190887455,63.36325537039276,10
16,11,0.24986362447308147,-79.306032688406,11
16,12,0.20412627413692658,-18.40440488377117,12
16,13,0.24258815344274498,338.51026794053536,13
16,14,0.12428810756953187,405.7841512143713,14
16,15,0.2450241596244188,177.8957216012731,15
16,16,0.2492547687627153,-76.6403903686701,16
16,17,0.18008578508340134,-191.1324705965278,17
16,18,0.23788520100431074,74.00060037286076,18
16,19,0.23638921759666207,-109.61137980177479,19
16,20,0.14797808742794505,-6.541806873209117,20
16,21,0.23551946503678994,214.4850282279051,21
16,22,0.2429174143833402,-348.27101200550607,22
16,23,0.15960648824082646,36.290976013019616,23
16,24,0.19392298828280966,-3.3214872128361796,24
16,25,0.24932803934617379,55.276731029289685,25
16,26,0.06847190656908686,-2.2834240861134036,26
16,27,0.22705820077534591,211.55399596734486,27
16,28,0.24883119159811193,-37.627744156207044,28
16,29,0.2498180589903351,-17.964285913695,29
16,30,0.223033955090556,107.00248271801114,30
16,31,0.1775786577822023,385.6481458290664,31
16,32,0.210803947673237,17.194714534887133,32
16,33,0.24984604638468494,-240.35045552756088,33
16,34,0.2486180610024467,9.57139704233568,34
16,35,0.13966361880411507,-2.3455958326510595,35
16,36,0.24834839797420807,-203.70362699640685,36
16,37,0.16650239046048854,562.311442247237,37
16,38,0.24837650320105398,212.92875075407824,38
16,39,0.24327342896436951,64.88448021643956,39
16,40,0.24894122534818866,-91.1548160503046,40
16,41,0.22886443825844335,-363.85255959045344,41
16,42,0.09952842477074655,-7.276243271538574,42
16,43,0.19391150413488925,29.433232028039967,43
16,44,0.2124935078287104,-27.440617201272925,44
16,45,0.2459197037051999,40.25739818383855,45
16,46,0.24447416794037666,52.386502570512306,46
16,47,0.11684747154133572,67.04240826713124,47
16,48,0.19353921050500514,113.54932678290501,48
16,49,0.2377856726360747,98.689744547472,49
16,50,0.24998171472985575,249.96086569121988,50
16,51,0.22364158832599454,-175.97200185601713,51
16,52,0.24915002375836806,69.95617544482778,52
16,53,0.23142758813295025,158.76924695538654,53
16,54,0.11721484245597216,-33.28069931798851,54
16,55,0.24430854906019872,167.78778136315339,55
16,56,0.23082342261096936,184.17301401163712,56
16,57,0.23651708044133762,76.52223499406841,57
16,58,0.24976719269058442,245.89946576161094,58
16,59,0.06549866604531199,-4.618054138846189,59
16,60,0.24793505983627376,-16.04132116487103,60
16,61,0.15216322400378646,35.94127249834616,61
16,62,0.21842613473345393,92.01088692495622,62
16,63,0.19698456200392403,-34.13065135891898,63
16,64,0.22241171537289187,-180.78696501795218,64
16,65,0.24284115242120946,-19.879611932355218,65
16,66,0.2474231018768971,272.9441802834701,66
16,67,0.24987452026109586,320.95211324902004,67
16,68,0.24994102660339862,-149.93341347161714,68
16,69,0.2079133293484031,-6.532146159774046,69
16,70,0.24946684726679202,64.5765511186844,70
16,71,0.22903375890605648,-248.54683226117513,71
16,72,0.2130165080639997,-130.35868340677777,72
16,73,0.10196044832361356,16.708162211924552,73
16,74,0.21896773319017812,-28.857161227240482,74
16,75,0.235307055983668,34.28205316703653,75
16,76,0.2385704910316437,-357.28159819571624,76
16,77,0.11473855858304105,84.64994582223268,77
16,78,0.2499145163175823,-8.200157499425117,78
16,79,0.2393460595632,-271.2879426201392,79
16,80,0.24495790820600621,-100.59239010151113,80
16,81,0.22137724602074887,150.60345450183488,81
16,82,0.1848885593631209,28.050638849062057,82
16,83,0.24884540742581238,278.5263547926091,83
16,84,0.1587916002372824,-20.82577412743469,84
16,85,0.10434978001174884,-9.145078745743152,85
16,86,0.18388914363470998,-194.7731880195765,86
16,87,0.12981931402026178,-8.764006573422874,87
16,88,0.2300018463978637,33.52750780016295,88
16,89,0.22097840567218482,-23.08084764771047,89
16,90,0.24235963237301136,181.1344487035901,90
16,91,0.23584598387453928,31.793675612013935,91
16,92,0.24324320279956374,-188.40624233498684,92
16,93,0.15972855327101576,40.581543343034554,93
16,94,0.23397719341217876,10.177269007995587,94
16,95,0.23376791449864245,-269.9529189610323,95
16,96,0.2499855324276064,-163.09038440128694,96
16,97,0.1330941643315596,137.15247279512832,97
16,98,0.24951309209238462,-15.437626540912829,98
16,99,0.2490303937699003,-277.53981173956646,99
16,100,0.2256985043089669,127.9902882368533,100
16,101,0.2369388093506535,-160.45440611540388,101
16,102,0.246772133695704,-338.03042996264963,102
16,103,0.12222098198889714,-6.524991382614248,103
16,104,0.23568735458800838,60.671118515803514,104
16,105,0.1975861808239962,-23.52207700007007,105
16,106,0.23686921509293496,-19.110070872740707,106
16,107,0.20087430801176542,-18.68784515731534,107
16,108,0.23395657558379418,-37.304047786365615,108
16,109,0.23398798016314784,178.33899214929778,109
16,110,0.18025291151099718,-14.462764770294292,110
16,111,0.16919073732488885,-19.037791184380882,111
16,112,0.2285020080709785,186.73204087168568,112
16,113,0.21618062017490655,-59.951977146224934,113
16,114,0.22700491974209258,-36.76734374784951,114
16,115,0.2499962683504521,-131.16215535628496,115
16,116,0.2386278662546993,-141.9288171937157,116
16,117,0.132095862230476,66.5074292999138,117
16,118,0.15869951623126466,-12.107259548503382,118
16,119,0.13749539479960265,-22.36964550286278,119
16,120,0.24170238918030493,-33.696441999830014,120
16,121,0.1948432050429029,-1.5999368121973163,121
16,122,0.19501982558231803,-49.25983137357239,122
16,123,0.2362322738055763,-255.438213691151,123
16,124,0.24315387900267574,99.1794793343034,124
16,125,0.24997045727822634,-69.31900689263573,125
16,126,0.11317928028034785,-2.2970008814969107,126
16,127,0.22533180201455974,19.47784059278499,127
16,128,0.2452078996442486,136.22235993351927,128
16,129,0.24995253262925868,60.29035401753949,129
16,130,0.18311249325679088,26.14820984526351,130
16,131,0.21750286758611298,226.78186469159795,131
16,132,0.22078602025289923,-15.804154517253771,132
16,133,0.2077019144081412,-201.04741551782323,133
16,134,0.2467523515771095,-320.93701574293596,134
16,135,0.24398639631729876,-265.6063650360836,135
16,136,0.24539085831349006,-234.43990256048482,136
16,137,0.21354649929864122,354.9594937454742,137
16,138,0.20240441917356464,125.77093827386653,138
16,139,0.14083581987302787,46.51665065904004,139
16,140,0.19840740256276565,-18.33306019737882,140
16,141,0.23008195996002948,-39.770240666401776,141
16,142,0.24992535522697581,28.68310284063682,142
16,143,0.21873871014177032,500.72834046401067,143
16,144,0.24607989089360857,-51.75061115931091,144
16,145,0.23201504277245497,82.00848498860441,145
16,146,0.23757595642371337,76.24499188851807,146
16,147,0.21146892602487094,291.2727813798444,147
16,148,0.23990513700596908,-299.21829842858796,148
16,149,0.23392919917226002,-102.12713131685341,149
16,150,0.1777235671289893,-11.480843370007134,150
16,151,0.1345862747568581,-3.305298471901727,151
16,152,0.19045310768939375,373.12381051731904,152
16,153,0.12970220921278677,-2.0239036271413546,153
16,154,0.2499483816989278,466.4183005228474,154
16,155,0.24002052307668267,-43.584629429972445,155
16,156,0.13239366371406527,-79.73214684889618,156
16,157,0.13755728135211642,25.172811609819508,157
16,158,0.1818964121913797,-19.002377769465976,158
16,159,0.2224281987678081,132.42054389971076,159
16,160,0.16618045112512025,119.65782605866733,160
16,161,0.20081232172818453,33.964558508738975,161
16,162,0.22491331645624807,60.23242082278803,162
16,163,0.2216421363702988,-205.57369323268688,163
16,164,0.22094433666100094,70.6119324706338,164
16,165,0.18522825887961555,70.52216319670568,165
16,166,0.21797719617392614,45.547510907540904,166
16,167,0.24959489669691406,-216.60952878653367,167
16,168,0.2485156369626365,108.45784174788136,168
16,169,0.2454899836043879,151.04902229763874,169
16,170,0.21315962715710432,97.54916937923652,170
16,171,0.12138144856557298,-9.63504712623372,171
16,172,0.2406556642228227,13.197078427845433,172
16,173,0.24403214228935344,-36.165980215177164,173
16,174,0.2494788566257542,-80.60530561552986,174
16,175,0.24657174459074638,65.989028317752,175
16,176,0.24522063570741073,18.604563969385097,176
16,177,0.24995403025389057,-76.61982185464734,177
16,178,0.24998187744285585,-197.27828023747696,178
16,179,0.2160957789051099,-25.811324987807033,179
16,180,0.23933531078549444,-262.9027710370781,180
16,181,0.2264014365277875,-66.5527792051893,181
16,182,0.24968384886819858,158.3261378802172,182
16,183,0.24463013185795043,130.1147241278711,183
16,184,0.20542677508579943,-49.07166977780078,184
16,185,0.24999450917902927,-5.086431763685043,185
16,186,0.2441606013310727,69.85408744075811,186
16,187,0.24995196302754574,35.980880557081456,187
16,188,0.24302805904829003,84.97025836444442,188
16,189,0.24998284173548677,-57.133675683402146,189
16,190,0.24848118491406426,-113.13226060123161,190
16,191,0.1501317441794946,88.4910241225783,191
16,192,0.24071896721440367,161.86124358177662,192
16,193,0.2000945346371088,-46.8081645526204,193
16,194,0.22726671590200936,-296.6963435441568,194
16,195,0.24934437253200037,115.59757241413392,195
16,196,0.14216633498044395,-0.246733758243847,196
16,197,0.1560190141644514,-25.283702193386393,197
16,198,0.20807680205059623,165.7095685624192,198
16,199,0.2404548177318656,-309.5107115251195,199
16,200,0.13258392539711747,-4.647308807432381,200
16,201,0.2451563636071165,-13.583273571052812,201
16,202,0.2022337162121469,166.06638486966733,202
16,203,0.169730799570059,74.33915817094979,203
16,204,0.2110306508187722,121.53478328535402,204
16,205,0.18621201389698017,-30.252441294742443,205
16,206,0.17679748428982853,-73.92921230308696,206
16,207,0.24893288659271226,-220.28482885817996,207
16,208,0.1382412995426757,-14.010579486770679,208
16,209,0.24448936806860141,-32.44457383307538,209
16,210,0.2387862900751705,-44.22875728253639,210
16,211,0.2449857661312751,-201.09758223079828,211
16,212,0.22131790803301465,-76.54745539223813,212
16,213,0.24365466763207821,218.6827651181201,213
16,214,0.24782021090166434,466.8067875665558,214
16,215,0.1918418683033805,128.76666897286978,215
16,216,0.21377059305097534,34.78455131394387,216
16,217,0.2064456455737411,-111.28546782492995,217
16,218,0.24319293755017404,204.99103595452672,218
16,219,0.24999928874171812,55.53967169087311,219
16,220,0.15429254245715673,-32.665124645196656,220
16,221,0.22768579452608723,-24.55160412473797,221
16,222,0.24992976320776572,581.2513251964822,222
16,223,0.12032756612350785,-301.749612766594,223
16,224,0.22287850361590922,153.54309618757867,224
16,225,0.21030724243488386,198.37925926245626,225
16,226,0.24071331405570176,104.29127445861354,226
16,227,0.2494489977439245,-104.91499962003266,227
16,228,0.19649749483293316,120.18848691484904,228
16,229,0.21294293031203926,28.945254077774685,229
16,230,0.22677084972301645,-19.9701759916991,230
16,231,0.21701243846985932,151.09959091250846,231
16,232,0.14693728401298853,78.27731618014195,232
16,233,0.2354620611885545,-155.32418471831068,233
16,234,0.24912764385911218,-127.04262040184243,234
16,235,0.10697434834565217,-29.069231503584966,235
16,236,0.23318653278968893,179.98502608534872,236
16,237,0.23937694757720332,-626.8404802697906,237
16,238,0.22758388739181598,122.64702507682837,238
16,239,0.2494588148689842,-28.213039952026108,239
16,240,0.24410947778383893,14.746756444011996,240
16,241,0.20043862042698826,238.91511415208237,241
16,242,0.16815730087555783,128.57673780507795,242
16,243,0.1319036761312217,63.26288127017702,243
16,244,0.21783192256644934,50.66482708664551,244
16,245,0.2233852913732723,-195.59811802835466,245
16,246,0.08026713436931304,-4.374181742624517,246
16,247,0.19604444274135344,-37.188651743378024,247
16,248,0.19532771126431822,46.12110535445467,248
16,249,0.2309866130773536,44.90935504710573,249
16,250,0.23208994281698353,89.29687707431162,250
16,251,0.18096797245110524,-0.33257670361788133,251
16,252,0.17803316813004508,-117.07034300507118,252
16,253,0.2089130454526205,-22.845799371899854,253
16,254,0.12726266055929503,67.36510811348083,254
16,255,0.23404574784091503,270.3177311301122,255
16,256,0.19641309719737896,-6.774299056620084,256
16,257,0.17799933738107432,104.5778816576198,257
16,258,0.2490567326889913,17.227989092410322,258
16,259,0.22008699647210367,-23.53311197001109,259
16,260,0.15341860272559601,160.6103974608438,260
16,261,0.18152001304099846,-22.238757688874582,261
16,262,0.24931896259623187,445.80448893392446,262
16,263,0.22894071911117525,-105.8689705594932,263
16,264,0.2235974234362986,354.07012972523677,264
16,265,0.1664279052782273,79.66321563561024,265
16,266,0.24969439580392974,106.93584310525799,266
16,267,0.2324742286431576,-43.12974977922454,267
16,268,0.2495116667779031,-275.9002901176575,268
16,269,0.19303180350720878,72.01702680062783,269
16,270,0.1795836402508094,-1.850527086728022,270
16,271,0.23094203304864933,-264.9726713788019,271
16,272,0.18905954255403604,-48.19136339360671,272
16,273,0.08176178763085451,-184.85575199181466,273
16,274,0.2243680407793413,-98.98392597612285,274
16,275,0.24938097094071995,113.83503556957933,275
16,276,0.22510757179224875,-155.4061064551197,276
16,277,0.2276559903980558,-98.91143199994303,277
16,278,0.1961941672544237,-4.96650485231137,278
16,279,0.19705650290499144,-0.5547475084020554,279
16,280,0.2492934735300684,-250.94167806361736,280
16,281,0.15429387602082031,-22.457736088344596,281
16,282,0.1718757910715641,746.6929712354512,282
16,283,0.21074798501862804,-2.1315349359946283,283
16,284,0.1831079396376173,22.196705971943373,284
16,285,0.24976525007354805,-142.9480303424853,285
16,286,0.2483369043939205,179.80292760714408,286
16,287,0.15543957432267708,-25.05697007281711,287
16,288,0.24759718119417093,143.64288296975786,288
16,289,0.2368929106188702,230.21730525830412,289
16,290,0.23697228117567076,238.7417982342265,290
16,291,0.22814258848078964,-26.569774999065256,291
16,292,0.23869197078440516,50.12707053967067,292
16,293,0.21079428153681162,18.77556671535219,293
16,294,0.2459626593888308,-2.791370083792117,294
16,295,0.24216453594776108,-54.21442515266844,295
16,296,0.2310715837460937,-79.98058159409561,296
16,297,0.2497270595838633,1.3530810916477556,297
16,298,0.09147364575274824,52.41272906295207,298
16,299,0.1645090199177561,113.37416545985647,299
16,300,0.24832719342772921,70.64981631122293,300
16,301,0.21503253262467917,96.63824433352741,301
16,302,0.22247632428939867,-7.113987064331007,302
16,303,0.22996022751470754,-20.623224310192168,303
16,304,0.2459954960329306,-172.47776463400444,304
16,305,0.2284544762109338,67.28901542169052,305
16,306,0.10139616963130763,-34.07427749401242,306
16,307,0.1754652221583565,14.913311301949046,307
16,308,0.24339749464718138,199.56678153446506,308
16,309,0.2484171887150632,76.6293041661032,309
16,310,0.2498196048252293,50.67142140407661,310
16,311,0.15673619235762815,14.389312095012174,311
16,312,0.21871122001744542,-47.142594667878605,312
16,313,0.22736685628070968,85.98486013305057,313
16,314,0.21703928504522008,-20.633718068135487,314
16,315,0.19759669139160277,211.00216635548418,315
16,316,0.22722671610707945,125.34945923132759,316
16,317,0.22750340975114716,43.576853909874515,317
16,318,0.08076175033218065,-30.796760335573197,318
16,319,0.19967732230156593,-18.896043762117877,319
16,320,0.22536522633744838,579.7479988912794,320
16,321,0.0829386747944021,53.96267530799481,321
16,322,0.10293914501753894,78.58901576052507,322
16,323,0.23834094050849824,-60.1046409859391,323
16,324,0.24018193208621047,34.69358460519558,324
16,325,0.17706596210761022,64.83519448261391,325
16,326,0.24386036152972423,74.95273919226226,326
16,327,0.23078297580984264,-12.292969568624784,327
16,328,0.18070686935602634,-89.44489611478211,328
16,329,0.22875639306606352,90.48590500692808,329
16,330,0.21232626826975143,-6.580192268491896,330
16,331,0.2068889329135719,52.82470914971617,331
16,332,0.24999730138691356,-304.8853489854807,332
16,333,0.18038473701898733,-35.20790433035549,333
16,334,0.2469864426594475,31.879036668195713,334
16,335,0.1938166222180496,-36.65686111121056,335
16,336,0.0908653731088922,-4.611489414871542,336
16,337,0.22861609155666018,-367.5478627967322,337
16,338,0.18379055591667626,-73.61702095643253,338
16,339,0.21877500301036773,71.29188905354829,339
16,340,0.21186685055013538,-66.20778885972207,340
16,341,0.24464240350203514,-169.42145719592654,341
16,342,0.24618353409470814,-22.65455009950494,342
16,343,0.24999540013190835,45.00344931571871,343
16,344,0.226626179115526,0.12370276855757822,344
16,345,0.2221251277540796,-57.278221746394784,345
16,346,0.24788090174260638,-105.36795679955043,346
16,347,0.2488631154204003,98.42454479687649,347
16,348,0.19289812660671732,-4.465357264197472,348
16,349,0.13632392219237693,35.38015208190066,349
16,350,0.2424748628955783,-12.458460022287714,350
16,351,0.24992228841786165,317.6909398428071,351
16,352,0.2455100385400565,57.323433187219436,352
16,353,0.213437969739053,-9.932290519424477,353
16,354,0.11509593745780661,27.727166373577116,354
16,355,0.24347023937796636,-9.226900420851585,355
16,356,0.2217477272627676,-44.320474438576674,356
16,357,0.2223245651121083,-214.36368804911268,357
16,358,0.1711078390326515,-26.8123105173904,358
16,359,0.11516419450252162,-14.163999175892894,359
16,360,0.1116417132522941,-61.092036046856464,360
16,361,0.22852461459877085,-26.817820583685048,361
16,362,0.19007533000019908,-9.868711831464736,362
16,363,0.24811272756106278,-186.24527317780576,363
16,364,0.243330647766872,343.54906035915496,364
16,365,0.16910718335869562,-80.10233123440618,365
16,366,0.16042163633599982,-8.122392074705415,366
16,367,0.2498854299074865,-69.0530149677733,367
16,368,0.21172853504392358,-40.72524644680401,368
16,369,0.2470252434683109,-128.715306384067,369
16,370,0.2028307515399297,-31.53215095035489,370
16,371,0.231740317049271,88.98695715678011,371
16,372,0.24991254149783126,223.85691175814023,372
16,373,0.19353525361981666,-19.180954430761766,373
16,374,0.16960579409609605,-37.345599965201615,374
16,375,0.1281747892853826,-0.04471002237817142,375
16,376,0.23844444455484134,-375.6681562072295,376
16,377,0.1872234572830158,103.37391207763,377
16,378,0.17903190551894313,-33.49185549767928,378
16,379,0.2137813607044993,34.09026325784855,379
16,380,0.246903989625528,-182.39907375429817,380
16,381,0.15473155437434472,-0.5776776552321563,381
16,382,0.18494337666890565,-271.7918602992192,382
16,383,0.2456639059395323,-401.37603955913596,383
16,384,0.23813473020187342,179.84638686571765,384
16,385,0.24486651171796137,227.56108555494467,385
16,386,0.21516568214284879,-8.527121326429578,386
16,387,0.24813506291871984,-123.75677634590605,387
16,388,0.23946570304732515,23.21939527752726,388
16,389,0.19026111328660894,20.350322231663935,389
16,390,0.2352095964579489,-64.26810287491028,390
16,391,0.1558553257521074,67.25607771291102,391
16,392,0.20110497449643716,-217.75548919258716,392
16,393,0.12012180307954336,-7.230322428644451,393
16,394,0.19576506288196538,-29.64878959204294,394
16,395,0.2495101211773216,-253.4296495965941,395
16,396,0.2358773635951192,-24.992264542880264,396
16,397,0.1782403200293474,69.88976083094971,397
16,398,0.11412498442711021,-12.372397796232875,398
16,399,0.24155342693657794,-189.70432358034654,399
16,400,0.24999649764031265,39.68463073984387,400
16,401,0.24999587534057882,-75.20460497002038,401
16,402,0.23834929502449057,-8.108621683668533,402
16,403,0.2206963627906627,82.75562966972817,403
16,404,0.24741903590697692,-64.64786719039213,404
16,405,0.13455497052965673,-26.991914863448145,405
16,406,0.24956022960665467,-310.3266342074517,406
16,407,0.23880680584140687,225.36028604228645,407
16,408,0.22464127206021392,-102.51644971662662,408
16,409,0.1984026918958525,79.6347695017723,409
16,410,0.24925633464425176,-172.97080623688123,410
16,411,0.24617755966561922,-43.73005571352808,411
16,412,0.17634880111782555,389.4712139693866,412
16,413,0.19827034119334203,58.54875892783735,413
16,414,0.24037152613317445,138.52018615025796,414
16,415,0.24916917322798138,86.5328205561302,415
16,416,0.24517596316566778,-131.3644519469715,416
16,417,0.18401625898150945,101.53356053684439,417
16,418,0.24093789101150415,-10.58230101533326,418
16,419,0.21848472889255924,-337.2595463101203,419
16,420,0.24945987321099508,-180.532345934084,420
16,421,0.1745868276502546,-21.79219156293526,421
16,422,0.2423896720378991,61.24437970391465,422
16,423,0.23846651588981554,70.70213142734492,423
16,424,0.24714569970718706,73.89055642212624,424
16,425,0.09058134423810313,-6.533481080828599,425
16,426,0.22654997616647674,-29.010914900680877,426
16,427,0.15682747395307828,47.68024362463721,427
16,428,0.21018219951506217,60.99252379136208,428
16,429,0.1871462919731457,125.32257941420869,429
16,430,0.13394410421639483,49.92130435431697,430
16,431,0.24836971363794566,143.9500112566155,431
16,432,0.10857432776518672,-0.5681455733093772,432
16,433,0.14880141740293065,-5.742249880528512,433
16,434,0.14669800346618597,174.96591654126777,434
16,435,0.24481623712246087,45.604111945325286,435
16,436,0.24227963552481538,-331.58099720711874,436
16,437,0.2389731613243898,-156.4264714066526,437
16,438,0.1389129636058954,-20.84703762196585,438
16,439,0.24969228685970352,-221.69983610147858,439
16,440,0.24444548586527054,150.62336364012464,440
16,441,0.24965486068529277,-113.73098732620718,441
16,442,0.17638106583357957,105.34592135193469,442
16,443,0.15430437631971272,-30.990622794592184,443
16,444,0.21898330313939923,-105.90684444540467,444
16,445,0.2467831250763275,-50.84361399294896,445
16,446,0.2174157020149347,65.80605032655149,446
16,447,0.12881212311320986,-0.16421926117586907,447
16,448,0.22487600456756637,175.27580197980623,448
16,449,0.17566882867107386,-58.39282967236575,449
16,450,0.2419810437672715,-214.75522853982056,450
16,451,0.23842788629453848,-259.8350369751342,451
16,452,0.14943049332430694,96.83500205050899,452
16,453,0.24845404761884946,78.08153309528484,453
16,454,0.18066585870284263,-11.9050734472951,454
16,455,0.2307144709764486,149.86985681900558,455
16,456,0.24314704386843622,-94.41234724816155,456
16,457,0.23957879293449644,-15.535115148261552,457
16,458,0.2452417650556345,-213.2137391475426,458
16,459,0.24985751264237666,106.14559536627897,459
16,460,0.2428361773054817,228.5339571167893,460
16,461,0.18300425048263147,-62.21874991880601,461
16,462,0.2405357425374717,-18.99544311553372,462
16,463,0.0931775444086667,11.602374106188584,463
16,464,0.24816181965022774,-106.24612403345651,464
16,465,0.1657310668122671,-14.21948405601433,465
16,466,0.16876829512803357,-82.58122114959266,466
16,467,0.204398999484206,-29.2584881687565,467
16,468,0.12062279595438946,34.11469730961822,468
16,469,0.19474529297734966,-48.94573722535655,469
16,470,0.10720102839757614,67.73526534470344,470
16,471,0.23064528479146446,51.53364631903973,471
16,472,0.16735017645350306,-160.8099813081233,472
16,473,0.21012307984001075,-34.34587320665233,473
16,474,0.16784820982453783,85.39792276302659,474
16,475,0.24716965429083043,191.30437202869047,475
16,476,0.23065591599247656,-10.76491537943139,476
16,477,0.17243027582775347,67.97929557719357,477
16,478,0.24999992972775606,-155.75076433839348,478
16,479,0.1908044138914041,-15.518988334338701,479
16,480,0.22146336695495,141.0209966384492,480
16,481,0.11667374665208345,-76.13860710385732,481
16,482,0.24736083026156144,-232.97325235089582,482
16,483,0.21017818996769616,99.02004685222822,483
16,484,0.2352637289546506,-75.69168304575109,484
16,485,0.20885398201200847,-42.600581719098095,485
16,486,0.24950968987647842,-65.32059982240388,486
16,487,0.23982110327396083,-45.98278196452455,487
16,488,0.20782018040008374,65.46232473785453,488
16,489,0.2492421584820046,-20.010696878097043,489
16,490,0.21556485693835892,-131.97353153780261,490
16,491,0.11405313858653048,35.29856720136722,491
16,492,0.2145037134848251,-0.35700684893052775,492
16,493,0.22319806637959916,-16.011342869031576,493
16,494,0.23102219997442278,-174.87185131366326,494
16,495,0.24653397552062645,269.6627922825224,495
16,496,0.2305360322883028,-50.41993068328795,496
16,497,0.24996253040260435,162.36107209012457,497
16,498,0.0944797622025167,2.9978188615200523,498
16,499,0.1523767350904755,-295.06965595384037,499
16,500,0.1870399260972958,91.21625246926037,500
16,501,0.2430908156565511,-23.882638922407956,501
16,502,0.20853433493389079,80.26382248714836,502
16,503,0.24472615375949375,26.45730367270402,503
16,504,0.21661166316611968,384.29226852414547,504
16,505,0.240179069210357,-69.79099341335042,505
16,506,0.24255756086255184,46.88417496397186,506
16,507,0.14826328922522675,61.97704990539903,507
16,508,0.1394543449725571,-10.126544718039813,508
16,509,0.24985543358485918,-252.9600774142451,509
16,510,0.24535656100935221,-328.2742902365393,510
16,511,0.2107077303557475,-22.666174568938516,511
16,512,0.21736808743649452,196.0448220760343,512
16,513,0.22834528672328894,44.945263169632995,513
16,514,0.2467279249352153,56.43396409355453,514
16,515,0.22780114823138373,-14.39256783497759,515
16,516,0.2499714668237383,-219.18683708739755,516
16,517,0.23116099546660457,78.23860433115257,517
16,518,0.18957212837335127,-179.4083795144568,518
16,519,0.2029754906391317,-35.73066337120892,519
16,520,0.11857503409988183,37.84631035697279,520
16,521,0.1627232685954443,78.68948535237566,521
16,522,0.1959937301601367,-7.704132354273164,522
16,523,0.19994097716151715,131.13314086755355,523
16,524,0.2367915692470654,94.95254447567083,524
16,525,0.2317140864407263,102.95362254712349,525
16,526,0.234776912467008,-205.653416291178,526
16,527,0.22802454774515163,-28.725492360741672,527
16,528,0.17470561937154808,118.50789160282096,528
16,529,0.1885377752735652,-13.291190423638433,529
16,530,0.2044049096748618,-182.24346102183117,530
16,531,0.2478783150229498,239.25018392041065,531
16,532,0.10736463588883245,21.695176154814366,532
16,533,0.22497121925666813,200.9347724824601,533
16,534,0.1991298108498724,39.05167072959702,534
16,535,0.24949681078549454,106.99169720592421,535
16,536,0.15747741556841505,-15.89900246469164,536
16,537,0.23187367938756914,-77.0216245817953,537
16,538,0.16420032812374158,74.640508581252,538
16,539,0.24944044129175044,1148.7009374671015,539
16,540,0.15260858759301732,48.50432386611924,540
16,541,0.24997249483292777,66.49052174274128,541
16,542,0.23277560137461067,1.4836503568467805,542
16,543,0.08102257425733751,-25.428451040068325,543
16,544,0.2441640938425213,-93.13235183071863,544
16,545,0.07729869353225317,49.7319564753347,545
16,546,0.19232162951048667,-17.491098694919184,546
16,547,0.24828567436254598,6.2394309786123054,547
16,548,0.2491517675329303,49.340550522881074,548
16,549,0.22122798204123353,123.52588445251881,549
16,550,0.153114024433437,55.769640672649174,550
16,551,0.17652640844553957,-28.741187984001677,551
16,552,0.19960855559684218,22.579797706897097,552
16,553,0.15236211976099998,-11.317291399683196,553
16,554,0.19750917129223183,-58.90129068376603,554
16,555,0.2473398441935452,-221.36890042244787,555
16,556,0.20135521013996655,70.04068630108037,556
16,557,0.1272384292555037,87.88011337694988,557
16,558,0.20014889103191755,152.9221014091909,558
17,0,0.23317151203604708,0.8318704504243613,0
17,1,0.19213814790498088,-12.075089151123361,1
17,2,0.1521985916369918,-66.29519317291532,2
17,3,0.1693938818583674,-33.10324302989885,3
17,4,0.1630595874697888,-67.49238701170253,4
17,5,0.24996679739321293,-222.28431251306102,5
17,6,0.24999930558506805,-27.375963223602323,6
17,7,0.2457409125808674,-136.8177546000687,7
17,8,0.2428952441262433,-243.48557076575054,8
17,9,0.24457731567649738,70.42842548441736,9
17,10,0.2456679827007156,59.786601460997595,10
17,11,0.24954496276817115,-91.89209395309146,11
17,12,0.19597673615291197,-9.263227223273365,12
17,13,0.23523745870271956,321.5815730076972,13
17,14,0.11891037747220233,239.7818447791657,14
17,15,0.24707262736505461,207.21578777863357,15
17,16,0.24882568745405137,-69.20432002114008,16
17,17,0.1493348371407859,-111.76263530956072,17
17,18,0.24227077492262492,94.67397246613682,18
17,19,0.2427720968384145,-130.21671653253182,19
17,20,0.1844793080222807,-10.770773819542095,20
17,21,0.22409444243099086,181.8200309729964,21
17,22,0.2463912326228386,-271.91340615982807,22
17,23,0.13431419374218326,29.11748885267463,23
17,24,0.19587182129993838,-8.181916769956443,24
17,25,0.2475158257459277,52.75258810347826,25
17,26,0.05223719407049923,-4.764297241426568,26
17,27,0.21788758419891388,196.37167952391434,27
17,28,0.24854315820879475,-41.33411305182958,28
17,29,0.246746306667262,-6.4472390226028775,29
17,30,0.22935644433563973,91.4408003062405,30
17,31,0.19402457573619014,417.54466544656265,31
17,32,0.19831720335513242,15.144523754501916,32
17,33,0.2463607448672673,-192.4701350783622,33
17,34,0.24937075712837684,79.11614179820222,34
17,35,0.1603603936231212,-4.349222952779554,35
17,36,0.2487429593585198,-219.82627887213258,36
17,37,0.1947365560775962,680.4567482740829,37
17,38,0.24917705913090007,217.16097769782397,38
17,39,0.24395129548093977,62.918662872955764,39
17,40,0.2462033174440585,-126.39051697347487,40
17,41,0.22668160783790856,-364.9172213826659,41
17,42,0.13762159052565168,-11.693070466871527,42
17,43,0.17362939287450654,37.82437283834665,43
17,44,0.204680445983998,-23.638837621419658,44
17,45,0.24623799434728474,59.82368561089723,45
17,46,0.24821773931225785,50.43381305653689,46
17,47,0.08679660168844071,50.159000336906495,47
17,48,0.1995936154592392,107.89627952325439,48
17,49,0.21627041415781836,87.70893924606827,49
17,50,0.2494694432796473,264.8045390119954,50
17,51,0.2287905082782806,-218.17066772390962,51
17,52,0.24983477054649947,110.70144680911007,52
17,53,0.22564180135844936,125.30448268919974,53
17,54,0.10036004793302954,-16.704420260942534,54
17,55,0.24801541825845705,131.07871434324795,55
17,56,0.2393128429564913,198.16310353476152,56
17,57,0.23661411755255266,77.26305018608622,57
17,58,0.24907601218221456,240.93385704226216,58
17,59,0.040104900521590006,2.1384862938532514,59
17,60,0.24999536751476936,-33.43638501780986,60
17,61,0.16057535264263875,55.97768689658562,61
17,62,0.23232156545831298,67.10901688249146,62
17,63,0.1966823365137049,-30.09269214573036,63
17,64,0.20985598763698943,-195.52689297474006,64
17,65,0.24423492088544796,1.8346444608115817,65
17,66,0.2458706351851096,274.6709427703878,66
17,67,0.24963215494115124,207.9699393037654,67
17,68,0.24998045671300195,-152.75171515180554,68
17,69,0.19275279224888145,-7.291579904547734,69
17,70,0.2499660239409507,64.41590577451136,70
17,71,0.23545506833695407,-275.41668595333465,71
17,72,0.2064106797920167,-90.58874683348591,72
17,73,0.12919047482635343,21.206960013110855,73
17,74,0.22114304792005027,-22.82619581894681,74
17,75,0.241084704368386,69.65764494907003,75
17,76,0.2473117232990889,-350.0469236262536,76
17,77,0.1429418704270119,117.31800586716986,77
17,78,0.24813882891166872,-14.3452255784941,78
17,79,0.23565079795223695,-239.7711036321196,79
17,80,0.24937855459850747,-104.73516046745902,80
17,81,0.21599869584381615,142.72123876945676,81
17,82,0.18788347478916823,19.984704765183693,82
17,83,0.2498825849605223,230.9019792163483,83
17,84,0.08131881838304318,-8.669452345427903,84
17,85,0.12061138319873041,-11.484787670979822,85
17,86,0.21064021055290738,-132.99940129781046,86
17,87,0.07360193546122043,-3.333491822338567,87
17,88,0.2261127311619691,56.5278543026151,88
17,89,0.23041207815677725,-15.333553800764212,89
17,90,0.23771925992998214,171.02017271677462,90
17,91,0.2491395619286914,57.0282873315286,91
17,92,0.24308707386774792,-145.7712925111483,92
17,93,0.1542479713521625,41.28031033044176,93
17,94,0.2435461621229412,12.121227844851589,94
17,95,0.24283539904112755,-243.72704092527368,95
17,96,0.2489116991788186,-171.26745878459852,96
17,97,0.1305772390030871,72.76609311984281,97
17,98,0.24827610400185782,-37.85773089085943,98
17,99,0.24988877363750284,-256.51259120819896,99
17,100,0.22296216934694763,219.33372411616483,100
17,101,0.19409748876117267,-142.16344867260693,101
17,102,0.24664210213980453,-291.54455417891927,102
17,103,0.1356587978559995,-7.716853348162181,103
17,104,0.23481457600544342,69.9744025917116,104
17,105,0.20183733610773466,-31.41632438645093,105
17,106,0.23113856165527544,-29.649577487206493,106
17,107,0.21397148535933844,0.2873178434449386,107
17,108,0.24595692881767506,-37.285692372977586,108
17,109,0.23684647340728834,182.88832601297742,109
17,110,0.14770718683353717,-19.068312198284765,110
17,111,0.15353432899099637,-13.708655333587584,111
17,112,0.22986645518018917,191.74242480098724,112
17,113,0.2243566913270117,-74.79739111757209,113
17,114,0.22277759990591003,-48.83004872271229,114
17,115,0.24999975659172274,-106.37283686547558,115
17,116,0.21878413609372213,-112.43754360579933,116
17,117,0.1344837548353247,71.7026726778904,117
17,118,0.14985489707443544,-9.144957890416785,118
17,119,0.11003456799281473,-12.872364978899336,119
17,120,0.24487722930186775,-30.19633511455026,120
17,121,0.16210843137228045,-2.2632198563219204,121
17,122,0.20268448738525685,-33.16342709243012,122
17,123,0.22643911869576885,-344.9236939670285,123
17,124,0.24469773190793812,99.38597155109817,124
17,125,0.24960220535942157,-51.51045249358861,125
17,126,0.0869750704015217,-1.9625868023137474,126
17,127,0.22976714434631906,-24.541871300091355,127
17,128,0.24100432334022662,181.0620768796416,128
17,129,0.24892829944505518,56.70269909248449,129
17,130,0.19666716622958436,25.91142397208534,130
17,131,0.24897894679893542,207.11438470559432,131
17,132,0.20831163138198341,-16.95130149287967,132
17,133,0.16786272538338143,-49.08285352628647,133
17,134,0.23139113267618272,-389.16295539406593,134
17,135,0.23924795110632255,-262.64784228559574,135
17,136,0.2347720785213098,-110.23759185512819,136
17,137,0.22053458295629697,248.33935850986285,137
17,138,0.2029348541404062,135.1095368159508,138
17,139,0.10294274614509186,32.266405083250945,139
17,140,0.2178067232125175,-22.048808391805927,140
17,141,0.22049622149031345,-44.72076680908336,141
17,142,0.24583344354926281,-1.0150031587077102,142
17,143,0.238661845952161,119.89719840196307,143
17,144,0.2478282695336536,-59.33981483692489,144
17,145,0.23595558303043618,81.6226612302923,145
17,146,0.23783082947651268,66.55599743081096,146
17,147,0.21531068420994892,169.48277804913556,147
17,148,0.24615209723563922,-271.4241640432397,148
17,149,0.2479410902128297,-172.0307117730004,149
17,150,0.14525377144691562,-12.157213830724283,150
17,151,0.14690788078126787,-10.713316752759832,151
17,152,0.1836611211791248,315.6506403039865,152
17,153,0.12616116092508223,-2.09249093733266,153
17,154,0.24968487222613367,486.3741302980603,154
17,155,0.24156539191785445,-34.641419050259664,155
17,156,0.1463943606709897,-111.19103274705678,156
17,157,0.18896606940499783,45.71910562827937,157
17,158,0.2112075010273271,-64.62482253581322,158
17,159,0.22554119941598913,139.43972832668345,159
17,160,0.1756014064400933,124.57045501447152,160
17,161,0.16726800362576713,18.469240384480706,161
17,162,0.205726952079309,51.754909321426645,162
17,163,0.20633224231095054,-328.454815084449,163
17,164,0.21784233294109231,56.558571023050426,164
17,165,0.20267537678083,63.93941875843206,165
17,166,0.19200314020090087,63.05839701239587,166
17,167,0.24979819031019193,-208.34693647221388,167
17,168,0.24980148224194432,75.77687942576082,168
17,169,0.24946205701461135,182.5745060061954,169
17,170,0.20664377898688405,72.76322010617784,170
17,171,0.13314283229959673,-9.737904131976869,171
17,172,0.22130308771877458,14.23113918889387,172
17,173,0.21092296543880967,-23.294363859780553,173
17,174,0.24346902760201253,-85.91515545734202,174
17,175,0.24975620993153644,79.55291973691101,175
17,176,0.24986621006332443,12.221749576959894,176
17,177,0.24912098395124668,-64.20390273307403,177
17,178,0.24832592194523578,-193.88154321767422,178
17,179,0.21284295295850175,-13.261031564606874,179
17,180,0.23523073622348545,-295.45292718081384,180
17,181,0.21592272833650605,-68.08619188150587,181
17,182,0.23530880022639963,192.59649786227646,182
17,183,0.24871360326930803,135.80692320921787,183
17,184,0.19423148871340834,-47.29655669069757,184
17,185,0.24818802418189642,2.6913733878299366,185
17,186,0.244852365720395,81.72130829434506,186
17,187,0.24909849414299381,38.13397545918639,187
17,188,0.24248213281306008,78.60490971759633,188
17,189,0.24315528519402457,-30.777244689045137,189
17,190,0.2486332554773438,-102.55248591110397,190
17,191,0.12949640973333046,73.78409928907398,191
17,192,0.24957009180636247,97.236301906561,192
17,193,0.21314429769439064,-57.14021194962208,193
17,194,0.24131818431878815,-382.6158995255047,194
17,195,0.24996266991453364,143.38061860808747,195
17,196,0.15939942728638198,-0.14404675914571247,196
17,197,0.14006603203001952,-29.8197267557984,197
17,198,0.21526566478863426,175.78860766192452,198
17,199,0.2375320012791238,-312.7605394199824,199
17,200,0.11819240006967957,-5.519551561221917,200
17,201,0.23868020312770366,-8.459661122383666,201
17,202,0.1542976299532441,111.80365010868535,202
17,203,0.15949288594038608,70.71496378071281,203
17,204,0.18874326555522997,87.09358515302482,204
17,205,0.18856280589162405,-36.46920671614114,205
17,206,0.2096236934378203,-96.26275969729632,206
17,207,0.24865700002043548,-212.88726863150038,207
17,208,0.1278607063093411,-15.59121819705874,208
17,209,0.24944260297051293,-41.149624045450736,209
17,210,0.23827250981435563,-34.130732102802774,210
17,211,0.24243124931147955,-194.3171510963656,211
17,212,0.21879426083438921,-52.039148800465775,212
17,213,0.24913268518280612,218.5216947855465,213
17,214,0.24722497174136676,333.4833448006198,214
17,215,0.20083599614164024,130.6938910241617,215
17,216,0.22853441862515605,33.444317536315275,216
17,217,0.21642875236290707,-97.37342572225221,217
17,218,0.24903978971620455,207.03213234450962,218
17,219,0.24842669609910292,106.22975333746747,219
17,220,0.1803770797271072,-48.328030298628036,220
17,221,0.22887447864075594,-31.262582190847315,221
17,222,0.249949942568258,524.3575784812596,222
17,223,0.12642760357970798,-316.7915650173678,223
17,224,0.22528080073903445,152.12902835408568,224
17,225,0.2143566938887494,193.7564055239285,225
17,226,0.24130301949683877,121.24184806693391,226
17,227,0.2468972464371184,-116.70154517931137,227
17,228,0.20671107905371952,128.21587999456654,228
17,229,0.19214578610838678,37.01045328127821,229
17,230,0.23481595188079055,-12.574568408999506,230
17,231,0.22394304025700487,160.22783055704195,231
17,232,0.16293993752191827,30.734973957188004,232
17,233,0.23963596141123342,-207.96271974680283,233
17,234,0.24393062349379235,-158.67557052495468,234
17,235,0.1042377534058226,-29.809249216699136,235
17,236,0.23707496375971732,182.45252165564006,236
17,237,0.24617982062299007,-482.13523482119865,237
17,238,0.2286494131327524,128.0971663530161,238
17,239,0.24999867412544127,-52.7651187791125,239
17,240,0.2455043126149489,14.04631177405553,240
17,241,0.18410775658268735,252.10168554989409,241
17,242,0.17036126133729484,131.6574213800568,242
17,243,0.10739936895630262,71.15027917359876,243
17,244,0.22120944558650824,55.15397336764323,244
17,245,0.22465542377744474,-195.93249122234863,245
17,246,0.0910453178137217,-5.010556370212894,246
17,247,0.21687251246801248,-30.045232344032613,247
17,248,0.16043967453222183,29.33785213853777,248
17,249,0.2359176134943705,34.938004478131994,249
17,250,0.22411726170959248,74.32188241376275,250
17,251,0.20013865600086825,-0.41681522802482684,251
17,252,0.17957258182082994,-115.89044393099867,252
17,253,0.20636570944309157,-20.741853976661112,253
17,254,0.14136597596503864,76.06665195926315,254
17,255,0.24138664621774067,262.2278656690241,255
17,256,0.17450874620683948,-7.318741251675183,256
17,257,0.18981429609585673,115.75819546653871,257
17,258,0.24813249860368258,11.821714574404007,258
17,259,0.21218596285470523,-24.053224982041435,259
17,260,0.14768494205812602,118.44854692635424,260
17,261,0.1904304216779888,-24.741431570820854,261
17,262,0.2436960663940372,491.9594119196756,262
17,263,0.2433302388415577,-108.8228173309433,263
17,264,0.23218495327323563,371.52683145469524,264
17,265,0.17360883100145588,78.4835087927098,265
17,266,0.2487489366814933,120.01219743389441,266
17,267,0.20846688480472383,-32.03712019607664,267
17,268,0.24999994109929546,-279.3247026978691,268
17,269,0.2070879175932305,76.66238275414085,269
17,270,0.1532021478910129,-1.4369878891940837,270
17,271,0.2288346631266855,-255.91773516356005,271
17,272,0.2123037997682562,-49.085450661501355,272
17,273,0.06900665105695514,-191.69664109465745,273
17,274,0.22017462163537638,-167.52063637745965,274
17,275,0.24976735321489332,88.02609428347388,275
17,276,0.23081493921572988,-111.23737544487933,276
17,277,0.2194166639447664,-88.25235929888828,277
17,278,0.17067506535490623,-3.524235926935855,278
17,279,0.1826340552574268,-17.270031243897595,279
17,280,0.2498951622401145,-223.0521119431684,280
17,281,0.17087021756897855,-20.935341786662516,281
17,282,0.19592558836014615,595.5405253505359,282
17,283,0.19990356901914622,-2.6793403932398094,283
17,284,0.13860258404832368,15.033857610929484,284
17,285,0.2440466418366861,-163.8100416053759,285
17,286,0.24995236414028943,187.47175063942967,286
17,287,0.14413286225963426,-22.460391453857333,287
17,288,0.249824886563985,134.88056299980224,288
17,289,0.1382489538950958,81.80013239732115,289
17,290,0.23175593612803722,243.63617809741444,290
17,291,0.2110046351396083,-28.88884955127368,291
17,292,0.23437000625575222,47.314403786327816,292
17,293,0.21233092162894363,9.067096905510859,293
17,294,0.23832222434021239,-99.01428476407082,294
17,295,0.24202701884282646,-67.39434955286363,295
17,296,0.24121362594404816,-67.73010970284109,296
17,297,0.24717196513081885,7.651519548853365,297
17,298,0.05219305501885816,27.422835706351485,298
17,299,0.13723539503288953,87.28005602913629,299
17,300,0.24971543697682078,77.60042120871486,300
17,301,0.1921677384892863,77.84665486486949,301
17,302,0.22174137226530968,-11.549758600526491,302
17,303,0.22724485552273127,-27.261969418583124,303
17,304,0.24878059065240538,-152.76135271613234,304
17,305,0.23527463795677164,99.17244128732796,305
17,306,0.11243731523110986,-43.59255533846724,306
17,307,0.11925582635583111,6.927477345852992,307
17,308,0.2423181882523554,173.82975501416402,308
17,309,0.24603092455665695,81.62295633199216,309
17,310,0.24891442068695813,57.86624372080328,310
17,311,0.12772237252730495,10.937548981597175,311
17,312,0.23141629079322248,-35.341097846371,312
17,313,0.24024318749818382,115.09178650564127,313
17,314,0.1921929723805649,-19.042734198719124,314
17,315,0.220886642413653,204.32352341725797,315
17,316,0.22391689483343966,118.26657233797233,316
17,317,0.24944710915825422,-6.01759055966647,317
17,318,0.07629370545988187,-36.426895092239526,318
17,319,0.19762586395718598,-20.728317171488214,319
17,320,0.24321755915299886,562.1770865173924,320
17,321,0.1002808753210366,65.73121327133362,321
17,322,0.06671407854429716,48.851727812310116,322
17,323,0.2415065301996065,-57.458452263277344,323
17,324,0.21327155638906345,6.706062707346582,324
17,325,0.18782742796772234,83.50264932144974,325
17,326,0.24176454310412535,50.73449766584302,326
17,327,0.23172915074295722,-14.682610426017625,327
17,328,0.1894017664996752,-72.57383252736213,328
17,329,0.2345293012960773,102.24156717546201,329
17,330,0.23083560513804566,-0.3697923654661749,330
17,331,0.21477061340609724,54.40875081497278,331
17,332,0.24829120295786844,-268.16423094070944,332
17,333,0.16145759149584768,-15.83873210872375,333
17,334,0.24889799769440027,38.764601682428875,334
17,335,0.2043849523973019,-36.123968527003996,335
17,336,0.06654323073786617,-3.464297874171045,336
17,337,0.24289696825651588,-441.6200070162895,337
17,338,0.17283358608342375,-91.67841073165563,338
17,339,0.21029476463702362,91.59327260852743,339
17,340,0.20952180606700566,-70.68163775043934,340
17,341,0.24431419912424987,-217.66823366840964,341
17,342,0.24627982500007284,-44.923174241966436,342
17,343,0.2498495235454296,53.70621063022108,343
17,344,0.23255674956723535,-17.902445081923023,344
17,345,0.2114208458340478,-60.447423826741975,345
17,346,0.24270319647987512,-135.27747666921778,346
17,347,0.24986452996978997,99.14272935029801,347
17,348,0.18706545557777562,107.76552815906838,348
17,349,0.0946392339030551,19.11166090356144,349
17,350,0.23992166511111934,-12.108737153362757,350
17,351,0.2498979738775572,304.17007249061993,351
17,352,0.22499398954229427,114.75920103070182,352
17,353,0.2206838066662977,-7.774360851273201,353
17,354,0.08145550187809308,19.86950873299412,354
17,355,0.24793000671910279,-14.862255070913575,355
17,356,0.20685359159303618,-57.08850430326731,356
17,357,0.22320417768088,-230.4419082116245,357
17,358,0.19189348817103316,-17.087500635955436,358
17,359,0.12744069539334438,-5.660412924288231,359
17,360,0.11675184327061021,-84.89550364267458,360
17,361,0.22889770873157606,-21.601071366802003,361
17,362,0.17678571806732152,-11.274422773933143,362
17,363,0.24965377734788458,-207.1436711237523,363
17,364,0.23468362761861236,365.1334730066691,364
17,365,0.14817827840600828,-57.70654551476585,365
17,366,0.15524895936123764,-9.919341644289291,366
17,367,0.2499917978230474,-40.80422573753964,367
17,368,0.21217337059551802,-51.90575325979508,368
17,369,0.24905909649368407,-124.55943339727936,369
17,370,0.20770581686926554,-23.923749706355203,370
17,371,0.2362403793467022,93.17225452460599,371
17,372,0.24963215494115124,207.9699393037654,372
17,373,0.1970438869489234,-28.37882774435793,373
17,374,0.14200613985033494,-29.470028343276002,374
17,375,0.1534146853366251,-0.07038735198644407,375
17,376,0.24763915114815915,-358.4359927340733,376
17,377,0.19127521128857453,128.17804515694712,377
17,378,0.17587351177371036,-33.916452179020965,378
17,379,0.20263938761691455,34.159512834280086,379
17,380,0.24999997854707945,-165.5999663083671,380
17,381,0.18196780858393607,-0.38063009143582943,381
17,382,0.17698056915239171,-324.64830182416273,382
17,383,0.24989157594530362,-480.58215973360427,383
17,384,0.24045407732126667,177.11474287073477,384
17,385,0.24864537648970234,191.11682477445555,385
17,386,0.19021371709933863,-16.3446277765924,386
17,387,0.24886474971568448,-108.15832619340691,387
17,388,0.2392693880523553,33.43842193290443,388
17,389,0.19218572598569433,20.953646004785362,389
17,390,0.19549210540774684,-155.82859899053355,390
17,391,0.12864183469336773,52.0082707281146,391
17,392,0.2268117066760971,-220.97744770405797,392
17,393,0.0942758064183805,-5.010313352108799,393
17,394,0.19238893805205878,-30.189613735100895,394
17,395,0.24281632328426386,-321.29123674755004,395
17,396,0.19288415100871298,-6.626255320848461,396
17,397,0.18319024057578392,49.331591780428774,397
17,398,0.09687567197660509,-4.045980290847664,398
17,399,0.23063399346895247,-184.2153371806483,399
17,400,0.2491294016397046,46.62396818024531,400
17,401,0.2495697635395442,-76.94805526518168,401
17,402,0.23169778354841028,-12.062355159146696,402
17,403,0.22580768757551667,68.54435016138295,403
17,404,0.24553147773179348,-7.19477071814723,404
17,405,0.12944461342616437,-20.517563110361156,405
17,406,0.2499720258376535,-296.32357294914584,406
17,407,0.23878865134841404,221.54417034627923,407
17,408,0.21720270227357777,-88.63770326948958,408
17,409,0.18186920553174027,66.44877902009556,409
17,410,0.24963573203045578,-186.1508332732454,410
17,411,0.2494528479970975,-50.085937598318594,411
17,412,0.1506787415726544,349.4922680363843,412
17,413,0.17223258323973953,66.36476602774015,413
17,414,0.24582292239519127,195.7730329856472,414
17,415,0.2488493088205951,91.64664691040326,415
17,416,0.23926911708272255,-132.68604361684714,416
17,417,0.2073250593874266,141.86943262970107,417
17,418,0.2394925281283949,-12.814989813493085,418
17,419,0.1933027064235003,-366.20073843527103,419
17,420,0.24838925657262453,-198.56736950202122,420
17,421,0.1640366892683234,-22.683025542498502,421
17,422,0.2450016342911346,81.33187555791572,422
17,423,0.2441135966698768,89.12221502837104,423
17,424,0.24992133737719507,57.51431899384798,424
17,425,0.10447344890694842,-8.197955592591093,425
17,426,0.23372710955634401,1.0468849916266691,426
17,427,0.1393955875262461,50.82780629755395,427
17,428,0.2094372088433662,73.04388983029753,428
17,429,0.14604080988629206,82.48907601653882,429
17,430,0.1447232632619911,21.349476849756677,430
17,431,0.24985021271053526,110.348134453974,431
17,432,0.09561489889838928,-0.07805458390609882,432
17,433,0.13691962282589923,-4.899019387709063,433
17,434,0.09570512670868651,184.36181484089005,434
17,435,0.24381427924746918,39.95001587109704,435
17,436,0.24286257992103127,-330.1186526216894,436
17,437,0.23520547485218238,-132.41812712374815,437
17,438,0.1392151668078454,-25.942478453799232,438
17,439,0.24590590278590344,-215.53712048158465,439
17,440,0.24902833949246378,163.24356984802796,440
17,441,0.24982880408003177,-137.73136999134925,441
17,442,0.1485917832248145,84.50281998032213,442
17,443,0.14148876995309295,-26.04991098522959,443
17,444,0.2235787065387333,-132.8446178224182,444
17,445,0.24653680354458551,-40.97863281530752,445
17,446,0.21751300266703016,73.85113050100449,446
17,447,0.10051793438518625,-0.09038463256882659,447
17,448,0.2465865192063023,147.34124036344863,448
17,449,0.16144611609971182,-36.99575174816909,449
17,450,0.24392163364292477,-207.06464165409574,450
17,451,0.23124430641867702,-300.8182997051198,451
17,452,0.14881162610733234,97.5427701899686,452
17,453,0.2284834534735623,70.87316867845536,453
17,454,0.19484821270984445,-19.542895339315088,454
17,455,0.21918743127268817,126.19815193337568,455
17,456,0.2428630909851296,-98.47560136828646,456
17,457,0.2425710953376316,4.105975989853507,457
17,458,0.2427976921655116,-186.72217480962013,458
17,459,0.24942859043774698,114.06046743279205,459
17,460,0.243655321020532,219.86742873411578,460
17,461,0.175475450612764,-30.981329539536624,461
17,462,0.2346582188327196,-12.942610393527897,462
17,463,0.1091060022203591,14.840597989980377,463
17,464,0.24096132134078418,-92.27940074146353,464
17,465,0.21243169870320233,-19.07518536052306,465
17,466,0.14897962201435683,-177.74251928377947,466
17,467,0.19564871654306198,-26.627037615577834,467
17,468,0.1261884562112794,39.559757134341226,468
17,469,0.18117880977461034,-47.886241031988234,469
17,470,0.11792480803432752,74.86082552065788,470
17,471,0.23514561658590197,41.400971523627156,471
17,472,0.1882304262673767,-142.2442044490816,472
17,473,0.21839222613875992,-47.67839459254879,473
17,474,0.17242477782125884,115.32163038041499,474
17,475,0.23568489093113149,164.06030108699966,475
17,476,0.23744544540290083,-21.35967257557742,476
17,477,0.1650920034990417,41.443034651187354,477
17,478,0.249778131992129,-138.69484990484472,478
17,479,0.18842911338705523,-10.803318414268245,479
17,480,0.2260698469925117,160.78925295015952,480
17,481,0.12479708583798414,-93.61893168361722,481
17,482,0.24123170892706852,-198.7695257847471,482
17,483,0.18934457733280988,68.73777087601137,483
17,484,0.23360763062239173,-41.39961341882694,484
17,485,0.22600722804115397,-47.93310222693198,485
17,486,0.24718709769542296,-57.91866179222895,486
17,487,0.22602244634728932,-58.42580319426688,487
17,488,0.21377448054786422,53.29520159285917,488
17,489,0.24991120333258648,-21.162772456739507,489
17,490,0.20215158924184093,-128.4191244445519,490
17,491,0.09467383986904082,27.69034487642324,491
17,492,0.20976107093972685,-0.5193497532524219,492
17,493,0.2270304009983729,-14.983550108813192,493
17,494,0.2409158315400683,-141.7929670836052,494
17,495,0.24996319830691135,238.24967431059923,495
17,496,0.2270805070292903,-16.214378949950635,496
17,497,0.24999877315680938,180.4963211077245,497
17,498,0.09977573150708634,1.6264517760317325,498
17,499,0.1162128340426499,-305.62244653297614,499
17,500,0.1995573666464465,101.55442390750818,500
17,501,0.2407123464006879,-35.599496203478964,501
17,502,0.21541104924787133,97.74041354132314,502
17,503,0.24676170314526133,31.610288535799913,503
17,504,0.2113942881214058,358.9331620184129,504
17,505,0.23114321781834113,-70.7097061983753,505
17,506,0.24732081410234602,-8.032612812143466,506
17,507,0.15206846554682646,52.86319558150146,507
17,508,0.11036734559272633,-10.100311346815545,508
17,509,0.2377602262302421,-370.3557526804452,509
17,510,0.24816300129897442,-313.4160628088736,510
17,511,0.18495382027622825,-17.940424896966043,511
17,512,0.20935935476134998,163.9772898959258,512
17,513,0.23169812065430775,72.37965486842545,513
17,514,0.2492014779435494,50.85109499584626,514
17,515,0.23156875845972216,-26.105107151446152,515
17,516,0.24620125830995646,-182.9612045980791,516
17,517,0.23631473877778866,99.34545224267659,517
17,518,0.19010274791682752,-104.45697954828978,518
17,519,0.19369700648670282,-33.5293694542798,519
17,520,0.10937455228909786,34.91776923336279,520
17,521,0.20363254930018904,93.12501577706534,521
17,522,0.1800462855237789,6.941693018267392,522
17,523,0.2124159748443903,177.34545191295197,523
17,524,0.23565419031121154,202.5531545741611,524
17,525,0.23195716533285407,102.69788768730962,525
17,526,0.23550439763372719,-198.22137603470566,526
17,527,0.22758638733313122,-59.954150412156345,527
17,528,0.1732627629862109,36.799510880496975,528
17,529,0.18803738243604712,-1.8132610619449032,529
17,530,0.21156979409780982,-191.55058863551062,530
17,531,0.23396444809694955,180.32376037206419,531
17,532,0.10018141764454387,15.540869641604703,532
17,533,0.22756602346638377,171.07214232455038,533
17,534,0.2223863428881368,36.14660561921428,534
17,535,0.24965696790504951,76.24275558954653,535
17,536,0.16872146092467027,-21.0854508903342,536
17,537,0.19822706780028426,-47.051425777058306,537
17,538,0.18719772466757606,100.26452967091197,538
17,539,0.2499384564119288,978.0341081465051,539
17,540,0.1371518950633036,44.38308076754354,540
17,541,0.24726216122373587,29.72637349890068,541
17,542,0.22636179914772714,-4.711463430440016,542
17,543,0.05083868189533798,-19.29398109624004,543
17,544,0.24877737145044151,-118.90789094256189,544
17,545,0.09766950046747261,68.44859790879035,545
17,546,0.17548184908822173,-13.864629843675802,546
17,547,0.24975087236105395,25.5821987516602,547
17,548,0.24972711639270528,48.79529783156916,548
17,549,0.22497457299069978,130.23925783711672,549
17,550,0.16789044073449877,66.46593411667921,550
17,551,0.13904644622080276,-26.772599600232674,551
17,552,0.23464062138047534,63.82334842500891,552
17,553,0.14598545653057027,-10.806020757107179,553
17,554,0.20076122364201762,-51.35763375679334,554
17,555,0.2499838900227271,-258.2661957229604,555
17,556,0.18848134303141734,61.99718912022936,556
17,557,0.16387169458996675,27.099462996333816,557
17,558,0.20383835023789787,228.3315656983708,558
18,0,0.23026141584494866,-7.005500419970128,0
18,1,0.17172986123099443,-12.359015216424357,1
18,2,0.1341588055163625,-144.5626914994107,2
18,3,0.1513875495921235,-23.35962395832663,3
18,4,0.19525233253352836,-70.93395595939207,4
18,5,0.24894916230699782,-228.54587775754635,5
18,6,0.24485570927051178,-28.045375723563524,6
18,7,0.24942216115621765,-178.16216046415607,7
18,8,0.23027648002032894,-248.00132373905254,8
18,9,0.24267690881065632,40.38083908757983,9
18,10,0.2313116506579986,66.38430435670772,10
18,11,0.24767343783405155,-102.52124241826164,11
18,12,0.2091084385948463,-14.032982552910994,12
18,13,0.10071992579705656,463.28716273666873,13
18,14,0.11459594947795788,235.3902516837474,14
18,15,0.2446291141613827,196.0794123536856,15
18,16,0.2448325685695107,-87.68909644989799,16
18,17,0.16101900184386306,-153.90263057978672,17
18,18,0.24662168988286973,69.08166323952778,18
18,19,0.2445181860400412,-124.0969833234916,19
18,20,0.1472296755997625,-2.5671462489794523,20
18,21,0.21752478227767713,172.9856964403171,21
18,22,0.24885233002672968,-478.6063971634042,22
18,23,0.1649364735023338,43.99935860568837,23
18,24,0.18125958489857275,-2.8876968420654947,24
18,25,0.245528784747347,89.8121566897882,25
18,26,0.0670845790054803,-1.167042504062291,26
18,27,0.22235398924181263,195.69582948105557,27
18,28,0.24702368076636907,-56.53812561040422,28
18,29,0.2472948771929391,-23.17928436137067,29
18,30,0.21067507557885115,92.26858297745001,30
18,31,0.17662482503281626,445.25580004722684,31
18,32,0.18742542355165293,7.929388926813667,32
18,33,0.24187720013726963,-177.47663024284677,33
18,34,0.24947426235637793,29.282698360321277,34
18,35,0.17859966131841234,-4.37673858884476,35
18,36,0.24978400081555902,-239.02085244980663,36
18,37,0.17385934984110554,899.7216515638129,37
18,38,0.2445463100114414,223.79542886649344,38
18,39,0.24701165901338176,62.38130935519101,39
18,40,0.2378206815866874,-105.53535006482687,40
18,41,0.22761521261726494,-339.2279034065983,41
18,42,0.08919484437398484,-18.721313211969637,42
18,43,0.1390160220066274,34.342535698926085,43
18,44,0.20691937398942403,-27.85134469088129,44
18,45,0.24825263220514754,58.04287020572569,45
18,46,0.2470855402951669,47.748560494495656,46
18,47,0.0661274152330282,37.525666692141556,47
18,48,0.2105050830079342,115.17387212930487,48
18,49,0.22271960027546722,111.42206692850489,49
18,50,0.24996792747306684,260.57601500186973,50
18,51,0.22165859161759735,-205.61529345428855,51
18,52,0.2455313286854393,76.54669956977858,52
18,53,0.21229677310134704,118.06961060539543,53
18,54,0.1403511576616477,-53.574492073593426,54
18,55,0.24727491872482182,122.98817925713806,55
18,56,0.23004025247594345,180.06290896218846,56
18,57,0.24143186316677226,80.32399633811664,57
18,58,0.2435547176459502,252.739390738498,58
18,59,0.03498090986363645,1.6975843049949493,59
18,60,0.24999412524108056,-33.4915079701002,60
18,61,0.13850554344296187,42.39123616007519,61
18,62,0.22280881597163102,135.95206571699407,62
18,63,0.2008004191381211,-33.8499003792882,63
18,64,0.22285305322725343,-174.60820402931435,64
18,65,0.24755348133975874,-34.348547330757455,65
18,66,0.22695720444844972,267.03625964670226,66
18,67,0.24644152615155293,213.04761377208672,67
18,68,0.24955571124631548,-158.09630417919996,68
18,69,0.2046285787866751,-4.246371581589466,69
18,70,0.2482537447439553,80.8842554013588,70
18,71,0.2302249497219482,-287.9195643289529,71
18,72,0.19507201610647387,-64.36154620725657,72
18,73,0.11327980835572202,17.768970874158512,73
18,74,0.21874992442791852,-32.638061940608765,74
18,75,0.2332332485010231,50.605712250717126,75
18,76,0.2358233035826842,-442.01359257782934,76
18,77,0.1617997626869877,140.11792403141044,77
18,78,0.24852021830794163,-6.27580698735737,78
18,79,0.23279333131969207,-258.54533814194474,79
18,80,0.2466254020315222,-100.40369986422967,80
18,81,0.20613569753233382,127.2354860165508,81
18,82,0.1905503188196514,16.841257160362087,82
18,83,0.24852615631861305,160.19113368047317,83
18,84,0.10034392967438156,-17.04971972217241,84
18,85,0.13988703970617725,-12.048938875090256,85
18,86,0.20615012563669255,-161.48605236981302,86
18,87,0.08976414491045051,-7.47740451650535,87
18,88,0.22459359697650894,30.099712194274503,88
18,89,0.22985954555339674,-17.653309440528894,89
18,90,0.24668093018911538,191.22078293195597,90
18,91,0.2496017594156652,33.67720320503996,91
18,92,0.24401620392425355,-176.43401090346012,92
18,93,0.16905901078717206,46.43757969229291,93
18,94,0.23847994006010245,8.299001406024107,94
18,95,0.10760592092212161,-195.0597019079759,95
18,96,0.24765822717669975,-166.1733777366058,96
18,97,0.15384805813335573,72.63347620596413,97
18,98,0.24911956420198833,-24.429848450718154,98
18,99,0.2494405508321277,-277.94927469010804,99
18,100,0.22047554849250128,218.98081522574543,100
18,101,0.1933540761852162,-133.93503024987348,101
18,102,0.24749583728149505,-252.77522574546364,102
18,103,0.13199976461338028,-6.910210870090454,103
18,104,0.24099715093401647,44.306291368855995,104
18,105,0.18934604228435026,-17.293592262586138,105
18,106,0.22885413266203541,-36.94691434866904,106
18,107,0.22091788892347605,-20.333300714467658,107
18,108,0.22633668404682966,-35.853111023755766,108
18,109,0.23399499177728775,170.9722546539394,109
18,110,0.14047432738400994,-19.64956020097118,110
18,111,0.1652365090650832,-14.91618872407248,111
18,112,0.22619934700843422,178.78373679199632,112
18,113,0.23354934511426925,-55.648078321755264,113
18,114,0.23122212808312972,-34.072884687067855,114
18,115,0.2496051251124701,-108.19831970684973,115
18,116,0.19791286557731116,-81.20328441527019,116
18,117,0.11792979922710294,66.10054616207483,117
18,118,0.16708159270556885,-12.140903107793099,118
18,119,0.13621635814611596,-19.45980029944524,119
18,120,0.24295705658183586,-30.78462891666502,120
18,121,0.15311505552658003,-2.6986767488147216,121
18,122,0.20517139946047605,-40.13077416776142,122
18,123,0.21946491083117942,-306.66892712764434,123
18,124,0.24999698167630197,102.57988120380574,124
18,125,0.24973795965535778,-85.60413244319193,125
18,126,0.09709958778467596,-1.7707029003279326,126
18,127,0.21724928709073277,-6.588073644687762,127
18,128,0.23779985795347555,168.22848882479872,128
18,129,0.24473815008862945,83.56855273711342,129
18,130,0.19724247517802043,30.456095349920318,130
18,131,0.24930050184407623,191.73964960905784,131
18,132,0.19857512402943756,-18.78079690177718,132
18,133,0.22353238099909858,-102.28505129191586,133
18,134,0.24387469382128488,-279.4155298538787,134
18,135,0.24479450114290857,-248.4036006676785,135
18,136,0.23280532789027117,-175.19934589742368,136
18,137,0.19977395953149646,289.8953989255782,137
18,138,0.19436005281465937,124.2811544054036,138
18,139,0.13406360037642512,45.684353013845005,139
18,140,0.20914950137153784,-18.794233205822575,140
18,141,0.22090878640667147,-51.195847093656596,141
18,142,0.24560966942497275,42.93468760646393,142
18,143,0.23900098449480595,271.296816309005,143
18,144,0.24983461784334574,-39.32703853690654,144
18,145,0.23751097303036817,91.76727604148526,145
18,146,0.231549160499746,60.301344813528516,146
18,147,0.24190795765514445,154.75834834113368,147
18,148,0.2394352529872117,-297.93134997204413,148
18,149,0.24907021197107718,-165.87725487554715,149
18,150,0.17155923953433824,-19.86204254398794,150
18,151,0.15841542086769117,-5.788931355254878,151
18,152,0.096419275495775,388.1931847891259,152
18,153,0.11258638635961592,-1.2725748750715056,153
18,154,0.2426137401974232,468.19823315815455,154
18,155,0.24299006347317967,-47.4072152099327,155
18,156,0.1067040996066119,-75.22671923022851,156
18,157,0.1552347026931251,40.70803591545201,157
18,158,0.21601954679418467,-74.17949148888384,158
18,159,0.2237610877856432,121.37950646962788,159
18,160,0.1715810774833336,124.87398549091466,160
18,161,0.1800443388953359,16.80553853535276,161
18,162,0.2094642741895204,47.026693998084596,162
18,163,0.21668399097435903,-335.9205529166349,163
18,164,0.2240515554362912,68.36165788095363,164
18,165,0.18491221619376966,80.70503756729761,165
18,166,0.20530275213950339,85.59669333999656,166
18,167,0.24857746645349327,-181.42849340048048,167
18,168,0.24994492316404265,68.4420247727944,168
18,169,0.24762404111964711,167.59815365510175,169
18,170,0.21090216987887897,90.98251618711227,170
18,171,0.13222007858585944,-9.77154626419335,171
18,172,0.22925806974058874,-10.505211457537715,172
18,173,0.24612660289396784,-58.37112198781767,173
18,174,0.2466577441862905,-87.33389672969466,174
18,175,0.2486347343030478,85.9895535883482,175
18,176,0.24997412142220896,61.84160164311416,176
18,177,0.24717598293904844,-64.78668231485167,177
18,178,0.2498787399666084,-213.85507497385723,178
18,179,0.209824316214461,-15.473938880699553,179
18,180,0.23308999071763042,-319.8655946691049,180
18,181,0.22878815067925135,-84.52297754838372,181
18,182,0.2408468427874199,185.46011709576482,182
18,183,0.24499607096518838,118.64945774708092,183
18,184,0.1975973579387206,-47.50835027267958,184
18,185,0.24990482006473883,-2.4287358997825184,185
18,186,0.2426872576120624,47.391761239263346,186
18,187,0.24918932443731506,44.67639193567071,187
18,188,0.24654339877961481,68.6423977080779,188
18,189,0.2490223988987366,-47.187320349587885,189
18,190,0.24914794307138421,-103.75375107404054,190
18,191,0.15096874409823816,88.83767324729753,191
18,192,0.24999977985628816,111.36980502283586,192
18,193,0.22257589086037968,-62.3014955473658,193
18,194,0.2303436929119738,-221.22979634022616,194
18,195,0.2462993991167881,137.4507717548353,195
18,196,0.16837792347908895,-1.413152841287355,196
18,197,0.14145431959243465,-27.70369776715416,197
18,198,0.21101070269141664,154.85574364560986,198
18,199,0.2443074918598932,-301.29331078263294,199
18,200,0.16977332098874123,-6.874205033225456,200
18,201,0.24535417629810422,-14.310954991808574,201
18,202,0.14808742282432646,110.74642907511235,202
18,203,0.17744047101654153,63.033764508247174,203
18,204,0.1740589172998391,84.03209205389258,204
18,205,0.16389947362125293,-24.95305158111828,205
18,206,0.2138594755878581,-99.7085667621024,206
18,207,0.24998327768477874,-184.173642345657,207
18,208,0.1530021886265217,-19.290337584475296,208
18,209,0.24822170774711177,-34.85288805430185,209
18,210,0.24293846881927467,-43.12371967921442,210
18,211,0.2279297946638192,-151.8340389145048,211
18,212,0.21838962010771254,-46.41040122972918,212
18,213,0.2492274029176697,310.83702759398,213
18,214,0.24777769186104834,258.0654860443451,214
18,215,0.19696607274481567,129.542617860766,215
18,216,0.2495138103318749,53.16204731177872,216
18,217,0.2056356125766497,-99.85011047710603,217
18,218,0.24984146726948245,246.79320087768383,218
18,219,0.248215689517626,65.76301144660613,219
18,220,0.1762055699032106,-32.416590162821244,220
18,221,0.21192343144377804,-30.436328371886574,221
18,222,0.24999916372988995,389.4535886474002,222
18,223,0.12826038407115475,-310.45565207407446,223
18,224,0.22212107382848736,151.32819266139254,224
18,225,0.2189627452235562,215.88711385057135,225
18,226,0.24895753478757968,152.49733052315503,226
18,227,0.236110601331567,-155.39710888856592,227
18,228,0.18172928241872546,109.76963738476209,228
18,229,0.22015057211497754,23.399710203630416,229
18,230,0.237557524296612,-12.884721312593111,230
18,231,0.2095351496800209,139.34937302853206,231
18,232,0.1319549622198173,58.536819540718724,232
18,233,0.2457743913487041,-165.2430873528131,233
18,234,0.23248772086646535,-141.37024105466392,234
18,235,0.07021851791527743,-18.271313879019843,235
18,236,0.23037867809637094,171.20907836047053,236
18,237,0.24987834941509993,-478.2823892746012,237
18,238,0.23046959535881006,146.86072070739496,238
18,239,0.24963915035825526,-37.03995774073502,239
18,240,0.2459550907403366,10.839678796704142,240
18,241,0.19309779063699326,239.0471863601043,241
18,242,0.1252178110500135,91.47120109953018,242
18,243,0.13070602150671626,97.71982067902907,243
18,244,0.2129748763256872,65.73942209536222,244
18,245,0.20779587116251944,-204.8322793244858,245
18,246,0.10838872742811041,-2.7101581143263678,246
18,247,0.20084688423882052,-60.66679296405883,247
18,248,0.14792272460862607,35.21480569985126,248
18,249,0.2303268026063043,34.60386356150762,249
18,250,0.22410488289884303,76.62120946281993,250
18,251,0.19684933917860234,-2.9851169747654636,251
18,252,0.16616993953472345,-160.72586446289608,252
18,253,0.20526383690682473,-26.059766607798966,253
18,254,0.15727903713844962,87.60676589606753,254
18,255,0.24900326335993386,240.475802539416,255
18,256,0.17802298100670258,-10.563688918511112,256
18,257,0.17728553481079326,99.47498790950947,257
18,258,0.24364943123211488,9.56635960732858,258
18,259,0.22985582293249315,-18.897921913113528,259
18,260,0.17677516515605607,118.48969206010834,260
18,261,0.15653318935458055,-20.958088276920833,261
18,262,0.24917575321827937,643.3822469252023,262
18,263,0.23781340503154438,-112.17876989440205,263
18,264,0.22416997927927418,358.19203121022883,264
18,265,0.17702574398084492,61.22025899016444,265
18,266,0.24993424626142108,114.59199653280412,266
18,267,0.21369198238554812,-36.94828590157632,267
18,268,0.24709432361187028,-245.15295244733616,268
18,269,0.17361992512835586,63.15629882888539,269
18,270,0.17561739554156097,-1.2285891595533132,270
18,271,0.22572768399141083,-265.0272208633148,271
18,272,0.22813346891840233,-11.373718234659524,272
18,273,0.06606886888544956,-194.7260117555662,273
18,274,0.2178992993725171,-85.22680363253502,274
18,275,0.24951522651918512,80.02379961545275,275
18,276,0.23201927784878112,-201.8229762123224,276
18,277,0.22291066200617965,-85.93179529666658,277
18,278,0.18032478100873986,-9.870338811479497,278
18,279,0.19919795092898182,-1.0492292941039434,279
18,280,0.24998021493579703,-217.3294087904163,280
18,281,0.1582098027664535,-36.67306869858449,281
18,282,0.16397939255190985,417.36008672302415,282
18,283,0.20558003032233135,-3.45168421036837,283
18,284,0.12895593505391975,15.85214739244802,284
18,285,0.2434680993644724,-166.4831543562721,285
18,286,0.24671763148536108,165.98914039898355,286
18,287,0.14200104394427346,-32.7209517016118,287
18,288,0.24909634284123733,139.1337405429915,288
18,289,0.20605571118302196,168.04494525570533,289
18,290,0.23573776467231056,248.6671460852189,290
18,291,0.20643337443706844,-39.77041627867972,291
18,292,0.24192514767328946,46.056434491612094,292
18,293,0.2201292673086276,21.917415945341972,293
18,294,0.17945804163726076,-38.66002957901232,294
18,295,0.24199121091407402,-67.04566070992014,295
18,296,0.2431891163524172,-81.84625688825669,296
18,297,0.24371953975967126,-7.671616573566453,297
18,298,0.10121690399592057,59.6004749555121,298
18,299,0.11425788425799648,72.65697388978239,299
18,300,0.2497705792536014,90.40705522448889,300
18,301,0.18338217600240456,70.69513526921725,301
18,302,0.2291423295453096,-8.656188105698806,302
18,303,0.22777208822280792,-24.07219720184581,303
18,304,0.24752014956221252,-166.65041384170698,304
18,305,0.2374260605865678,98.66324198916304,305
18,306,0.10886873892263033,-55.02962268570798,306
18,307,0.11535433254953337,3.6801860226576224,307
18,308,0.2439300727504274,189.75558565202684,308
18,309,0.24937984925369905,78.19415876751583,309
18,310,0.24591951586359692,59.89590378639395,310
18,311,0.19046204946798015,-4.829428404092407,311
18,312,0.22425496947936155,-44.75448008523598,312
18,313,0.24210479083562791,117.87994187524544,313
18,314,0.21968938802385254,-15.508714651105802,314
18,315,0.20656300715850764,210.04942262208894,315
18,316,0.2199748961145974,116.5770837759578,316
18,317,0.2466139024461775,-15.136322974442383,317
18,318,0.07280436057973784,-32.65565183045633,318
18,319,0.20840811261643707,-15.99409435570468,319
18,320,0.23009764328160892,507.8966086892218,320
18,321,0.11481058954910889,77.79475200615342,321
18,322,0.14512975678155493,121.20031327223177,322
18,323,0.12891424782025895,-40.69602232523263,323
18,324,0.22319130969097545,9.74515592723749,324
18,325,0.19386335854269376,68.32773393706194,325
18,326,0.24900568246278756,74.72215655109704,326
18,327,0.21940516861858508,-17.493200703299937,327
18,328,0.1765523945923907,-62.53068253401914,328
18,329,0.23344960162536246,94.56106505783866,329
18,330,0.23335307053411106,-0.4312887780113789,330
18,331,0.19741979888731157,46.1300341836688,331
18,332,0.24985347958416013,-292.76110080398627,332
18,333,0.168960470649537,-21.486880587868043,333
18,334,0.24891908431998244,16.30933810762873,334
18,335,0.20246137419253105,-36.46181151696986,335
18,336,0.06034158191121369,-2.528971185020427,336
18,337,0.2103536876961743,-330.30723600744176,337
18,338,0.17175711699841,-94.94136408013401,338
18,339,0.22548430165200176,63.92009657397835,339
18,340,0.22058933232919625,-66.74017763862099,340
18,341,0.2423874328224342,-141.29729737346528,341
18,342,0.24712514733337543,-41.075268197917765,342
18,343,0.2496240925581942,68.7647212800517,343
18,344,0.2277464234506334,60.19497323161431,344
18,345,0.20139048498000778,-51.757591863426384,345
18,346,0.2366478426453156,-115.19726640315156,346
18,347,0.24995271305058886,97.32082967824492,347
18,348,0.19637252664691887,36.29695113911998,348
18,349,0.09294631856466389,19.53430296240252,349
18,350,0.23750177739459893,-13.662148683522872,350
18,351,0.24979308682469262,311.8301129689589,351
18,352,0.22175815126432474,107.80886132344915,352
18,353,0.218047157472928,-19.577680732039646,353
18,354,0.07294686112593614,29.501683040343543,354
18,355,0.24144803202763637,-9.507482481927807,355
18,356,0.2064033447394213,-61.97795635271804,356
18,357,0.21517587141674138,-251.2119639176825,357
18,358,0.156602671866069,-16.443462509507107,358
18,359,0.15349138069400434,-17.668400330237994,359
18,360,0.06365952951980354,-28.42369631540368,360
18,361,0.23412320822701155,-28.009569716592274,361
18,362,0.19322542317517152,-16.27500793237588,362
18,363,0.24998957078282782,-186.27920074431964,363
18,364,0.22187942914438225,335.1372614261263,364
18,365,0.170947411901457,-64.82102335536554,365
18,366,0.1747268934502709,-9.619442311800332,366
18,367,0.24660855782255015,-46.09809893058865,367
18,368,0.19844972059898927,-33.42925549743369,368
18,369,0.24826697784855997,-128.83058012082108,369
18,370,0.20778668349620494,-25.58435629431314,370
18,371,0.23665845002471955,81.15616322539387,371
18,372,0.24618756365231423,246.8041323810961,372
18,373,0.2098409770487475,-16.10504455087231,373
18,374,0.13778110668692473,-27.71150782451982,374
18,375,0.17804743973505657,-0.08553655723050098,375
18,376,0.2407319946272767,-385.9203630725275,376
18,377,0.1912030560876953,120.85532265795605,377
18,378,0.178827335933372,-33.01899170285788,378
18,379,0.20310660472027667,25.080914833043344,379
18,380,0.24830770908754538,-187.2627122338737,380
18,381,0.15605913996605336,-1.8207500858555554,381
18,382,0.18310537587672432,-301.10791959547294,382
18,383,0.24995746009248443,-476.20354513330767,383
18,384,0.24335855103163243,182.2458742490918,384
18,385,0.2486970798625636,222.4487694590963,385
18,386,0.161029194449541,-7.240277509315906,386
18,387,0.249635743624691,-133.18123508877872,387
18,388,0.23971562384748454,16.221613569941443,388
18,389,0.19302465808726982,29.48517814544102,389
18,390,0.219199825321648,-139.90631000600837,390
18,391,0.13428993174159629,57.209757079194056,391
18,392,0.10337316997097729,-54.955656723054105,392
18,393,0.08112190832124903,-3.5137731265746575,393
18,394,0.19861525414191133,-27.75334766855787,394
18,395,0.24984463115677427,-263.80476527472314,395
18,396,0.16690943928249122,-5.943659408280595,396
18,397,0.18206099399063502,67.64423838826568,397
18,398,0.15456637350370545,-12.238112651659442,398
18,399,0.24214584580373316,-171.2777513006583,399
18,400,0.2464679252822503,35.64945654439959,400
18,401,0.24911056992655978,-75.13665576965764,401
18,402,0.23049700474439272,-12.927161199027417,402
18,403,0.20791913601906847,65.06364355402906,403
18,404,0.24790131628706535,-47.86444451448198,404
18,405,0.1659660500424566,-25.096317604928295,405
18,406,0.24238901452593467,-196.33768878502443,406
18,407,0.24127089630973353,190.86791979170522,407
18,408,0.20832865606785764,-74.65541578240027,408
18,409,0.19748023686329821,81.17351437386542,409
18,410,0.24974188780468262,-185.50817162055208,410
18,411,0.24995981977953738,-74.16897576906989,411
18,412,0.17800745200739834,309.35987737824235,412
18,413,0.1797550092199092,84.19906809497871,413
18,414,0.23958150432104264,150.40102019714433,414
18,415,0.248556917982499,89.13632387436144,415
18,416,0.23789025504731537,-121.60329094965354,416
18,417,0.17385933706110293,108.62412495708656,417
18,418,0.23050667863299126,-5.750452800749631,418
18,419,0.21140732774884577,-344.44179343778694,419
18,420,0.24305867913298146,-203.12777200436594,420
18,421,0.1764518536628217,-23.033774635187896,421
18,422,0.24224186823282712,82.27272972284807,422
18,423,0.2414446123909613,80.36173742111609,423
18,424,0.24951779743723593,68.35084569215576,424
18,425,0.09354255983209311,-6.138592133984302,425
18,426,0.2445827875210547,15.187036136434054,426
18,427,0.13244168449577987,39.82532923387522,427
18,428,0.18761266119112338,52.33443822458855,428
18,429,0.18134333199993252,121.43918495274272,429
18,430,0.16585976171161687,41.531062908905575,430
18,431,0.24995946276417105,108.11540355586699,431
18,432,0.10902048245979427,-0.05559327749107131,432
18,433,0.15000934735895233,-4.472072456470597,433
18,434,0.1017360662180059,180.91180598172005,434
18,435,0.24545576048657486,42.817545179345665,435
18,436,0.23522286598523937,-333.07968969521903,436
18,437,0.21591557149051857,-162.70268904423665,437
18,438,0.18450043075821165,-35.80754701672454,438
18,439,0.2497758695154539,-291.1605917719562,439
18,440,0.2442509870203834,136.7849423671079,440
18,441,0.24927321566390048,-139.37607221484564,441
18,442,0.12027509241187914,59.70948200701684,442
18,443,0.19832715714522905,-39.988250324395835,443
18,444,0.23010683634718002,-178.11034068837057,444
18,445,0.24735358468068627,-58.07376170211317,445
18,446,0.20337292257437523,91.03484896099137,446
18,447,0.08850164432196685,-0.14065353712348286,447
18,448,0.22663409156692016,144.00601820141432,448
18,449,0.1626910308502738,-51.77547234307788,449
18,450,0.24244451650244345,-211.97853642944597,450
18,451,0.23421559178516888,-296.44999987081115,451
18,452,0.12626039518848498,78.16169069242439,452
18,453,0.2265524782792152,59.21643591377257,453
18,454,0.2052997192043282,-15.671071417192918,454
18,455,0.20410625437081042,106.06350219832774,455
18,456,0.24274728530612993,-101.52012203300055,456
18,457,0.2366634451464464,1.2423600495471838,457
18,458,0.24571029028019398,-200.187060109888,458
18,459,0.2446462883040385,86.18547408820812,459
18,460,0.23791383543197253,234.16448680279476,460
18,461,0.16181695118627262,-32.56305018467631,461
18,462,0.23890358201925013,-12.20271590821056,462
18,463,0.09960911018638986,10.735007054623413,463
18,464,0.22729301502737273,-70.04524603839486,464
18,465,0.1977014414828178,-13.290547401820284,465
18,466,0.12523209275252162,-178.62628582938132,466
18,467,0.19584037972931098,-57.4579621536686,467
18,468,0.09876655934676629,28.35331492556662,468
18,469,0.1833302275607708,-35.884368969685056,469
18,470,0.13532030400006892,91.26027420962635,470
18,471,0.22943565071983188,55.44543132755616,471
18,472,0.1837133432244853,-173.13910357220496,472
18,473,0.22062579707945076,-77.13147969413494,473
18,474,0.17625934496126824,110.62615388193586,474
18,475,0.24743571117182037,189.7895353129289,475
18,476,0.2426702765265505,-19.194071438642943,476
18,477,0.19494272995622464,38.010412273731276,477
18,478,0.24779089262316087,-103.7958477978932,478
18,479,0.16560336404049827,-9.908921683413068,479
18,480,0.2208885138706296,144.44582060167667,480
18,481,0.1286653428523032,-94.45828775316707,481
18,482,0.24661645057188877,-214.11321386470325,482
18,483,0.1778472107379754,71.95596505830666,483
18,484,0.23600129160385336,-73.19395449589548,484
18,485,0.21595230431569395,-38.334452928251466,485
18,486,0.2450202898080236,-59.38232193454423,486
18,487,0.2253636376624077,-71.04661577499768,487
18,488,0.2093251099938749,47.136453781884654,488
18,489,0.24999204343400672,-20.97192346206819,489
18,490,0.20313424562763097,-82.47982397561475,490
18,491,0.08633940794357434,24.748757918816118,491
18,492,0.1808358900425135,-0.49199723406692075,492
18,493,0.22988325188903877,-14.56755053977513,493
18,494,0.24435189300933627,-167.97955294020466,494
18,495,0.24593856040155976,270.60260784582607,495
18,496,0.23233641685888046,-104.33938985965196,496
18,497,0.249281157535345,145.30976269313936,497
18,498,0.07015580267352886,4.789210455676564,498
18,499,0.1481886556959,-289.7164294028995,499
18,500,0.18272431666526937,90.23940752499335,500
18,501,0.24492892271194788,-46.01075458393352,501
18,502,0.19778804451790802,84.1502458321697,502
18,503,0.2475236113710392,23.101499242734292,503
18,504,0.22239468725691308,347.9736426683305,504
18,505,0.23162921533632072,-64.8063936679556,505
18,506,0.23911879724033952,69.91051710968168,506
18,507,0.14687780494223174,60.177896145875586,507
18,508,0.11046785756953133,-11.591424802675402,508
18,509,0.2409292284591613,-348.3677854801514,509
18,510,0.2446108642308054,-336.5825920527111,510
18,511,0.18125934036982363,-33.982219292018954,511
18,512,0.21578109962515057,158.15005772103413,512
18,513,0.23835588835741095,50.85208851185262,513
18,514,0.2474099511983402,16.799251441962603,514
18,515,0.22251244694004482,-24.753399262421194,515
18,516,0.24984967526401197,-207.89597129703785,516
18,517,0.23226486718607575,87.12053996259877,517
18,518,0.18075595035241387,-145.615037215878,518
18,519,0.18437533190701924,3.8681477899175185,519
18,520,0.10349660505845533,39.288774103304924,520
18,521,0.1878049305028179,97.68819436223262,521
18,522,0.16038616836389405,-4.856019151942058,522
18,523,0.2259593840130862,173.1506672059396,523
18,524,0.24116765285859434,132.90090248233466,524
18,525,0.24317729127859153,99.04435287840116,525
18,526,0.2317976538230816,-228.1988700959964,526
18,527,0.22529191845639115,-66.47735357979143,527
18,528,0.1844212291078352,36.273574453619304,528
18,529,0.19603198305258734,-13.00371052708169,529
18,530,0.20071874457620226,-184.00507148995322,530
18,531,0.24517471655299494,205.48842868791797,531
18,532,0.07558564612877,30.52858241514405,532
18,533,0.2322918289709697,123.74212158884085,533
18,534,0.20482548430691383,38.80467379191302,534
18,535,0.24882561775326387,88.08861868281114,535
18,536,0.17008816557366702,-19.363469963915286,536
18,537,0.17659728785994466,-37.90193752516933,537
18,538,0.1899016124477833,94.89003990771165,538
18,539,0.24936518458917017,658.9823774020244,539
18,540,0.11458441750410538,39.49797135936335,540
18,541,0.24725545811951757,57.53865893148168,541
18,542,0.23298657952069635,-14.322623950718931,542
18,543,0.08412008750395317,-52.27097178560367,543
18,544,0.2468141285429618,-83.0948563811844,544
18,545,0.1101454189717036,55.64883218397447,545
18,546,0.16116471183971354,-14.421733651700617,546
18,547,0.24997800345132512,18.936198881702722,547
18,548,0.24995289862082992,42.53527645989454,548
18,549,0.2135699695090313,98.80814577064959,549
18,550,0.1579364530919476,59.42204827829959,550
18,551,0.14694316872946594,-34.21583956032783,551
18,552,0.23429451209784055,62.03276692122185,552
18,553,0.15875185684823398,-12.2178849400108,553
18,554,0.1829718724030907,-57.33672907658749,554
18,555,0.2464283058201808,-222.27866294394028,555
18,556,0.18866931728675698,60.69871888736698,556
18,557,0.12691609177854432,32.960178864990816,557
18,558,0.20440154110871975,146.29989987208913,558
19,0,0.229979876362336,4.016102751965828,0
19,1,0.18651621050412784,-14.807125522509939,1
19,2,0.1314129501380811,-121.00823235581275,2
19,3,0.1768724592526671,-35.87362425432222,3
19,4,0.1760492622091635,-68.97980687501104,4
19,5,0.2499227952635765,-230.45830040226596,5
19,6,0.24050499400217312,48.878135802332054,6
19,7,0.24981797403170827,-203.98052414278155,7
19,8,0.23435507224293203,-246.3494259236523,8
19,9,0.24995939197010913,65.89689975373719,9
19,10,0.24557438181024652,56.39068001056588,10
19,11,0.24986831894533254,-89.95095638408476,11
19,12,0.20148148117263978,-11.975361208731705,12
19,13,0.2471115110835527,332.87219794780503,13
19,14,0.1305356985550715,258.2057681650436,14
19,15,0.24823014618433503,217.3436486062538,15
19,16,0.2482563103564466,-95.82254727500347,16
19,17,0.16461704601106117,-201.51158215411698,17
19,18,0.23871792015162255,69.26104915594023,18
19,19,0.24784596909803913,-132.05761536148844,19
19,20,0.17293000279775236,-6.3700628996599455,20
19,21,0.19419753911896012,144.51998491570333,21
19,22,0.2468121460966214,-427.4135409535375,22
19,23,0.1692324671302216,39.69575550350894,23
19,24,0.18669858746182205,-3.3778286579605483,24
19,25,0.24753577835999316,65.93813872636292,25
19,26,0.06772365668636807,-3.8460928580473457,26
19,27,0.21317130623219382,182.23269972772084,27
19,28,0.23977054628834785,-76.46733035024631,28
19,29,0.23930572806820946,-39.237373787533755,29
19,30,0.22163413012188318,104.26857041501727,30
19,31,0.16889801655018058,352.88222962326904,31
19,32,0.20258904237088907,3.7497162740187937,32
19,33,0.24554213139201814,-204.70052070669112,33
19,34,0.24709612722567234,2.2042557694435114,34
19,35,0.1815381860136584,-4.4162818925722,35
19,36,0.24979512525633543,-215.30290641129054,36
19,37,0.1560933336277204,779.4052359849487,37
19,38,0.2480394906134493,201.2189788381791,38
19,39,0.24135167675389463,66.39603846767565,39
19,40,0.246050465666929,-113.241666766917,40
19,41,0.22129403260030334,-357.5724464117596,41
19,42,0.1155139004039339,-6.741041192512327,42
19,43,0.19901560091263892,32.71006400448654,43
19,44,0.20962976102222086,-27.324203501547085,44
19,45,0.24597557080435664,45.197521868960266,45
19,46,0.24792726491454548,66.61674031509789,46
19,47,0.062009058539203556,30.821212868690445,47
19,48,0.18101912897079772,102.12965979748708,48
19,49,0.24913705731343805,156.6940584433675,49
19,50,0.24955091044166317,270.73558697274433,50
19,51,0.21620216970318218,-227.87736624292987,51
19,52,0.24954524735366723,72.53406813256089,52
19,53,0.2238946064843522,147.6846802277054,53
19,54,0.07819740160214832,-20.601332013401716,54
19,55,0.24762708553989862,151.31732537669984,55
19,56,0.23952754953747132,181.44626892386108,56
19,57,0.21789879483896563,76.66730266459284,57
19,58,0.24954802929589773,229.6419611142807,58
19,59,0.032853782854240676,0.6652402415482311,59
19,60,0.24713032884059033,-30.470265507500173,60
19,61,0.16321639356027734,54.188546162670036,61
19,62,0.22426124432633757,97.81202926381567,62
19,63,0.1918178146659769,-39.10683073710176,63
19,64,0.21766965357086707,-187.3433953834637,64
19,65,0.24604234827330895,-39.61763597225274,65
19,66,0.2349208344060264,310.8621787734216,66
19,67,0.24861707743330813,271.03949961656787,67
19,68,0.24725667680640018,-174.53874067598727,68
19,69,0.2031905813190451,-6.649941371685528,69
19,70,0.2491101642822648,76.93387808117208,70
19,71,0.23485120753015354,-279.28150302453554,71
19,72,0.194749050520785,-62.8542763203906,72
19,73,0.08970446233450124,18.051006766745203,73
19,74,0.2165165227056068,-40.33445969538545,74
19,75,0.22867196412103197,54.656627182775104,75
19,76,0.2484691271218271,-271.72222667671866,76
19,77,0.1331612011889476,107.09227308791888,77
19,78,0.24363878166933575,-16.605402775738828,78
19,79,0.23475815161780564,-272.30467163428193,79
19,80,0.24845594158211273,-98.07014035888025,80
19,81,0.20341761579900866,127.1949436103565,81
19,82,0.1915663778194423,28.533438279631664,82
19,83,0.24851213853247375,155.63537473606368,83
19,84,0.049863028708754024,-9.09780277148375,84
19,85,0.12519242095870442,-8.096098921810173,85
19,86,0.16076902776826726,-77.57949059239132,86
19,87,0.082281119821598,-3.865522599497506,87
19,88,0.23544443764248582,24.21328835507618,88
19,89,0.22354025823088808,-21.771432125967664,89
19,90,0.23871265583914578,171.0461285175067,90
19,91,0.24979982131944836,46.18219057464405,91
19,92,0.24095103417718197,-209.01299118582875,92
19,93,0.12232652281546955,30.610575451192247,93
19,94,0.23629160159824195,5.62530999104617,94
19,95,0.16367536127937965,-387.0903217749363,95
19,96,0.24996411374714378,-149.3373570712395,96
19,97,0.1770419472917036,115.05311727505728,97
19,98,0.2486885093152267,-20.487170191660994,98
19,99,0.2499227952635765,-271.3707093860059,99
19,100,0.20476715344377533,134.0171830408344,100
19,101,0.21257141611925837,-127.28576545120151,101
19,102,0.24619549907594568,-305.82010191636067,102
19,103,0.12487374669780266,-6.922515590950012,103
19,104,0.23929615403500318,56.694043938559275,104
19,105,0.20696281027236066,-30.49986623633356,105
19,106,0.21336255087725167,-22.91547792052347,106
19,107,0.2204939827520506,-3.820981830275148,107
19,108,0.2410220943718378,-45.998381872239584,108
19,109,0.23464047251852885,156.77794742079672,109
19,110,0.16439992307695772,-15.482328051901872,110
19,111,0.1614997574764655,-25.114612650689878,111
19,112,0.2230087712301297,178.7146110164988,112
19,113,0.22702300508492537,-49.97448807832935,113
19,114,0.22861682775340378,-40.34945904214746,114
19,115,0.24659767532733887,-100.76055936649654,115
19,116,0.233251267693455,-140.9517734468978,116
19,117,0.12936563433670417,73.83370199818435,117
19,118,0.1706265233727127,-13.390679863662896,118
19,119,0.11666556317723126,-14.890326775711573,119
19,120,0.24141244495405167,-27.987326802095048,120
19,121,0.2029013978384401,-5.027157845941596,121
19,122,0.18685002586051602,-32.432492640046306,122
19,123,0.22208340262316087,-321.1636955800134,123
19,124,0.24891095601905308,108.65201708259582,124
19,125,0.24731117662828425,-53.15253166274472,125
19,126,0.061281512122975564,-1.032184624309433,126
19,127,0.21549011914466443,38.45731235071271,127
19,128,0.2366224568667818,161.27088929498382,128
19,129,0.24751436122113601,81.74932679544354,129
19,130,0.19596330738279058,29.456559818767463,130
19,131,0.20995447892582536,267.3550639866261,131
19,132,0.21264720061288078,-16.25818967872098,132
19,133,0.21926315859156412,-117.99463884261536,133
19,134,0.22945540259986316,-394.39558821057733,134
19,135,0.24032057066294918,-287.81083079863345,135
19,136,0.23558365658225397,-316.14916083207936,136
19,137,0.21035012038747009,243.33024215033072,137
19,138,0.18729217633282896,123.21470623984038,138
19,139,0.11199405395492046,28.674335836539697,139
19,140,0.20970022523270831,-17.282217547432793,140
19,141,0.21829919303685538,-47.5337550550345,141
19,142,0.24705119031560843,24.025433812375667,142
19,143,0.2144164857467537,176.50198513772042,143
19,144,0.24998250262511082,-26.536299043847936,144
19,145,0.23169709830850405,92.59387628033205,145
19,146,0.23810798349240098,49.807097285776315,146
19,147,0.2269215964149846,176.98465088674425,147
19,148,0.24079512739574013,-312.523264298072,148
19,149,0.2374261247759055,-132.10890445057728,149
19,150,0.16155148935124042,8.493391927859516,150
19,151,0.11917597692403084,0.4207522761616067,151
19,152,0.10683344362775737,471.7789370020376,152
19,153,0.15617881488900767,-3.3672990436698473,153
19,154,0.24917931425147316,447.54448041630144,154
19,155,0.23844018638528544,-34.34600117551862,155
19,156,0.1510213955209974,-99.92838074441285,156
19,157,0.09114526135944626,13.195116924973359,157
19,158,0.22892890050388678,-26.913381620987405,158
19,159,0.2289520707774136,141.68953886330226,159
19,160,0.17883819586215827,130.08468328976255,160
19,161,0.18388445641399592,23.1600725739386,161
19,162,0.19011948103812856,34.870496150233755,162
19,163,0.24423199996495612,-249.87934023082443,163
19,164,0.21640906457265374,62.527535689263516,164
19,165,0.15682440907618,64.5438927095347,165
19,166,0.20322548085653905,52.57271841715695,166
19,167,0.2437978790404963,-165.1517429779791,167
19,168,0.249966679077443,87.07145447523497,168
19,169,0.2468881507324954,148.13276616781215,169
19,170,0.21378420718628216,89.6293296648682,170
19,171,0.11655780336060033,-7.429649903876194,171
19,172,0.23401913565818352,17.376668362609987,172
19,173,0.19200945680509154,-35.976349461150285,173
19,174,0.22325860299414987,-59.93951617426279,174
19,175,0.24983405897996355,35.16839513978273,175
19,176,0.24370217597725757,24.358814331532912,176
19,177,0.24847982419727274,-71.17404488129421,177
19,178,0.24975080395427535,-227.64701278162445,178
19,179,0.19297581607713613,-13.555649735452006,179
19,180,0.24325225321356628,-282.27835318450514,180
19,181,0.22936726654538594,-55.149687431788294,181
19,182,0.2220799289159742,220.65181582873203,182
19,183,0.24783020793380367,114.73871378348717,183
19,184,0.22157248690715028,-63.28236533315916,184
19,185,0.24782313290434177,5.388038863906578,185
19,186,0.24998630853157267,69.66384992763945,186
19,187,0.24935182496070857,59.07915644734862,187
19,188,0.2474028809128458,81.78812997046819,188
19,189,0.23972377505240303,-15.193280713804402,189
19,190,0.2480261996646183,-121.74160356777523,190
19,191,0.14733619216706334,84.9938248865979,191
19,192,0.2489734525943123,111.6364702508625,192
19,193,0.2153186672277073,-51.67985449407465,193
19,194,0.24203813729478862,-366.35720002611976,194
19,195,0.24984382865334492,147.3093966801928,195
19,196,0.13966366879154318,-3.284399136010406,196
19,197,0.18876834768251113,-45.51937678907053,197
19,198,0.2226722028723886,177.78265016588935,198
19,199,0.24697700642702813,-287.29276014874,199
19,200,0.17957651612598732,-21.58595093791504,200
19,201,0.2474353704605387,-28.34435272074964,201
19,202,0.1638888166406966,113.17560469613174,202
19,203,0.17468613774574762,77.82202456319041,203
19,204,0.17768099094747672,93.51832780907422,204
19,205,0.18600177742755575,-30.73619366995537,205
19,206,0.20026242634114955,-100.0098740232731,206
19,207,0.24112295406353615,-240.67522421667485,207
19,208,0.11335037856604824,-14.33741251663697,208
19,209,0.24846274123765416,-39.44634873869785,209
19,210,0.24454955691177882,-54.58066530408959,210
19,211,0.21831594059234635,-144.506506667208,211
19,212,0.22914299103187646,-35.13642831274086,212
19,213,0.24016016218491015,254.5927128316969,213
19,214,0.24978286563593405,321.89991023714447,214
19,215,0.18640549711459423,103.8438189653662,215
19,216,0.23917833883902084,39.41539160897563,216
19,217,0.18332156315047562,-83.07558076433028,217
19,218,0.24816792526533635,220.88000009965904,218
19,219,0.24969189793818353,46.50968997997916,219
19,220,0.19020465039598705,-43.185260440956746,220
19,221,0.22689324800626395,-29.884608704583744,221
19,222,0.24995203445008735,368.95893962126354,222
19,223,0.08346572668923985,-339.61554249746086,223
19,224,0.23497050611038608,170.73280277330818,224
19,225,0.22150532299454337,222.699481074247,225
19,226,0.24649621520192255,113.68892752310369,226
19,227,0.24363530890150645,-188.49741921945713,227
19,228,0.18930234796462242,113.81032995473649,228
19,229,0.1959224340706566,34.82027399613149,229
19,230,0.22878406707346285,-14.017633685226938,230
19,231,0.22314598703894695,144.67910778939904,231
19,232,0.1298093644869157,41.42007802018326,232
19,233,0.23847512141995653,-151.22855675262252,233
19,234,0.24206713223207352,-143.96807078854488,234
19,235,0.0946986959339859,-25.240451312633986,235
19,236,0.22378867716818085,164.69898176193976,236
19,237,0.24854628715369878,-497.9794788372113,237
19,238,0.23533302801466538,140.67658722380756,238
19,239,0.24981350140938294,-52.35420227441526,239
19,240,0.24857516447391895,10.132485944956814,240
19,241,0.21740948288119155,208.84947333377863,241
19,242,0.17042716853961024,134.1240187815904,242
19,243,0.12203424063484453,68.5937371499711,243
19,244,0.21787451635187402,62.74236190479375,244
19,245,0.1646481352750435,-189.59003400686424,245
19,246,0.0784295188606924,-1.8340696473549345,246
19,247,0.21359556261523788,-36.78935048681241,247
19,248,0.1809256513118005,46.63970096269864,248
19,249,0.23424939031595907,43.37844508037203,249
19,250,0.21862878645652792,77.81401412908536,250
19,251,0.1872583920894303,-0.12881543885454805,251
19,252,0.18000736687308758,-124.96943626972217,252
19,253,0.21789691349998466,-28.909202260802,253
19,254,0.15877183240452153,88.14255028926993,254
19,255,0.24876154983979387,252.19208061665884,255
19,256,0.1564614872328295,-7.473750328216072,256
19,257,0.21787829201082717,145.78949525549982,257
19,258,0.2433945230677903,32.02232751110276,258
19,259,0.21915826974487715,-20.723769078067658,259
19,260,0.11468885680030882,210.61982110907726,260
19,261,0.16131905554654719,-23.014600667184347,261
19,262,0.24876273501495474,942.8170052927538,262
19,263,0.24398683891821699,-110.38236045969825,263
19,264,0.2342774708237598,314.60605168140467,264
19,265,0.18178599385459157,87.0304547813915,265
19,266,0.24548199466697082,117.47279081010261,266
19,267,0.2160850291873322,-45.20422835504527,267
19,268,0.24998677539710423,-299.0231371356466,268
19,269,0.23785263107526078,101.15960776538974,269
19,270,0.16696142273403305,-1.5212909082812147,270
19,271,0.22132548835769184,-276.60186704950416,271
19,272,0.21973699681180273,-46.30423999028336,272
19,273,0.08996853465147223,-179.84478254223595,273
19,274,0.22137345184891902,-101.11572549520248,274
19,275,0.24861503851262565,100.81422967947974,275
19,276,0.22905033439195777,-133.38118312169706,276
19,277,0.2211118769164705,-120.27883791694742,277
19,278,0.18715465680227145,-6.361420708185893,278
19,279,0.17949401995886605,4.367839678212722,279
19,280,0.2498999659612947,-219.13657516739934,280
19,281,0.14890370201696687,-19.08626895147717,281
19,282,0.20772502582462446,597.9225602456033,282
19,283,0.20158529958068847,-9.045152097016254,283
19,284,0.17231269180753025,25.5286563849287,284
19,285,0.24890490634243614,-142.7877681229844,285
19,286,0.2485852228901325,190.24206170334747,286
19,287,0.1372975263387782,-28.11197838584444,287
19,288,0.24664321653264684,131.5467224470766,288
19,289,0.13140727261004553,64.16690513727569,289
19,290,0.22996509637295787,214.30283713804712,290
19,291,0.19272259335046343,-28.02999856968379,291
19,292,0.23668478469210943,33.01230750568783,292
19,293,0.2257866461730008,15.816711405585977,293
19,294,0.20512736180547622,-22.039391325264386,294
19,295,0.24228187318219896,-61.909826985138174,295
19,296,0.24485061136699726,-66.94768976063008,296
19,297,0.24914921006372828,0.24398534143699635,297
19,298,0.10667408164153538,62.38224534415571,298
19,299,0.14445799819960503,96.81771804420697,299
19,300,0.24739826241616047,86.02855794413547,300
19,301,0.19301695691024337,82.7189278773672,301
19,302,0.22678763204631794,-16.58123251357716,302
19,303,0.22993901386050233,-21.930779889933596,303
19,304,0.24609381571242628,-176.00156035394656,304
19,305,0.23370844521845627,101.5249107457709,305
19,306,0.0797369061582529,-29.01633934002598,306
19,307,0.10361556314520319,7.473667820277546,307
19,308,0.24688235577192508,187.31139730932642,308
19,309,0.24866231014849588,76.8979453279554,309
19,310,0.2499995896013549,56.38185978899727,310
19,311,0.18966810367556194,20.788842323828522,311
19,312,0.22213701915606554,-43.17694216270896,312
19,313,0.16992874136963432,67.99818658413066,313
19,314,0.23096569166649983,-27.986769640733815,314
19,315,0.2125316994262454,207.44950192878704,315
19,316,0.21582037172946797,116.80550283799145,316
19,317,0.2015923117967048,-25.489949593553284,317
19,318,0.073775280503356,-28.513864894825197,318
19,319,0.20067996336701704,-13.300185246542881,319
19,320,0.2430498811803898,524.9158391403108,320
19,321,0.08632461145454891,56.72116094034217,321
19,322,0.10956616693829206,84.90846700662313,322
19,323,0.24774130229148733,-47.77775677914868,323
19,324,0.2198580978313492,30.17193942234244,324
19,325,0.19626664002901098,56.295550362271584,325
19,326,0.24381922896802408,70.43467963471144,326
19,327,0.22635239265393017,-6.961504524975135,327
19,328,0.1923642899557088,-75.71176453820593,328
19,329,0.23247849167687973,96.77513072990607,329
19,330,0.21942429655260054,-7.583443906410411,330
19,331,0.2065788842377304,55.54277428773128,331
19,332,0.24313560954211083,-241.6714070809297,332
19,333,0.19009799477404526,-23.524344444462567,333
19,334,0.24989776205241984,20.929036799396997,334
19,335,0.20472838098043833,-32.29004617823129,335
19,336,0.07372529745044688,-3.4421890270112927,336
19,337,0.23944415864747684,-678.4474251327746,337
19,338,0.1899861900622417,-76.05257735172617,338
19,339,0.22127280528605167,55.48148900896527,339
19,340,0.21830216532831745,-86.60363752614742,340
19,341,0.2434684908342873,-170.6283461734235,341
19,342,0.2396966994504284,-46.96893242820075,342
19,343,0.24994999161051606,74.8504956151384,343
19,344,0.18740412766355516,-47.30283996952125,344
19,345,0.20139118215947133,-50.738103346404344,345
19,346,0.24979192404539374,-159.38852797324478,346
19,347,0.24943129756445445,104.77269274179488,347
19,348,0.20254575631485588,373.0258115594918,348
19,349,0.0992579380706163,23.542227751745123,349
19,350,0.24260168551248382,-24.263309558468947,350
19,351,0.2499607261938164,304.67627861659633,351
19,352,0.2336680543115981,97.4786295744744,352
19,353,0.2061761841664916,-9.04902670618488,353
19,354,0.11558473994681219,27.308152951728083,354
19,355,0.2341279227832472,-9.054002238724534,355
19,356,0.19863691317717705,-36.25378461264478,356
19,357,0.22832907734054836,-248.35425913277214,357
19,358,0.16035223951880562,-15.593796732902936,358
19,359,0.10731062336890596,-5.00503900314342,359
19,360,0.1201614287734099,-82.30115933306416,360
19,361,0.23600226375376948,-35.05268432818203,361
19,362,0.19460535795287867,-15.340434259085157,362
19,363,0.2499137798758705,-213.73146716936068,363
19,364,0.24352260481586036,335.00819362352826,364
19,365,0.14502487894974112,-43.850198279083365,365
19,366,0.1843854136683478,-12.813145154547772,366
19,367,0.24890836438119462,-55.780217407978895,367
19,368,0.20893367306033395,-39.691499929511465,368
19,369,0.24697773755237834,-132.38050993296184,369
19,370,0.20033976101354886,-18.11467870134367,370
19,371,0.23572830586828386,85.00882921263313,371
19,372,0.2484185983099436,203.63950994472947,372
19,373,0.21074019441432462,-16.82946353809477,373
19,374,0.15275039422853673,-33.07972408724895,374
19,375,0.15274956803829118,-1.8483726008196317,375
19,376,0.24630600191075547,-365.95312731234424,376
19,377,0.1865216491326607,102.8225686046607,377
19,378,0.1733982589729651,-33.16950589980999,378
19,379,0.20905770081411798,28.84433915621406,379
19,380,0.24997670855537601,-178.2380362732173,380
19,381,0.15607907473560487,-2.6625716343727928,381
19,382,0.18258552756240384,-292.2173160359973,382
19,383,0.24999989163394756,-484.8391629528787,383
19,384,0.24622508749216807,195.36952955414338,384
19,385,0.24963111279046285,211.5346469202455,385
19,386,0.17115181113062827,-15.422160278255749,386
19,387,0.24847449675070707,-165.55780234470694,387
19,388,0.24154254680987788,35.08876265247578,388
19,389,0.18730212449380068,23.509141242675135,389
19,390,0.21629189160675327,-157.1336543960201,390
19,391,0.08069883546484505,31.588899051827287,391
19,392,0.2457187327281719,-189.55656657927042,392
19,393,0.08566269910173925,-3.835149785864722,393
19,394,0.2083352767223674,-37.04782374572031,394
19,395,0.24862290044444588,-303.4013979459688,395
19,396,0.18473513925702842,-13.43091352179497,396
19,397,0.18356757501680707,64.62367762279106,397
19,398,0.15440541203283742,-13.97210915014146,398
19,399,0.23003642798006402,-209.36215606948127,399
19,400,0.24809246498243695,47.30067223821066,400
19,401,0.24834667805079902,-85.81900019102886,401
19,402,0.2405826173834323,-23.12331404674712,402
19,403,0.23378771991871364,78.68082374386319,403
19,404,0.24328071043945584,-50.30428109261252,404
19,405,0.13900321129997564,-24.32133398477779,405
19,406,0.24879106097684506,-301.01886088625054,406
19,407,0.2385987769789235,183.2508419092718,407
19,408,0.24213194152744055,-119.21215592195992,408
19,409,0.19977245066427443,83.05676036841669,409
19,410,0.24974411489846132,-174.37873395549818,410
19,411,0.24813971853180955,-62.756733975519715,411
19,412,0.21072939870099253,174.49773036592086,412
19,413,0.19876182367836032,60.17808884218004,413
19,414,0.24594693967599862,136.159138024851,414
19,415,0.24809504441026967,75.26605451299467,415
19,416,0.23651260309405453,-133.57810418698915,416
19,417,0.1989613162475351,119.39251551164385,417
19,418,0.23397010935864201,-17.191586647378266,418
19,419,0.19418034154161573,-367.4225574053828,419
19,420,0.2466252725443565,-200.3746739149101,420
19,421,0.1780286291682202,-25.229371044961674,421
19,422,0.24567690733437406,86.5129773713907,422
19,423,0.24972426044125712,127.53440255864416,423
19,424,0.2499600893961293,71.6644436451937,424
19,425,0.11684455326543619,-9.434700886944912,425
19,426,0.2378484275201185,24.618629518266296,426
19,427,0.10503037033899486,37.11135165668536,427
19,428,0.2239860512598868,77.55700882854366,428
19,429,0.15336676878417374,96.64125142113096,429
19,430,0.16207007688920566,33.710950976852814,430
19,431,0.24902370252759043,98.19288615680333,431
19,432,0.13499406579033352,-0.08934479068125274,432
19,433,0.13069800152056152,-3.103463493753193,433
19,434,0.05195544506920265,219.5060887411067,434
19,435,0.2442227797676051,57.69890735566042,435
19,436,0.24068162696303622,-334.534798849685,436
19,437,0.22120684482307384,-145.0109995224154,437
19,438,0.15252032457951187,-20.570986787869835,438
19,439,0.24786401020577975,-177.45681038942004,439
19,440,0.24046432709412022,140.63096748458503,440
19,441,0.24883006327571655,-148.00629356076914,441
19,442,0.10794115172646182,57.364339728839745,442
19,443,0.18356901942730466,-38.2595180068638,443
19,444,0.22056665515770332,-115.41672254494499,444
19,445,0.2456304692966023,-64.57668366776859,445
19,446,0.23052258950290272,64.86696446153948,446
19,447,0.0759697794187388,-0.15275115276073373,447
19,448,0.21209081632281795,130.0510629346891,448
19,449,0.17506750406611993,-66.9599444643006,449
19,450,0.24877992509375618,-185.7924599199399,450
19,451,0.2351796742230494,-297.50527362781713,451
19,452,0.16686252121774303,112.10896648048394,452
19,453,0.23228648666016613,78.152284416543,453
19,454,0.17005087271249514,-15.453278430680268,454
19,455,0.21955698757025194,135.0371374795128,455
19,456,0.22403769642786492,-158.3334212037106,456
19,457,0.24009999043004485,-1.9722621693184124,457
19,458,0.24997838138219017,-234.35372324938515,458
19,459,0.2481595558067772,98.641602623037,459
19,460,0.24462525543170968,316.2834328933705,460
19,461,0.20031023916803967,-71.70522406843594,461
19,462,0.2376939531118659,-20.47581434256535,462
19,463,0.09819016364373158,13.558541685713763,463
19,464,0.2448966969685549,-111.63465542840919,464
19,465,0.22982447415968457,-16.121207629726953,465
19,466,0.1353124056992317,-75.47199331022307,466
19,467,0.19383124572952717,-33.472484155054644,467
19,468,0.11659087549674978,33.80115477060538,468
19,469,0.18409851414428993,-46.73268790931214,469
19,470,0.12178768847312064,77.4076129348225,470
19,471,0.23432025564211706,50.283623709987566,471
19,472,0.18891575177541262,-163.3762778656476,472
19,473,0.211763592298549,-1.6059280927823387,473
19,474,0.15788686428130386,104.22771056169721,474
19,475,0.24630005523158027,189.82349409695303,475
19,476,0.2345866915621908,-19.455889191123457,476
19,477,0.17761141332554428,46.79784275691576,477
19,478,0.24996962962047325,-149.82818835678228,478
19,479,0.17385456178263214,-13.491155074659323,479
19,480,0.22548370235236478,117.6757284631145,480
19,481,0.13788915078152808,-80.00187284923564,481
19,482,0.24990141625747367,-249.5960277863888,482
19,483,0.18739673735162513,79.80380283404347,483
19,484,0.23241266245059194,-81.02903917612969,484
19,485,0.2182942184031936,-40.35784885511283,485
19,486,0.2482251412967069,-61.16664084988838,486
19,487,0.2269647114190569,-46.04945077669159,487
19,488,0.19270880261520654,43.69578711105618,488
19,489,0.24991476243317837,-37.72114536788273,489
19,490,0.22802438010703285,-140.668065766399,490
19,491,0.08014663852531693,26.31744049086881,491
19,492,0.20358685172215146,-0.22232026465717905,492
19,493,0.23325993674329998,-17.804595800845817,493
19,494,0.236715899300432,-203.49494897693032,494
19,495,0.24837470985734458,267.1057205384291,495
19,496,0.22902974031177034,-39.93396162801666,496
19,497,0.23330314555169362,230.34957563437135,497
19,498,0.11177998704915944,2.607030399213194,498
19,499,0.10661840586218085,-324.19007974023015,499
19,500,0.2028783517363633,102.94762938316879,500
19,501,0.24731144971029698,-37.4157642224652,501
19,502,0.21110908062553244,96.85312879592793,502
19,503,0.2489194254490302,34.83794579266246,503
19,504,0.2213536161208098,373.2634787165117,504
19,505,0.23759313199791315,-59.74297633746255,505
19,506,0.21536083283525062,95.06315744209994,506
19,507,0.1530799032074698,43.25387053360408,507
19,508,0.14728271074706809,-13.006098147585337,508
19,509,0.21647135242094692,-421.8729176435142,509
19,510,0.2379237238107224,-367.1441694405996,510
19,511,0.19509360659557834,-21.970118322602968,511
19,512,0.19793001519381737,110.79615785538051,512
19,513,0.21313235971023475,50.33999716653548,513
19,514,0.24326875150444272,51.9591617610375,514
19,515,0.23218365505669925,-18.463861779651786,515
19,516,0.24542539055966117,-174.45669656853462,516
19,517,0.22606139416906496,66.70573041199222,517
19,518,0.1905130343331263,-148.24335886400914,518
19,519,0.19575288816969197,-60.22931414768505,519
19,520,0.09296429221228922,34.65256215704154,520
19,521,0.19761595040393307,103.45190625880062,521
19,522,0.1988017835614763,-6.52776199729194,522
19,523,0.22394239163240012,191.64674693717762,523
19,524,0.23916382142314413,123.16984441457309,524
19,525,0.23106320267189603,91.69954325725877,525
19,526,0.21969844336326846,-238.57950058690196,526
19,527,0.22452566738676658,-49.91256805898426,527
19,528,0.15760399677119552,6.013139072821221,528
19,529,0.1926771887033701,-16.744633909889085,529
19,530,0.2121472593252384,-172.77906207067483,530
19,531,0.24668667728042093,269.70193284778117,531
19,532,0.08793425546091875,18.140527318441904,532
19,533,0.22099163359445903,144.45219551284166,533
19,534,0.23079644967067764,35.53207311136074,534
19,535,0.24998197978188025,68.11945033378665,535
19,536,0.16175801050387584,-19.575037016956877,536
19,537,0.17894639209213337,-43.86351337112562,537
19,538,0.18812618978982612,94.00570329136809,538
19,539,0.24938723675604302,1122.4436939042864,539
19,540,0.16860629941129382,54.71249362821743,540
19,541,0.2495703819368331,59.3135022428401,541
19,542,0.2382694979006307,-15.109991049460575,542
19,543,0.07678837627107331,-26.428629878063756,543
19,544,0.2496462039239346,-103.8785088616007,544
19,545,0.10230468191982864,51.989033424016505,545
19,546,0.16087757356817592,-15.795063298896622,546
19,547,0.24999957876498233,10.423233332573334,547
19,548,0.24850616272639073,47.155147460845846,548
19,549,0.24097031617925427,159.75725633131708,549
19,550,0.17415469365707584,65.55279336294855,550
19,551,0.12302747932249698,-15.792030836629653,551
19,552,0.2336078756471634,52.4414685534812,552
19,553,0.153018241765098,-11.540691217797258,553
19,554,0.183570473418219,-46.94378276164997,554
19,555,0.2499446913038732,-266.17738448224986,555
19,556,0.18142315696465583,54.03516654517549,556
19,557,0.10169992377617713,35.93974252907032,557
19,558,0.2166389579796719,126.03034499445326,558
20,0,0.23090621294915023,-14.098565953682833,0
20,1,0.20296861717398038,-17.81518812901452,1
20,2,0.1313235385795091,-84.38501305170367,2
20,3,0.1599296195470936,-36.969545116006174,3
20,4,0.15942067417190917,-72.5391368297932,4
20,5,0.24925701324623944,-224.2803292437935,5
20,6,0.2499749191477553,-1.285013096154735,6
20,7,0.24958028836191834,-172.77870420579444,7
20,8,0.23458118725438232,-235.25562288880528,8
20,9,0.2400291640594171,56.081068107440316,9
20,10,0.23752455066565317,60.21820377848834,10
20,11,0.24784129202871136,-92.221362019916,11
20,12,0.19831510719873063,-18.66969615208246,12
20,13,0.20447416882412062,422.32910811220995,13
20,14,0.10733773346525545,303.1852697231626,14
20,15,0.24909615198384108,213.9353312682826,15
20,16,0.24609214095122764,-69.08961260131355,16
20,17,0.14180441339597477,-83.52931805630364,17
20,18,0.2367674608247135,80.59634011352053,18
20,19,0.23368195008043632,-113.71390932327697,19
20,20,0.17332675411758144,-5.835330228912582,20
20,21,0.21261515319403637,167.91951470566008,21
20,22,0.24717913578053433,-378.5558550075862,22
20,23,0.1194207642349684,26.779212227248593,23
20,24,0.18319212113969058,-3.9537976065103995,24
20,25,0.24779224253100698,54.12806184287143,25
20,26,0.06214686291510424,-0.9234302023096594,26
20,27,0.2069795108470396,169.4852895324951,27
20,28,0.24972917805696476,-36.40032719952579,28
20,29,0.22987221067361752,-29.58604478438361,29
20,30,0.2280321615500179,76.7975908630086,30
20,31,0.19099905433453768,431.96337142493894,31
20,32,0.19733821001076074,25.718876123287213,32
20,33,0.24031047462465815,-188.34002680559715,33
20,34,0.24929889657545387,64.97554562835204,34
20,35,0.13866362716119565,-3.5962341732996057,35
20,36,0.2483766852363334,-222.26564154970657,36
20,37,0.1867381796877465,660.097609824104,37
20,38,0.2472214776701006,227.00079537810862,38
20,39,0.24596604607844239,71.12481681775455,39
20,40,0.24585459930749362,-104.33948680353339,40
20,41,0.22776846595265401,-344.2830581183611,41
20,42,0.06550075032280589,-9.057193320521646,42
20,43,0.19751020615755233,29.846681855096797,43
20,44,0.19466637048934818,-22.960359378674337,44
20,45,0.24984529163379157,45.92819814165463,45
20,46,0.24411245241980006,51.09045288817228,46
20,47,0.0786875646370178,45.441615930454866,47
20,48,0.1937110629090336,107.0158046096942,48
20,49,0.21920265282704174,100.52874949545595,49
20,50,0.24096665204426965,292.0532633713907,50
20,51,0.23176854779106548,-192.1923662682689,51
20,52,0.2490373330824105,58.82276940699971,52
20,53,0.2303298355527186,152.36388264852306,53
20,54,0.08166490904752312,-16.930414024727284,54
20,55,0.24948125085325626,131.89570649603579,55
20,56,0.23158471223420518,178.78317027820702,56
20,57,0.24070537080685345,91.76577404844836,57
20,58,0.2395018775033917,279.2935237364143,58
20,59,0.05398522994227505,2.5758325821151065,59
20,60,0.24931794016939907,-24.670360626433776,60
20,61,0.15157670383141203,48.0814618481808,61
20,62,0.22779588229022837,70.374995804383,62
20,63,0.1735581906053818,-33.450722559585316,63
20,64,0.2310967990374079,-160.31032828284495,64
20,65,0.24449385938113438,-29.900916601250767,65
20,66,0.22464164033644785,309.4247436560947,66
20,67,0.24914617667482747,250.31493864744834,67
20,68,0.24974179729003138,-167.46819752433188,68
20,69,0.20347720747677675,-7.789966851871728,69
20,70,0.2491154021336279,65.58393093333413,70
20,71,0.23100857661065885,-272.962714890875,71
20,72,0.21493155892173293,-94.9330816154161,72
20,73,0.08976677349607194,22.37950400031499,73
20,74,0.22043467697495572,-33.93505363743572,74
20,75,0.24222875572888522,45.54808403355824,75
20,76,0.24976165988385243,-328.9490095819849,76
20,77,0.12686263283677832,101.20987942976377,77
20,78,0.2499675277509,-1.4661507441998063,78
20,79,0.23304277573784687,-264.98031424165214,79
20,80,0.24805750022305886,-93.70676095541957,80
20,81,0.21695965742207707,142.50201800914564,81
20,82,0.18455085036871544,45.05180442625995,82
20,83,0.2483415179651026,164.09766304007104,83
20,84,0.10118666212103633,-7.952961727718051,84
20,85,0.13348040748596712,-11.438854531464004,85
20,86,0.17558145573885733,-131.13368884465018,86
20,87,0.06753252283964664,-3.0226532485106246,87
20,88,0.2255750748071881,32.75049760062942,88
20,89,0.21876352348730294,-22.79110254237724,89
20,90,0.23848334784141398,173.01516885498893,90
20,91,0.24892412524886304,46.978885167136276,91
20,92,0.2201282127502339,-180.20465348282417,92
20,93,0.14758928641977168,38.17999450812598,93
20,94,0.2350995921714324,14.273290077093028,94
20,95,0.2154618004327739,-249.9086867491984,95
20,96,0.24842378933933493,-176.81599931739962,96
20,97,0.17402587509261222,118.0608945264816,97
20,98,0.2497558100909983,1.9671655070730232,98
20,99,0.24755968888744553,-226.69946298100967,99
20,100,0.21005922816697226,181.51730010888244,100
20,101,0.21151646061441276,-146.29418945605994,101
20,102,0.24290631862379344,-310.2288134651518,102
20,103,0.11633625685846463,-3.9549241966286934,103
20,104,0.23376648267154604,48.51256579556701,104
20,105,0.20481210978658693,-26.61918227672738,105
20,106,0.23317752864115057,-32.63268807654141,106
20,107,0.195918993909605,5.158920371087854,107
20,108,0.22962256714277476,-48.616373684235484,108
20,109,0.23339878305774983,166.02230014678892,109
20,110,0.1622272601128544,-13.25670031696194,110
20,111,0.1333411840842596,-17.13088979100496,111
20,112,0.2285548577697343,178.8837320214863,112
20,113,0.22298391667198578,-62.50828898886263,113
20,114,0.22313855870263594,-32.69834086882056,114
20,115,0.24968190456322412,-116.69188502221499,115
20,116,0.21884292033817032,-100.85482409409741,116
20,117,0.14211406072682675,75.4649781786662,117
20,118,0.12963214084755245,-16.187995938462322,118
20,119,0.12471795963949907,-16.959562687578384,119
20,120,0.23752587810672982,-31.350025083346782,120
20,121,0.18818023770876136,-2.7120505837186895,121
20,122,0.19056746020311646,-34.285987866456736,122
20,123,0.21989491321310653,-288.64092347408626,123
20,124,0.2474807136686398,113.02027785698111,124
20,125,0.2495633661803636,-67.90759563026518,125
20,126,0.10232765641481714,-1.9479129308029752,126
20,127,0.22570119290803858,-2.946544609228173,127
20,128,0.24657280352597158,159.9534149597886,128
20,129,0.24512632675982993,69.05646775921632,129
20,130,0.19654631023602231,28.560890231259858,130
20,131,0.2373011550890196,218.06718080284745,131
20,132,0.20235401126012412,-14.777872666954158,132
20,133,0.23590388604558016,-96.68454781389953,133
20,134,0.21236894500697062,-382.5166931009956,134
20,135,0.24444130295287353,-264.03764680635174,135
20,136,0.24076342619443786,-346.46876488852945,136
20,137,0.21044342798286658,253.54329252029504,137
20,138,0.21122325413448925,138.97263692452827,138
20,139,0.08635742355583531,26.43267088972121,139
20,140,0.21276201578166462,-19.73253523441069,140
20,141,0.22498060852819676,-41.30761790530188,141
20,142,0.2478758225009112,16.697969708757725,142
20,143,0.24615542647592842,138.139149348112,143
20,144,0.24725883280923805,-42.00606576039603,144
20,145,0.24302051847314593,85.96292560292918,145
20,146,0.23977490370159343,67.80742417270609,146
20,147,0.22876677347912291,126.7945627464375,147
20,148,0.2406142700199429,-303.04466435911,148
20,149,0.24677455906499682,-134.9019781959191,149
20,150,0.11740849350010725,5.907488062951107,150
20,151,0.15858350255835807,-4.268877090846178,151
20,152,0.14536352635861322,398.79728121508583,152
20,153,0.09538122934140787,-1.469007238859481,153
20,154,0.2490856079759532,468.9200973054095,154
20,155,0.24427554785657046,-43.15041069561073,155
20,156,0.14471812247442503,-106.92972110933462,156
20,157,0.1762893694392124,35.028587484359306,157
20,158,0.1914014833519915,-30.09117442249249,158
20,159,0.21744832667323005,112.01293718427824,159
20,160,0.1758079876154281,125.97568955013186,160
20,161,0.2032551800525084,32.030635747589244,161
20,162,0.1974525410783073,46.05054248887211,162
20,163,0.21707971397347472,-292.75205403622095,163
20,164,0.22364457705106638,68.69479513350323,164
20,165,0.17892177031288892,69.25899770412107,165
20,166,0.1980620483386536,68.87310199222284,166
20,167,0.2499874414884767,-205.36119730704792,167
20,168,0.24730035068293507,66.91596137004382,168
20,169,0.24736814327585202,151.0640721959401,169
20,170,0.1965908589127801,73.39778296306768,170
20,171,0.09525522880523346,-10.198226122180813,171
20,172,0.23264889606812,-1.415806877390402,172
20,173,0.241021900752619,-66.79734913950911,173
20,174,0.24347558645502312,-70.94250684580226,174
20,175,0.2495806822042931,55.90372399126146,175
20,176,0.24997775555599938,31.328935883644945,176
20,177,0.24956248621784405,-32.00027064457926,177
20,178,0.24999118759116568,-211.5833107598491,178
20,179,0.21586141526475655,-16.486757368976853,179
20,180,0.22671042248892567,-295.6123361104345,180
20,181,0.21419246678831952,-55.91417235456142,181
20,182,0.24361279039216568,189.86157095727597,182
20,183,0.24848249869315367,120.23749796806268,183
20,184,0.2026141225671273,-46.0631666485163,184
20,185,0.24712938902722442,1.259234253643557,185
20,186,0.2458786404804421,64.35547658145364,186
20,187,0.2498585616023877,43.43007205348445,187
20,188,0.24670131706365273,80.42966607644578,188
20,189,0.24918906573081026,-50.25221429940304,189
20,190,0.24975245469803234,-96.41777121300211,190
20,191,0.1587389749990026,95.41577556773888,191
20,192,0.24886181274503025,98.09451239018014,192
20,193,0.18213706583242317,-37.079477283173176,193
20,194,0.23260530810965108,-247.38604107460026,194
20,195,0.24987860702819178,126.72520087399032,195
20,196,0.1818913235700402,-0.31912885640745253,196
20,197,0.1336285574581247,-31.18891916150073,197
20,198,0.21188371241867382,160.07739243912312,198
20,199,0.24446329228546734,-318.0144038533288,199
20,200,0.11047551159181529,-4.096934087675912,200
20,201,0.24680532245087985,-15.657303376539605,201
20,202,0.1400294209821783,92.00363439271639,202
20,203,0.17266949178687635,72.63696007382357,203
20,204,0.19909026905848054,105.43018475948325,204
20,205,0.17001884562153208,-29.187379395926982,205
20,206,0.20673694191205036,-97.96778644727928,206
20,207,0.24695844828669916,-201.88249290160837,207
20,208,0.12208552228870335,-13.190542084028985,208
20,209,0.2470478038462849,-39.57170432967482,209
20,210,0.23464162120024434,-40.750003441514025,210
20,211,0.22564172333865568,-158.13735031127422,211
20,212,0.2260811310675773,-68.30878331471062,212
20,213,0.24739084512172485,237.251174027489,213
20,214,0.24450657078674623,338.5985944894629,214
20,215,0.1700380207496819,99.82968834725398,215
20,216,0.23976310763101247,78.8526004267255,216
20,217,0.178152134925434,-99.92831571212409,217
20,218,0.24889222082896928,215.54058284653416,218
20,219,0.2326986339467779,43.68909601401586,219
20,220,0.1795629302612776,-35.40206056160303,220
20,221,0.21917073918594743,-30.561944428804495,221
20,222,0.2498940161939336,438.93407159928176,222
20,223,0.1031522477118991,-239.70614951038604,223
20,224,0.2215668632738483,154.31627311535556,224
20,225,0.219587071387785,215.55961138463798,225
20,226,0.24968855261164094,107.4109591408993,226
20,227,0.24424278448191983,-110.50469612358792,227
20,228,0.18716170303966762,110.47406079831619,228
20,229,0.18899482877363113,35.56893930565009,229
20,230,0.2251264998106493,-13.349518684624337,230
20,231,0.2215426037967589,154.07488832603352,231
20,232,0.1756741487677214,33.59714250515577,232
20,233,0.2382381927252064,-171.90646645521352,233
20,234,0.24207877393891356,-138.1100439127049,234
20,235,0.05182684161894274,-14.424096550447711,235
20,236,0.2328792766590694,170.03251677599235,236
20,237,0.24709735062099358,-463.0569511241732,237
20,238,0.2289277051821885,149.3957310174817,238
20,239,0.24605580521436385,-36.43923537134214,239
20,240,0.24999953229366814,9.336265393013594,240
20,241,0.2146455381264382,208.2823943892773,241
20,242,0.11275973482554218,80.24464153764579,242
20,243,0.10623887345449287,84.02792467859156,243
20,244,0.2141359942666334,50.01160795719245,244
20,245,0.18315150960557702,-211.2346453231549,245
20,246,0.09372617874732703,-4.709437644610162,246
20,247,0.20602027475176493,-52.286498980150704,247
20,248,0.15676547646615002,32.85674277542725,248
20,249,0.22678982251093258,59.5404168272194,249
20,250,0.21789853130018438,70.90665244080722,250
20,251,0.1522151537393236,-0.4861291989775635,251
20,252,0.17554284891689892,-117.01889075052742,252
20,253,0.20760756683157353,-26.215788815944702,253
20,254,0.15198107046285358,82.8575414222201,254
20,255,0.22885689957690913,284.1315095745365,255
20,256,0.1956630142150494,-8.511497642997279,256
20,257,0.1994702689028444,127.3717169847021,257
20,258,0.24332928788631944,18.58730023805409,258
20,259,0.22823876000448698,-13.230389930623375,259
20,260,0.14618485357101474,160.62936138638574,260
20,261,0.18661535690781178,-23.27765822596715,261
20,262,0.24955696222548862,551.2719470508137,262
20,263,0.24347198726529298,-101.1808765476655,263
20,264,0.21430491916301303,455.11432108017607,264
20,265,0.16868197111783953,62.121260766258146,265
20,266,0.24599504252683027,125.08783070820539,266
20,267,0.22031699476934882,-37.01234451449804,267
20,268,0.24994929354008205,-286.6275152682361,268
20,269,0.19577437800452097,75.03713064323483,269
20,270,0.12811836673081411,-1.2370821942651005,270
20,271,0.23000636481473216,-250.97886056196182,271
20,272,0.1997203310547594,-29.0000400151877,272
20,273,0.06390098674274294,-196.05999460866568,273
20,274,0.20587567451850247,-117.02323196437533,274
20,275,0.249593519188049,104.23019662184693,275
20,276,0.23246367681629862,-132.21051323058228,276
20,277,0.21991106293482565,-98.72574888447087,277
20,278,0.1878254428519191,0.3093455383925896,278
20,279,0.17617653490909577,-9.01569300517769,279
20,280,0.24991634624976572,-239.09102478042945,280
20,281,0.1597035182402986,-23.617916159571966,281
20,282,0.17381815529438616,503.09556645337017,282
20,283,0.19458370153161747,-5.594918786790579,283
20,284,0.18334929414100373,15.56931963275439,284
20,285,0.24664997504614591,-146.3761386088441,285
20,286,0.24984805209820857,202.6421072021035,286
20,287,0.14536304000211142,-27.757288048662147,287
20,288,0.2494633560075938,109.69500584244226,288
20,289,0.12890320832496996,31.797248185842836,289
20,290,0.2374253589340026,248.00924817700022,290
20,291,0.19840875744425665,-31.795514005224415,291
20,292,0.22631228794951833,39.743303759695436,292
20,293,0.2292152668604252,-13.332002086807305,293
20,294,0.23417065607586035,-48.06113370568195,294
20,295,0.24800283888701669,-87.61716276892412,295
20,296,0.2325149854804111,-74.4202539138846,296
20,297,0.24012480064187122,11.029322908072906,297
20,298,0.04368631151470134,23.866398193946168,298
20,299,0.11277248943609357,67.34733557803376,299
20,300,0.24980365190671638,84.41572081379832,300
20,301,0.19443623543432526,79.49408222927546,301
20,302,0.2266759551575406,-7.786034390141971,302
20,303,0.22604378384411192,-33.62772198623723,303
20,304,0.24661388950149443,-163.95060400108883,304
20,305,0.23024690522422356,82.6147111128497,305
20,306,0.09216285981637491,-30.63508601051413,306
20,307,0.14913853136306318,8.89084778705795,307
20,308,0.24337282583737177,190.79610966024444,308
20,309,0.24756613639308842,73.09748467339068,309
20,310,0.24988183100751094,47.915839396658505,310
20,311,0.19336429828149687,10.905959855053144,311
20,312,0.22739228252793336,-36.94503858193738,312
20,313,0.23602289241839114,111.97883934179261,313
20,314,0.1898560111271826,-18.94393100102714,314
20,315,0.1830907756041679,247.0943605733026,315
20,316,0.21443628236745824,107.89145529839742,316
20,317,0.2421771707481087,3.4287937400647053,317
20,318,0.11097202949700247,-60.87358894501006,318
20,319,0.19146743439183495,-13.210343087913875,319
20,320,0.2407593093423087,541.5475053359957,320
20,321,0.08333040602688822,54.32650469298781,321
20,322,0.10528167904076056,76.55873975894191,322
20,323,0.23762843780824408,-57.134250274364554,323
20,324,0.22087992248389657,20.05566531491221,324
20,325,0.18450828807805084,63.829924470121895,325
20,326,0.2460045754921772,60.42629509245216,326
20,327,0.2302921938374473,-13.592731624234696,327
20,328,0.17962983852888503,-80.57678719440713,328
20,329,0.22614323716833695,83.65503466309083,329
20,330,0.22685008397784587,-0.18727188089538024,330
20,331,0.20377781838082631,45.99535427018389,331
20,332,0.23713394029049567,-229.18421491138153,332
20,333,0.1710452725419561,-25.515028840317555,333
20,334,0.24968585720797212,25.07243830237552,334
20,335,0.2088638967612287,-36.22822447121045,335
20,336,0.06378060549648752,-3.680860279762472,336
20,337,0.23935844433472891,-371.2242050507619,337
20,338,0.18369712645541103,-72.81298718410395,338
20,339,0.2212880552854069,84.21956346571525,339
20,340,0.22459826272644334,-68.4663369022416,340
20,341,0.2369272551678332,-150.3958846274424,341
20,342,0.24435326480508293,-28.022326910713527,342
20,343,0.24929142734159143,66.90322984393762,343
20,344,0.10528023432222768,-3.1352738395087756,344
20,345,0.17979537155350178,-55.65614624112901,345
20,346,0.2399006718310762,-104.5206695281488,346
20,347,0.24988458837192246,107.58262147201035,347
20,348,0.1941807455395086,82.16934799814487,348
20,349,0.08786835827841552,18.63153645854613,349
20,350,0.232116027960311,-15.472743704076361,350
20,351,0.24986833001736106,303.83451103011254,351
20,352,0.2365485922004668,67.69277513375809,352
20,353,0.2055620087663537,-13.602796628817703,353
20,354,0.10845708294331559,20.422149232366344,354
20,355,0.24849909006390233,-3.7883682976022874,355
20,356,0.1950831109094544,-41.81829617165392,356
20,357,0.22472114083393302,-262.5142733798303,357
20,358,0.16277422214339765,-20.606056824078237,358
20,359,0.082252308481847,-5.564908817046938,359
20,360,0.0604841023251891,-29.389774796267005,360
20,361,0.230231435937513,-33.817941185427465,361
20,362,0.21336991751690806,-13.501334014274434,362
20,363,0.24992808245920817,-246.07713589451214,363
20,364,0.23826680643122672,353.11668850126955,364
20,365,0.17632926516240707,-74.64994738137939,365
20,366,0.17048736619610824,-10.702353510922208,366
20,367,0.24919217022401136,-36.87466765729769,367
20,368,0.20503909404631354,-45.55942170406558,368
20,369,0.2488676555100191,-102.41943285179012,369
20,370,0.20700228565661602,-20.258224353633054,370
20,371,0.22847878624348317,85.69287434945198,371
20,372,0.24975627645719758,229.40726043583774,372
20,373,0.19387591063529938,-13.945327281124893,373
20,374,0.13375219336177507,-31.775667237089106,374
20,375,0.12292898142304852,-0.039772988394647615,375
20,376,0.24668575159595646,-360.3747157371956,376
20,377,0.19088005415174913,115.40503059689321,377
20,378,0.181955418191463,-34.24996348040766,378
20,379,0.20060766084597903,14.032800362318735,379
20,380,0.24980169823227702,-171.21826671840788,380
20,381,0.1927230677787803,-0.6903755243833253,381
20,382,0.15419258051949228,-291.88401387078324,382
20,383,0.2499660532103754,-406.81063412222704,383
20,384,0.23864658049393248,173.80405036292652,384
20,385,0.24462206893989505,236.09249104493588,385
20,386,0.20972543899492133,-22.851874147544436,386
20,387,0.2494061926160171,-184.12351423870058,387
20,388,0.24331174772068034,34.56110018784729,388
20,389,0.17873642577045268,23.49090741023865,389
20,390,0.19741510737400453,-150.2444035512191,390
20,391,0.11802351795037044,48.451451721134504,391
20,392,0.22550079943237106,-144.1063544755699,392
20,393,0.06418597363576921,-3.2942333062045828,393
20,394,0.19169991965667227,-29.098803379417095,394
20,395,0.2420182676298691,-313.8427465419171,395
20,396,0.21650232261116056,-39.10748942735142,396
20,397,0.1790171382429295,50.300316015339305,397
20,398,0.08220564190614094,-6.209379532017455,398
20,399,0.2438853250917632,-192.85120323838694,399
20,400,0.24965060315425508,43.832900678549706,400
20,401,0.24909456977094036,-66.03063448616338,401
20,402,0.23887537303879783,-9.672598298150074,402
20,403,0.22790324186687963,91.93958618082647,403
20,404,0.2461564885210919,-45.54296114034423,404
20,405,0.11746205502212227,-19.47317098896405,405
20,406,0.2494547626798339,-309.3279671209882,406
20,407,0.23609949049390377,199.74065329497915,407
20,408,0.21500601246590448,-86.32061023558641,408
20,409,0.19483931549413297,73.32042531563985,409
20,410,0.24999899771853512,-186.14047034824154,410
20,411,0.24861347505475068,-71.32752020543919,411
20,412,0.1635018532792507,324.3847108705225,412
20,413,0.1679703861769998,78.83998404367607,413
20,414,0.24133596022389225,138.76594938301258,414
20,415,0.2490757437927171,93.59614200225474,415
20,416,0.23548202379925026,-117.6471333862564,416
20,417,0.18007392971273986,118.34705696847502,417
20,418,0.225104452261962,-9.172952295792857,418
20,419,0.19559504206592465,-363.65050654250285,419
20,420,0.24711042112635373,-194.60302127728895,420
20,421,0.18604893719667706,-29.565966997550284,421
20,422,0.24374981973418894,115.1727662180114,422
20,423,0.21031643955664345,58.7698462502936,423
20,424,0.24823455996717492,66.28886193116328,424
20,425,0.09429559930355724,-9.317528341928396,425
20,426,0.24851563068349072,-1.6382839580449584,426
20,427,0.11399786237601023,30.816294915657846,427
20,428,0.21084368031411063,66.62117365938605,428
20,429,0.17187949861273133,107.63500048394505,429
20,430,0.11847415161305816,82.18485699924008,430
20,431,0.24931291490456517,91.84232069568748,431
20,432,0.07989106888541718,-0.03350551292504939,432
20,433,0.11567605485646665,-4.587880056825894,433
20,434,0.1449868241243275,199.75157818879822,434
20,435,0.24739807301653965,49.72404689089264,435
20,436,0.2428887712366707,-309.35476264182347,436
20,437,0.20869632761982976,-201.6601998046339,437
20,438,0.10111959656703053,-21.823377112425746,438
20,439,0.2491861177960383,-219.09342727110865,439
20,440,0.24762719708013559,148.9018576125282,440
20,441,0.24878381333412675,-145.34636982160643,441
20,442,0.13884176837904233,73.48038384085538,442
20,443,0.11526816667983708,-26.54810966570387,443
20,444,0.22869334402437913,-122.12047799065914,444
20,445,0.24599118488869215,-65.21483779978816,445
20,446,0.23205293588035822,66.70305548855195,446
20,447,0.08018320262980366,-0.13864234580957804,447
20,448,0.23511391852789476,142.4682821937762,448
20,449,0.14630183097374944,-41.90848387731059,449
20,450,0.24260007307863768,-204.36122188706338,450
20,451,0.2361197547712495,-275.47971978527136,451
20,452,0.14790687609660808,94.30354949820446,452
20,453,0.23274819403208916,65.48204519331308,453
20,454,0.17727707230003398,-18.83397515642225,454
20,455,0.21773679982275101,121.83979184640499,455
20,456,0.24680093156698346,-91.95201999492572,456
20,457,0.23130691384989951,-1.6176206436848881,457
20,458,0.2402609714708139,-178.93657800438018,458
20,459,0.239280419946686,67.36151523827631,459
20,460,0.24055371664576125,227.36045399624166,460
20,461,0.1747140194616395,-54.26420184607146,461
20,462,0.24598869527251238,-10.568155099732905,462
20,463,0.07602071226722983,9.493328182536947,463
20,464,0.22309546055660648,-79.64844381789311,464
20,465,0.20082563770214565,-35.073626342880715,465
20,466,0.17757635062353982,-155.7649308021649,466
20,467,0.20318265295345206,-37.45244518643156,467
20,468,0.11466955681852706,35.02513404875,468
20,469,0.19903262038272956,-53.17189174752341,469
20,470,0.11374713047522507,71.6110605282264,470
20,471,0.22993024331139963,39.463585542510785,471
20,472,0.18227842603736077,-201.64677437377335,472
20,473,0.21086139490512415,-28.329815218098645,473
20,474,0.17605202614335136,109.41743171017515,474
20,475,0.24902614425936503,201.83647234721857,475
20,476,0.23373465213608674,-12.945309473958702,476
20,477,0.1625803369933874,50.89473043062066,477
20,478,0.24973072470882685,-113.80868497901308,478
20,479,0.16302511383770366,-11.422815706507272,479
20,480,0.21889564760623623,134.12873172626823,480
20,481,0.12822355462787866,-89.80001993141813,481
20,482,0.24702233739669543,-213.39935862872272,482
20,483,0.19235359817609127,81.0139554682602,483
20,484,0.23871138892219756,-35.37224467136615,484
20,485,0.2171991207327068,-44.319758398359625,485
20,486,0.24570598596058074,-52.40142183567157,486
20,487,0.2286630742774434,-63.34261441858713,487
20,488,0.21115652813492594,46.811962410005286,488
20,489,0.2469338015086896,-22.076834793840984,489
20,490,0.18660204374619607,-97.44315863931496,490
20,491,0.07009157909568764,31.882931999354994,491
20,492,0.22020591201277803,-0.5751217205825292,492
20,493,0.23123413841239523,-10.26276194457143,493
20,494,0.22934954470549304,-134.2090667346331,494
20,495,0.24913069217684744,259.138998031487,495
20,496,0.22345630882495263,-64.06147700751453,496
20,497,0.24938063175233585,123.59661309758289,497
20,498,0.08260074085361546,4.1318907612185605,498
20,499,0.12688278241120574,-280.50396471162566,499
20,500,0.20072448787451694,97.62436726531674,500
20,501,0.24274372235069241,-31.284554544297908,501
20,502,0.20419793622868218,88.65583447644912,502
20,503,0.2478402359228407,31.427447431869805,503
20,504,0.1573860492815548,439.379207214705,504
20,505,0.23914082325960243,-68.52573111810737,505
20,506,0.21981975708673207,36.22210708553362,506
20,507,0.16429351452268304,41.21351026051468,507
20,508,0.1274030231519224,-14.112224970181877,508
20,509,0.2281487421721458,-178.0822100826951,509
20,510,0.24240996265256848,-337.43218362994713,510
20,511,0.19156150760548885,-25.51731326158933,511
20,512,0.22846619124004747,127.15841756290709,512
20,513,0.21544325444681386,60.125413979422895,513
20,514,0.23860640387917764,32.87063107091399,514
20,515,0.23337090918226414,-44.889678293324884,515
20,516,0.2498523289847235,-211.27055265035426,516
20,517,0.23223136521339938,90.25568432783963,517
20,518,0.19228209775794058,-142.38986499467086,518
20,519,0.20657673859050868,-6.743089642253183,519
20,520,0.14643424174536893,50.06559356320746,520
20,521,0.18921262138002612,81.53646014289812,521
20,522,0.16705545478466344,-0.2588050354874163,522
20,523,0.22250043419865717,178.7677308430162,523
20,524,0.23735543037837126,206.33245860589903,524
20,525,0.22883524979399605,117.77122775777221,525
20,526,0.22700384064799828,-258.734224941488,526
20,527,0.22985081513063713,-38.2342009037004,527
20,528,0.18248852201930021,38.80064849262364,528
20,529,0.1731295789767494,-19.408201269561914,529
20,530,0.21132805306213207,-213.06744376399575,530
20,531,0.24494432282312836,269.57543625347824,531
20,532,0.1067001767261703,18.517729971332393,532
20,533,0.22497766878179104,155.83169618954585,533
20,534,0.19660518787783093,40.30550239485977,534
20,535,0.24857413830251185,85.18560349634102,535
20,536,0.16803876110750374,-19.927101835289577,536
20,537,0.19399639229958776,-43.29962735906922,537
20,538,0.17362691758971543,83.1747745419684,538
20,539,0.2476186656405973,691.2784213061279,539
20,540,0.14443038782139078,38.93628790794467,540
20,541,0.24602114629709376,50.80826603775959,541
20,542,0.2342426229146323,-9.649487879001082,542
20,543,0.06712454647275211,-17.812948947635793,543
20,544,0.2447247624324662,-90.86111520175183,544
20,545,0.07942378733320828,78.65427208625597,545
20,546,0.17886440902922407,-17.102355680700846,546
20,547,0.24684108034636304,2.7618510142965516,547
20,548,0.24987031741020171,49.15003826159921,548
20,549,0.23136347563483015,139.73155512469296,549
20,550,0.1748533618362197,64.42800484487373,550
20,551,0.14632894443438652,-26.436108509646587,551
20,552,0.23161362707842076,60.20379535704537,552
20,553,0.12525508300244972,-8.900883796047555,553
20,554,0.20164226442773875,-62.12633238694919,554
20,555,0.24921316701888707,-260.27788811863053,555
20,556,0.17418657005377278,55.86553600288101,556
20,557,0.12038688810053409,47.59239561953604,557
20,558,0.18377355576980564,188.2754872010572,558
